user_id,daily_active_minutes,posts_per_week,stories_per_week,avg_likes_received,avg_comments_received,profile_completeness_percent,friends_count,groups_joined,events_rsvp,pages_liked,ads_clicked_per_month,account_age_days,login_streak_days,device_type,country
USR000000,31.3,9.3,12.8,0.6,5.4,66.4,21,29,21,424,38,1125,283,Mobile,UK
USR000001,35.2,1.1,46.2,45.0,2.4,81.3,403,19,35,85,2,2051,89,Desktop,Australia
USR000002,15.2,1.5,17.2,15.0,14.2,24.2,245,21,9,404,43,3209,121,Mobile,USA
USR000003,75.2,5.2,12.7,14.1,3.1,70.3,46,36,60,252,17,990,275,Mobile,Brazil
USR000004,12.2,1.1,3.2,47.5,15.2,37.3,32,14,76,453,25,3489,83,Tablet,India
USR000005,6.0,3.6,7.3,81.2,0.9,33.5,1038,13,64,374,51,431,55,Mobile,India
USR000006,70.8,3.9,6.6,87.6,4.2,52.1,664,5,94,493,73,947,353,Mobile,USA
USR000007,40.3,3.1,2.6,9.8,10.0,39.4,149,26,19,184,56,317,21,Tablet,Japan
USR000008,16.1,3.6,11.1,5.0,19.6,72.1,6,39,26,82,55,1348,172,Desktop,Japan
USR000009,21.3,6.1,7.3,84.2,1.6,86.8,224,31,17,156,76,2485,350,Mobile,Brazil
USR000010,21.8,0.1,1.6,159.9,0.1,26.4,440,35,52,184,94,3275,130,Mobile,Brazil
USR000011,73.7,10.9,1.3,1.1,43.1,42.6,164,33,4,171,65,3192,274,Mobile,USA
USR000012,33.7,0.3,2.0,9.5,1.0,53.5,3,4,98,63,98,896,258,Mobile,USA
USR000013,50.2,1.1,5.2,6.0,8.6,87.0,342,18,48,235,13,588,101,Mobile,Brazil
USR000014,2.0,8.7,0.5,30.4,20.8,63.1,88,34,83,342,77,246,328,Mobile,Germany
USR000015,38.7,0.1,0.3,81.1,44.4,67.8,0,45,69,300,40,53,280,Mobile,Japan
USR000016,156.0,3.4,4.0,423.3,6.1,55.1,47,8,28,122,33,3059,223,Desktop,Brazil
USR000017,44.6,0.4,2.9,72.5,12.5,50.7,162,45,56,325,92,3536,203,Mobile,Brazil
USR000018,25.9,12.2,30.8,67.5,4.3,73.8,513,5,22,427,86,2831,14,Desktop,Germany
USR000019,5.5,4.9,2.8,48.9,3.1,43.5,23,24,26,442,16,3225,280,Mobile,Brazil
USR000020,38.9,0.6,10.7,2.0,2.7,57.5,407,48,22,304,16,2928,262,Mobile,Brazil
USR000021,132.1,5.0,2.1,49.5,1.4,45.2,257,34,41,439,94,2464,271,Mobile,UK
USR000022,15.2,2.2,0.3,5.9,13.0,68.8,191,40,2,451,75,1581,199,Mobile,Japan
USR000023,6.1,5.1,3.0,2.0,4.5,49.3,14,40,80,469,26,3284,214,Mobile,UK
USR000024,8.1,3.0,12.5,53.3,6.5,63.4,15,28,39,63,81,1752,71,Mobile,Japan
USR000025,8.8,2.7,7.3,39.1,1.6,21.0,329,12,12,255,57,1211,171,Mobile,Germany
USR000026,60.9,18.5,7.1,163.5,19.6,86.6,193,36,95,28,41,1952,135,Desktop,Australia
USR000027,41.2,6.8,11.5,10.6,1.0,51.8,52,9,97,481,76,209,166,Mobile,USA
USR000028,23.8,4.5,2.4,8.9,3.8,89.4,102,16,91,307,90,88,208,Mobile,USA
USR000029,94.4,1.6,5.0,6.1,2.4,43.0,14,24,68,349,53,3565,307,Mobile,USA
USR000030,95.9,2.1,4.3,69.4,0.8,79.6,263,15,91,483,69,1194,264,Desktop,Japan
USR000031,12.3,24.4,4.6,14.7,1.0,25.2,378,2,83,100,44,270,311,Mobile,Australia
USR000032,44.7,2.9,4.1,16.9,6.9,77.5,196,24,47,252,82,3009,59,Mobile,Japan
USR000033,47.3,3.7,3.9,5.3,1.0,61.7,202,4,72,478,20,537,244,Mobile,UK
USR000034,73.2,0.2,3.7,28.9,45.7,48.8,182,0,65,52,76,652,142,Mobile,Brazil
USR000035,115.7,5.7,11.7,20.7,9.0,88.8,274,22,85,17,79,2577,301,Tablet,Japan
USR000036,2.6,16.6,2.1,40.6,12.0,84.5,49,30,79,405,44,311,336,Mobile,Brazil
USR000037,119.5,7.0,17.1,92.3,29.1,84.0,949,31,61,164,61,3303,28,Mobile,Brazil
USR000038,43.0,6.8,1.9,64.5,2.2,77.1,297,41,46,209,87,1681,220,Mobile,Brazil
USR000039,183.5,5.3,5.7,9.6,4.4,74.1,168,33,65,110,80,902,127,Tablet,Brazil
USR000040,99.1,7.4,1.6,125.3,15.0,81.2,17,19,34,75,47,1252,90,Desktop,UK
USR000041,6.7,2.3,9.9,80.6,35.3,92.4,241,49,34,315,6,3585,327,Mobile,Japan
USR000042,20.0,1.8,2.5,18.5,41.1,51.7,577,10,53,93,82,3615,93,Mobile,Brazil
USR000043,10.4,2.4,16.7,66.8,65.5,97.4,44,18,95,156,91,3042,35,Tablet,UK
USR000044,11.0,4.0,28.8,0.2,1.5,41.1,422,37,31,301,4,2036,157,Mobile,India
USR000045,1.0,4.3,2.3,111.3,10.8,23.3,104,21,15,356,71,298,145,Mobile,Australia
USR000046,121.0,0.5,1.2,21.9,2.8,84.1,740,3,56,124,61,2201,342,Desktop,Japan
USR000047,93.0,2.5,5.3,8.3,9.0,86.4,92,6,7,481,4,2082,232,Mobile,India
USR000048,8.3,16.0,6.2,73.4,3.7,70.6,167,45,84,127,31,1725,34,Mobile,Australia
USR000049,133.7,1.8,2.2,1.4,2.5,98.5,165,20,88,92,47,2574,127,Mobile,UK
USR000050,84.1,5.9,14.6,48.0,11.3,67.5,124,23,46,401,77,1928,265,Mobile,India
USR000051,114.2,0.9,1.6,15.8,40.3,26.6,328,23,61,290,59,2147,265,Tablet,USA
USR000052,30.7,7.9,5.9,121.0,3.3,74.0,109,49,39,256,43,407,223,Mobile,Australia
USR000053,49.4,4.8,0.3,96.6,8.9,89.8,77,14,30,198,70,1582,124,Mobile,India
USR000054,150.4,1.6,7.8,8.0,2.8,65.9,297,32,25,404,19,2944,37,Mobile,Germany
USR000055,64.0,4.3,3.3,77.9,18.9,72.9,42,33,61,309,38,3334,254,Mobile,Brazil
USR000056,156.6,0.8,8.5,14.5,8.9,51.0,93,23,55,45,0,2328,96,Mobile,India
USR000057,113.4,0.3,2.3,33.0,1.0,43.4,21,37,4,157,53,2336,211,Mobile,USA
USR000058,59.5,16.4,5.8,98.7,0.4,58.6,304,36,84,440,63,2551,360,Desktop,India
USR000059,51.2,3.8,2.5,9.1,7.9,81.2,10,6,35,469,89,2720,364,Mobile,UK
USR000060,6.6,7.0,6.5,59.0,15.7,51.4,537,38,58,98,83,3166,137,Desktop,India
USR000061,14.4,3.7,12.5,34.8,29.1,69.5,56,22,30,113,97,1835,304,Mobile,UK
USR000062,38.3,6.6,13.1,131.7,16.3,87.3,57,28,48,250,52,1715,221,Tablet,Brazil
USR000063,111.7,10.9,4.3,109.3,44.0,24.3,482,12,21,464,79,619,9,Mobile,India
USR000064,40.3,0.1,5.9,25.1,18.2,24.7,672,30,70,152,0,1222,160,Mobile,USA
USR000065,89.3,1.2,0.8,23.2,8.6,62.8,116,42,12,94,61,2246,170,Desktop,Australia
USR000066,136.0,3.0,16.5,5.4,52.2,40.8,225,11,20,283,53,1244,170,Mobile,Australia
USR000067,7.9,0.5,12.9,9.3,8.4,56.5,251,38,77,155,22,130,192,Mobile,Australia
USR000068,72.3,0.0,7.7,63.4,4.3,34.1,82,42,12,119,61,417,349,Mobile,Australia
USR000069,14.4,0.2,13.0,108.3,5.6,31.0,32,32,11,88,83,2201,342,Mobile,UK
USR000070,74.2,3.2,1.5,65.1,41.2,74.9,82,22,93,430,8,428,108,Mobile,UK
USR000071,15.9,13.9,2.5,133.7,3.7,79.5,309,11,45,17,21,2402,194,Desktop,Brazil
USR000072,138.4,2.8,9.0,14.2,58.9,54.8,23,43,54,290,5,1224,36,Mobile,USA
USR000073,42.6,14.3,3.5,93.8,1.8,21.7,52,5,67,89,15,2844,48,Mobile,Germany
USR000074,3.6,1.5,1.7,93.2,8.3,35.9,29,36,52,161,69,2001,87,Desktop,Japan
USR000075,12.7,2.9,4.0,35.2,1.2,46.3,443,18,31,265,5,3302,162,Mobile,Australia
USR000076,1.8,2.7,1.2,54.5,3.6,82.5,16,9,32,309,70,600,339,Mobile,Germany
USR000077,104.1,2.6,5.0,15.0,1.9,36.6,124,40,68,337,82,924,74,Desktop,USA
USR000078,34.4,7.2,3.2,4.1,10.7,73.1,70,41,18,294,24,2482,60,Mobile,India
USR000079,53.1,1.4,3.2,23.6,0.0,24.2,479,47,57,308,81,1836,149,Mobile,Germany
USR000080,141.7,2.5,10.8,40.4,24.9,53.4,190,17,4,48,44,2645,287,Mobile,India
USR000081,70.7,9.6,5.9,24.2,1.9,49.4,257,24,68,161,83,2891,258,Desktop,USA
USR000082,8.3,5.5,13.6,95.3,2.8,31.2,623,5,80,251,83,3257,101,Desktop,UK
USR000083,203.7,6.3,5.5,19.9,20.1,77.9,113,10,72,175,8,1685,207,Mobile,UK
USR000084,87.5,0.0,3.5,50.2,6.5,96.9,270,22,83,43,74,3004,208,Tablet,Brazil
USR000085,24.6,1.2,3.0,109.5,21.6,77.6,137,8,65,370,95,3372,216,Desktop,Australia
USR000086,2.2,11.9,3.1,27.9,24.3,63.3,217,24,68,99,9,181,212,Desktop,Germany
USR000087,6.4,2.1,20.0,142.8,33.5,53.0,177,33,27,143,19,1147,240,Mobile,UK
USR000088,13.3,0.9,0.6,11.3,6.4,66.2,402,18,75,53,84,1788,106,Desktop,USA
USR000089,61.3,5.2,4.0,176.4,13.6,25.6,60,45,88,272,71,986,98,Desktop,USA
USR000090,25.9,4.7,6.0,3.4,2.9,47.6,95,4,66,365,20,2629,257,Desktop,Japan
USR000091,16.6,9.7,8.6,110.2,7.2,23.1,68,13,33,48,74,1800,90,Mobile,India
USR000092,53.8,7.7,0.8,4.5,8.5,57.9,58,4,50,257,96,3298,165,Desktop,Australia
USR000093,68.5,2.6,8.3,63.0,8.6,57.4,539,1,58,232,60,2733,300,Desktop,India
USR000094,99.8,0.8,16.3,12.9,9.9,64.0,268,7,23,439,87,2052,90,Mobile,USA
USR000095,49.2,1.3,2.4,35.4,10.8,49.5,418,25,8,57,87,549,121,Mobile,Japan
USR000096,106.7,1.4,18.0,34.8,2.6,28.0,410,37,64,273,54,3091,23,Mobile,Brazil
USR000097,158.5,3.9,5.2,54.6,0.2,51.8,475,5,50,145,96,1554,143,Mobile,Japan
USR000098,37.4,6.5,9.6,1.0,7.2,78.8,544,4,93,438,50,949,105,Mobile,India
USR000099,100.4,1.5,2.0,17.7,18.4,22.1,159,29,57,374,44,2556,107,Mobile,Japan
USR000100,35.8,11.8,3.6,78.6,2.0,41.0,212,27,57,319,67,798,313,Mobile,Australia
USR000101,40.1,1.9,3.8,7.8,17.2,49.4,1111,14,82,193,50,2255,300,Mobile,Germany
USR000102,26.8,0.7,1.1,185.4,6.5,26.4,224,10,78,146,45,1676,213,Mobile,Australia
USR000103,52.4,10.5,10.8,211.3,0.9,99.9,161,20,2,417,0,802,35,Mobile,Japan
USR000104,23.1,2.5,24.5,21.0,52.8,86.7,162,39,62,419,48,1517,131,Tablet,USA
USR000105,79.1,0.9,5.8,90.3,1.3,24.7,164,13,66,358,41,1239,93,Tablet,Germany
USR000106,134.6,3.0,9.0,56.7,23.3,28.4,57,3,18,376,46,1577,208,Mobile,USA
USR000107,21.0,1.1,18.1,47.1,10.8,98.5,131,15,11,202,96,2968,75,Desktop,Japan
USR000108,37.9,5.4,2.0,43.8,41.3,48.6,92,35,99,92,80,1202,66,Mobile,UK
USR000109,1.3,5.6,1.9,56.9,5.1,50.5,348,23,13,371,62,1489,76,Mobile,Australia
USR000110,44.8,4.5,2.5,15.9,18.7,55.8,1,8,21,200,74,1002,63,Mobile,India
USR000111,63.2,2.8,4.4,1.2,33.9,84.7,192,0,54,168,25,3057,29,Mobile,Japan
USR000112,72.8,3.3,2.1,40.8,1.7,41.3,40,3,42,252,82,816,163,Mobile,USA
USR000113,146.4,12.3,26.1,65.8,2.8,79.4,170,19,25,284,70,710,126,Desktop,Germany
USR000114,23.2,0.6,10.1,4.1,31.2,52.7,88,42,10,159,89,3034,208,Mobile,Australia
USR000115,141.8,1.9,6.9,5.0,17.7,95.5,99,12,22,180,73,3275,239,Mobile,USA
USR000116,19.9,0.9,0.4,31.1,0.3,43.3,50,23,77,321,4,3298,312,Desktop,India
USR000117,10.0,0.2,3.7,44.1,7.8,30.9,68,36,69,140,42,2547,215,Mobile,Australia
USR000118,22.2,3.4,4.5,65.8,1.1,61.7,108,14,92,451,5,3042,31,Mobile,India
USR000119,48.1,4.3,15.2,36.7,9.3,54.4,104,6,96,65,20,131,91,Mobile,Japan
USR000120,84.9,7.1,0.2,92.6,17.1,41.5,415,42,1,496,62,3300,60,Mobile,USA
USR000121,27.5,2.5,5.5,128.5,2.9,80.5,52,14,70,268,55,3052,256,Desktop,Japan
USR000122,233.7,1.4,5.0,63.4,6.1,94.7,96,23,50,436,38,336,329,Desktop,Australia
USR000123,5.0,4.7,3.4,132.7,10.0,54.3,127,39,95,325,62,818,23,Mobile,UK
USR000124,30.3,2.3,6.2,40.5,12.6,74.8,29,18,27,482,14,2844,80,Mobile,USA
USR000125,28.6,7.1,1.6,9.5,9.0,66.4,35,34,28,168,61,479,84,Mobile,USA
USR000126,65.3,4.4,2.3,5.3,10.4,49.4,326,33,59,239,96,2100,255,Mobile,Germany
USR000127,10.9,1.7,4.2,30.7,0.1,49.9,19,33,38,231,66,1091,294,Tablet,Australia
USR000128,34.3,5.9,3.1,66.0,6.4,20.5,232,25,64,42,70,3015,109,Mobile,Germany
USR000129,4.8,7.0,2.7,63.6,9.1,50.4,660,0,79,177,47,3579,7,Mobile,Australia
USR000130,204.6,7.8,8.2,21.9,3.5,66.8,24,30,84,167,75,2248,308,Mobile,India
USR000131,55.8,7.6,2.7,52.1,7.8,26.8,232,12,78,85,73,1621,52,Desktop,Japan
USR000132,6.7,16.7,0.3,46.9,1.1,57.2,12,27,23,468,39,1633,116,Mobile,Australia
USR000133,33.3,0.2,0.9,63.0,7.9,27.0,78,31,68,175,30,621,17,Mobile,Australia
USR000134,30.0,1.3,1.7,128.2,10.4,34.5,2,1,52,195,63,2247,280,Mobile,Australia
USR000135,7.6,1.6,9.8,5.2,5.6,26.5,672,49,15,73,80,2547,188,Mobile,Brazil
USR000136,30.3,16.3,6.3,177.3,15.8,80.1,289,46,67,106,37,222,132,Desktop,UK
USR000137,127.0,9.3,1.3,51.4,14.5,40.5,618,26,85,493,48,2374,146,Mobile,Japan
USR000138,5.4,3.4,13.5,34.0,9.3,89.1,111,33,99,250,81,2171,70,Mobile,India
USR000139,45.5,4.9,5.9,86.9,2.7,47.0,284,24,25,381,11,2948,364,Mobile,India
USR000140,9.8,6.0,12.6,59.5,4.7,99.5,112,39,2,262,72,1169,322,Desktop,Germany
USR000141,46.2,0.6,2.5,0.3,0.1,37.4,310,41,98,245,96,778,326,Mobile,Germany
USR000142,70.3,13.5,0.4,19.8,3.2,47.2,45,16,67,62,27,1743,215,Desktop,UK
USR000143,9.0,1.4,5.0,3.2,1.0,70.9,44,7,48,325,10,528,110,Mobile,India
USR000144,117.2,11.4,8.8,75.5,5.6,39.2,108,32,25,82,68,1862,281,Desktop,USA
USR000145,57.0,3.4,5.4,36.4,25.2,93.8,33,35,60,443,92,1464,135,Mobile,Brazil
USR000146,61.3,4.7,7.1,15.7,2.4,44.9,45,17,1,76,12,611,252,Mobile,India
USR000147,39.0,0.1,1.6,14.4,0.4,62.8,180,45,33,1,25,261,59,Mobile,Brazil
USR000148,143.5,0.6,3.5,124.8,2.1,46.9,199,17,46,111,42,1855,20,Mobile,Germany
USR000149,179.9,1.2,1.0,13.3,31.5,98.2,26,23,50,419,8,1269,161,Mobile,USA
USR000150,169.8,4.7,2.5,55.8,19.9,75.7,291,9,95,317,77,1672,350,Mobile,USA
USR000151,113.6,2.9,4.1,130.8,6.5,92.2,196,38,36,317,15,2502,309,Desktop,UK
USR000152,110.1,10.9,2.8,65.7,0.7,69.1,368,37,65,316,37,2220,25,Mobile,UK
USR000153,68.1,3.1,8.8,62.5,38.1,85.5,510,20,96,150,64,3212,70,Desktop,Brazil
USR000154,18.8,2.8,7.3,13.9,9.5,92.1,41,20,5,134,34,1246,45,Mobile,UK
USR000155,1.9,8.0,4.7,19.2,4.2,27.8,139,37,23,12,59,98,96,Tablet,USA
USR000156,8.3,13.5,1.8,19.6,10.8,50.9,182,4,74,331,14,1109,105,Mobile,Japan
USR000157,262.0,7.2,7.6,8.0,68.4,88.0,182,44,31,193,99,128,322,Mobile,India
USR000158,21.2,1.5,16.7,47.5,5.8,73.5,572,49,44,122,73,3070,250,Mobile,Germany
USR000159,51.0,2.0,1.0,28.9,11.6,38.7,92,44,61,26,73,1047,311,Mobile,India
USR000160,44.9,1.1,11.4,20.4,2.7,59.7,319,15,86,474,59,120,179,Mobile,Germany
USR000161,12.4,0.4,0.2,3.5,34.6,94.7,150,44,2,76,87,580,283,Mobile,Brazil
USR000162,79.1,3.2,2.1,37.9,1.4,92.5,429,9,30,164,85,2149,160,Mobile,Australia
USR000163,36.0,0.7,13.2,1.7,14.4,94.3,31,30,76,301,72,792,86,Tablet,Brazil
USR000164,19.3,3.1,0.5,36.5,5.7,94.0,220,44,86,133,25,2709,154,Mobile,USA
USR000165,1.2,3.4,7.4,23.8,8.9,94.3,70,48,49,251,85,3289,144,Desktop,Brazil
USR000166,8.0,3.4,0.1,28.9,5.3,22.8,697,0,49,251,33,2446,339,Mobile,Brazil
USR000167,121.0,5.4,11.6,16.9,2.1,94.7,84,31,10,265,85,3496,338,Tablet,Brazil
USR000168,152.5,2.1,7.5,73.5,31.0,26.0,69,23,47,112,57,2734,98,Mobile,Australia
USR000169,109.9,2.5,16.3,31.7,5.6,48.5,188,20,1,217,35,3042,123,Tablet,Japan
USR000170,28.9,7.8,11.4,31.0,3.6,56.1,474,21,61,125,52,1300,340,Desktop,India
USR000171,61.2,11.1,0.2,19.2,9.7,81.9,94,26,49,213,18,333,310,Desktop,Japan
USR000172,25.0,0.1,2.2,17.0,1.7,24.1,237,28,18,82,52,2184,141,Desktop,Germany
USR000173,56.5,3.5,1.4,27.8,1.2,93.6,378,49,86,117,39,949,240,Mobile,Japan
USR000174,191.5,7.3,14.8,94.2,70.7,93.9,157,43,60,334,20,821,309,Mobile,USA
USR000175,61.3,5.9,4.1,111.8,1.2,61.0,161,34,17,273,14,229,176,Mobile,USA
USR000176,18.7,2.3,6.7,1.0,12.3,73.4,258,32,94,180,5,2301,168,Desktop,Japan
USR000177,66.7,1.9,6.8,162.9,1.8,57.1,114,7,22,371,29,2107,85,Mobile,UK
USR000178,107.6,18.6,0.8,68.3,28.0,70.9,322,49,94,62,55,2376,12,Mobile,India
USR000179,6.7,1.1,13.6,120.8,23.3,62.6,428,45,36,287,44,575,311,Mobile,India
USR000180,80.6,0.2,9.9,20.4,2.8,93.8,231,41,40,424,51,821,222,Mobile,UK
USR000181,14.2,11.1,0.5,22.6,1.0,59.9,124,46,95,343,0,2417,63,Mobile,UK
USR000182,1.7,2.2,7.8,186.2,10.5,65.9,139,48,63,353,14,2188,239,Mobile,Australia
USR000183,98.2,8.8,2.2,79.4,0.2,36.2,109,36,84,131,65,1166,152,Mobile,Brazil
USR000184,123.6,8.3,0.1,8.8,15.1,92.7,77,15,71,201,68,1117,142,Mobile,USA
USR000185,169.4,5.4,4.0,7.2,3.7,27.7,168,15,50,86,76,1097,156,Tablet,Brazil
USR000186,42.9,13.7,4.6,59.8,4.6,34.9,6,4,56,201,37,391,186,Mobile,India
USR000187,96.9,9.2,1.1,55.3,6.8,73.3,18,9,37,115,50,1950,297,Mobile,UK
USR000188,3.1,5.8,0.3,62.1,0.7,66.4,405,15,3,62,76,728,303,Desktop,Germany
USR000189,1.0,0.9,1.1,13.0,3.5,37.0,221,39,95,389,27,850,364,Mobile,Australia
USR000190,45.3,7.1,36.7,10.9,11.4,96.3,143,43,20,29,78,204,223,Tablet,USA
USR000191,57.2,6.3,13.8,4.3,14.0,32.7,184,21,6,469,18,2745,349,Mobile,Japan
USR000192,18.5,28.6,6.9,72.4,0.3,99.7,684,28,37,74,86,3246,196,Mobile,UK
USR000193,81.3,2.9,1.8,5.6,1.1,44.6,77,41,77,338,65,1214,259,Mobile,USA
USR000194,3.4,4.0,12.7,27.7,3.0,35.7,15,18,31,377,98,2339,89,Desktop,USA
USR000195,38.2,0.6,0.7,228.2,4.3,30.1,75,18,0,177,20,531,46,Mobile,UK
USR000196,52.6,20.2,0.7,18.9,13.0,93.1,11,13,9,293,85,3209,21,Mobile,Japan
USR000197,89.9,0.9,2.5,42.9,1.7,29.5,119,0,47,271,41,1019,285,Mobile,Japan
USR000198,161.4,6.5,5.5,3.2,4.4,64.8,113,39,36,99,54,964,45,Desktop,USA
USR000199,1.9,2.0,4.4,50.9,4.8,80.0,196,35,80,251,25,2131,13,Mobile,USA
USR000200,66.5,2.4,5.0,68.4,41.0,47.4,212,46,6,245,84,1390,48,Mobile,India
USR000201,24.3,9.2,7.1,10.3,7.1,54.5,75,5,59,331,18,2083,278,Mobile,Germany
USR000202,6.4,3.6,5.1,104.5,2.0,33.8,364,1,49,213,73,2924,268,Mobile,Australia
USR000203,1.0,1.7,0.8,42.0,1.0,37.8,257,38,89,231,58,2296,263,Mobile,India
USR000204,43.0,2.3,0.4,14.0,6.5,30.5,163,20,36,111,37,2404,244,Desktop,Australia
USR000205,82.0,5.4,11.9,37.8,0.8,77.1,205,0,89,356,67,604,52,Desktop,Australia
USR000206,29.8,1.9,2.1,29.7,3.6,96.4,98,9,28,435,72,1770,267,Mobile,Japan
USR000207,7.8,2.5,7.2,23.9,4.6,42.3,14,15,21,474,3,2157,242,Desktop,Brazil
USR000208,136.1,0.1,11.6,65.0,38.8,85.7,385,2,20,343,66,2424,43,Mobile,Brazil
USR000209,70.6,0.3,4.0,35.4,0.2,70.2,539,13,87,385,84,252,70,Desktop,India
USR000210,276.3,0.6,4.4,27.0,11.6,40.7,105,39,29,271,92,2116,176,Mobile,UK
USR000211,8.6,15.7,7.9,65.4,13.0,48.5,48,37,6,175,39,159,23,Desktop,Japan
USR000212,6.5,1.0,0.5,36.3,3.4,94.4,60,2,68,182,90,603,75,Mobile,Germany
USR000213,24.9,0.4,10.5,25.3,6.3,37.8,167,15,37,490,85,556,277,Mobile,UK
USR000214,110.3,3.5,6.1,14.1,7.5,89.7,386,32,51,179,44,2403,93,Mobile,Brazil
USR000215,316.9,12.7,0.2,17.1,1.3,34.4,405,49,35,13,41,2797,22,Mobile,UK
USR000216,148.5,3.5,7.1,62.2,6.1,64.1,135,39,86,71,10,843,347,Mobile,UK
USR000217,16.9,5.3,0.7,155.0,4.5,58.9,627,36,8,447,69,2114,231,Mobile,Germany
USR000218,25.6,5.4,0.4,146.9,0.5,34.5,10,7,79,156,21,3449,291,Mobile,Germany
USR000219,7.7,4.8,5.1,39.7,7.5,64.5,190,26,41,196,96,3224,207,Mobile,India
USR000220,121.2,2.3,0.7,0.7,14.9,34.8,65,29,42,74,95,3405,5,Mobile,Brazil
USR000221,7.3,0.3,6.4,5.8,12.1,59.1,22,20,20,275,69,2470,322,Mobile,Germany
USR000222,59.9,2.8,3.1,54.6,12.3,49.6,22,39,68,90,40,2896,168,Desktop,Germany
USR000223,119.0,32.8,5.1,0.3,14.3,63.1,6,29,20,207,59,2871,131,Mobile,Brazil
USR000224,22.0,1.3,2.9,9.6,12.5,87.7,792,12,60,462,19,1305,280,Mobile,Germany
USR000225,44.6,0.1,1.2,36.7,11.3,31.0,172,43,83,474,75,2823,284,Mobile,USA
USR000226,206.2,2.5,1.5,29.7,11.1,42.3,348,10,91,322,63,2234,71,Mobile,Brazil
USR000227,2.1,11.9,7.6,1.2,20.3,38.7,185,39,32,306,30,1958,88,Desktop,India
USR000228,5.1,0.9,1.2,23.4,8.0,34.4,26,39,7,497,80,1332,145,Mobile,Germany
USR000229,30.3,13.7,11.3,37.5,1.0,24.8,168,33,13,47,39,1639,102,Desktop,India
USR000230,144.2,8.4,6.7,77.3,14.8,44.6,246,34,76,314,42,3277,320,Mobile,Japan
USR000231,42.8,3.0,5.6,1.0,4.0,21.9,396,34,41,147,61,608,189,Mobile,Japan
USR000232,23.3,2.0,5.8,9.4,5.5,27.6,303,1,22,193,74,2349,350,Mobile,Japan
USR000233,202.8,8.5,8.0,175.2,9.2,64.7,39,6,98,494,4,2359,37,Desktop,USA
USR000234,74.6,0.6,8.3,4.5,3.5,42.4,82,38,93,209,48,1588,324,Desktop,India
USR000235,46.3,10.2,14.0,138.5,5.6,30.6,43,35,56,64,72,1045,363,Desktop,Australia
USR000236,8.8,4.8,15.9,44.2,3.0,92.9,128,30,94,193,87,195,293,Desktop,Australia
USR000237,45.0,1.5,3.4,22.1,22.8,54.7,513,33,63,291,77,1463,103,Mobile,UK
USR000238,63.0,0.5,3.3,41.0,7.6,65.7,250,9,61,323,66,961,293,Mobile,Australia
USR000239,31.2,13.6,17.5,53.5,6.4,79.2,315,43,82,391,62,2504,289,Mobile,UK
USR000240,126.6,6.0,18.7,147.1,5.2,33.1,275,41,43,214,81,1430,172,Tablet,UK
USR000241,14.9,5.6,5.9,27.1,8.3,36.5,123,8,80,123,81,2386,303,Mobile,Australia
USR000242,17.9,6.2,11.2,27.3,1.6,74.9,163,14,99,228,57,657,220,Desktop,Brazil
USR000243,190.2,8.4,3.2,15.1,2.3,50.9,7,3,81,185,62,3071,287,Tablet,UK
USR000244,66.4,5.8,1.4,28.0,0.8,67.0,5,27,99,104,10,719,172,Tablet,India
USR000245,108.1,1.2,8.2,76.3,9.9,95.5,133,46,86,284,92,3119,168,Mobile,India
USR000246,92.3,3.3,7.6,75.7,1.8,85.4,90,3,0,499,5,220,351,Desktop,Japan
USR000247,23.9,1.9,4.1,126.8,2.4,58.9,237,34,86,311,98,2918,90,Mobile,Brazil
USR000248,41.0,5.5,0.9,18.2,1.8,98.3,188,19,64,319,70,1518,80,Desktop,India
USR000249,6.8,6.2,2.0,43.3,2.7,46.3,19,34,84,233,31,2875,156,Mobile,Australia
USR000250,38.4,1.3,9.2,27.0,17.0,68.1,3,29,68,16,83,1944,12,Mobile,India
USR000251,13.5,1.0,1.8,7.1,15.6,97.8,778,2,63,498,50,1824,67,Mobile,Brazil
USR000252,111.7,1.2,4.4,10.5,4.5,72.9,241,1,12,364,47,2215,70,Mobile,Germany
USR000253,42.3,10.6,1.0,5.7,9.0,88.7,43,24,52,265,14,2237,21,Mobile,UK
USR000254,3.8,0.7,11.1,6.8,14.5,36.1,285,30,19,74,76,3498,288,Mobile,Japan
USR000255,36.3,5.1,0.8,92.9,37.2,85.0,37,4,75,41,15,200,348,Mobile,USA
USR000256,6.7,2.9,2.0,39.5,10.3,95.6,234,48,23,59,70,2707,290,Desktop,India
USR000257,40.5,5.3,2.9,47.1,13.2,93.0,22,45,76,451,61,452,11,Mobile,Germany
USR000258,75.6,6.0,2.7,30.0,4.4,38.7,51,13,70,428,95,733,125,Tablet,UK
USR000259,170.9,2.3,2.0,27.8,6.4,76.1,6,20,18,158,74,2842,141,Mobile,USA
USR000260,19.1,2.9,5.0,24.1,6.4,69.3,202,38,8,148,37,1197,210,Mobile,USA
USR000261,19.2,4.6,12.3,44.9,4.7,33.1,20,40,22,414,36,1204,268,Tablet,USA
USR000262,60.1,0.7,23.5,18.5,0.8,49.1,93,43,60,201,2,1438,97,Mobile,USA
USR000263,54.7,0.2,0.6,22.7,28.6,28.6,491,2,52,209,83,2603,190,Mobile,Australia
USR000264,29.1,9.7,4.4,47.9,1.4,56.1,136,0,3,264,29,1682,273,Mobile,UK
USR000265,15.7,17.4,39.6,73.8,19.9,93.6,183,32,98,415,58,2894,272,Desktop,Japan
USR000266,12.6,1.8,16.8,70.3,0.7,38.1,213,25,99,20,1,2557,183,Mobile,USA
USR000267,18.5,1.7,0.6,13.1,8.9,51.5,135,29,34,352,42,1407,356,Desktop,USA
USR000268,59.1,0.8,11.3,41.3,10.6,83.7,15,25,71,150,29,322,263,Desktop,Brazil
USR000269,16.2,3.5,2.4,140.5,7.0,91.5,304,15,44,280,51,2439,113,Tablet,Brazil
USR000270,62.3,3.8,6.9,54.2,3.5,66.5,927,49,26,199,14,267,334,Desktop,India
USR000271,6.4,6.6,3.1,27.5,13.3,50.8,74,42,4,182,50,676,321,Desktop,Australia
USR000272,47.5,0.5,6.2,46.2,7.8,63.2,1001,5,50,419,69,2785,163,Mobile,Japan
USR000273,52.6,1.0,2.3,130.5,15.3,38.9,99,43,52,288,91,2179,132,Tablet,UK
USR000274,4.6,10.1,3.7,51.7,2.5,77.3,203,18,68,417,58,3050,99,Mobile,Brazil
USR000275,110.5,12.9,0.3,162.2,25.9,95.9,36,11,68,197,14,252,218,Mobile,USA
USR000276,179.0,4.0,17.9,34.8,3.4,85.9,432,41,97,464,37,3103,213,Mobile,Australia
USR000277,89.1,2.3,12.2,16.5,1.5,88.8,232,42,4,257,69,511,169,Mobile,Japan
USR000278,82.4,5.9,12.3,0.4,51.5,46.4,32,37,73,462,91,3239,326,Desktop,Japan
USR000279,28.1,10.4,5.0,46.1,5.2,43.4,84,18,42,130,67,866,202,Mobile,Australia
USR000280,52.2,14.1,5.8,102.6,14.0,85.2,153,8,63,403,66,164,155,Desktop,UK
USR000281,22.2,4.7,1.0,22.6,4.8,29.1,110,12,78,228,1,590,105,Mobile,India
USR000282,29.6,1.1,7.2,17.1,0.4,72.5,100,10,60,412,66,2185,142,Tablet,Brazil
USR000283,13.3,8.8,9.4,19.6,5.1,51.4,404,42,0,151,86,101,259,Tablet,UK
USR000284,163.5,8.8,4.8,29.8,23.1,77.2,211,28,38,121,71,2223,172,Mobile,Germany
USR000285,32.3,1.5,2.4,114.1,6.1,34.7,94,32,2,178,25,1925,364,Mobile,Japan
USR000286,100.4,1.2,10.7,113.6,3.5,61.5,1115,32,1,388,91,1702,3,Mobile,USA
USR000287,28.9,0.3,2.0,146.0,5.2,25.6,217,39,5,9,15,507,226,Mobile,Germany
USR000288,13.5,1.4,3.4,20.1,3.6,99.5,307,35,38,333,79,2283,160,Desktop,UK
USR000289,141.2,11.4,0.2,32.6,7.4,98.1,393,22,37,0,54,3517,243,Mobile,Germany
USR000290,10.1,7.1,1.6,156.0,44.8,84.9,183,37,79,189,74,2096,214,Mobile,Germany
USR000291,9.1,6.8,0.1,49.3,3.6,59.6,469,20,79,50,41,217,95,Desktop,Brazil
USR000292,38.5,8.9,0.7,25.7,7.0,33.9,230,38,21,316,16,2247,197,Mobile,UK
USR000293,9.4,7.0,5.8,88.4,1.5,55.8,338,49,8,46,36,3049,5,Mobile,Australia
USR000294,108.4,0.4,0.1,33.8,12.7,24.5,25,43,31,235,30,1121,15,Desktop,Australia
USR000295,56.6,6.6,6.7,53.3,4.0,52.2,640,6,48,7,39,1830,334,Mobile,Brazil
USR000296,43.9,4.9,3.1,3.8,0.7,53.4,95,13,3,455,36,2495,362,Mobile,Brazil
USR000297,24.7,4.5,11.1,59.9,14.0,74.0,454,23,55,127,44,2997,52,Tablet,Australia
USR000298,33.8,3.3,15.8,259.1,4.9,76.7,206,18,40,341,52,2168,80,Mobile,USA
USR000299,35.0,3.2,13.3,62.5,8.0,84.1,40,23,51,163,22,1169,294,Tablet,USA
USR000300,22.4,9.4,11.3,26.0,0.7,90.3,157,28,64,6,36,3303,210,Tablet,Brazil
USR000301,66.8,10.4,12.7,4.2,16.7,83.0,430,20,98,443,23,2493,148,Desktop,Germany
USR000302,4.5,1.5,5.9,37.0,13.6,30.6,45,42,15,79,88,126,305,Mobile,Australia
USR000303,12.1,1.8,0.5,107.6,9.2,29.9,89,46,9,210,2,770,55,Desktop,Brazil
USR000304,3.6,5.5,2.0,9.1,4.3,45.3,567,22,28,225,85,2415,232,Mobile,Germany
USR000305,40.7,5.6,6.5,50.4,7.4,57.3,34,26,25,48,74,3063,37,Mobile,Japan
USR000306,130.6,1.9,2.0,139.5,14.8,87.1,482,5,12,286,19,2227,187,Mobile,Germany
USR000307,42.7,7.2,1.8,3.5,6.8,68.2,50,32,31,168,12,2957,77,Mobile,Japan
USR000308,1.0,7.7,5.5,2.8,5.4,32.8,288,46,29,248,67,1889,71,Tablet,Australia
USR000309,21.3,0.2,4.7,11.9,3.7,90.0,482,40,11,381,4,2996,258,Desktop,Australia
USR000310,77.9,2.5,17.0,40.6,20.1,37.0,71,17,64,160,42,2957,111,Mobile,Brazil
USR000311,2.5,0.3,18.4,7.7,2.9,41.1,200,49,79,439,36,1636,346,Mobile,India
USR000312,163.4,0.8,0.9,64.5,2.4,38.3,72,19,53,63,54,2214,100,Desktop,UK
USR000313,70.8,15.9,16.2,2.6,5.9,55.0,0,44,54,211,83,2103,145,Desktop,Germany
USR000314,1.3,1.3,11.7,40.6,0.7,32.2,24,19,70,420,76,2805,343,Desktop,Germany
USR000315,53.5,8.2,1.1,111.2,0.4,81.7,86,43,72,338,5,1901,197,Desktop,Japan
USR000316,222.4,3.7,8.4,9.6,8.8,64.2,398,37,27,365,5,154,1,Mobile,Brazil
USR000317,357.7,4.7,0.7,0.4,3.8,50.5,157,14,85,334,24,2406,190,Desktop,Brazil
USR000318,28.7,0.9,0.2,14.4,4.4,52.9,139,21,11,401,40,1945,186,Desktop,Australia
USR000319,54.3,14.1,6.2,8.2,4.8,29.0,571,36,0,499,66,1067,45,Mobile,USA
USR000320,15.1,4.1,1.9,28.1,4.9,25.2,544,12,76,279,56,471,175,Mobile,Brazil
USR000321,157.3,0.9,16.9,211.0,6.6,69.2,385,37,33,190,1,1722,262,Mobile,Germany
USR000322,27.0,6.0,10.2,28.7,12.3,27.1,202,38,86,55,3,1974,12,Mobile,UK
USR000323,21.3,2.4,3.5,97.1,2.1,46.4,11,9,45,463,88,2422,33,Tablet,UK
USR000324,27.7,2.8,16.8,199.4,0.9,33.5,456,26,4,476,43,1930,350,Mobile,USA
USR000325,25.0,0.0,1.1,42.1,2.8,73.2,218,3,53,196,10,1454,48,Desktop,Australia
USR000326,63.8,0.2,16.7,50.8,2.8,75.0,299,17,2,293,41,2192,269,Mobile,USA
USR000327,62.6,8.2,2.4,0.9,5.0,81.9,111,6,6,411,95,898,59,Mobile,USA
USR000328,27.2,9.8,3.1,9.1,6.2,76.4,502,22,32,298,91,1889,140,Desktop,UK
USR000329,1.0,11.6,5.7,15.4,1.4,31.5,29,40,49,51,14,1243,14,Desktop,Germany
USR000330,78.1,3.3,0.2,2.1,2.0,95.9,535,3,63,349,84,2254,112,Mobile,Japan
USR000331,5.8,2.6,4.3,67.0,5.7,62.2,89,20,66,264,44,2484,93,Mobile,UK
USR000332,279.3,4.4,1.6,10.6,2.0,91.5,37,16,61,209,7,2647,319,Mobile,Australia
USR000333,23.9,14.6,0.0,37.4,1.7,65.1,157,6,29,36,44,3198,10,Mobile,Japan
USR000334,8.3,0.2,7.6,22.1,0.5,62.1,162,42,59,382,95,2308,115,Mobile,Brazil
USR000335,154.3,2.4,0.9,35.8,4.3,30.2,91,2,23,32,97,1144,332,Desktop,Australia
USR000336,81.6,10.9,3.8,47.4,7.2,78.0,136,49,15,184,38,1464,215,Desktop,Australia
USR000337,114.9,1.1,5.2,18.7,4.2,71.4,424,44,40,412,20,574,87,Desktop,USA
USR000338,76.3,1.2,25.2,31.0,3.4,61.7,311,44,64,215,85,1007,122,Mobile,USA
USR000339,203.7,11.3,4.2,9.2,2.2,99.6,322,35,62,457,38,2021,116,Tablet,Japan
USR000340,10.1,9.0,0.4,8.5,21.4,85.4,237,29,9,415,31,513,35,Tablet,Australia
USR000341,29.2,0.7,21.6,5.2,4.0,32.2,159,20,34,361,52,1714,41,Mobile,USA
USR000342,4.4,13.7,1.5,46.5,13.0,63.2,97,38,95,445,10,2345,220,Mobile,Australia
USR000343,1.9,2.6,4.3,112.9,2.8,72.5,64,3,75,444,65,3116,211,Mobile,Australia
USR000344,97.3,0.6,12.1,10.3,6.0,45.7,970,47,79,236,57,2569,109,Mobile,Australia
USR000345,24.2,4.4,17.6,6.5,4.6,21.0,321,26,53,83,58,136,302,Mobile,Japan
USR000346,20.0,0.7,0.3,29.4,2.1,89.5,90,22,11,312,60,1710,87,Mobile,UK
USR000347,55.9,4.4,15.3,25.8,48.7,92.8,119,47,33,72,17,2586,15,Desktop,Australia
USR000348,68.9,0.0,6.0,17.8,10.5,46.0,182,16,3,379,51,1380,241,Mobile,Germany
USR000349,69.5,4.3,5.0,152.7,10.3,72.1,10,16,49,371,69,2369,220,Mobile,USA
USR000350,42.2,1.5,2.6,52.3,14.0,42.4,423,45,60,104,14,2422,215,Tablet,USA
USR000351,164.7,1.3,14.9,27.9,13.9,71.5,203,5,69,415,36,194,205,Mobile,Germany
USR000352,41.7,13.3,6.0,17.8,16.0,91.0,200,21,82,134,35,2896,71,Mobile,UK
USR000353,200.8,0.8,9.9,44.0,3.1,47.0,19,40,72,310,28,1622,160,Mobile,Germany
USR000354,50.7,1.8,6.7,101.9,10.8,35.6,362,5,31,168,56,3631,181,Mobile,India
USR000355,33.4,8.0,2.3,35.8,22.2,69.8,8,14,80,126,67,1679,194,Mobile,UK
USR000356,25.6,1.7,7.2,206.1,27.3,48.4,61,24,56,151,95,2222,278,Mobile,India
USR000357,17.0,9.8,1.2,61.5,18.0,85.3,113,48,32,140,90,2062,161,Desktop,UK
USR000358,101.1,1.0,1.1,19.6,5.8,79.5,444,7,27,290,10,3481,135,Mobile,India
USR000359,21.7,13.7,3.8,134.2,33.4,42.3,171,47,11,68,64,2820,61,Mobile,UK
USR000360,48.3,1.3,5.1,63.2,6.1,64.2,38,14,80,377,71,2873,158,Mobile,Japan
USR000361,26.8,16.2,5.0,134.5,5.4,54.5,157,38,15,409,27,3064,314,Mobile,USA
USR000362,20.1,1.8,1.0,19.8,2.0,42.6,22,26,91,397,46,2908,329,Mobile,UK
USR000363,52.8,1.8,4.5,23.2,1.0,35.3,726,10,75,116,10,2916,308,Desktop,UK
USR000364,27.2,0.4,0.3,39.9,6.9,21.7,37,29,63,270,45,183,63,Mobile,India
USR000365,11.9,0.2,10.4,34.6,3.3,47.5,333,42,60,291,34,663,116,Tablet,India
USR000366,5.9,1.0,17.4,135.4,3.4,20.6,371,34,43,268,81,350,61,Mobile,Japan
USR000367,1.4,1.1,1.4,41.6,17.8,46.1,209,42,29,481,82,1382,242,Desktop,Brazil
USR000368,21.6,4.4,17.3,64.0,16.4,70.8,32,2,28,1,70,1107,133,Mobile,Brazil
USR000369,4.8,10.8,1.8,6.5,12.9,65.8,189,42,80,11,26,617,179,Desktop,Australia
USR000370,4.8,5.3,8.2,12.7,1.4,30.0,84,21,0,175,48,192,16,Mobile,Australia
USR000371,35.7,0.1,0.8,0.5,2.4,65.3,520,42,93,88,46,1993,324,Desktop,Brazil
USR000372,79.3,7.3,2.1,39.8,5.4,97.8,514,18,37,104,14,1489,353,Mobile,Australia
USR000373,19.0,5.5,4.6,16.6,24.0,90.3,69,46,29,165,27,3594,154,Mobile,USA
USR000374,193.1,0.6,2.1,27.4,14.8,36.1,89,31,24,463,18,2941,35,Mobile,India
USR000375,95.4,11.5,4.4,9.6,6.3,68.5,53,34,59,192,95,1024,130,Mobile,Japan
USR000376,49.0,12.9,8.8,45.8,10.3,42.4,176,29,12,406,69,1910,112,Desktop,India
USR000377,3.1,0.4,1.0,71.7,1.5,86.9,261,7,26,190,91,1377,26,Desktop,Germany
USR000378,7.1,0.0,7.5,30.5,15.1,80.0,40,3,58,254,26,3589,139,Desktop,Germany
USR000379,189.5,0.7,5.7,9.8,36.7,29.3,16,3,58,377,99,678,200,Mobile,Australia
USR000380,4.0,0.0,5.9,11.8,0.1,86.0,625,36,22,457,82,2469,202,Desktop,Australia
USR000381,46.7,2.4,55.6,22.3,7.0,27.4,37,34,44,414,83,2416,226,Mobile,UK
USR000382,4.8,3.3,5.3,10.9,9.8,92.5,121,40,68,217,68,3380,56,Desktop,Australia
USR000383,3.9,4.8,11.8,14.0,12.1,84.5,237,16,30,231,74,3056,296,Mobile,Australia
USR000384,192.8,3.3,19.0,9.0,0.1,30.9,371,35,30,240,86,1574,326,Mobile,Brazil
USR000385,61.8,10.8,9.7,11.0,39.2,39.7,51,40,25,391,24,3287,347,Mobile,Germany
USR000386,22.7,1.0,4.9,7.7,11.1,55.5,634,49,20,484,93,3189,61,Mobile,Brazil
USR000387,57.7,1.7,12.0,47.5,7.6,41.0,39,42,46,445,5,1572,91,Mobile,India
USR000388,6.1,3.9,1.7,24.0,21.2,81.0,512,5,91,255,49,627,247,Mobile,India
USR000389,47.7,5.3,0.5,36.2,11.0,71.1,86,5,73,292,72,258,16,Mobile,Japan
USR000390,67.9,11.8,1.1,32.3,9.5,83.1,387,4,52,61,41,492,248,Mobile,Australia
USR000391,13.5,2.9,8.8,7.3,16.9,43.8,252,45,63,489,93,2086,343,Tablet,Japan
USR000392,185.2,5.9,0.6,118.1,6.3,65.1,105,43,22,104,48,605,91,Mobile,Australia
USR000393,37.6,4.2,6.5,69.8,2.2,71.0,133,2,32,360,42,582,330,Mobile,UK
USR000394,62.9,7.4,0.9,66.8,11.7,91.6,69,17,58,125,69,3266,285,Mobile,Japan
USR000395,1.0,1.4,7.1,42.3,8.2,26.3,366,49,72,339,61,303,137,Desktop,USA
USR000396,112.9,13.6,6.2,73.1,11.9,25.8,102,33,16,291,12,3571,211,Mobile,Japan
USR000397,183.2,8.9,12.2,29.5,2.5,66.5,230,17,90,425,63,2110,331,Tablet,Brazil
USR000398,25.8,0.1,3.0,57.4,9.6,23.4,71,25,36,435,54,1685,99,Mobile,USA
USR000399,10.3,0.9,1.5,175.4,4.2,42.8,300,10,33,256,61,1667,34,Desktop,Brazil
USR000400,18.3,1.1,10.0,126.4,11.8,21.7,276,24,12,118,80,1440,99,Mobile,Germany
USR000401,47.5,2.2,3.4,18.2,4.6,96.5,88,19,3,393,61,1841,33,Mobile,Australia
USR000402,53.9,10.9,17.0,16.8,21.6,81.6,136,34,36,178,92,2612,222,Mobile,Brazil
USR000403,98.6,2.7,0.2,7.6,11.7,30.2,174,15,54,266,60,1023,202,Mobile,Germany
USR000404,14.5,2.1,14.2,53.0,15.5,78.3,68,41,6,177,63,1094,181,Mobile,Australia
USR000405,14.1,1.1,1.5,1.7,28.5,99.4,389,41,2,132,24,1537,320,Mobile,Australia
USR000406,7.5,11.4,2.9,22.8,19.4,48.5,20,0,71,225,47,2563,219,Desktop,UK
USR000407,26.9,2.0,1.7,127.0,17.6,41.8,28,34,59,283,46,1450,281,Tablet,UK
USR000408,82.9,2.2,5.1,40.6,14.6,38.9,231,44,68,447,44,2849,296,Mobile,USA
USR000409,12.9,0.8,5.8,30.9,11.2,38.1,54,13,41,3,7,3577,56,Mobile,USA
USR000410,9.2,19.3,3.4,20.7,1.3,53.0,430,1,49,96,58,1615,156,Desktop,Australia
USR000411,135.4,7.1,0.4,22.7,10.8,79.7,196,40,25,22,91,2801,292,Mobile,India
USR000412,41.0,4.9,2.4,119.5,12.4,62.4,324,19,96,300,45,374,135,Mobile,India
USR000413,10.0,4.2,2.1,188.2,16.8,82.1,76,20,70,141,32,1080,311,Mobile,Japan
USR000414,67.3,3.6,6.7,16.1,0.5,65.6,305,7,5,214,57,3153,306,Tablet,Australia
USR000415,54.1,7.2,2.4,117.2,33.2,56.5,162,10,92,7,42,996,195,Desktop,India
USR000416,15.8,1.7,3.3,27.2,6.5,91.2,241,41,66,162,81,2143,274,Tablet,Germany
USR000417,46.4,9.3,2.1,14.7,6.4,31.2,60,7,16,69,72,1122,150,Mobile,Japan
USR000418,1.9,16.3,8.1,18.5,17.9,61.9,35,12,44,385,26,695,47,Mobile,Australia
USR000419,57.9,15.3,2.4,29.2,3.6,71.6,305,31,13,187,53,2708,184,Mobile,Japan
USR000420,100.9,0.8,6.7,52.4,2.1,22.5,118,24,53,50,12,2331,205,Mobile,Germany
USR000421,33.4,2.1,0.5,2.5,0.8,77.8,150,32,48,59,70,2719,67,Mobile,Australia
USR000422,103.4,9.6,0.2,42.3,3.4,46.7,409,26,93,58,76,390,24,Desktop,Australia
USR000423,93.1,0.6,13.9,8.7,12.0,76.1,356,3,52,319,51,549,78,Mobile,Germany
USR000424,6.1,3.1,18.5,23.1,0.5,71.4,74,4,44,226,38,1261,179,Mobile,UK
USR000425,58.8,7.7,19.6,24.5,38.6,91.0,21,18,1,333,56,1098,173,Mobile,USA
USR000426,31.3,4.7,13.5,159.5,19.9,86.6,85,37,20,123,52,2749,319,Desktop,UK
USR000427,7.2,0.6,1.2,12.5,6.6,44.4,348,3,35,279,38,835,92,Mobile,UK
USR000428,39.3,1.1,2.8,11.9,17.2,63.0,434,49,36,199,41,3406,68,Desktop,India
USR000429,52.4,2.9,1.1,21.2,28.0,28.7,86,0,22,442,41,241,196,Mobile,India
USR000430,201.7,3.3,21.5,53.9,3.3,76.7,643,15,56,64,67,3225,210,Desktop,Germany
USR000431,199.8,2.2,10.0,29.5,12.8,52.7,48,9,98,393,93,1838,181,Mobile,India
USR000432,41.4,3.0,3.4,62.5,6.7,89.6,7,7,40,386,34,2686,98,Mobile,India
USR000433,58.9,3.4,5.1,12.8,12.6,42.6,363,17,15,95,85,98,324,Mobile,Australia
USR000434,219.7,15.7,9.7,31.1,4.5,30.9,231,22,46,171,59,999,150,Desktop,Japan
USR000435,137.4,1.6,2.6,85.8,18.4,96.8,145,39,34,322,43,1305,196,Mobile,Australia
USR000436,40.5,0.9,2.8,9.0,7.2,53.0,36,37,79,60,32,1266,5,Mobile,USA
USR000437,7.5,4.1,25.3,12.8,10.3,80.8,190,10,47,485,94,242,310,Mobile,Japan
USR000438,11.6,5.6,10.0,229.8,5.5,41.7,29,9,41,441,50,2927,192,Desktop,India
USR000439,54.3,2.4,1.3,18.7,12.1,57.0,121,6,40,388,50,2035,279,Mobile,Japan
USR000440,91.4,3.1,12.8,6.2,22.8,21.0,22,34,28,443,51,110,85,Mobile,USA
USR000441,148.3,3.7,3.3,9.2,3.6,20.9,12,17,8,219,52,2743,235,Mobile,Brazil
USR000442,5.3,5.6,3.2,51.8,3.4,30.4,120,20,55,19,7,2913,244,Desktop,Australia
USR000443,17.9,4.3,13.2,15.2,0.7,30.2,56,9,21,61,29,946,312,Mobile,Australia
USR000444,141.9,8.8,21.1,48.7,17.3,24.0,13,31,79,315,50,623,81,Mobile,Japan
USR000445,85.7,1.6,1.0,33.9,30.7,29.3,108,26,83,134,96,1870,183,Desktop,Japan
USR000446,27.6,2.5,1.7,214.6,11.1,98.3,118,38,13,376,16,328,208,Mobile,Germany
USR000447,109.5,1.1,2.4,89.9,0.7,52.9,216,46,58,418,27,547,277,Mobile,UK
USR000448,77.5,8.9,16.4,2.3,1.3,28.8,89,35,5,204,97,2598,283,Mobile,India
USR000449,49.8,15.1,7.2,3.7,48.4,78.9,82,7,38,362,16,403,284,Mobile,USA
USR000450,57.6,2.3,2.1,33.0,15.1,35.2,132,37,41,385,75,2577,16,Desktop,Germany
USR000451,131.5,1.8,0.8,17.2,26.1,42.4,44,45,47,63,35,1926,321,Tablet,Japan
USR000452,79.7,3.3,7.9,4.8,18.8,20.5,151,41,23,163,69,3643,162,Desktop,UK
USR000453,16.8,6.1,0.5,11.3,1.7,53.8,265,21,4,360,23,2578,36,Mobile,India
USR000454,34.9,7.1,4.4,13.8,1.9,61.3,442,7,40,497,44,644,129,Mobile,USA
USR000455,31.7,8.1,5.0,25.8,3.8,33.5,166,17,83,333,25,627,330,Tablet,Germany
USR000456,1.6,1.8,4.5,129.2,1.2,96.3,256,17,74,15,1,2953,47,Mobile,UK
USR000457,15.7,5.4,20.3,70.9,12.8,84.9,426,44,28,87,86,3199,104,Mobile,India
USR000458,84.6,4.8,0.0,51.5,11.4,48.6,20,16,81,381,69,94,23,Desktop,Australia
USR000459,43.0,1.9,3.7,23.8,8.6,73.1,375,40,57,309,59,2242,266,Mobile,Japan
USR000460,5.6,8.5,31.3,37.8,10.3,42.4,237,26,25,81,95,3649,103,Mobile,Japan
USR000461,57.7,2.7,5.2,179.7,2.5,99.0,169,13,33,122,62,2475,220,Desktop,Japan
USR000462,87.9,10.1,2.4,91.6,6.4,68.4,20,14,89,423,30,1662,315,Mobile,Australia
USR000463,45.9,5.1,3.5,1.6,0.8,81.2,250,10,43,39,1,1096,7,Mobile,India
USR000464,17.4,0.5,1.0,140.3,16.1,33.8,91,36,8,290,3,620,357,Mobile,Germany
USR000465,36.3,2.7,10.2,19.5,3.9,70.6,76,40,75,181,70,2818,60,Desktop,UK
USR000466,133.9,3.3,4.1,73.2,25.0,71.7,63,2,71,192,48,982,351,Mobile,India
USR000467,163.2,0.0,13.5,32.5,32.7,54.5,601,1,20,182,72,327,271,Desktop,Japan
USR000468,24.0,1.5,7.7,37.1,9.5,92.9,159,16,58,212,1,3201,162,Mobile,Australia
USR000469,28.7,3.7,1.0,26.5,4.5,63.5,333,47,22,67,37,3560,57,Mobile,Japan
USR000470,102.0,1.4,5.6,84.5,12.6,72.1,68,37,2,351,20,1455,130,Mobile,UK
USR000471,1.5,0.7,11.1,24.8,8.1,86.1,86,43,88,300,51,1721,156,Desktop,Australia
USR000472,123.7,4.0,1.5,19.2,3.4,76.8,8,46,81,281,4,1575,84,Mobile,Australia
USR000473,15.1,2.7,4.5,34.3,25.4,33.3,39,32,36,253,58,1341,161,Mobile,USA
USR000474,47.3,1.9,2.6,22.5,6.8,81.3,3,25,66,451,12,990,245,Mobile,UK
USR000475,77.7,7.5,1.6,4.7,27.7,29.5,735,39,50,82,6,3050,179,Mobile,USA
USR000476,14.4,0.8,21.0,70.0,14.3,45.6,391,7,15,218,27,681,303,Tablet,Australia
USR000477,217.0,12.5,10.7,30.6,4.0,38.4,87,26,86,55,20,1139,208,Mobile,USA
USR000478,20.2,2.3,10.4,49.3,3.0,40.2,1,2,63,107,51,1215,246,Mobile,Brazil
USR000479,14.2,6.3,5.7,20.9,0.4,35.9,78,23,81,257,5,3618,182,Mobile,Germany
USR000480,75.3,0.6,18.4,52.0,6.1,70.3,161,25,47,200,77,83,113,Mobile,USA
USR000481,7.2,1.8,1.2,26.9,0.3,93.5,100,5,64,91,65,2621,214,Mobile,Japan
USR000482,44.9,0.1,9.0,142.6,21.1,67.2,402,2,79,335,62,1751,34,Tablet,Japan
USR000483,84.7,0.9,12.3,50.8,0.9,78.4,193,13,56,112,83,1086,283,Mobile,India
USR000484,72.0,2.2,6.2,15.0,6.7,55.2,273,12,31,360,37,3133,203,Tablet,UK
USR000485,67.6,19.9,0.0,7.3,2.9,90.2,266,23,26,95,4,1570,19,Desktop,Australia
USR000486,32.4,7.9,2.5,34.3,15.3,33.2,91,24,39,485,86,1764,261,Mobile,Australia
USR000487,14.3,2.2,6.5,19.0,2.5,36.6,95,37,25,377,0,3418,71,Mobile,India
USR000488,42.4,0.6,0.5,29.4,2.6,86.9,82,42,66,121,20,945,152,Mobile,India
USR000489,66.1,1.2,7.8,32.4,16.3,75.1,778,49,38,13,14,1807,337,Mobile,Brazil
USR000490,57.1,1.3,3.3,93.3,7.9,34.5,580,37,48,417,32,211,326,Mobile,USA
USR000491,56.0,2.3,13.2,111.0,21.7,39.6,37,29,39,15,57,286,346,Mobile,UK
USR000492,22.7,12.5,0.8,40.4,2.6,68.1,57,8,27,7,5,2379,239,Desktop,India
USR000493,5.2,4.1,6.6,137.6,5.3,36.6,61,25,23,211,70,2044,34,Mobile,Australia
USR000494,38.0,0.8,1.4,45.2,4.2,34.2,1,0,73,126,81,572,250,Desktop,Australia
USR000495,25.2,1.0,9.1,26.5,8.1,71.1,350,12,68,352,38,316,260,Mobile,India
USR000496,57.6,2.6,8.0,60.6,1.8,56.8,231,18,28,125,73,1234,64,Desktop,Brazil
USR000497,30.5,4.2,3.4,88.1,2.3,88.1,285,29,19,1,46,3379,310,Desktop,UK
USR000498,20.4,11.1,1.7,115.9,25.1,27.0,208,3,70,270,54,44,50,Desktop,India
USR000499,37.0,13.7,5.6,4.5,8.0,90.7,650,3,71,461,32,3066,36,Mobile,UK
USR000500,36.4,13.5,2.1,49.4,21.8,55.4,110,17,64,493,5,2726,113,Mobile,Australia
USR000501,97.8,5.5,2.6,112.9,5.9,93.5,410,23,93,365,76,2388,112,Tablet,USA
USR000502,172.4,5.3,9.9,8.5,3.2,73.1,52,5,71,1,21,756,330,Desktop,India
USR000503,25.5,2.5,3.1,6.1,2.8,62.4,592,8,39,25,24,1368,85,Mobile,UK
USR000504,51.2,9.8,15.9,40.3,2.7,72.7,380,10,93,199,21,307,324,Desktop,India
USR000505,57.7,5.3,2.5,48.9,16.4,67.1,232,0,99,415,35,3290,297,Mobile,Germany
USR000506,26.7,9.4,3.9,64.1,9.5,99.5,2,10,49,409,91,660,261,Desktop,Germany
USR000507,125.4,5.1,12.1,24.7,0.0,44.1,61,39,44,458,63,3510,136,Tablet,Germany
USR000508,98.1,6.1,6.9,45.9,6.0,50.2,30,1,29,177,2,2065,212,Mobile,Australia
USR000509,80.8,1.7,0.4,387.7,6.2,35.6,269,1,36,309,64,1617,90,Desktop,UK
USR000510,24.1,9.5,8.8,100.8,8.8,54.4,128,45,60,230,66,2470,176,Mobile,Germany
USR000511,103.3,4.5,3.9,22.3,19.5,51.0,66,24,18,272,9,3266,123,Mobile,Japan
USR000512,11.2,1.2,20.1,60.7,35.4,80.5,123,9,21,457,78,1544,333,Mobile,Brazil
USR000513,106.3,10.0,5.2,35.8,11.3,97.7,111,16,11,127,8,290,113,Desktop,Japan
USR000514,73.2,7.3,22.1,136.1,0.7,85.1,123,45,39,67,3,3537,207,Mobile,Japan
USR000515,21.1,6.7,7.2,10.1,1.7,34.2,7,4,11,341,55,3564,2,Desktop,Australia
USR000516,5.5,3.3,8.4,14.3,2.5,23.9,104,17,22,494,52,1507,253,Mobile,USA
USR000517,23.7,0.1,2.6,120.0,3.2,23.4,63,6,77,129,57,2530,15,Mobile,Australia
USR000518,2.7,4.5,7.6,70.7,2.4,58.0,1776,13,90,360,23,445,86,Mobile,Brazil
USR000519,194.8,0.7,5.1,65.0,6.9,33.3,117,7,90,9,58,1033,342,Mobile,Australia
USR000520,24.8,2.5,14.9,35.6,6.9,48.3,382,27,68,158,33,1490,230,Mobile,USA
USR000521,106.4,0.2,6.0,40.6,10.8,20.9,90,10,85,328,61,1592,197,Mobile,Germany
USR000522,5.8,1.4,3.6,81.2,25.4,84.8,227,30,32,367,97,2280,255,Desktop,India
USR000523,39.0,1.3,0.5,22.8,1.0,97.8,17,3,20,280,98,3580,219,Mobile,Australia
USR000524,3.0,2.2,2.5,111.6,2.4,50.2,75,18,6,297,76,2240,85,Mobile,Australia
USR000525,16.5,12.8,0.8,9.7,7.6,29.4,88,48,18,162,84,1869,138,Mobile,Australia
USR000526,147.1,4.4,4.1,7.4,2.3,89.9,164,34,96,100,92,2736,211,Mobile,Brazil
USR000527,19.9,1.0,0.7,23.8,2.0,67.8,365,16,70,29,96,1275,149,Desktop,Japan
USR000528,61.4,2.8,3.1,37.3,4.3,79.2,473,42,22,169,79,523,180,Desktop,Japan
USR000529,46.6,2.2,4.8,117.7,8.8,63.6,257,6,40,127,2,3258,43,Mobile,USA
USR000530,188.6,6.7,0.1,60.0,16.1,53.5,176,8,6,186,39,3201,130,Tablet,UK
USR000531,4.9,3.7,2.5,0.7,1.5,60.1,435,2,94,251,44,3568,236,Mobile,Australia
USR000532,10.1,2.5,1.7,35.1,5.6,46.5,338,43,7,481,96,801,348,Mobile,India
USR000533,65.6,6.9,19.6,52.9,2.9,67.1,264,6,92,396,41,1565,323,Mobile,UK
USR000534,21.8,11.4,3.9,37.0,6.6,63.0,11,11,80,474,72,825,266,Desktop,Australia
USR000535,44.3,2.2,0.8,53.1,22.9,63.9,398,8,94,167,62,1905,354,Mobile,UK
USR000536,1.0,7.8,12.0,8.9,7.9,54.1,114,20,71,392,9,190,88,Desktop,India
USR000537,40.4,2.1,11.8,32.9,10.3,38.8,30,5,91,425,62,319,188,Mobile,UK
USR000538,30.3,0.7,2.0,7.7,4.3,59.3,45,42,29,19,16,1496,3,Mobile,Germany
USR000539,7.4,8.3,21.2,38.1,7.6,54.8,111,17,29,213,37,284,127,Mobile,UK
USR000540,161.4,0.1,4.1,38.7,9.1,60.1,62,48,73,352,18,1789,332,Mobile,Australia
USR000541,45.0,6.8,1.9,27.4,3.1,94.4,825,43,80,14,14,1947,364,Mobile,Brazil
USR000542,60.6,10.8,10.6,186.7,7.7,68.7,0,47,56,126,70,2197,231,Desktop,Australia
USR000543,48.2,2.9,0.2,44.2,3.2,59.1,184,34,50,305,95,3103,345,Mobile,Germany
USR000544,11.9,0.2,7.9,23.4,0.5,54.7,290,26,17,107,15,1528,350,Mobile,USA
USR000545,66.0,1.2,0.8,47.6,5.7,74.0,190,44,38,415,81,1624,327,Mobile,Brazil
USR000546,114.9,5.0,7.5,122.4,1.8,57.0,359,48,93,471,25,763,315,Mobile,Germany
USR000547,79.3,7.8,0.1,2.1,1.1,81.3,72,9,97,466,88,947,340,Mobile,Brazil
USR000548,23.7,9.2,21.4,22.4,21.7,77.9,13,13,97,20,58,3638,239,Mobile,Australia
USR000549,45.7,4.5,3.1,76.7,1.6,68.5,101,11,39,245,3,3432,288,Desktop,Brazil
USR000550,97.5,3.9,3.3,61.3,0.0,95.6,564,32,82,406,66,1685,172,Mobile,Brazil
USR000551,6.5,2.5,1.5,45.0,10.9,69.3,376,10,39,310,93,1098,191,Mobile,Brazil
USR000552,18.2,5.4,2.5,27.2,18.9,54.3,140,24,18,466,62,1051,336,Mobile,Germany
USR000553,51.5,2.2,1.7,87.7,13.4,36.2,500,22,67,331,51,76,288,Mobile,Japan
USR000554,51.1,7.4,6.1,27.1,2.5,77.9,905,40,50,14,27,841,38,Mobile,Brazil
USR000555,34.7,4.3,2.0,19.2,14.8,85.4,550,18,51,165,74,2728,192,Mobile,Brazil
USR000556,28.0,4.8,4.2,56.0,24.0,25.2,157,14,66,422,74,292,279,Tablet,Japan
USR000557,90.1,1.5,9.5,26.6,7.3,66.2,247,19,4,123,92,756,78,Mobile,Australia
USR000558,16.9,1.1,4.9,104.7,5.2,99.5,241,49,37,447,92,1996,109,Tablet,Brazil
USR000559,10.2,4.0,0.6,55.9,55.8,31.9,151,37,24,481,18,3478,198,Mobile,USA
USR000560,94.2,16.3,23.3,23.7,2.9,81.4,50,37,68,171,64,246,294,Tablet,UK
USR000561,34.2,3.5,13.6,82.3,2.5,90.1,197,39,54,259,7,1724,317,Mobile,Japan
USR000562,157.0,4.3,8.8,114.0,0.2,94.6,162,11,11,402,72,3115,264,Mobile,India
USR000563,188.2,11.4,7.9,20.6,5.9,80.6,12,34,1,230,55,3465,275,Mobile,UK
USR000564,19.9,1.7,13.7,4.1,3.8,87.7,166,28,21,213,91,2549,51,Desktop,Brazil
USR000565,87.7,3.0,5.8,9.8,5.3,63.3,861,40,82,395,46,3072,65,Mobile,Japan
USR000566,1.4,2.4,16.3,12.0,9.0,66.2,469,30,80,217,45,769,80,Tablet,UK
USR000567,32.9,1.4,10.7,8.1,0.4,25.6,174,41,15,475,27,465,335,Mobile,India
USR000568,155.5,7.0,1.6,14.7,14.3,38.4,115,31,11,398,29,3196,132,Mobile,Australia
USR000569,25.2,9.4,24.0,40.4,11.8,81.5,473,15,27,2,62,3593,215,Tablet,Brazil
USR000570,1.0,4.7,8.1,33.6,6.3,87.3,22,35,49,126,32,532,344,Mobile,Brazil
USR000571,30.3,0.2,20.1,19.8,8.3,89.1,85,47,45,105,42,1508,83,Mobile,Japan
USR000572,98.0,11.1,10.5,4.8,0.1,76.0,1159,49,59,343,77,3402,214,Mobile,Japan
USR000573,14.2,1.5,6.7,27.2,4.5,62.5,28,11,17,267,19,3488,280,Desktop,Japan
USR000574,3.7,6.0,26.0,21.0,21.0,84.7,17,44,72,291,25,1682,342,Mobile,Japan
USR000575,6.4,0.3,5.5,5.8,5.7,30.5,111,8,71,357,25,1638,73,Desktop,Japan
USR000576,146.1,1.1,4.2,54.0,3.7,94.3,755,32,4,347,0,2018,237,Mobile,Japan
USR000577,40.3,9.0,6.9,6.8,1.6,45.2,264,40,54,491,96,1610,110,Mobile,Japan
USR000578,4.0,8.1,5.6,9.8,21.0,96.6,566,23,57,144,57,612,46,Mobile,India
USR000579,158.4,7.2,9.1,31.4,10.2,60.4,410,15,59,351,57,3568,117,Mobile,Australia
USR000580,20.1,0.4,5.0,43.1,11.9,28.0,171,25,72,149,43,173,184,Desktop,USA
USR000581,16.5,0.4,5.3,27.2,3.1,59.3,122,12,85,53,59,2024,162,Desktop,Germany
USR000582,4.5,2.2,19.9,13.3,10.8,50.9,102,14,21,365,3,521,6,Mobile,UK
USR000583,6.8,7.0,11.3,58.2,8.1,69.7,175,10,0,299,57,3063,167,Mobile,Germany
USR000584,9.3,0.4,0.2,5.1,10.1,77.4,6,34,69,493,90,3265,49,Mobile,Japan
USR000585,110.6,0.6,0.6,12.0,4.4,95.7,152,14,64,172,71,1421,204,Tablet,India
USR000586,5.2,8.2,1.9,80.4,3.2,76.8,397,48,30,102,94,1805,151,Mobile,India
USR000587,23.4,5.6,2.7,63.0,7.3,94.3,498,26,28,155,84,2070,15,Desktop,Japan
USR000588,170.0,0.0,1.2,6.9,0.7,40.8,311,46,46,208,29,777,343,Desktop,UK
USR000589,51.0,1.7,1.6,137.1,3.6,20.1,70,20,5,423,75,1787,182,Mobile,Brazil
USR000590,20.3,10.2,15.6,17.4,0.2,70.9,4,10,99,494,28,2130,167,Desktop,UK
USR000591,25.0,4.1,18.1,42.2,19.9,68.4,137,18,19,413,11,2499,128,Mobile,USA
USR000592,27.5,10.5,7.2,30.0,16.3,26.4,65,35,22,309,95,323,180,Mobile,Germany
USR000593,15.3,7.6,6.8,94.9,1.7,20.1,13,5,9,287,92,1167,45,Mobile,Japan
USR000594,63.5,4.4,3.7,9.6,0.9,86.4,3,25,7,198,24,2973,311,Desktop,Brazil
USR000595,101.4,0.3,6.1,39.4,3.0,80.0,39,43,46,244,7,367,206,Desktop,Germany
USR000596,16.6,3.2,5.3,0.9,10.5,89.3,346,3,70,200,46,2555,156,Mobile,Japan
USR000597,1.0,0.8,18.0,8.6,1.9,53.8,82,36,96,409,13,2334,160,Mobile,India
USR000598,63.1,2.3,8.3,129.1,8.8,30.1,245,25,31,256,69,2990,341,Mobile,UK
USR000599,8.9,5.7,9.4,49.1,27.9,21.4,273,13,39,421,70,729,201,Tablet,Germany
USR000600,9.3,2.3,1.4,14.6,12.6,82.6,334,9,81,267,89,2513,134,Mobile,USA
USR000601,48.5,1.7,11.8,18.5,0.2,96.2,112,1,26,10,13,2999,342,Mobile,Australia
USR000602,92.4,0.3,2.0,46.6,6.7,95.3,269,17,75,475,55,2209,341,Mobile,Japan
USR000603,46.2,0.9,9.6,198.1,6.8,66.9,801,29,69,428,95,1293,209,Mobile,Australia
USR000604,51.6,2.1,10.1,70.6,13.0,45.9,661,21,28,2,34,431,211,Mobile,Brazil
USR000605,6.2,4.7,10.2,97.3,10.1,88.0,79,17,60,71,75,1092,125,Mobile,Australia
USR000606,142.1,8.1,3.1,184.7,12.7,29.9,42,2,96,425,91,2288,355,Mobile,Japan
USR000607,195.6,4.5,0.0,12.5,3.0,61.4,48,25,61,324,41,2338,214,Mobile,Australia
USR000608,44.6,8.0,0.5,22.9,24.9,91.4,113,18,2,108,31,1281,250,Mobile,Germany
USR000609,140.8,6.2,18.9,76.7,4.6,68.6,232,0,66,482,70,3499,312,Desktop,Australia
USR000610,23.5,0.2,6.5,55.9,14.1,54.1,590,32,16,390,66,2393,130,Mobile,Australia
USR000611,68.0,2.4,0.9,16.1,5.5,65.1,8,15,76,19,50,1642,135,Mobile,Japan
USR000612,13.0,10.0,17.7,8.3,6.6,32.1,192,35,10,368,14,2975,355,Mobile,Germany
USR000613,21.6,0.1,1.1,9.7,17.1,87.9,20,2,8,163,20,1673,258,Mobile,India
USR000614,94.6,1.1,2.8,25.4,4.5,26.8,79,30,34,247,74,869,248,Mobile,Brazil
USR000615,86.2,1.9,8.4,134.3,0.8,93.9,1,43,40,101,47,3323,36,Desktop,India
USR000616,39.5,15.5,1.2,106.2,24.5,71.9,52,21,28,234,10,2768,353,Mobile,India
USR000617,49.3,2.2,12.1,26.1,21.4,82.8,247,45,60,329,68,199,234,Mobile,Germany
USR000618,20.5,0.5,0.5,34.2,0.6,89.3,28,18,83,436,1,123,285,Mobile,USA
USR000619,117.0,5.5,7.4,34.7,52.0,88.9,643,3,97,289,27,332,327,Mobile,Australia
USR000620,57.2,0.4,3.5,13.6,15.4,29.0,220,18,81,144,87,1513,229,Mobile,USA
USR000621,62.4,11.1,7.8,91.0,3.7,23.3,43,40,91,315,72,2962,278,Mobile,Brazil
USR000622,34.9,6.2,2.8,64.8,6.6,38.4,199,12,29,31,2,1277,67,Mobile,Brazil
USR000623,60.5,8.6,4.5,41.4,10.1,74.0,175,10,8,204,17,3120,3,Mobile,Brazil
USR000624,15.1,1.7,19.2,34.0,3.4,47.1,86,12,61,426,31,665,114,Desktop,UK
USR000625,5.7,1.6,5.1,21.8,20.1,90.3,321,47,57,272,49,1758,336,Mobile,Brazil
USR000626,42.7,4.5,7.1,8.7,0.2,35.3,148,6,42,23,10,3353,320,Mobile,Germany
USR000627,37.0,2.9,1.1,164.1,36.4,59.6,49,22,70,199,58,77,171,Mobile,Brazil
USR000628,67.8,0.7,12.0,77.1,4.4,56.8,474,1,29,181,80,2218,197,Mobile,Australia
USR000629,92.1,3.3,5.3,48.0,7.5,51.9,519,41,51,118,58,133,191,Tablet,Japan
USR000630,70.5,6.5,7.5,4.6,1.4,29.4,21,2,88,129,81,1131,56,Mobile,UK
USR000631,38.3,3.5,24.5,23.8,13.6,38.3,41,3,35,335,60,3166,306,Mobile,Brazil
USR000632,115.6,4.4,2.7,101.2,11.7,30.1,248,31,7,418,69,2554,273,Mobile,UK
USR000633,102.8,28.2,2.5,160.2,28.3,31.0,544,14,3,304,77,2916,124,Tablet,UK
USR000634,16.7,7.6,2.0,21.6,38.9,23.3,690,38,44,371,39,105,38,Mobile,Australia
USR000635,57.1,6.5,7.8,26.2,4.9,80.0,101,9,59,5,51,2105,76,Mobile,UK
USR000636,141.4,1.8,1.3,89.1,9.6,86.2,562,28,37,139,58,3384,244,Mobile,USA
USR000637,13.0,1.8,0.7,10.4,31.5,43.6,272,35,85,333,1,2004,347,Mobile,UK
USR000638,242.4,1.3,12.6,39.3,2.9,79.6,501,0,98,209,88,2717,307,Mobile,UK
USR000639,63.1,4.5,10.9,77.6,9.3,36.7,227,6,36,254,53,1476,71,Mobile,UK
USR000640,136.1,4.8,3.9,100.3,0.6,47.5,47,15,87,477,0,2265,326,Tablet,Australia
USR000641,1.5,1.6,1.5,1.7,6.1,75.9,126,24,84,11,93,2351,37,Mobile,Australia
USR000642,46.6,0.1,0.3,10.2,4.0,82.1,48,26,79,340,94,3034,132,Desktop,Germany
USR000643,20.0,1.5,5.4,51.4,10.6,95.8,250,8,89,411,81,2861,59,Mobile,UK
USR000644,297.1,0.3,22.3,1.0,3.1,76.5,167,2,40,381,40,2601,29,Mobile,India
USR000645,55.9,9.4,12.2,32.5,15.6,42.0,225,42,91,414,71,2399,308,Mobile,India
USR000646,83.3,5.2,1.4,44.9,15.7,21.3,279,9,71,28,23,2532,316,Mobile,Brazil
USR000647,32.0,0.1,1.6,27.1,4.8,23.1,246,38,97,83,36,827,27,Mobile,USA
USR000648,107.3,4.0,26.1,26.5,13.5,37.9,561,21,16,359,80,2997,294,Mobile,UK
USR000649,63.2,10.3,4.4,7.5,3.9,35.8,302,24,94,435,8,2246,144,Mobile,India
USR000650,1.0,2.2,18.8,25.6,40.3,74.0,173,48,71,8,65,1985,338,Desktop,UK
USR000651,60.8,2.1,1.6,52.5,1.3,97.1,210,32,49,240,49,848,250,Desktop,USA
USR000652,38.1,3.9,2.3,21.2,7.2,61.4,45,37,12,216,80,2526,164,Tablet,Brazil
USR000653,96.7,2.2,6.9,21.7,21.9,84.8,94,9,12,248,92,2176,146,Desktop,Australia
USR000654,33.9,3.9,26.1,54.8,7.2,69.2,126,17,53,39,43,3542,166,Desktop,Germany
USR000655,289.1,4.5,6.3,0.0,42.9,74.9,406,22,91,344,73,1829,223,Desktop,Australia
USR000656,131.6,7.9,0.3,34.6,32.9,91.3,103,22,95,210,22,2881,307,Mobile,India
USR000657,70.1,3.1,1.4,21.3,15.3,74.6,32,14,49,284,35,3114,263,Mobile,USA
USR000658,109.7,5.2,3.9,104.4,6.5,70.1,326,31,90,292,24,2502,8,Mobile,Japan
USR000659,12.7,1.9,38.8,76.0,32.8,20.8,233,19,34,282,53,1766,47,Mobile,Australia
USR000660,40.8,4.2,11.3,9.9,22.9,71.5,156,11,19,74,0,1345,230,Mobile,UK
USR000661,53.0,4.5,1.7,5.4,5.9,56.8,538,20,6,189,22,191,19,Desktop,Brazil
USR000662,107.9,4.0,10.7,26.8,2.0,74.4,188,14,2,189,90,3006,156,Mobile,UK
USR000663,10.6,6.4,13.4,15.6,13.6,66.7,421,7,46,305,21,781,155,Mobile,USA
USR000664,10.6,0.9,2.6,16.1,19.4,54.4,270,40,25,62,0,317,337,Mobile,Japan
USR000665,99.8,6.0,5.5,32.4,4.1,93.8,176,3,3,4,99,164,177,Mobile,UK
USR000666,37.9,1.2,8.0,120.0,3.2,90.0,573,11,56,418,11,477,31,Mobile,Japan
USR000667,14.8,6.3,3.5,13.3,0.6,64.7,270,38,48,467,12,916,77,Mobile,Brazil
USR000668,13.2,3.7,24.0,35.6,1.3,49.1,26,38,63,356,49,2595,220,Desktop,Australia
USR000669,33.0,0.7,2.0,23.1,8.0,91.2,200,41,3,132,10,983,168,Desktop,Brazil
USR000670,27.9,0.3,7.8,94.9,21.2,59.3,234,27,4,448,53,1478,125,Desktop,Japan
USR000671,109.9,0.3,3.9,298.4,12.7,40.5,153,38,92,389,93,1677,97,Mobile,India
USR000672,36.4,1.1,9.3,68.0,7.5,76.4,112,6,24,109,37,1505,309,Mobile,Japan
USR000673,178.2,1.5,1.5,120.8,22.5,42.3,226,5,60,327,3,2609,298,Mobile,Australia
USR000674,34.1,0.9,14.2,60.0,0.7,25.2,101,10,7,89,37,1931,263,Mobile,Germany
USR000675,8.2,0.6,0.2,14.2,3.6,29.3,47,33,32,44,31,714,246,Mobile,Japan
USR000676,7.5,0.7,2.1,1.0,16.9,93.3,43,37,11,300,3,1912,283,Mobile,Brazil
USR000677,138.3,6.0,10.8,73.1,5.1,64.4,282,33,61,132,33,2560,29,Mobile,Australia
USR000678,3.1,0.8,5.7,2.1,7.0,28.1,79,1,97,75,29,3434,62,Mobile,India
USR000679,8.1,0.5,7.5,46.8,13.6,53.0,304,28,76,343,11,1683,43,Desktop,Brazil
USR000680,19.4,12.9,0.4,3.2,13.1,95.1,356,22,59,435,99,1573,154,Mobile,USA
USR000681,140.8,1.5,29.2,65.8,30.7,33.9,366,19,94,383,40,543,333,Desktop,Brazil
USR000682,34.0,10.2,6.2,5.2,9.5,22.0,370,42,63,362,22,3558,62,Mobile,USA
USR000683,8.4,3.8,3.4,20.0,7.3,82.5,143,48,37,137,92,1258,8,Mobile,Australia
USR000684,11.2,3.1,13.8,1.8,4.1,44.5,638,4,24,365,41,177,174,Mobile,Australia
USR000685,40.6,4.4,10.8,44.2,8.9,25.6,37,47,67,350,50,2758,332,Desktop,UK
USR000686,110.0,19.9,1.7,42.8,9.3,46.4,20,28,35,362,4,495,80,Desktop,Brazil
USR000687,1.9,4.8,5.1,1.7,0.3,60.6,214,1,28,165,43,297,316,Mobile,Brazil
USR000688,29.1,10.1,6.3,43.3,15.3,24.2,48,10,4,322,19,1068,338,Desktop,USA
USR000689,48.6,7.4,2.8,142.4,4.8,95.4,96,47,8,71,89,650,203,Mobile,India
USR000690,38.6,0.5,26.6,57.1,1.9,43.2,8,23,55,308,53,1264,85,Tablet,USA
USR000691,17.7,2.9,9.6,47.6,1.1,28.0,25,27,31,484,12,2766,157,Mobile,Germany
USR000692,32.8,9.3,4.2,20.9,24.8,43.1,206,34,50,172,54,357,41,Mobile,Germany
USR000693,81.9,4.8,10.5,15.0,6.2,97.4,203,39,93,194,7,759,180,Desktop,USA
USR000694,4.3,3.0,0.8,38.6,2.3,77.0,254,40,81,193,71,380,135,Desktop,Germany
USR000695,15.5,2.6,3.0,33.4,5.5,38.1,79,14,30,47,84,1107,244,Mobile,India
USR000696,43.3,0.9,17.8,125.2,3.5,80.1,401,18,42,402,83,1503,248,Mobile,Japan
USR000697,40.8,0.3,23.1,11.2,9.3,59.8,55,19,90,67,3,1111,226,Desktop,Brazil
USR000698,12.9,1.1,1.4,0.7,0.2,29.4,36,45,50,253,25,2509,120,Desktop,Japan
USR000699,20.7,1.0,3.7,106.2,3.9,59.7,43,35,26,440,34,830,296,Mobile,UK
USR000700,32.3,5.3,19.8,75.0,4.7,86.1,55,45,49,427,88,81,259,Mobile,USA
USR000701,11.6,6.9,7.9,85.7,17.1,84.0,11,33,75,9,54,1115,315,Mobile,Australia
USR000702,197.4,7.6,21.0,29.4,1.2,85.1,396,49,31,3,45,693,90,Mobile,UK
USR000703,74.4,3.5,37.0,24.0,25.1,44.9,22,23,51,431,34,2960,194,Mobile,India
USR000704,69.8,0.5,8.9,60.1,11.1,100.0,221,12,88,226,85,1847,169,Mobile,Japan
USR000705,17.8,2.6,1.4,136.0,9.2,44.7,218,48,85,304,60,2423,107,Mobile,Brazil
USR000706,7.9,3.6,6.3,19.3,6.3,54.4,145,21,18,33,5,343,301,Mobile,UK
USR000707,12.6,7.5,2.4,1.6,1.1,72.1,245,20,78,415,12,1365,333,Tablet,UK
USR000708,13.0,0.3,21.2,4.2,3.6,93.4,54,42,44,28,12,278,64,Desktop,Brazil
USR000709,41.7,4.1,0.6,92.1,18.0,26.0,104,45,63,421,41,3554,122,Mobile,USA
USR000710,120.5,1.2,6.8,37.7,20.9,96.1,233,1,42,135,7,2005,107,Mobile,Germany
USR000711,2.4,3.7,11.1,27.7,2.2,38.7,31,5,32,466,67,408,189,Mobile,India
USR000712,46.9,0.3,3.1,9.4,2.2,93.4,90,4,12,59,78,766,128,Mobile,UK
USR000713,24.9,0.9,0.2,96.9,2.7,40.0,402,49,12,171,38,2168,126,Mobile,Germany
USR000714,114.8,3.0,2.1,63.2,4.8,84.0,41,43,61,441,64,612,268,Mobile,Brazil
USR000715,41.1,11.4,6.8,25.8,55.6,89.9,3,39,76,159,97,3565,216,Mobile,UK
USR000716,48.8,13.6,5.3,7.7,0.4,62.7,84,6,39,230,98,157,256,Desktop,Australia
USR000717,6.4,4.0,17.5,80.3,0.1,47.6,53,30,36,102,19,1344,241,Mobile,Australia
USR000718,53.5,4.2,6.4,4.5,15.8,38.4,188,37,69,491,34,3475,101,Mobile,Japan
USR000719,58.4,0.0,0.9,76.5,16.6,36.7,11,39,45,152,66,523,31,Mobile,UK
USR000720,27.8,9.2,0.0,1.9,15.0,34.4,362,17,70,72,91,417,333,Mobile,Japan
USR000721,8.6,3.9,9.2,198.4,7.6,61.9,211,19,38,424,86,3573,363,Mobile,Australia
USR000722,25.7,11.7,17.6,7.6,2.1,31.4,309,39,89,303,53,244,55,Desktop,USA
USR000723,114.2,3.1,7.2,186.0,21.4,47.1,262,12,12,468,4,1206,208,Mobile,Brazil
USR000724,76.3,3.8,0.8,8.6,9.5,60.7,230,37,96,299,31,1492,314,Desktop,Japan
USR000725,66.4,1.4,4.2,68.9,21.6,75.3,324,29,51,71,95,2471,334,Mobile,UK
USR000726,1.3,1.6,4.7,19.6,4.6,73.6,62,5,21,2,51,2265,171,Mobile,India
USR000727,1.0,6.9,1.1,30.3,15.6,48.6,319,18,60,280,29,1857,331,Mobile,Germany
USR000728,67.6,0.3,3.3,4.4,21.3,73.1,204,39,85,60,44,299,109,Mobile,Brazil
USR000729,116.5,1.5,4.5,60.9,0.4,95.6,234,29,89,116,41,3175,359,Desktop,Brazil
USR000730,38.0,0.6,9.9,79.7,32.6,61.7,46,44,75,373,85,1998,11,Mobile,USA
USR000731,14.5,1.9,3.7,89.7,2.6,36.9,11,2,91,39,46,1905,29,Mobile,Japan
USR000732,10.4,3.8,4.0,59.1,8.4,62.5,40,27,49,43,70,269,272,Tablet,USA
USR000733,9.8,0.9,0.7,105.5,15.0,25.9,441,34,3,490,39,669,354,Mobile,Germany
USR000734,8.9,2.2,1.2,139.9,2.4,38.1,172,15,32,133,49,430,258,Mobile,USA
USR000735,14.8,0.4,3.7,121.0,13.9,59.0,361,40,96,413,49,54,110,Desktop,India
USR000736,33.9,2.4,2.2,89.5,3.7,76.2,171,27,29,100,12,3422,235,Mobile,Australia
USR000737,20.2,1.0,7.5,132.8,7.5,98.5,240,21,62,140,48,2336,66,Mobile,India
USR000738,25.1,7.6,5.4,158.1,11.2,98.6,179,23,48,307,73,1955,194,Mobile,UK
USR000739,10.5,3.3,5.6,56.9,5.2,62.3,90,4,48,151,32,2018,155,Mobile,India
USR000740,33.9,14.4,3.3,9.8,2.7,74.6,21,4,86,339,2,2822,92,Mobile,USA
USR000741,91.5,1.9,4.7,320.2,46.4,22.1,40,3,76,357,67,1480,80,Tablet,UK
USR000742,143.4,5.6,0.3,52.2,2.2,85.5,86,48,83,235,27,1187,50,Mobile,Australia
USR000743,187.8,1.7,6.4,24.0,7.3,98.5,133,39,25,105,95,638,347,Mobile,USA
USR000744,60.3,6.7,6.7,80.6,0.0,73.0,298,7,54,96,37,2904,203,Mobile,Brazil
USR000745,66.9,1.0,0.1,53.5,10.5,51.4,20,22,10,122,68,748,250,Mobile,Australia
USR000746,28.9,10.4,33.7,40.5,21.1,74.6,20,4,97,169,47,848,110,Tablet,Germany
USR000747,8.9,3.7,6.9,1.8,8.7,68.5,841,25,15,487,56,1965,75,Desktop,Japan
USR000748,21.2,0.9,1.8,1.8,1.6,55.7,20,2,9,292,23,3307,20,Desktop,India
USR000749,4.0,1.2,1.3,29.9,1.3,32.8,62,31,1,23,9,734,73,Mobile,Germany
USR000750,37.8,5.6,21.3,24.7,3.6,23.9,83,16,23,204,22,3141,280,Tablet,Japan
USR000751,148.7,8.2,3.5,15.6,4.6,81.1,185,40,44,370,62,1093,146,Mobile,Germany
USR000752,141.5,11.2,20.3,57.1,3.1,94.4,1,45,31,455,43,2130,237,Mobile,UK
USR000753,68.6,8.4,6.4,5.7,12.6,90.0,60,46,50,180,26,1827,258,Mobile,UK
USR000754,30.1,2.8,0.1,124.9,33.0,47.9,281,7,30,170,14,2496,316,Mobile,UK
USR000755,5.4,4.4,5.0,29.5,0.4,33.2,3,31,38,285,41,2067,134,Desktop,USA
USR000756,100.3,4.8,6.8,52.2,13.7,88.7,137,44,2,396,0,3093,330,Desktop,UK
USR000757,104.8,0.1,4.0,44.2,2.5,23.2,618,2,41,474,60,3283,108,Tablet,Japan
USR000758,58.2,5.6,1.1,188.5,11.1,69.4,305,45,6,390,15,3062,5,Mobile,USA
USR000759,84.0,3.8,10.4,95.2,11.2,65.4,191,1,42,135,51,725,316,Mobile,Australia
USR000760,138.3,2.1,2.0,19.4,1.3,28.5,68,31,97,428,15,1312,190,Mobile,Germany
USR000761,55.3,5.0,13.7,25.8,3.2,75.4,8,42,46,170,6,2829,111,Mobile,USA
USR000762,131.0,2.0,0.9,72.9,11.0,68.7,84,12,34,372,20,2675,111,Mobile,Brazil
USR000763,153.8,7.8,10.6,13.2,3.3,86.4,57,1,44,48,18,2321,281,Mobile,Japan
USR000764,2.1,5.5,12.8,82.7,14.7,50.2,35,6,50,392,67,1873,28,Mobile,India
USR000765,79.3,10.3,2.0,75.2,1.8,21.7,105,7,93,409,93,443,146,Mobile,Germany
USR000766,8.9,4.9,39.5,79.8,30.6,85.9,62,32,77,226,75,1336,200,Tablet,Australia
USR000767,3.9,9.1,3.7,52.5,7.9,29.0,11,7,94,386,27,212,101,Mobile,Brazil
USR000768,1.0,10.5,2.8,20.8,5.7,23.9,13,0,68,344,15,1497,15,Mobile,UK
USR000769,26.9,1.5,4.4,83.6,9.4,92.2,146,5,72,353,62,3048,279,Tablet,Germany
USR000770,246.8,2.4,19.2,36.3,20.3,73.9,242,7,10,55,38,1108,258,Mobile,India
USR000771,16.6,17.0,6.8,33.7,7.2,31.4,139,3,1,410,27,1710,104,Mobile,Japan
USR000772,104.0,6.2,2.2,95.3,5.0,43.0,774,29,66,210,34,2882,244,Desktop,Japan
USR000773,27.4,1.9,7.4,159.4,5.6,90.2,40,37,27,25,26,1752,57,Mobile,Australia
USR000774,187.0,23.7,11.8,98.2,30.2,93.8,108,24,43,156,12,2351,125,Desktop,USA
USR000775,24.6,1.4,43.9,21.4,2.7,24.1,506,6,40,12,71,3252,364,Mobile,Australia
USR000776,40.9,2.7,8.1,8.0,1.3,99.1,152,40,66,235,67,2481,130,Mobile,Germany
USR000777,41.6,2.0,3.7,37.0,9.4,67.0,2,35,51,120,90,248,90,Mobile,USA
USR000778,23.8,1.1,6.4,54.4,4.1,25.2,93,33,98,117,69,2023,22,Desktop,Australia
USR000779,9.2,5.4,4.1,270.7,0.9,74.2,184,49,49,99,2,1674,153,Mobile,Australia
USR000780,123.1,0.7,19.9,3.6,1.1,38.5,84,25,9,287,7,3172,362,Desktop,Germany
USR000781,22.4,0.0,0.9,35.3,10.2,76.0,198,49,66,150,11,3609,79,Mobile,India
USR000782,32.1,4.3,3.7,2.4,4.9,85.2,47,22,9,189,10,188,110,Mobile,India
USR000783,338.7,7.3,1.8,46.5,7.7,29.2,653,3,86,208,44,812,274,Mobile,Australia
USR000784,34.3,1.7,1.5,54.1,13.6,63.4,28,6,60,404,71,3181,125,Mobile,Australia
USR000785,107.2,0.4,9.7,6.2,2.4,64.2,3,0,3,67,42,3543,329,Mobile,UK
USR000786,58.7,1.0,7.9,4.6,0.5,93.3,264,46,88,297,84,284,201,Desktop,Australia
USR000787,17.3,2.5,4.9,8.0,2.9,32.4,78,32,45,283,65,1627,42,Mobile,Japan
USR000788,179.0,1.7,1.2,13.7,1.1,39.0,1326,27,1,424,3,1411,35,Mobile,Germany
USR000789,47.7,2.5,4.8,101.8,9.5,32.1,274,2,26,449,85,982,266,Mobile,Australia
USR000790,144.5,3.0,9.9,18.9,3.3,63.2,21,38,25,239,61,2560,147,Mobile,Germany
USR000791,19.7,3.4,6.9,52.9,18.0,61.2,4,41,8,225,27,263,352,Desktop,Germany
USR000792,4.2,3.2,2.2,18.1,17.2,51.2,199,5,9,79,44,2071,300,Mobile,India
USR000793,190.6,0.8,6.7,36.5,0.9,39.3,50,8,3,356,24,2238,238,Tablet,India
USR000794,11.4,7.5,9.1,95.7,3.5,60.4,32,5,10,313,30,2980,178,Tablet,India
USR000795,30.5,0.5,1.6,8.6,13.0,64.5,90,6,18,138,46,1296,220,Mobile,Brazil
USR000796,45.5,15.0,19.8,122.3,24.7,80.3,65,13,20,352,1,2964,57,Mobile,Brazil
USR000797,17.3,0.4,1.7,11.0,1.0,41.3,124,45,99,459,82,865,97,Tablet,UK
USR000798,22.0,21.3,3.2,49.9,0.9,42.4,180,39,64,196,20,2267,152,Mobile,USA
USR000799,2.7,1.6,2.2,33.0,0.0,39.5,16,3,4,102,58,2413,24,Mobile,USA
USR000800,15.7,0.2,5.5,19.2,14.3,29.7,5,6,18,102,43,750,54,Mobile,Brazil
USR000801,246.6,0.3,4.0,20.7,0.2,21.2,77,49,30,161,0,397,303,Mobile,Australia
USR000802,15.4,5.6,9.2,34.9,13.0,43.4,7,45,71,82,37,3406,32,Desktop,Germany
USR000803,31.6,10.5,26.9,22.2,10.0,56.7,162,49,60,4,64,3343,145,Mobile,UK
USR000804,120.7,1.5,6.6,62.6,6.4,33.9,410,28,68,197,73,2347,228,Mobile,UK
USR000805,22.6,8.7,16.0,151.6,4.1,78.8,7,31,28,219,52,710,24,Mobile,Germany
USR000806,84.4,6.0,5.5,17.9,0.1,23.6,5,9,23,462,95,2311,259,Mobile,USA
USR000807,106.7,8.0,0.4,34.6,30.2,51.3,472,28,63,161,60,925,67,Desktop,Australia
USR000808,69.8,0.7,6.8,87.6,2.6,88.1,174,44,57,367,98,1515,115,Mobile,Brazil
USR000809,168.0,4.9,3.6,30.0,13.1,41.8,109,20,9,241,68,3640,208,Mobile,India
USR000810,39.0,13.7,20.5,91.0,14.2,88.1,48,6,48,357,6,1964,295,Mobile,UK
USR000811,15.2,2.5,1.2,116.7,0.6,24.4,220,31,76,220,52,87,148,Mobile,USA
USR000812,74.2,0.4,0.3,20.2,2.9,90.6,55,46,74,164,67,2163,49,Desktop,Brazil
USR000813,65.8,1.4,3.5,1.0,2.0,98.1,203,15,57,348,98,551,149,Mobile,India
USR000814,35.5,0.9,6.7,3.9,13.2,65.7,384,47,26,178,86,2696,316,Mobile,Germany
USR000815,134.8,0.4,3.7,41.8,18.3,96.4,157,9,54,285,16,2240,106,Desktop,USA
USR000816,1.1,2.9,2.0,29.3,9.7,23.5,96,43,43,287,2,328,236,Mobile,Germany
USR000817,99.5,2.5,17.7,17.2,15.3,33.9,88,43,46,69,1,2964,339,Mobile,India
USR000818,241.4,3.1,2.0,37.6,16.1,92.1,24,43,65,473,14,532,185,Mobile,Brazil
USR000819,175.4,2.2,2.2,33.7,9.3,32.0,31,32,76,385,45,146,343,Mobile,Brazil
USR000820,148.3,1.0,10.7,41.6,13.4,69.3,20,25,49,495,72,719,319,Mobile,Australia
USR000821,34.6,8.4,9.2,10.5,1.8,99.0,26,33,90,458,80,1736,14,Mobile,UK
USR000822,111.5,2.4,4.0,34.8,2.2,77.5,119,1,87,46,33,611,69,Tablet,Brazil
USR000823,36.1,3.5,12.5,139.3,8.2,57.7,41,11,43,396,63,3391,363,Mobile,USA
USR000824,127.3,1.9,10.5,11.7,5.5,42.3,119,9,53,158,23,2650,28,Mobile,UK
USR000825,97.2,6.5,0.4,39.6,9.1,71.7,857,37,76,128,21,1255,29,Mobile,India
USR000826,17.8,2.8,0.5,47.5,5.0,62.9,114,41,35,4,28,965,84,Mobile,Brazil
USR000827,122.9,5.3,7.4,89.9,8.4,86.1,281,35,28,397,58,2753,6,Mobile,USA
USR000828,105.6,8.7,1.2,37.2,3.2,79.6,152,14,50,176,61,1103,204,Desktop,Brazil
USR000829,21.3,5.1,7.1,114.9,20.8,58.5,29,6,54,134,59,1949,43,Mobile,India
USR000830,25.5,3.4,1.2,11.5,1.5,99.8,24,44,49,104,42,448,154,Tablet,India
USR000831,10.2,3.6,9.7,10.2,11.3,26.1,166,32,19,402,76,2987,255,Mobile,Germany
USR000832,26.5,20.2,13.1,116.2,8.1,44.1,106,34,93,115,11,3368,158,Mobile,USA
USR000833,53.3,3.8,17.9,82.0,11.0,33.8,78,9,86,287,88,2310,237,Mobile,India
USR000834,39.8,2.1,3.0,40.5,0.5,35.1,69,36,40,123,32,451,200,Mobile,Germany
USR000835,10.9,2.3,3.1,17.6,10.6,86.9,1,45,5,125,92,1396,354,Tablet,India
USR000836,98.3,7.8,1.2,35.9,0.8,48.7,145,23,8,211,28,2093,312,Mobile,Japan
USR000837,95.4,1.0,3.3,1.6,21.1,48.9,93,21,33,379,45,2706,58,Mobile,India
USR000838,8.3,1.3,0.5,53.5,5.8,98.2,94,2,66,89,52,1435,2,Mobile,Australia
USR000839,1.8,8.3,5.0,223.7,13.0,36.1,159,15,41,158,17,2274,339,Mobile,Brazil
USR000840,26.5,6.8,0.1,48.4,5.0,76.4,828,34,15,131,2,2877,35,Mobile,Australia
USR000841,110.7,5.8,2.3,65.2,41.1,26.7,216,31,81,223,38,3459,101,Mobile,Germany
USR000842,25.0,0.8,13.5,29.7,2.8,46.3,9,8,60,305,82,3397,305,Mobile,UK
USR000843,30.9,3.0,3.7,20.5,2.9,53.0,79,29,39,387,42,2505,193,Desktop,UK
USR000844,21.7,7.9,11.0,31.5,1.9,49.4,280,4,38,270,98,1362,90,Tablet,India
USR000845,29.7,4.6,4.8,21.1,5.0,51.9,13,12,15,321,51,3260,165,Desktop,USA
USR000846,10.4,2.4,0.8,20.1,3.7,50.8,148,22,1,36,68,3260,322,Mobile,Japan
USR000847,45.6,8.2,1.9,20.4,0.4,91.8,87,8,2,221,40,1572,82,Tablet,UK
USR000848,63.1,1.5,9.4,194.4,0.2,61.0,116,10,60,311,82,3215,155,Mobile,Germany
USR000849,71.1,12.2,14.5,10.7,5.1,24.7,48,3,85,285,40,3348,125,Mobile,Brazil
USR000850,153.5,8.7,9.1,4.8,29.4,82.7,158,27,63,425,85,669,67,Mobile,India
USR000851,160.7,1.9,8.5,4.5,1.2,42.0,272,2,78,217,99,234,296,Mobile,India
USR000852,13.2,5.5,8.0,271.7,11.2,38.0,119,41,69,227,9,456,164,Mobile,USA
USR000853,77.4,26.2,19.3,26.8,10.0,29.0,306,20,17,312,43,712,302,Mobile,Japan
USR000854,21.2,13.5,4.4,13.8,20.9,88.5,261,34,10,485,86,2578,324,Mobile,USA
USR000855,136.7,5.4,0.3,133.5,9.6,47.8,467,12,52,497,33,1806,84,Mobile,Germany
USR000856,46.7,1.2,2.6,165.0,3.7,26.1,22,25,64,382,77,925,316,Mobile,India
USR000857,4.3,1.9,2.7,70.4,7.4,80.2,365,47,93,300,87,75,150,Tablet,USA
USR000858,40.7,5.2,3.7,9.8,12.4,72.0,103,39,87,43,15,1293,2,Mobile,Germany
USR000859,292.3,1.2,13.0,65.9,25.1,41.9,210,30,1,34,75,1389,279,Desktop,Germany
USR000860,63.0,1.4,2.7,24.2,44.8,94.2,27,47,57,423,18,3363,294,Mobile,India
USR000861,53.3,11.8,5.0,62.5,12.2,77.2,339,24,7,9,80,1842,189,Mobile,Brazil
USR000862,27.1,5.0,1.9,13.5,35.1,40.9,148,15,98,312,67,1998,140,Tablet,Brazil
USR000863,8.9,0.2,0.5,26.3,23.5,57.8,205,3,24,231,42,1006,234,Mobile,Japan
USR000864,6.4,0.4,0.7,22.2,4.9,75.8,254,9,22,252,36,3644,254,Mobile,USA
USR000865,44.2,4.9,1.8,13.7,5.9,42.6,53,40,24,463,23,2458,276,Mobile,India
USR000866,74.7,4.4,3.7,26.0,7.6,78.9,756,28,31,336,80,1151,51,Mobile,USA
USR000867,38.1,4.1,2.1,10.8,0.2,60.2,67,25,19,392,18,787,88,Desktop,Germany
USR000868,7.2,1.6,0.2,16.9,1.0,46.0,201,22,31,156,7,3159,191,Desktop,Australia
USR000869,30.7,7.3,0.1,91.7,35.2,39.7,22,8,80,68,1,3558,61,Desktop,Germany
USR000870,51.9,1.5,13.7,42.8,7.1,62.7,102,19,86,61,17,328,106,Mobile,Germany
USR000871,46.5,2.8,9.9,48.7,14.5,81.6,221,2,33,323,86,438,261,Desktop,India
USR000872,12.8,4.1,8.6,13.2,6.7,98.4,226,11,14,121,98,2477,13,Mobile,Germany
USR000873,93.8,1.2,12.5,70.7,2.8,48.3,28,0,56,92,5,2371,145,Tablet,Germany
USR000874,3.0,22.4,16.5,33.7,33.8,52.9,238,41,9,149,17,2681,132,Mobile,Germany
USR000875,51.2,5.2,12.3,80.1,13.3,76.9,540,24,61,68,59,3277,59,Mobile,UK
USR000876,145.0,0.0,1.3,8.3,2.9,38.9,337,25,0,3,98,1231,177,Mobile,India
USR000877,42.3,6.6,4.2,4.2,21.6,47.8,329,38,56,273,49,2853,313,Tablet,Brazil
USR000878,27.7,0.5,44.4,16.3,4.9,61.1,517,48,11,155,94,2819,268,Desktop,USA
USR000879,32.8,2.4,16.5,8.0,5.3,56.5,251,45,3,153,46,3024,126,Mobile,UK
USR000880,74.1,5.0,3.0,65.4,0.4,74.2,22,4,28,101,81,343,325,Mobile,USA
USR000881,21.3,1.1,2.2,35.4,13.9,45.7,66,16,34,418,49,2323,357,Tablet,India
USR000882,185.2,4.1,10.2,11.5,6.9,66.5,189,22,33,324,86,1275,237,Tablet,Germany
USR000883,61.5,0.3,2.5,32.5,8.7,61.1,370,8,75,247,75,3187,215,Mobile,USA
USR000884,46.3,3.1,4.3,33.2,0.3,88.3,73,22,84,277,25,2086,132,Mobile,Germany
USR000885,6.9,0.2,2.0,1.8,9.8,50.7,196,6,7,373,80,1631,93,Mobile,Japan
USR000886,7.3,2.9,7.0,60.3,14.1,52.3,144,6,28,441,25,3043,126,Mobile,Germany
USR000887,396.6,5.3,12.3,22.9,10.1,83.7,504,26,78,343,93,2447,348,Desktop,USA
USR000888,20.8,0.3,2.8,42.2,2.4,77.9,97,15,85,69,23,3395,107,Mobile,Germany
USR000889,12.8,9.4,1.7,33.3,32.5,35.1,254,2,74,245,43,3279,263,Mobile,UK
USR000890,41.7,3.2,23.7,53.1,10.4,59.0,976,8,52,206,52,2986,145,Mobile,UK
USR000891,80.6,0.9,5.8,25.0,2.5,71.9,516,12,84,181,75,2099,42,Mobile,India
USR000892,12.1,1.1,25.9,54.4,5.3,79.4,65,46,61,390,37,176,72,Mobile,UK
USR000893,61.5,2.9,7.8,21.6,4.2,36.2,80,48,30,295,45,306,362,Mobile,Australia
USR000894,12.1,1.3,0.8,28.4,43.3,93.3,327,47,96,142,65,3567,157,Mobile,Brazil
USR000895,22.0,2.6,1.2,84.5,28.0,78.9,147,19,94,294,18,2613,360,Mobile,India
USR000896,82.4,0.3,0.8,129.3,1.2,55.0,215,42,2,286,66,2948,277,Mobile,Japan
USR000897,2.6,2.4,11.8,8.8,17.6,98.6,523,28,98,96,16,3302,141,Desktop,India
USR000898,17.7,16.1,7.6,134.0,9.4,56.5,316,43,87,445,70,343,106,Mobile,Japan
USR000899,131.8,1.5,10.1,21.5,0.8,55.9,154,35,72,207,90,855,54,Mobile,Australia
USR000900,54.9,2.6,1.2,18.8,10.9,34.6,20,38,80,74,10,633,208,Mobile,Brazil
USR000901,8.7,2.0,5.2,10.6,0.8,42.3,94,24,56,9,72,1525,173,Desktop,Brazil
USR000902,58.6,12.7,10.5,41.5,2.5,76.2,91,48,55,170,86,1716,178,Mobile,India
USR000903,45.6,1.1,3.3,159.6,1.2,28.3,110,4,11,218,80,117,164,Mobile,Germany
USR000904,4.4,1.2,5.0,35.2,4.2,54.5,0,26,83,244,96,1568,152,Mobile,Brazil
USR000905,15.1,2.4,7.5,1.1,5.0,51.1,119,16,38,330,61,2516,294,Mobile,Australia
USR000906,7.5,9.0,13.6,1.8,9.2,45.7,43,10,42,278,50,742,263,Mobile,India
USR000907,59.0,8.3,8.1,159.7,0.2,49.9,127,36,4,429,74,1460,261,Mobile,Japan
USR000908,34.4,4.6,0.9,15.3,18.6,41.3,800,35,19,192,46,1814,348,Desktop,India
USR000909,4.0,4.9,4.1,120.5,12.1,95.5,146,1,68,234,74,178,306,Mobile,India
USR000910,62.6,0.1,0.7,6.5,1.1,43.0,32,41,48,421,3,2732,307,Mobile,India
USR000911,13.6,1.6,6.1,28.9,15.7,24.4,82,35,45,255,22,414,213,Mobile,UK
USR000912,133.9,6.4,3.4,87.8,14.3,50.0,173,30,80,342,51,3456,31,Mobile,USA
USR000913,4.1,7.4,4.1,37.0,16.9,47.1,424,30,41,90,56,3554,11,Desktop,Brazil
USR000914,89.2,2.9,0.1,4.7,7.5,37.1,311,30,29,361,27,2234,262,Mobile,India
USR000915,96.4,0.7,5.7,39.4,4.2,62.6,400,31,81,27,97,2908,243,Desktop,Australia
USR000916,230.8,3.5,3.6,44.3,12.0,83.7,47,39,45,177,66,3189,46,Mobile,USA
USR000917,77.0,4.5,7.0,16.0,29.3,69.7,315,49,51,441,45,2558,172,Desktop,USA
USR000918,39.5,5.4,1.3,32.4,23.6,98.1,272,39,94,381,78,1082,358,Mobile,USA
USR000919,61.0,2.1,11.8,47.3,20.3,39.5,146,36,33,439,37,491,217,Mobile,India
USR000920,1.0,1.3,0.7,96.2,17.9,31.5,312,16,25,417,52,1247,311,Mobile,UK
USR000921,3.7,8.6,2.9,19.6,16.3,59.3,621,8,47,138,26,1694,191,Mobile,Brazil
USR000922,26.6,0.7,7.3,33.0,2.9,74.0,65,43,5,383,19,775,263,Desktop,Australia
USR000923,2.9,0.8,3.6,49.6,11.3,52.5,19,1,34,447,94,3046,273,Mobile,India
USR000924,99.7,4.2,11.0,19.3,0.6,77.2,178,15,95,76,51,3039,324,Mobile,Australia
USR000925,126.5,6.6,2.3,6.1,3.5,69.7,313,29,13,179,72,742,192,Tablet,UK
USR000926,20.5,17.0,4.5,41.1,3.5,93.5,91,3,79,284,70,1164,201,Desktop,Brazil
USR000927,41.1,3.5,3.6,50.8,1.2,77.8,147,0,25,310,6,1521,245,Mobile,Germany
USR000928,195.1,2.5,1.7,38.3,10.8,56.3,73,35,97,194,46,3236,292,Tablet,Australia
USR000929,38.1,5.1,1.8,59.7,19.2,48.3,12,24,4,475,30,1554,89,Desktop,UK
USR000930,11.4,5.7,10.3,10.6,22.3,68.5,104,41,61,382,51,371,320,Mobile,Germany
USR000931,23.5,1.3,3.0,63.3,7.5,80.3,26,43,77,304,0,3462,249,Mobile,Australia
USR000932,47.6,18.0,7.4,10.3,7.3,35.4,351,41,5,255,42,1598,11,Mobile,India
USR000933,64.7,4.7,3.6,310.7,1.7,58.5,263,48,67,293,23,1315,178,Tablet,USA
USR000934,81.5,1.7,10.0,24.9,3.5,33.0,79,16,23,201,45,68,359,Mobile,Brazil
USR000935,23.6,6.3,3.6,85.6,0.1,99.2,476,24,59,314,40,338,330,Mobile,Japan
USR000936,46.9,8.2,8.0,118.1,3.6,32.7,213,3,43,48,53,1678,358,Tablet,USA
USR000937,55.4,6.8,25.1,38.7,5.0,33.9,5,46,72,21,75,971,289,Desktop,Brazil
USR000938,26.7,1.7,4.3,10.0,0.9,99.5,121,44,57,287,3,3390,357,Mobile,Brazil
USR000939,41.2,1.9,10.6,81.1,2.6,78.4,188,27,99,142,46,3308,287,Mobile,USA
USR000940,25.1,5.9,5.0,39.8,7.6,52.0,321,29,13,76,89,2904,211,Mobile,USA
USR000941,31.5,9.2,2.4,42.3,1.2,40.4,207,11,8,53,17,3422,163,Mobile,India
USR000942,24.6,9.0,13.1,78.6,4.4,55.3,85,36,42,398,82,1200,242,Tablet,Japan
USR000943,177.4,1.5,11.0,26.1,12.5,91.8,120,32,96,328,76,707,359,Tablet,India
USR000944,11.6,1.6,3.0,5.7,2.3,36.1,404,26,48,479,38,3626,234,Desktop,UK
USR000945,201.9,4.8,2.4,71.5,1.3,47.5,135,16,70,10,38,271,105,Mobile,USA
USR000946,221.1,4.5,12.2,144.9,2.6,80.7,152,1,42,64,78,3231,196,Mobile,Brazil
USR000947,43.8,8.6,2.8,27.2,11.7,51.6,157,15,7,400,48,710,21,Mobile,Germany
USR000948,22.7,2.5,12.6,27.1,1.6,47.8,36,4,0,234,14,2904,38,Mobile,Germany
USR000949,3.5,4.3,7.2,4.2,3.6,22.7,50,17,29,301,94,1305,361,Desktop,Japan
USR000950,24.5,4.7,4.1,44.7,18.3,62.3,181,38,33,416,47,233,343,Desktop,Australia
USR000951,10.3,4.8,7.2,7.6,6.4,43.5,82,30,64,102,43,3623,17,Tablet,Brazil
USR000952,25.3,4.1,6.9,60.0,1.8,23.0,182,44,89,64,89,764,86,Mobile,Australia
USR000953,251.6,4.9,3.6,5.4,23.8,45.0,571,9,79,306,29,3555,203,Mobile,Germany
USR000954,69.2,4.0,7.3,84.2,3.0,76.6,70,27,78,333,16,2301,313,Desktop,Japan
USR000955,8.7,7.2,0.2,25.8,30.5,42.3,68,4,32,357,86,3130,68,Mobile,Japan
USR000956,26.8,0.5,1.6,3.8,7.3,24.0,232,41,44,250,86,2561,126,Mobile,UK
USR000957,198.9,8.2,4.9,26.8,6.7,55.3,303,18,97,332,92,629,138,Mobile,UK
USR000958,65.2,3.7,7.8,1.6,9.0,53.6,68,3,72,346,49,1271,254,Mobile,Japan
USR000959,34.2,8.4,7.1,42.9,4.3,97.0,555,34,83,336,15,563,217,Mobile,USA
USR000960,471.6,1.4,0.7,41.7,2.2,70.6,91,11,30,479,49,768,238,Desktop,Germany
USR000961,104.7,1.8,19.7,38.4,8.7,97.8,121,20,54,377,53,3529,343,Desktop,Japan
USR000962,3.7,0.1,5.3,74.0,13.3,93.4,71,29,25,430,66,3263,171,Mobile,USA
USR000963,8.1,4.7,20.3,159.6,1.2,46.9,47,46,40,444,8,1513,132,Mobile,Australia
USR000964,13.2,10.2,8.4,10.0,64.4,32.0,27,45,92,63,77,1355,182,Mobile,Australia
USR000965,5.7,8.0,0.5,140.8,14.1,24.4,362,3,49,234,84,2878,203,Mobile,Germany
USR000966,26.9,4.7,9.5,43.6,17.0,47.6,156,7,1,198,19,381,326,Mobile,UK
USR000967,23.4,0.5,1.4,3.1,22.2,65.0,203,31,55,385,41,2708,197,Mobile,Brazil
USR000968,15.7,3.3,7.9,16.4,12.1,59.1,195,3,91,123,41,3573,273,Mobile,Germany
USR000969,54.4,0.5,9.6,22.5,6.2,68.4,53,49,84,253,87,3572,189,Tablet,Brazil
USR000970,95.3,1.1,3.8,158.2,1.4,95.5,50,25,48,482,67,475,321,Mobile,UK
USR000971,124.6,2.2,0.3,127.7,0.4,34.6,104,34,51,375,47,147,285,Mobile,India
USR000972,65.3,2.0,27.6,31.5,6.1,93.9,178,42,92,383,74,1005,251,Mobile,UK
USR000973,5.8,3.8,7.3,14.6,5.9,49.4,322,15,56,324,38,577,227,Mobile,UK
USR000974,38.9,5.5,8.8,1.5,5.2,34.9,22,14,72,130,53,271,317,Mobile,Australia
USR000975,7.9,7.5,7.2,65.2,60.2,46.6,264,14,1,245,21,2972,218,Mobile,UK
USR000976,99.9,6.0,0.7,13.1,12.9,36.3,255,43,99,10,41,945,32,Mobile,Brazil
USR000977,51.4,0.1,4.8,21.0,6.8,41.0,437,29,62,386,64,3142,306,Desktop,Germany
USR000978,41.0,3.1,25.7,8.4,13.4,65.9,295,28,3,55,24,461,338,Mobile,Brazil
USR000979,103.7,4.2,9.5,110.6,1.1,98.1,105,30,29,392,95,2327,65,Mobile,Japan
USR000980,48.1,1.6,9.6,144.1,10.0,33.6,154,31,33,177,22,577,271,Mobile,Australia
USR000981,37.2,5.7,7.8,228.2,1.8,56.6,385,32,59,74,29,864,73,Mobile,Australia
USR000982,62.7,2.9,2.2,65.9,24.5,77.7,558,4,79,116,66,782,266,Mobile,Japan
USR000983,91.7,7.1,6.0,10.8,5.1,72.5,55,45,21,112,44,3499,140,Desktop,Japan
USR000984,31.7,5.8,5.2,94.0,0.5,95.4,141,25,24,349,47,2262,80,Mobile,Australia
USR000985,168.2,3.0,23.1,26.5,0.1,38.4,256,6,57,84,13,3364,88,Mobile,India
USR000986,48.9,2.0,15.3,40.1,4.9,69.2,118,21,97,368,22,495,137,Mobile,Brazil
USR000987,35.8,1.6,0.5,100.0,6.2,67.8,40,20,85,39,0,259,110,Tablet,USA
USR000988,63.8,9.6,4.5,18.5,1.9,85.0,133,23,47,261,32,1881,190,Mobile,Germany
USR000989,1.0,1.7,24.7,110.2,10.2,43.4,98,24,63,278,79,2406,357,Mobile,Japan
USR000990,25.7,4.3,6.9,17.0,5.8,26.4,40,3,40,99,45,2974,341,Tablet,Germany
USR000991,66.7,1.9,7.3,45.4,1.0,70.1,208,39,62,223,81,854,54,Mobile,USA
USR000992,4.3,1.0,0.9,10.1,5.2,55.0,137,28,22,191,45,2178,231,Desktop,Japan
USR000993,82.1,5.5,32.4,54.0,8.8,47.7,236,13,40,358,45,1781,305,Desktop,Japan
USR000994,63.6,10.4,11.9,37.9,14.6,53.0,30,13,52,76,63,1067,272,Desktop,Japan
USR000995,97.0,2.2,2.2,19.0,32.1,79.6,524,8,21,266,20,2885,253,Desktop,UK
USR000996,66.7,8.1,10.1,158.3,12.4,36.1,212,14,29,437,95,2786,307,Mobile,USA
USR000997,67.7,8.6,10.8,1.8,9.0,98.8,312,43,1,333,79,779,213,Desktop,UK
USR000998,26.1,0.3,5.2,42.4,7.4,63.4,284,1,89,219,98,541,1,Desktop,USA
USR000999,49.3,4.2,7.7,130.2,8.1,96.3,15,46,74,308,83,1153,147,Tablet,Australia
USR001000,20.1,21.7,11.9,43.7,9.2,86.1,317,8,81,304,46,3093,321,Mobile,UK
USR001001,1.9,3.8,18.6,105.7,18.3,31.6,16,36,22,178,1,1823,275,Tablet,Brazil
USR001002,14.2,9.8,11.5,32.3,2.1,98.9,42,14,79,18,84,1119,225,Mobile,Australia
USR001003,188.4,0.6,3.0,40.3,6.8,92.0,120,27,79,408,12,2661,52,Mobile,Brazil
USR001004,257.0,9.0,0.1,31.6,20.0,38.7,162,16,67,381,87,1706,138,Mobile,USA
USR001005,71.1,11.0,5.5,56.4,1.7,23.8,14,11,7,236,95,1956,28,Desktop,Brazil
USR001006,45.5,21.2,22.4,19.0,11.7,34.2,101,13,29,471,75,3488,3,Mobile,Australia
USR001007,113.1,6.4,14.1,15.6,0.8,94.4,842,17,65,188,53,1433,186,Desktop,Brazil
USR001008,1.0,2.1,7.3,19.3,7.2,44.4,362,2,42,482,34,2007,210,Desktop,Australia
USR001009,88.0,9.0,1.1,13.8,1.3,63.1,242,27,48,246,16,2772,22,Desktop,USA
USR001010,132.8,5.9,9.6,3.9,9.0,58.9,90,24,10,33,37,246,295,Mobile,Germany
USR001011,108.9,15.1,6.6,63.1,31.1,20.3,363,37,60,278,10,3520,160,Mobile,USA
USR001012,110.6,8.6,3.2,59.6,11.0,44.8,19,40,24,303,69,947,352,Mobile,Japan
USR001013,9.6,6.7,2.1,3.6,1.7,69.7,474,21,22,202,83,629,110,Mobile,Germany
USR001014,157.3,3.1,4.7,5.1,26.6,49.0,23,36,63,231,51,121,191,Mobile,USA
USR001015,63.0,2.0,2.4,13.0,4.1,89.4,145,36,77,251,19,2453,28,Desktop,Germany
USR001016,35.6,6.0,12.0,8.1,15.7,91.6,487,21,69,153,76,2976,91,Mobile,Germany
USR001017,87.5,0.0,1.3,75.6,18.1,33.5,143,12,26,411,93,1551,298,Desktop,USA
USR001018,33.2,13.9,2.8,80.3,16.8,92.6,655,41,12,410,30,395,40,Mobile,Japan
USR001019,67.1,0.7,1.7,98.7,14.4,29.3,23,27,89,81,77,1281,303,Desktop,Australia
USR001020,2.4,2.3,12.2,25.1,1.9,33.6,98,3,48,293,10,2217,240,Mobile,Germany
USR001021,40.9,12.7,7.7,64.5,17.0,34.1,3,46,46,159,29,663,132,Tablet,UK
USR001022,19.2,11.6,8.5,15.8,3.1,55.5,44,48,82,174,9,1240,315,Mobile,Japan
USR001023,96.1,0.1,10.6,32.1,0.5,56.3,631,13,57,388,7,231,351,Mobile,Japan
USR001024,110.6,0.7,17.5,5.7,12.1,72.1,29,35,67,410,58,2913,161,Mobile,Australia
USR001025,33.4,1.1,13.8,21.3,7.1,23.4,192,43,96,414,66,2277,34,Mobile,Brazil
USR001026,16.4,4.5,3.5,59.4,14.5,37.0,99,6,32,29,85,3058,255,Tablet,Germany
USR001027,153.7,0.2,3.3,20.5,8.1,89.0,13,30,96,16,96,1094,268,Mobile,Australia
USR001028,81.1,0.3,2.3,73.4,1.2,85.2,57,2,92,31,69,2621,47,Mobile,Brazil
USR001029,12.5,0.8,5.0,120.9,33.5,58.4,821,32,3,390,41,1077,173,Mobile,Japan
USR001030,78.2,4.0,0.2,152.7,5.7,100.0,55,39,33,75,53,3247,303,Mobile,Germany
USR001031,34.0,0.1,9.7,42.0,6.9,57.1,185,37,6,414,18,1765,235,Mobile,USA
USR001032,106.8,2.6,15.9,71.1,3.3,28.1,728,48,91,443,96,3182,299,Mobile,Australia
USR001033,9.3,2.0,8.3,28.9,11.5,60.3,64,23,42,498,79,2393,160,Mobile,UK
USR001034,16.1,12.2,12.9,18.7,0.3,47.9,71,24,17,133,11,575,346,Mobile,USA
USR001035,47.2,1.0,0.4,95.1,1.5,26.4,613,7,4,282,8,2601,315,Desktop,Australia
USR001036,8.5,1.9,16.9,90.4,4.0,84.9,28,35,87,180,52,1414,70,Mobile,Australia
USR001037,2.3,1.8,21.0,172.4,2.2,54.3,33,45,79,307,3,1715,318,Mobile,USA
USR001038,12.3,2.3,13.3,61.4,7.5,59.9,830,18,40,187,84,140,119,Desktop,Australia
USR001039,36.1,0.4,23.0,182.8,0.1,80.9,331,48,49,356,96,3610,334,Mobile,Brazil
USR001040,91.7,6.8,6.0,41.1,5.0,64.7,21,20,26,228,94,880,149,Mobile,Japan
USR001041,42.4,4.4,8.4,2.5,8.9,20.2,300,44,20,8,86,34,196,Mobile,Japan
USR001042,72.8,1.3,2.6,55.6,3.6,90.6,106,27,60,115,49,469,25,Mobile,Brazil
USR001043,17.7,1.4,9.6,0.6,4.0,46.0,414,10,38,8,17,541,172,Mobile,USA
USR001044,25.3,0.5,8.7,100.1,0.3,79.1,276,49,3,262,64,746,324,Mobile,Brazil
USR001045,9.4,3.9,1.8,20.7,1.5,79.1,100,22,60,24,92,2820,64,Mobile,Japan
USR001046,12.8,2.6,5.8,14.5,4.8,93.2,2,19,1,403,37,3431,289,Mobile,Australia
USR001047,16.6,7.2,11.3,135.0,20.0,84.7,31,13,88,282,95,833,21,Desktop,UK
USR001048,3.3,4.5,20.3,15.1,2.9,50.3,381,23,26,196,37,3447,333,Mobile,USA
USR001049,56.3,14.3,3.3,9.0,1.3,42.6,17,21,39,490,78,1623,122,Tablet,USA
USR001050,6.5,4.4,2.9,82.9,7.9,35.6,1,31,18,302,51,3148,222,Mobile,Brazil
USR001051,1.0,0.2,0.3,15.6,21.1,48.2,28,40,62,143,82,1297,293,Desktop,Australia
USR001052,32.4,2.7,15.0,8.2,53.2,69.4,53,6,50,394,24,3633,177,Mobile,Brazil
USR001053,10.2,3.0,4.3,13.8,24.5,90.4,156,7,78,49,70,315,171,Mobile,Japan
USR001054,33.5,2.4,3.5,147.8,9.5,61.3,16,6,24,256,3,3162,253,Mobile,Australia
USR001055,65.7,1.4,6.3,72.5,27.8,31.3,139,7,90,100,76,610,77,Mobile,UK
USR001056,45.9,0.2,4.0,17.7,42.7,40.1,42,23,48,354,28,2449,121,Mobile,USA
USR001057,47.9,0.2,0.6,25.4,8.4,20.9,335,17,34,102,38,2355,157,Mobile,India
USR001058,17.3,11.9,2.0,102.1,4.6,67.6,23,37,24,488,99,3052,102,Mobile,Japan
USR001059,45.3,24.1,24.4,39.6,0.7,56.3,63,29,45,253,41,1308,322,Desktop,UK
USR001060,33.9,2.6,5.4,51.9,1.3,84.9,130,19,40,334,87,3026,329,Mobile,India
USR001061,16.1,3.5,9.1,49.6,11.7,63.6,159,11,68,414,45,509,171,Mobile,UK
USR001062,75.8,1.2,18.8,89.8,2.3,50.1,6,49,91,45,45,3572,18,Mobile,UK
USR001063,1.4,4.3,17.2,20.8,16.9,66.6,216,16,1,203,84,1254,18,Mobile,USA
USR001064,14.3,2.5,1.9,90.0,15.5,24.2,86,44,86,408,38,2510,239,Mobile,Australia
USR001065,15.1,0.6,0.8,73.0,12.0,27.8,45,40,75,372,58,3578,93,Mobile,Brazil
USR001066,32.8,9.1,1.3,88.5,29.3,82.4,128,33,81,58,21,1005,125,Mobile,Germany
USR001067,169.7,1.1,16.8,31.6,2.8,89.8,110,38,76,181,89,3237,332,Tablet,India
USR001068,74.5,6.1,1.3,28.9,1.8,88.5,146,16,53,494,50,1961,313,Mobile,Brazil
USR001069,38.7,2.1,8.9,37.1,7.2,60.0,107,49,2,497,34,2552,360,Desktop,Germany
USR001070,72.6,1.2,2.0,36.9,0.8,27.9,44,5,76,33,26,2931,306,Desktop,USA
USR001071,19.6,1.5,3.8,3.9,16.0,70.5,26,33,1,6,6,2468,94,Mobile,USA
USR001072,20.5,2.9,11.4,11.8,5.9,54.7,583,31,34,350,75,1409,1,Desktop,USA
USR001073,155.6,1.0,6.7,41.2,2.6,21.6,39,25,73,323,53,2370,168,Mobile,Brazil
USR001074,50.6,13.0,2.5,10.7,16.6,66.8,172,9,27,78,73,3443,29,Desktop,Brazil
USR001075,118.9,1.6,0.7,12.2,5.5,83.6,36,10,24,467,51,3494,82,Mobile,India
USR001076,53.8,0.4,12.9,10.3,0.3,74.4,153,22,52,264,93,1548,98,Mobile,Australia
USR001077,9.8,14.2,0.8,105.5,37.9,88.4,33,8,69,168,16,1222,284,Mobile,USA
USR001078,17.9,5.4,20.4,94.3,9.4,25.8,505,13,47,42,6,3359,198,Mobile,Brazil
USR001079,71.8,1.2,2.8,32.1,6.6,58.6,92,48,47,63,8,3276,123,Mobile,UK
USR001080,28.4,12.3,20.0,97.6,10.8,92.6,99,43,0,372,78,39,51,Tablet,India
USR001081,1.0,0.4,12.9,152.9,1.3,75.1,147,27,60,120,20,492,127,Tablet,India
USR001082,238.8,2.9,5.0,3.8,2.2,80.6,111,37,31,422,61,1037,180,Mobile,USA
USR001083,15.7,4.2,1.8,7.0,24.9,74.2,121,13,10,53,9,2503,236,Mobile,Brazil
USR001084,42.4,0.4,10.7,9.3,23.5,67.3,491,19,4,196,32,1654,54,Mobile,Australia
USR001085,1.0,5.4,3.6,107.9,1.9,89.3,220,29,97,402,4,1052,59,Mobile,USA
USR001086,19.2,1.2,0.7,34.7,19.7,61.6,420,24,88,434,67,3243,286,Desktop,Japan
USR001087,99.2,0.8,2.4,37.7,9.5,38.7,39,13,71,332,38,2262,283,Mobile,USA
USR001088,34.7,4.2,6.9,29.7,4.8,74.7,63,42,66,12,65,106,160,Desktop,USA
USR001089,175.8,8.1,1.1,0.5,6.5,30.4,566,42,87,90,86,3546,211,Tablet,USA
USR001090,13.7,9.1,12.5,0.8,23.9,88.7,19,40,30,390,55,3510,348,Tablet,UK
USR001091,93.5,4.7,2.5,93.5,14.5,57.4,869,16,4,71,85,1790,331,Mobile,Germany
USR001092,94.3,2.4,14.4,29.2,3.4,55.3,19,38,39,472,69,2403,225,Mobile,Japan
USR001093,66.6,5.1,9.9,152.6,8.0,23.5,227,4,7,259,85,2517,28,Tablet,Germany
USR001094,3.5,0.5,0.8,8.4,3.2,24.1,44,1,74,80,6,2117,156,Desktop,UK
USR001095,75.5,4.3,7.5,9.3,2.5,69.9,118,44,77,375,79,2283,44,Mobile,Brazil
USR001096,6.9,0.5,6.5,56.1,51.2,86.2,112,38,22,494,39,145,345,Mobile,USA
USR001097,24.7,0.2,7.5,43.7,0.7,80.6,284,21,86,97,49,3371,192,Mobile,Japan
USR001098,86.1,1.8,0.7,84.0,11.1,51.8,63,26,77,86,61,2357,277,Mobile,Brazil
USR001099,13.8,16.7,21.3,4.7,7.7,64.4,264,7,43,449,29,1399,20,Tablet,UK
USR001100,1.7,0.3,6.2,11.2,27.2,92.0,125,6,87,256,5,2044,183,Mobile,Japan
USR001101,11.4,2.9,3.0,49.2,19.5,81.7,68,44,55,485,20,169,141,Mobile,India
USR001102,5.2,0.7,2.2,52.6,1.6,45.5,19,21,33,298,42,2728,208,Mobile,Brazil
USR001103,54.5,1.7,0.2,172.6,4.0,67.8,473,10,44,77,65,1926,41,Mobile,Australia
USR001104,4.7,3.6,29.6,114.6,12.2,55.1,57,28,74,343,31,224,93,Mobile,Brazil
USR001105,149.8,12.9,6.4,40.1,10.8,50.8,29,17,5,232,24,1239,82,Desktop,India
USR001106,14.3,6.1,2.4,9.2,21.0,85.9,477,25,40,434,93,1676,235,Desktop,Australia
USR001107,73.2,5.2,4.5,85.3,0.4,23.4,96,14,15,165,73,3354,278,Mobile,Japan
USR001108,65.5,3.0,2.7,14.3,13.3,54.5,10,13,58,212,37,2015,228,Mobile,Brazil
USR001109,47.6,0.9,4.3,62.0,8.9,66.4,283,28,94,220,98,3470,328,Mobile,Brazil
USR001110,86.8,6.1,0.5,7.9,2.6,76.7,43,20,46,445,71,702,69,Desktop,Japan
USR001111,3.4,6.5,27.1,44.1,28.8,33.2,73,39,5,55,66,1075,97,Tablet,Brazil
USR001112,67.5,4.5,8.1,30.5,2.3,68.4,61,27,17,187,89,3085,284,Mobile,Germany
USR001113,14.8,3.2,14.3,7.4,13.7,48.7,9,39,17,217,4,1988,93,Desktop,USA
USR001114,67.9,11.5,8.8,19.5,11.9,28.3,190,24,90,171,47,2066,99,Desktop,India
USR001115,6.3,2.7,3.0,15.8,1.0,38.4,85,16,27,455,98,264,280,Mobile,USA
USR001116,12.4,8.7,2.0,175.2,2.4,27.0,392,5,83,301,30,1900,233,Tablet,Japan
USR001117,15.5,3.0,1.9,48.0,75.2,36.3,95,0,84,21,2,178,131,Tablet,UK
USR001118,33.4,3.1,10.3,15.4,5.2,79.1,441,20,10,206,81,1037,360,Mobile,USA
USR001119,40.1,8.2,5.9,40.3,4.4,40.9,365,40,48,219,28,2185,70,Desktop,Germany
USR001120,170.9,2.8,4.9,9.6,35.0,28.7,99,37,46,335,96,550,199,Desktop,Germany
USR001121,24.0,7.9,4.6,46.1,0.6,21.6,101,36,29,384,75,1222,16,Tablet,Germany
USR001122,104.1,2.1,4.5,102.5,13.8,93.8,438,23,99,335,92,2970,114,Mobile,Brazil
USR001123,56.5,3.7,19.7,109.3,7.2,66.3,114,4,89,125,3,2186,247,Mobile,Germany
USR001124,24.1,0.5,0.7,0.7,5.9,35.1,36,42,84,164,45,1984,133,Tablet,UK
USR001125,8.8,2.6,7.6,85.3,10.1,76.8,129,29,0,438,54,1808,73,Desktop,Germany
USR001126,50.6,4.2,10.6,33.5,6.9,93.5,52,23,96,195,22,49,361,Mobile,Germany
USR001127,20.6,4.3,1.6,6.4,7.4,64.8,3,27,26,16,35,1372,37,Mobile,Japan
USR001128,209.2,1.8,9.4,18.2,0.7,66.6,489,27,85,179,30,3481,148,Mobile,Australia
USR001129,11.1,7.7,5.5,20.7,1.3,20.2,435,11,5,333,92,1182,354,Desktop,Japan
USR001130,32.3,1.3,1.2,25.2,0.4,22.3,1032,29,19,321,41,2230,13,Mobile,Germany
USR001131,28.7,6.6,13.9,13.9,13.2,38.7,275,32,18,449,65,3353,112,Mobile,Australia
USR001132,8.5,3.5,2.7,57.2,6.2,99.9,183,21,86,402,48,3415,124,Desktop,UK
USR001133,33.8,1.2,12.3,86.4,5.7,95.4,30,7,36,58,50,2967,145,Mobile,Germany
USR001134,18.3,8.6,14.0,51.3,11.4,60.3,119,15,26,11,19,774,332,Mobile,Australia
USR001135,11.0,4.5,8.0,2.4,5.3,48.3,234,39,83,147,12,3262,0,Mobile,Brazil
USR001136,117.8,1.4,0.0,30.2,0.7,56.0,105,34,53,295,6,1911,104,Mobile,UK
USR001137,118.9,1.1,10.0,24.7,13.2,46.7,269,24,36,467,43,2570,141,Mobile,Germany
USR001138,45.8,9.9,3.1,55.6,0.5,94.8,205,20,67,26,80,1782,204,Mobile,India
USR001139,57.7,0.4,8.1,52.1,17.2,86.5,193,32,81,441,94,1427,152,Mobile,USA
USR001140,13.0,0.7,24.7,11.1,9.1,44.1,339,49,16,485,81,2450,266,Tablet,India
USR001141,55.7,3.7,1.0,38.6,1.5,90.2,27,9,48,409,95,920,205,Mobile,India
USR001142,2.1,0.6,6.1,144.6,6.8,88.4,4,41,95,144,35,3248,22,Mobile,India
USR001143,32.3,7.0,6.3,58.1,4.5,41.1,768,29,67,432,57,990,11,Mobile,USA
USR001144,105.5,0.3,2.4,31.8,9.4,81.4,125,36,70,55,24,2364,198,Desktop,Japan
USR001145,54.1,2.7,26.4,1.4,27.6,96.0,514,45,32,495,59,1461,328,Mobile,Japan
USR001146,88.3,11.4,12.5,3.0,44.2,83.1,418,3,25,120,63,3388,269,Tablet,Japan
USR001147,33.9,5.7,4.2,89.3,20.1,51.3,56,13,30,80,23,1856,127,Mobile,USA
USR001148,10.4,5.1,0.2,22.3,5.4,50.1,577,31,33,395,50,483,349,Mobile,India
USR001149,179.7,3.0,0.7,91.4,6.4,53.7,81,9,67,313,6,582,253,Desktop,Australia
USR001150,63.5,3.2,5.3,46.7,1.9,52.1,55,35,26,39,55,2688,91,Tablet,UK
USR001151,182.8,9.3,1.7,125.6,4.7,45.5,6,24,79,398,53,1231,76,Mobile,Brazil
USR001152,65.3,22.1,1.7,86.6,6.7,50.5,309,23,32,0,28,2366,218,Mobile,India
USR001153,52.3,10.7,0.3,50.9,2.0,52.5,230,35,94,66,81,2154,49,Mobile,Brazil
USR001154,17.9,28.1,5.5,56.8,7.5,29.1,358,9,34,43,39,2975,107,Mobile,USA
USR001155,8.9,4.0,1.4,134.8,16.6,29.2,161,44,96,254,59,470,326,Tablet,USA
USR001156,22.4,0.9,0.3,50.4,7.3,40.5,17,25,95,307,85,1975,289,Desktop,USA
USR001157,5.6,2.3,1.2,0.3,0.5,85.0,185,31,63,234,76,705,345,Mobile,Germany
USR001158,13.8,5.6,1.0,8.8,19.4,91.3,33,20,45,114,82,1191,20,Mobile,India
USR001159,78.4,1.1,6.6,1.5,4.7,26.5,263,0,39,30,31,636,64,Desktop,USA
USR001160,105.2,9.4,3.0,103.5,1.3,32.1,87,25,27,362,25,1406,153,Desktop,Germany
USR001161,109.2,0.3,11.2,36.3,4.1,44.3,233,34,93,53,90,3589,96,Mobile,India
USR001162,32.1,1.4,9.8,33.9,4.6,79.0,326,38,57,38,50,1389,222,Tablet,Germany
USR001163,37.6,6.0,11.6,27.5,7.3,31.6,1,32,13,252,0,1240,48,Mobile,Brazil
USR001164,67.3,2.1,1.8,204.7,5.2,97.7,477,41,71,379,43,2718,69,Desktop,Australia
USR001165,9.0,10.1,14.8,75.4,0.7,84.2,283,23,44,309,73,809,33,Mobile,India
USR001166,83.4,8.8,5.9,257.8,1.7,82.8,100,3,58,319,39,1401,75,Desktop,Germany
USR001167,39.4,6.1,4.3,99.7,8.5,53.8,57,29,3,453,62,1153,217,Mobile,UK
USR001168,93.0,3.8,0.5,28.3,26.3,65.9,606,27,46,482,34,897,197,Mobile,Japan
USR001169,122.8,1.9,1.4,77.6,22.1,37.0,184,18,33,19,94,1142,259,Tablet,USA
USR001170,51.5,8.5,6.6,53.8,12.1,50.3,938,48,22,8,83,1783,8,Mobile,UK
USR001171,118.4,0.4,5.5,18.1,0.3,60.2,121,14,57,355,21,2530,321,Mobile,UK
USR001172,87.7,5.9,19.0,31.8,24.1,71.2,194,17,14,233,67,1418,106,Desktop,Germany
USR001173,69.6,12.6,2.0,183.8,4.6,47.2,390,42,19,12,83,2710,277,Mobile,UK
USR001174,4.7,0.6,5.6,2.6,1.0,31.3,30,5,7,435,71,2002,131,Mobile,Japan
USR001175,145.9,0.6,2.8,33.2,9.7,56.5,202,21,44,245,34,1819,258,Tablet,Germany
USR001176,57.5,1.7,3.8,15.0,5.8,37.5,53,31,84,320,61,2892,146,Mobile,USA
USR001177,3.9,5.8,11.6,20.0,25.3,51.9,63,22,96,458,9,3465,219,Mobile,UK
USR001178,20.3,2.0,14.4,28.9,39.7,90.7,318,5,1,185,30,105,353,Mobile,India
USR001179,111.8,7.0,5.9,0.8,0.0,40.0,56,14,71,316,68,1946,173,Mobile,Germany
USR001180,12.7,9.2,14.6,38.3,0.4,93.4,138,18,21,434,7,604,227,Mobile,USA
USR001181,39.7,5.5,0.3,107.2,31.1,56.6,1348,34,12,338,88,3550,140,Desktop,Germany
USR001182,110.7,0.1,10.7,6.7,17.2,68.4,237,39,51,334,52,464,29,Desktop,USA
USR001183,70.4,0.2,0.7,0.6,13.0,72.5,165,25,72,99,9,320,177,Mobile,Germany
USR001184,67.9,0.6,2.8,8.5,6.5,94.5,18,13,29,340,49,1307,263,Mobile,Germany
USR001185,66.9,2.2,4.7,5.9,2.2,62.6,68,1,37,356,94,2335,242,Desktop,UK
USR001186,3.1,0.2,2.6,51.4,0.3,22.9,37,12,88,191,3,365,62,Mobile,Germany
USR001187,6.0,8.7,6.8,29.1,27.0,71.2,506,30,11,314,15,3027,219,Mobile,USA
USR001188,20.8,4.7,0.7,67.1,3.1,23.8,5,1,34,476,28,2951,343,Desktop,Japan
USR001189,55.3,1.2,10.9,48.9,12.8,99.3,3,44,69,232,83,1253,25,Mobile,Brazil
USR001190,28.1,7.1,3.4,36.6,3.1,37.3,7,24,8,282,46,885,12,Desktop,Japan
USR001191,120.1,8.8,3.4,22.3,6.9,54.2,39,15,73,172,26,342,309,Mobile,UK
USR001192,13.3,5.1,1.8,133.7,6.0,75.2,62,26,89,293,98,142,176,Mobile,Japan
USR001193,46.2,5.3,2.8,0.6,8.1,70.9,122,35,12,340,0,790,57,Mobile,USA
USR001194,76.3,0.5,0.5,82.6,9.3,71.2,9,0,68,124,75,1820,25,Mobile,Brazil
USR001195,185.4,1.3,14.8,18.2,3.8,75.2,209,34,31,444,2,558,180,Desktop,Japan
USR001196,122.9,4.8,4.4,68.6,2.3,54.1,74,34,88,297,37,1346,249,Desktop,Australia
USR001197,49.3,11.6,0.5,22.2,40.1,52.6,82,9,31,193,53,2602,352,Mobile,Australia
USR001198,84.2,7.0,5.8,16.0,4.5,21.4,132,45,22,7,24,358,66,Mobile,Japan
USR001199,13.1,0.6,2.6,55.8,13.7,68.7,91,48,92,16,90,1798,240,Mobile,USA
USR001200,108.4,18.5,7.0,200.0,1.7,45.3,194,38,10,188,63,108,363,Mobile,Brazil
USR001201,57.3,6.6,24.9,95.0,10.8,67.9,258,31,15,60,24,2472,62,Mobile,India
USR001202,2.7,3.1,2.7,19.5,10.0,93.9,438,35,28,322,74,600,72,Mobile,USA
USR001203,3.8,3.1,15.5,16.8,1.9,83.6,220,7,66,468,20,2879,344,Mobile,Australia
USR001204,4.6,10.8,0.3,16.8,2.9,74.6,451,8,16,381,82,1024,214,Mobile,India
USR001205,39.7,2.6,14.6,12.6,6.2,25.5,88,37,16,232,57,2358,3,Mobile,Germany
USR001206,8.1,7.5,0.4,30.8,48.4,52.8,160,46,11,145,8,64,195,Mobile,USA
USR001207,46.7,0.7,25.1,21.1,8.0,54.6,61,12,3,237,86,1905,25,Mobile,Japan
USR001208,142.5,9.7,7.8,32.4,17.5,82.6,310,45,38,160,69,1942,252,Mobile,Japan
USR001209,28.5,2.3,20.7,60.1,21.1,20.6,266,8,37,94,45,795,0,Mobile,UK
USR001210,23.4,1.6,8.2,15.6,14.2,62.5,265,49,92,85,41,2995,307,Desktop,India
USR001211,5.2,12.6,2.1,17.0,3.6,69.5,215,45,26,380,94,1197,81,Desktop,Germany
USR001212,1.0,1.0,3.4,26.3,2.3,61.3,159,18,46,461,73,572,254,Mobile,India
USR001213,72.4,6.3,12.8,21.2,9.3,45.2,567,28,13,82,82,1274,163,Mobile,Japan
USR001214,47.0,6.0,1.8,33.4,4.5,27.5,263,45,99,77,65,2188,326,Tablet,USA
USR001215,55.6,1.4,13.4,44.4,26.5,45.8,29,29,57,308,72,1538,266,Tablet,Germany
USR001216,102.1,0.4,14.3,25.7,3.8,81.7,126,24,23,377,10,1453,58,Desktop,Brazil
USR001217,65.0,7.8,5.3,15.6,3.5,83.9,68,17,16,255,94,2673,36,Tablet,Japan
USR001218,80.9,17.9,3.2,9.5,11.9,30.1,129,23,54,34,31,1504,200,Mobile,Japan
USR001219,36.6,10.1,3.9,46.7,12.8,31.5,53,20,88,1,15,2815,145,Mobile,India
USR001220,71.3,2.1,4.7,12.0,5.0,24.0,215,26,53,149,10,424,26,Mobile,UK
USR001221,4.3,3.5,8.0,49.3,36.5,51.9,192,48,33,435,42,2371,147,Mobile,UK
USR001222,147.5,6.8,2.7,49.4,29.9,69.4,27,43,7,174,85,2540,133,Mobile,USA
USR001223,24.9,0.2,24.2,155.5,11.3,91.0,18,22,80,148,38,170,213,Tablet,India
USR001224,18.4,5.1,3.8,13.1,0.6,56.6,122,46,49,240,93,1980,221,Tablet,Australia
USR001225,94.0,10.3,4.4,24.4,12.8,88.0,195,21,94,171,27,2520,57,Mobile,India
USR001226,5.4,1.3,20.3,119.2,3.8,50.3,91,29,3,473,74,2758,154,Mobile,Japan
USR001227,34.4,0.6,10.0,7.3,7.4,85.4,154,37,78,205,6,3391,174,Mobile,UK
USR001228,8.4,6.8,0.0,28.1,14.0,61.3,658,16,39,222,83,2907,167,Tablet,Brazil
USR001229,25.4,4.2,6.5,1.2,2.9,22.6,14,25,50,471,35,2951,179,Mobile,India
USR001230,7.7,9.1,12.6,25.1,4.4,22.1,204,37,18,485,34,2106,152,Desktop,Australia
USR001231,48.9,6.9,7.8,0.5,27.0,49.7,295,42,1,418,81,529,328,Tablet,UK
USR001232,88.7,0.1,0.4,15.5,4.1,35.4,156,9,31,114,71,572,279,Desktop,Germany
USR001233,3.7,3.8,29.8,24.8,9.1,52.5,50,5,12,487,84,1412,180,Desktop,Germany
USR001234,131.3,0.4,3.5,1.2,1.1,90.4,135,38,53,364,36,1876,16,Mobile,Germany
USR001235,35.2,10.1,10.1,30.8,25.0,67.0,62,43,35,11,67,2330,337,Desktop,Brazil
USR001236,12.6,0.7,12.0,92.1,0.6,56.1,193,0,47,143,67,1378,315,Mobile,Australia
USR001237,57.5,0.8,3.0,26.1,1.2,26.3,398,42,11,124,76,1774,176,Mobile,Germany
USR001238,6.7,2.2,11.0,47.0,1.9,40.5,122,17,1,475,99,2421,268,Mobile,UK
USR001239,5.0,1.5,4.5,54.3,22.3,98.1,445,14,35,474,58,2922,278,Desktop,Japan
USR001240,44.8,5.4,18.1,25.4,1.7,90.2,66,48,55,27,64,91,179,Mobile,Australia
USR001241,87.8,8.3,13.5,58.7,1.4,30.8,563,38,0,237,5,1090,177,Desktop,USA
USR001242,24.6,10.1,14.6,2.2,2.6,57.8,64,48,23,101,59,3378,243,Mobile,UK
USR001243,24.2,23.8,1.6,17.1,4.8,71.7,18,19,98,303,2,431,329,Mobile,Germany
USR001244,36.2,0.9,5.6,32.6,0.1,59.1,53,28,44,254,43,1727,8,Mobile,Australia
USR001245,6.1,4.5,2.4,55.6,8.2,95.9,129,8,75,499,22,2007,227,Desktop,Japan
USR001246,76.3,0.2,37.0,102.3,16.0,54.6,22,44,47,253,28,2084,205,Desktop,Australia
USR001247,60.0,1.1,4.5,7.9,5.1,64.0,36,2,74,330,74,1355,1,Mobile,Australia
USR001248,272.7,3.5,0.3,27.7,14.6,99.7,237,16,74,124,72,92,300,Mobile,Australia
USR001249,112.6,4.3,11.4,9.6,3.3,77.1,133,14,68,399,10,3235,241,Mobile,Germany
USR001250,15.5,4.0,30.1,31.9,19.7,37.4,14,23,70,109,77,2297,91,Mobile,Germany
USR001251,175.5,14.3,7.0,74.8,22.3,38.8,206,14,87,68,5,1678,329,Mobile,Japan
USR001252,9.4,4.9,17.2,37.2,4.9,25.5,134,12,85,370,25,3464,311,Mobile,Brazil
USR001253,66.7,10.6,26.5,18.7,0.4,54.4,86,36,75,98,85,1405,233,Mobile,India
USR001254,41.2,5.4,6.1,23.8,3.3,83.0,123,46,58,26,82,2358,204,Mobile,Japan
USR001255,84.2,4.3,1.2,22.4,2.3,64.8,520,24,43,417,15,2464,264,Desktop,Germany
USR001256,147.4,19.5,6.9,55.3,8.9,96.1,10,47,16,91,47,1546,222,Mobile,Brazil
USR001257,14.0,4.8,6.3,72.2,9.8,70.8,276,27,20,434,74,1554,339,Desktop,Australia
USR001258,47.8,2.6,18.3,20.4,10.0,41.0,2,46,44,449,91,3426,143,Desktop,Japan
USR001259,28.1,23.7,3.0,59.4,10.1,70.8,374,26,2,1,89,2091,277,Mobile,Australia
USR001260,9.1,5.0,1.1,47.5,2.5,86.2,306,7,69,38,34,366,286,Mobile,Brazil
USR001261,78.2,3.2,1.0,101.4,7.8,76.9,66,40,73,473,75,1022,268,Mobile,Germany
USR001262,22.6,0.8,1.0,73.5,22.6,87.9,225,25,85,154,91,39,92,Desktop,Germany
USR001263,26.5,7.6,16.0,59.2,28.4,49.6,76,32,8,372,38,643,296,Desktop,Japan
USR001264,43.6,12.5,2.7,3.5,4.7,91.8,205,20,0,89,8,1843,60,Mobile,USA
USR001265,71.3,1.8,9.0,49.5,4.0,39.5,311,18,70,130,47,1551,288,Desktop,Germany
USR001266,72.1,9.0,1.0,24.8,13.9,70.7,199,0,80,167,4,1286,271,Mobile,India
USR001267,140.9,3.8,2.2,8.7,12.1,41.5,64,4,70,360,25,402,229,Mobile,Japan
USR001268,24.0,8.9,5.9,32.6,4.8,53.4,158,13,87,353,99,310,24,Mobile,UK
USR001269,58.0,2.0,6.4,3.4,16.3,52.1,139,6,17,166,87,1529,192,Mobile,India
USR001270,94.8,7.1,8.5,0.6,26.4,67.5,81,15,83,171,97,324,288,Mobile,UK
USR001271,27.4,0.1,1.6,1.2,17.4,84.4,204,11,78,321,80,3528,140,Mobile,Germany
USR001272,21.4,4.2,0.4,6.5,17.7,88.3,84,4,56,120,92,3163,167,Tablet,India
USR001273,54.8,3.2,1.6,51.4,4.2,88.8,140,7,69,175,22,570,61,Desktop,Brazil
USR001274,11.0,4.1,7.3,73.8,12.6,65.6,104,12,65,477,42,3147,209,Mobile,UK
USR001275,23.5,2.7,1.1,5.7,7.3,94.1,132,19,4,158,96,192,48,Mobile,Germany
USR001276,58.0,0.3,13.1,102.2,28.7,46.0,278,35,70,292,76,2217,72,Tablet,Brazil
USR001277,27.2,6.1,4.4,37.7,9.2,70.4,300,36,69,109,14,3508,40,Desktop,Japan
USR001278,7.1,2.9,2.7,52.2,3.0,27.2,837,18,10,385,97,3626,277,Tablet,Australia
USR001279,6.8,6.4,4.2,10.1,12.8,91.9,151,38,19,157,89,3076,358,Mobile,Japan
USR001280,161.9,0.0,1.8,84.2,6.5,81.7,39,12,46,368,86,2667,56,Mobile,Japan
USR001281,92.4,12.1,16.5,38.7,4.5,97.3,119,22,91,400,36,584,144,Mobile,Japan
USR001282,17.9,4.2,12.7,20.5,3.8,25.8,87,3,88,472,11,2288,75,Mobile,India
USR001283,75.1,4.3,8.0,38.6,21.6,71.1,409,45,15,194,85,2733,317,Mobile,Australia
USR001284,23.1,5.0,8.0,17.4,4.3,70.6,705,7,80,330,44,2365,146,Mobile,Australia
USR001285,37.0,1.5,6.5,15.4,0.8,59.1,47,12,76,445,42,2698,30,Mobile,Brazil
USR001286,65.8,2.3,15.7,24.0,39.5,50.9,238,35,15,149,91,3359,211,Mobile,USA
USR001287,4.1,3.3,5.5,37.1,3.4,59.7,165,14,52,382,97,3247,344,Mobile,Brazil
USR001288,15.1,2.5,1.2,94.3,49.4,84.1,207,37,72,361,42,2533,100,Mobile,Germany
USR001289,54.7,11.2,5.7,82.1,5.7,86.5,438,8,12,316,8,32,317,Mobile,Australia
USR001290,115.6,14.8,15.7,39.5,6.2,57.0,206,12,8,334,18,906,53,Mobile,Germany
USR001291,63.4,5.3,2.8,32.5,3.2,30.9,42,1,48,341,66,275,228,Desktop,India
USR001292,129.3,7.7,25.6,1.4,16.9,99.4,141,35,32,445,31,67,192,Tablet,Brazil
USR001293,67.9,6.7,1.8,24.4,9.1,61.8,347,29,66,248,82,2623,311,Mobile,Brazil
USR001294,34.0,9.8,0.6,33.4,7.7,25.9,116,48,58,188,77,3623,79,Mobile,Australia
USR001295,1.0,0.4,16.1,12.2,1.8,85.2,767,41,23,347,64,2382,335,Mobile,Germany
USR001296,1.1,3.2,4.5,49.1,30.8,48.8,327,44,5,300,11,2996,24,Desktop,India
USR001297,17.4,7.1,1.1,12.1,3.1,60.5,174,42,90,27,71,2941,164,Mobile,Australia
USR001298,45.9,3.8,2.0,12.8,5.3,95.1,31,27,69,458,87,1840,164,Mobile,India
USR001299,80.3,4.5,3.4,29.4,10.0,55.9,159,18,99,473,90,3556,249,Tablet,USA
USR001300,6.5,7.5,7.8,32.4,26.1,45.6,60,4,69,317,94,2971,160,Mobile,Brazil
USR001301,11.2,4.1,10.8,14.7,4.3,58.8,29,47,40,280,56,1811,225,Mobile,Germany
USR001302,4.9,3.4,10.2,32.0,16.0,29.2,92,5,63,16,31,1103,42,Mobile,Australia
USR001303,68.4,6.6,13.3,39.5,17.9,90.4,270,14,74,456,81,2458,28,Mobile,Brazil
USR001304,20.1,0.9,5.3,65.2,21.1,69.6,655,12,73,215,4,1995,189,Mobile,Australia
USR001305,13.5,10.6,17.4,41.6,8.2,51.5,42,39,19,98,27,2743,253,Mobile,UK
USR001306,50.0,6.3,12.5,1.5,6.6,79.3,3,35,97,327,12,2772,299,Mobile,Australia
USR001307,52.4,2.8,8.9,17.5,1.4,71.6,297,20,73,434,2,3628,228,Mobile,Germany
USR001308,52.6,0.4,3.3,102.9,8.1,83.2,404,0,2,425,86,341,117,Mobile,Japan
USR001309,2.8,20.8,6.3,16.7,14.7,89.9,53,34,90,90,40,3063,362,Desktop,USA
USR001310,39.1,0.4,3.4,7.7,18.0,83.8,478,26,66,297,53,894,184,Mobile,Germany
USR001311,235.0,10.6,2.5,229.1,12.4,47.2,124,14,99,427,48,2791,72,Desktop,Australia
USR001312,142.4,1.1,8.0,2.7,9.8,95.1,142,33,89,332,30,1641,282,Mobile,UK
USR001313,62.5,0.4,3.3,132.4,4.1,55.2,263,14,62,220,56,173,360,Mobile,Brazil
USR001314,1.0,4.1,18.5,77.2,4.9,49.5,437,14,27,31,23,1526,245,Mobile,India
USR001315,88.5,8.4,11.2,102.3,35.6,51.9,556,26,88,121,51,878,311,Desktop,Australia
USR001316,5.7,0.9,11.0,3.3,14.4,81.8,25,48,4,211,53,1361,138,Tablet,India
USR001317,104.4,6.2,6.3,13.7,15.1,76.7,128,25,9,71,31,1287,183,Desktop,Brazil
USR001318,128.2,1.9,5.3,16.1,11.0,22.3,92,31,13,72,11,1543,109,Mobile,Germany
USR001319,6.9,10.6,7.0,90.6,24.8,37.4,277,38,39,270,3,161,362,Desktop,Germany
USR001320,376.6,0.4,2.6,91.7,3.5,52.3,151,49,40,307,36,495,34,Mobile,India
USR001321,3.9,9.5,1.3,18.3,18.1,28.1,9,39,30,117,12,2958,219,Desktop,Japan
USR001322,141.5,0.9,1.2,118.5,27.5,47.2,195,29,13,350,54,3491,218,Mobile,USA
USR001323,139.7,6.7,17.1,17.8,1.8,71.4,396,1,66,139,99,1564,170,Mobile,USA
USR001324,18.2,9.0,4.7,11.0,7.8,57.5,145,41,39,243,62,2644,172,Desktop,USA
USR001325,65.5,3.8,1.5,94.6,2.1,37.7,275,22,71,340,48,1873,3,Mobile,Australia
USR001326,8.1,3.0,0.1,80.2,0.1,50.9,11,43,71,46,71,705,364,Mobile,Germany
USR001327,82.4,3.4,3.4,2.1,3.2,97.0,556,4,36,240,89,3522,218,Mobile,Japan
USR001328,109.1,0.1,8.0,18.4,30.3,88.7,214,19,86,288,88,2252,245,Tablet,Germany
USR001329,4.7,0.3,22.3,13.3,5.2,72.4,91,45,90,31,6,244,46,Desktop,Japan
USR001330,54.7,6.9,5.9,22.3,17.4,43.6,8,20,14,279,25,1872,156,Mobile,Brazil
USR001331,13.2,0.4,0.7,189.8,9.8,33.4,143,15,90,442,18,3449,144,Desktop,UK
USR001332,155.0,5.4,3.2,29.7,5.6,20.4,429,20,69,130,19,3370,54,Mobile,Japan
USR001333,3.0,15.3,5.1,10.7,22.9,54.3,3,30,56,436,39,2425,342,Mobile,UK
USR001334,42.7,2.6,24.2,6.8,0.3,77.1,203,1,20,219,24,1834,32,Desktop,UK
USR001335,171.7,0.5,4.6,19.0,10.2,60.7,41,31,2,241,85,1022,102,Mobile,Brazil
USR001336,55.6,6.0,4.6,1.7,20.0,60.1,111,39,58,233,91,1371,323,Desktop,UK
USR001337,102.8,11.3,1.5,32.6,12.4,80.6,54,12,35,318,26,2823,288,Mobile,Australia
USR001338,102.0,8.4,4.9,142.9,5.2,83.0,111,23,26,333,45,170,265,Mobile,Australia
USR001339,56.5,7.7,9.3,5.6,2.2,44.9,34,21,64,366,27,1056,302,Tablet,Brazil
USR001340,39.6,3.6,4.6,20.5,6.7,26.3,100,37,59,449,37,3280,259,Desktop,India
USR001341,84.1,6.4,4.3,52.8,12.5,34.2,152,49,48,282,94,2742,141,Mobile,Germany
USR001342,85.2,5.3,6.1,83.4,7.7,36.8,40,17,26,451,29,2529,147,Tablet,Germany
USR001343,73.1,2.8,5.1,14.9,0.3,73.9,85,8,28,240,83,1167,78,Tablet,USA
USR001344,10.6,8.1,0.7,11.0,13.9,79.6,86,46,70,283,62,1394,30,Desktop,India
USR001345,44.6,9.6,10.3,16.4,11.4,29.0,124,3,6,138,81,1757,176,Tablet,India
USR001346,18.6,2.4,20.3,80.3,0.4,86.0,6,40,43,472,22,2435,246,Mobile,UK
USR001347,79.7,3.1,1.7,17.9,0.1,25.0,40,3,86,371,49,2535,266,Tablet,Germany
USR001348,106.9,3.9,1.0,14.9,1.3,52.4,611,38,42,253,42,3437,247,Desktop,India
USR001349,136.0,14.8,3.3,44.1,40.5,38.7,81,13,34,470,37,1565,143,Mobile,Germany
USR001350,10.5,10.6,7.9,20.6,21.8,72.8,32,13,92,38,82,60,160,Mobile,UK
USR001351,39.9,3.2,1.0,78.6,8.6,88.2,271,47,9,453,13,1260,253,Desktop,UK
USR001352,7.8,11.5,4.1,63.9,2.0,65.3,630,20,28,87,6,1780,323,Mobile,Germany
USR001353,16.8,0.2,4.4,12.8,9.9,69.4,69,41,81,129,48,2051,136,Desktop,Germany
USR001354,10.0,1.6,6.6,0.9,17.8,75.3,46,2,78,486,29,100,331,Mobile,India
USR001355,16.4,2.7,5.9,23.5,9.0,74.4,279,17,12,243,69,2754,59,Mobile,USA
USR001356,10.0,12.0,2.0,0.6,3.9,29.1,179,31,37,365,19,2936,252,Mobile,Australia
USR001357,14.5,0.5,1.8,72.5,28.5,61.6,550,46,7,298,57,2511,51,Desktop,Germany
USR001358,152.8,5.5,1.9,23.6,23.6,84.6,0,14,7,52,20,3479,197,Mobile,India
USR001359,21.5,8.3,1.9,50.7,2.8,83.5,65,45,99,90,87,1705,309,Mobile,Germany
USR001360,144.6,1.3,6.0,1.2,1.1,53.9,461,38,20,405,38,1571,142,Mobile,Australia
USR001361,98.7,1.7,6.9,25.8,12.7,93.4,205,35,36,22,92,1956,228,Mobile,Germany
USR001362,158.0,3.0,9.4,17.4,2.0,29.8,413,9,80,150,96,2277,95,Mobile,Germany
USR001363,75.9,3.1,6.2,53.3,20.5,96.5,99,19,1,376,56,3232,251,Mobile,Germany
USR001364,4.6,0.0,5.8,12.5,6.4,71.0,30,22,4,339,65,1634,348,Tablet,Australia
USR001365,42.9,12.9,1.0,21.3,3.6,37.0,80,35,60,107,36,1358,1,Mobile,Australia
USR001366,41.3,0.5,3.3,34.9,19.4,74.2,102,44,79,367,5,1910,133,Mobile,Australia
USR001367,67.0,0.7,1.0,24.8,10.2,74.1,64,44,11,75,17,2146,261,Mobile,Germany
USR001368,36.2,0.8,3.7,5.6,2.7,43.7,545,36,3,364,21,1363,219,Mobile,Brazil
USR001369,19.5,4.2,10.0,16.7,15.5,92.0,80,40,65,234,20,199,37,Mobile,Australia
USR001370,87.3,5.7,2.9,6.8,15.5,81.6,65,28,30,411,28,1666,175,Mobile,Australia
USR001371,1.5,7.5,2.7,13.3,4.8,43.9,215,0,0,101,82,632,138,Mobile,Japan
USR001372,58.3,9.3,7.0,11.0,2.8,58.6,112,3,50,303,20,1696,103,Mobile,USA
USR001373,96.9,0.3,10.7,2.3,8.1,55.4,125,45,71,265,65,2414,54,Desktop,Brazil
USR001374,35.7,0.3,2.2,99.4,24.8,55.1,108,48,64,118,8,1042,7,Mobile,Brazil
USR001375,3.8,6.5,1.5,105.3,10.0,54.0,109,0,17,245,82,2834,205,Mobile,Brazil
USR001376,73.7,9.6,27.8,116.5,49.6,42.2,191,0,34,44,32,1253,266,Mobile,Australia
USR001377,18.2,2.5,28.3,122.6,25.0,79.7,288,33,74,156,34,163,272,Mobile,Australia
USR001378,42.7,1.2,5.4,8.8,5.7,25.7,258,34,97,353,29,3132,340,Mobile,UK
USR001379,51.7,8.2,0.3,16.9,13.4,75.5,213,35,52,456,53,1617,296,Mobile,USA
USR001380,129.6,12.5,5.9,96.3,0.7,90.2,464,10,20,365,47,2245,41,Desktop,Brazil
USR001381,129.8,3.8,7.2,45.1,22.7,43.9,28,35,74,335,50,1115,37,Mobile,USA
USR001382,9.4,8.2,32.1,20.3,5.9,38.9,108,44,53,374,80,91,206,Mobile,Germany
USR001383,3.8,4.8,0.4,19.8,10.6,79.5,205,14,97,195,9,2996,104,Mobile,India
USR001384,14.5,0.2,4.5,9.5,23.2,74.3,17,21,60,429,23,2889,56,Desktop,Japan
USR001385,39.1,0.0,24.1,19.7,3.0,95.8,93,6,99,310,95,1037,76,Mobile,Japan
USR001386,21.0,5.0,10.9,251.9,10.8,85.5,219,12,69,7,3,1584,325,Mobile,Japan
USR001387,30.0,7.6,23.3,22.1,0.4,41.5,60,28,49,368,27,439,80,Mobile,UK
USR001388,40.3,0.9,2.6,21.9,7.4,90.8,363,5,60,469,62,558,234,Mobile,Japan
USR001389,99.1,10.8,21.9,63.4,1.2,43.5,52,21,92,127,32,347,225,Mobile,UK
USR001390,14.3,2.0,2.4,39.5,5.4,54.5,278,18,44,213,62,1817,114,Desktop,Australia
USR001391,136.3,0.1,0.3,25.8,18.3,81.1,132,21,83,270,96,88,48,Mobile,Brazil
USR001392,85.0,0.9,6.1,121.9,1.7,42.9,42,28,59,370,16,1574,344,Mobile,India
USR001393,9.9,3.1,9.9,7.6,13.3,69.3,239,8,65,374,54,1706,98,Mobile,India
USR001394,18.7,8.1,5.0,121.2,13.1,72.2,95,2,38,439,75,2670,310,Mobile,Germany
USR001395,191.1,1.1,6.1,107.1,9.4,55.6,134,47,67,147,85,3493,253,Desktop,India
USR001396,44.0,2.7,6.0,104.5,6.6,26.9,348,34,25,202,98,967,248,Desktop,UK
USR001397,17.2,0.8,3.3,48.4,33.2,66.8,119,35,37,252,83,2676,363,Desktop,India
USR001398,58.6,0.5,3.4,4.9,9.6,73.8,425,36,57,217,37,2744,57,Mobile,India
USR001399,17.7,0.7,5.2,0.1,9.8,93.2,246,4,28,305,46,2693,364,Mobile,USA
USR001400,67.9,1.2,3.1,4.0,3.2,38.8,19,15,44,478,90,2070,267,Mobile,UK
USR001401,104.4,2.8,2.5,107.2,2.4,23.7,194,5,61,483,15,2383,151,Mobile,Australia
USR001402,8.1,11.0,0.6,258.4,7.9,68.3,181,20,81,380,5,1108,357,Mobile,UK
USR001403,24.4,10.2,5.8,0.0,1.1,20.5,14,42,92,207,16,759,246,Mobile,Australia
USR001404,145.0,1.8,1.9,27.4,0.1,76.8,215,41,3,385,18,3247,276,Desktop,Australia
USR001405,2.1,1.4,23.0,4.2,84.0,77.7,832,17,85,273,15,2245,258,Mobile,UK
USR001406,55.8,5.5,1.9,17.7,10.0,74.9,415,20,46,458,34,530,191,Mobile,Germany
USR001407,99.9,2.3,2.7,177.0,1.1,83.4,204,16,57,8,18,115,11,Desktop,Australia
USR001408,9.6,3.7,1.2,0.1,0.3,55.2,261,11,40,184,27,3307,202,Desktop,Germany
USR001409,3.7,6.9,2.3,76.0,5.5,85.3,184,40,63,469,42,843,13,Desktop,Japan
USR001410,17.4,2.9,2.5,7.8,10.0,45.7,395,49,84,382,58,2844,2,Mobile,India
USR001411,281.5,7.7,8.8,23.6,8.0,78.9,61,4,54,390,67,2830,136,Tablet,Japan
USR001412,92.3,13.1,7.0,21.2,5.3,49.2,61,44,74,459,9,716,286,Tablet,Australia
USR001413,77.1,2.2,14.7,6.4,3.5,93.1,404,32,16,201,81,1813,170,Mobile,Germany
USR001414,17.4,10.3,7.1,146.3,6.8,87.9,328,48,42,466,35,107,100,Mobile,Australia
USR001415,39.3,1.5,6.4,0.6,0.1,49.7,136,6,14,452,49,2084,231,Mobile,India
USR001416,62.9,7.6,5.6,0.3,8.9,90.1,69,31,59,265,56,3634,48,Tablet,India
USR001417,27.0,2.3,5.1,41.9,5.4,39.9,50,23,80,327,8,1742,332,Mobile,Brazil
USR001418,132.0,3.0,9.7,0.1,0.5,68.6,165,16,80,161,35,1449,208,Tablet,Australia
USR001419,14.8,0.8,28.3,16.3,7.8,98.4,475,46,93,292,96,522,343,Mobile,UK
USR001420,111.0,1.6,0.9,30.9,27.9,77.0,127,14,72,124,33,1357,223,Desktop,USA
USR001421,59.4,3.4,11.2,92.4,22.0,60.8,151,20,68,461,91,2554,64,Desktop,USA
USR001422,20.3,7.1,3.3,0.0,18.2,67.1,169,31,12,433,10,941,216,Desktop,India
USR001423,6.8,3.7,8.6,145.7,10.9,97.7,109,37,58,119,87,950,182,Mobile,Japan
USR001424,30.5,10.5,27.8,18.2,2.0,41.6,99,37,72,419,42,2820,348,Tablet,USA
USR001425,6.3,4.8,7.8,27.1,4.3,30.0,387,5,30,480,14,79,109,Mobile,Japan
USR001426,4.0,5.3,8.1,163.0,1.3,46.4,78,15,67,250,77,3141,179,Mobile,India
USR001427,14.7,3.0,3.5,41.5,5.6,61.2,375,9,32,364,98,2171,78,Mobile,UK
USR001428,10.8,0.3,6.7,33.7,2.8,48.1,46,32,64,93,20,1406,14,Mobile,Japan
USR001429,294.1,0.2,0.0,81.6,1.1,37.6,161,45,55,39,88,2694,314,Mobile,India
USR001430,1.5,15.2,0.6,22.3,7.2,97.7,31,27,47,197,68,432,93,Mobile,Japan
USR001431,1.0,2.7,9.6,15.4,0.6,25.2,137,8,14,494,13,926,262,Mobile,Japan
USR001432,54.6,6.0,0.3,31.6,0.8,66.9,18,26,27,270,20,2854,320,Mobile,Germany
USR001433,210.2,3.8,12.3,14.6,12.4,35.2,199,18,5,89,48,2681,55,Mobile,Germany
USR001434,57.7,4.5,9.0,75.8,7.4,32.2,81,42,37,36,61,2343,303,Mobile,Germany
USR001435,6.6,2.4,7.4,170.8,12.5,72.9,37,32,85,145,3,2615,58,Desktop,USA
USR001436,34.7,8.3,1.2,22.3,11.4,24.0,159,35,90,398,90,429,225,Desktop,Japan
USR001437,83.9,4.6,1.4,49.8,8.0,55.6,14,26,45,359,72,999,29,Mobile,Brazil
USR001438,5.8,3.7,11.8,112.8,13.1,42.6,124,11,35,367,27,199,222,Mobile,Brazil
USR001439,181.5,6.5,10.4,6.4,9.0,55.5,24,33,28,130,38,230,121,Tablet,Japan
USR001440,95.6,2.1,2.4,63.9,10.0,76.0,239,8,58,167,52,3601,292,Mobile,Brazil
USR001441,1.0,1.2,4.2,15.4,2.2,75.6,629,27,30,15,89,3559,187,Mobile,UK
USR001442,134.4,2.2,7.4,18.1,9.7,91.2,169,34,71,352,71,1803,167,Mobile,UK
USR001443,27.7,15.2,2.7,22.2,0.5,53.2,239,16,67,382,89,2641,266,Mobile,USA
USR001444,15.8,2.3,0.9,13.5,3.1,78.5,253,2,41,211,89,1949,89,Mobile,Germany
USR001445,3.0,15.4,2.0,57.0,8.9,27.0,673,24,42,447,49,955,268,Desktop,UK
USR001446,180.0,0.2,4.2,5.9,1.4,71.1,190,46,40,370,98,2681,145,Mobile,Brazil
USR001447,103.7,2.7,2.6,1.0,8.5,32.8,378,28,24,160,54,2310,296,Mobile,Brazil
USR001448,33.9,1.1,4.8,9.0,58.1,26.5,8,41,65,149,46,974,63,Mobile,Germany
USR001449,93.2,1.4,0.6,68.0,3.8,45.1,310,2,94,30,23,1984,57,Desktop,India
USR001450,187.6,0.6,4.7,4.3,4.5,42.7,353,46,2,246,5,316,246,Mobile,Germany
USR001451,52.1,0.1,3.7,21.5,2.4,60.3,645,0,26,181,10,2094,147,Desktop,Germany
USR001452,159.0,11.7,18.4,4.5,31.5,35.7,325,39,61,178,77,1014,236,Mobile,Germany
USR001453,24.2,16.8,11.9,74.5,12.8,67.4,190,35,9,439,11,304,151,Tablet,USA
USR001454,26.2,2.9,1.3,32.2,60.2,62.3,44,12,63,480,38,1201,268,Desktop,Japan
USR001455,183.2,4.6,29.1,72.5,6.4,49.4,546,42,0,1,25,585,292,Mobile,UK
USR001456,54.6,6.8,2.7,13.8,24.2,69.8,83,19,84,75,8,1500,216,Mobile,Brazil
USR001457,50.4,2.7,14.1,65.9,3.8,75.4,233,41,76,398,90,837,160,Mobile,Japan
USR001458,9.3,6.9,1.4,120.7,10.8,95.5,122,22,17,320,56,1436,353,Desktop,UK
USR001459,21.5,7.4,2.1,60.9,1.2,24.0,348,33,27,362,66,3186,74,Mobile,Brazil
USR001460,30.9,2.6,0.5,32.2,1.3,80.4,298,33,37,247,4,3070,38,Mobile,Brazil
USR001461,278.1,15.3,1.0,19.9,3.6,90.4,797,15,43,91,33,3491,231,Mobile,USA
USR001462,214.2,2.8,1.3,14.4,14.4,32.1,173,3,7,103,57,823,210,Mobile,Brazil
USR001463,58.6,6.3,5.7,22.7,1.9,66.5,262,11,74,494,29,1021,40,Desktop,Brazil
USR001464,36.1,3.4,8.2,37.6,12.0,97.6,194,35,22,229,56,2315,146,Mobile,UK
USR001465,100.3,1.2,4.4,25.8,44.0,82.7,453,20,17,135,67,1576,271,Mobile,USA
USR001466,27.2,4.2,0.6,104.6,22.1,84.3,602,0,48,369,49,3135,69,Mobile,UK
USR001467,66.1,3.8,23.8,1.0,20.0,82.4,27,33,12,304,36,3445,333,Tablet,Germany
USR001468,116.0,17.2,3.6,72.5,2.0,79.6,70,3,65,93,30,2987,243,Mobile,Japan
USR001469,74.6,12.1,7.0,35.4,8.7,93.6,109,7,7,74,6,2282,285,Mobile,UK
USR001470,73.3,4.4,5.6,27.5,2.2,36.2,89,29,96,484,82,1642,128,Mobile,Japan
USR001471,99.9,1.1,4.1,48.3,19.5,89.1,340,49,57,115,68,560,158,Mobile,Japan
USR001472,22.0,7.8,5.9,13.9,2.0,70.3,232,7,67,485,35,827,200,Desktop,USA
USR001473,7.5,2.8,2.7,55.5,1.1,91.3,44,19,8,278,86,1639,311,Mobile,UK
USR001474,16.6,3.2,0.6,15.0,2.4,64.5,80,40,16,138,69,1891,286,Mobile,India
USR001475,83.7,0.3,19.1,7.1,1.3,25.6,5,43,13,167,12,2170,286,Mobile,UK
USR001476,12.3,1.0,3.9,15.7,29.3,97.6,460,48,64,1,96,2067,18,Mobile,UK
USR001477,116.0,0.3,3.6,90.1,1.8,65.3,482,22,29,305,30,2474,357,Mobile,UK
USR001478,37.1,1.0,8.8,1.3,18.6,39.3,217,43,83,123,2,2210,219,Mobile,Australia
USR001479,52.3,6.5,2.1,1.2,8.8,70.1,43,19,59,52,48,3354,83,Mobile,Australia
USR001480,9.4,2.3,15.8,38.3,1.0,71.5,86,34,51,31,3,2614,343,Mobile,USA
USR001481,7.1,4.8,0.1,14.7,3.8,39.6,68,22,2,310,50,2803,21,Mobile,India
USR001482,31.7,1.7,2.1,66.2,16.6,66.8,354,17,8,337,62,198,32,Mobile,India
USR001483,108.9,4.2,2.0,17.7,1.0,84.9,336,48,54,375,93,524,318,Desktop,Japan
USR001484,48.2,1.8,12.3,74.9,5.7,81.8,234,42,63,287,36,3278,96,Mobile,Brazil
USR001485,63.6,5.6,0.4,22.7,2.2,54.4,60,44,33,219,69,2183,246,Tablet,Germany
USR001486,69.9,15.1,4.1,3.9,2.5,83.6,75,37,81,431,95,2015,298,Mobile,USA
USR001487,149.9,4.1,4.3,99.0,3.8,32.8,28,43,88,32,29,3229,156,Desktop,UK
USR001488,35.0,8.7,5.1,0.9,7.7,91.1,101,13,72,423,50,3422,181,Mobile,Japan
USR001489,10.3,0.4,8.7,131.1,7.6,57.3,598,9,22,348,18,1466,111,Mobile,India
USR001490,56.2,2.7,16.5,58.5,36.0,39.5,347,46,67,421,91,662,301,Mobile,Germany
USR001491,79.1,2.6,8.2,21.3,5.8,73.7,99,39,48,80,20,661,201,Mobile,Australia
USR001492,10.6,4.3,2.7,18.0,8.3,21.1,265,16,39,216,81,753,206,Mobile,Germany
USR001493,22.7,0.2,21.0,46.6,4.9,65.6,114,39,27,469,49,1047,254,Desktop,UK
USR001494,139.7,3.2,13.0,86.2,13.1,34.6,91,12,57,261,13,3132,272,Tablet,USA
USR001495,133.0,3.2,1.0,197.0,1.3,46.8,234,10,10,241,46,1613,7,Desktop,Australia
USR001496,53.8,2.7,8.0,2.8,1.1,51.1,73,3,54,409,20,3393,84,Mobile,Germany
USR001497,10.9,1.3,14.1,25.5,3.6,47.7,70,8,70,72,96,907,353,Desktop,Germany
USR001498,14.5,0.4,8.0,31.5,4.4,65.2,28,45,95,491,42,3313,346,Mobile,USA
USR001499,46.4,6.0,1.5,13.6,1.3,73.7,148,39,10,69,77,2566,221,Mobile,India
USR001500,5.3,1.4,0.2,111.2,0.4,58.2,202,42,77,412,99,1717,348,Mobile,Brazil
USR001501,162.1,1.0,0.3,58.0,2.2,80.4,318,13,96,32,80,535,265,Desktop,Germany
USR001502,30.6,5.5,5.6,0.8,1.4,22.9,962,22,5,134,33,121,92,Mobile,Germany
USR001503,47.2,3.8,2.0,41.8,4.1,64.8,305,0,2,427,95,1979,121,Desktop,Japan
USR001504,186.8,15.4,7.9,35.2,12.8,41.9,953,10,75,216,80,982,320,Mobile,USA
USR001505,8.7,4.0,2.4,0.1,8.4,64.6,82,18,93,402,4,2041,110,Tablet,Australia
USR001506,53.7,3.0,1.2,52.8,1.7,24.7,158,6,27,169,34,715,224,Mobile,India
USR001507,140.0,8.6,5.0,10.0,11.1,33.0,220,45,10,177,76,696,306,Mobile,India
USR001508,142.9,6.0,0.5,11.5,48.8,23.2,374,7,4,379,90,2712,320,Desktop,Japan
USR001509,5.4,0.5,18.5,36.6,2.0,45.0,359,49,45,464,92,1714,359,Mobile,UK
USR001510,135.3,1.1,3.1,39.6,0.2,48.0,350,44,3,41,14,158,336,Tablet,Australia
USR001511,1.3,3.6,3.8,8.0,6.3,80.4,347,16,53,205,17,3507,40,Mobile,Japan
USR001512,16.6,9.5,2.9,58.9,8.3,56.5,324,44,89,334,68,2010,294,Tablet,UK
USR001513,233.1,11.3,8.7,78.0,4.8,78.1,358,30,78,386,10,359,349,Desktop,Japan
USR001514,12.5,2.0,0.7,153.2,6.2,25.9,88,11,61,340,92,694,219,Mobile,Brazil
USR001515,15.0,8.0,5.2,18.6,5.0,21.2,31,11,53,409,84,3563,118,Mobile,Japan
USR001516,24.4,20.3,2.8,94.0,24.6,23.2,7,35,88,180,86,2231,126,Mobile,UK
USR001517,22.3,4.0,1.2,52.4,2.0,39.6,80,5,60,348,32,1449,246,Mobile,Germany
USR001518,41.9,15.6,1.2,3.4,7.1,56.1,652,12,83,149,65,346,178,Tablet,Germany
USR001519,37.3,1.1,0.3,12.5,5.5,22.9,247,21,92,266,0,225,334,Tablet,Australia
USR001520,4.2,5.9,4.8,6.3,9.4,56.4,74,30,22,406,28,2522,156,Desktop,Brazil
USR001521,52.8,14.0,4.1,37.4,16.8,90.3,63,15,80,479,95,1179,251,Mobile,Germany
USR001522,10.9,9.9,1.9,3.1,12.9,68.7,0,7,28,139,10,2233,99,Mobile,Japan
USR001523,7.4,2.0,6.9,16.0,28.3,50.8,234,37,16,244,63,1983,112,Mobile,Germany
USR001524,148.5,9.9,3.1,70.1,11.0,82.8,531,36,53,26,39,2413,218,Mobile,Germany
USR001525,20.2,0.8,0.6,178.4,13.3,98.1,32,30,44,237,63,713,247,Mobile,UK
USR001526,28.0,9.4,0.1,62.2,4.5,74.1,238,42,22,208,23,605,186,Mobile,Japan
USR001527,95.7,11.9,10.6,22.1,6.5,91.3,43,49,25,443,24,733,199,Mobile,Australia
USR001528,1.0,4.2,0.2,46.6,19.2,95.8,309,26,74,218,76,3162,337,Tablet,Germany
USR001529,31.8,10.9,0.4,63.1,1.0,58.7,17,38,35,23,47,2999,31,Desktop,India
USR001530,147.0,0.7,0.5,25.3,7.9,79.5,95,9,67,34,13,1100,178,Mobile,USA
USR001531,41.3,1.0,2.8,38.2,5.7,77.6,26,41,95,467,13,1060,22,Mobile,Germany
USR001532,94.0,0.4,3.2,84.7,12.4,20.3,658,43,30,198,21,2998,52,Mobile,India
USR001533,295.2,8.3,4.5,83.9,7.2,43.2,344,16,34,455,98,1211,28,Mobile,USA
USR001534,59.1,1.5,2.3,40.1,10.5,43.4,18,13,1,109,50,962,33,Mobile,USA
USR001535,38.4,10.4,7.1,88.7,2.5,50.4,212,16,99,473,66,2265,260,Tablet,UK
USR001536,7.2,1.2,5.1,63.6,13.8,61.8,594,46,73,119,52,3140,144,Desktop,India
USR001537,7.8,15.7,0.0,89.6,9.1,21.7,379,0,84,292,94,2393,282,Mobile,Australia
USR001538,89.0,7.7,2.8,97.2,17.2,66.1,108,30,53,0,47,770,147,Mobile,Brazil
USR001539,21.2,3.5,3.0,45.0,13.7,76.0,196,40,62,84,24,3513,336,Desktop,Brazil
USR001540,48.0,2.2,7.8,74.0,12.6,80.4,664,6,97,488,30,2847,3,Mobile,India
USR001541,122.6,7.8,9.3,29.9,12.4,61.5,303,1,36,146,47,2609,169,Mobile,UK
USR001542,15.6,9.2,3.0,72.3,4.5,44.8,165,3,1,15,35,3199,333,Desktop,Australia
USR001543,37.0,8.5,7.8,151.1,0.3,72.5,170,47,94,456,0,1673,31,Mobile,Brazil
USR001544,32.4,2.9,1.5,5.8,4.5,61.4,888,48,85,309,8,2589,237,Mobile,USA
USR001545,25.1,1.8,5.7,77.7,21.7,43.7,218,48,19,129,49,1055,362,Mobile,USA
USR001546,17.2,1.7,7.9,56.1,22.5,38.6,18,42,5,429,49,1687,357,Mobile,India
USR001547,28.7,0.6,7.5,28.8,4.8,57.0,20,26,75,199,72,908,335,Mobile,Brazil
USR001548,29.5,12.3,13.8,4.5,13.4,27.3,297,16,31,53,14,3404,293,Mobile,India
USR001549,27.2,0.5,0.1,47.6,31.7,21.4,41,10,44,327,24,3534,347,Mobile,Australia
USR001550,28.1,6.0,14.8,16.6,8.5,58.2,144,35,11,410,6,1647,210,Mobile,Brazil
USR001551,12.1,0.6,4.5,42.3,0.2,35.6,503,44,71,277,17,227,84,Mobile,UK
USR001552,60.4,8.8,5.0,55.3,2.0,55.9,353,0,39,318,45,2684,144,Mobile,UK
USR001553,27.9,1.3,6.6,154.6,10.3,25.8,522,30,37,117,83,1515,251,Desktop,Germany
USR001554,54.7,4.0,17.1,4.7,33.3,38.6,350,20,15,138,76,983,11,Desktop,India
USR001555,2.2,2.3,12.7,26.7,0.1,85.2,644,8,74,5,60,3030,330,Mobile,Japan
USR001556,99.5,3.1,4.2,19.7,5.0,88.6,207,25,44,310,65,1311,29,Mobile,Australia
USR001557,9.4,2.7,7.4,23.6,1.2,94.5,187,10,68,69,44,3069,244,Mobile,Australia
USR001558,30.7,2.1,3.2,72.8,6.3,57.7,268,23,43,419,52,775,213,Mobile,India
USR001559,17.8,1.8,28.6,114.3,8.1,66.8,199,48,34,177,96,2235,150,Mobile,Brazil
USR001560,57.8,0.4,0.2,6.4,21.1,53.2,105,33,23,39,61,993,200,Mobile,UK
USR001561,21.1,6.6,24.1,19.3,23.8,55.1,0,2,91,320,19,2618,285,Mobile,India
USR001562,3.9,9.9,3.2,36.6,14.1,55.2,279,39,20,115,13,1817,175,Desktop,Australia
USR001563,53.3,2.6,6.0,3.0,2.9,50.7,34,22,38,99,64,198,186,Desktop,Brazil
USR001564,46.7,2.9,0.9,14.9,5.4,76.7,102,10,87,454,92,3648,157,Mobile,India
USR001565,150.2,4.2,2.5,8.5,1.5,73.5,113,28,3,285,11,1308,242,Mobile,India
USR001566,20.1,10.9,0.1,78.6,14.6,30.6,214,36,45,112,5,1392,290,Mobile,USA
USR001567,19.7,0.5,26.4,0.6,8.0,78.1,56,0,72,7,87,2800,212,Mobile,UK
USR001568,3.9,10.0,35.3,70.9,26.4,56.1,121,11,9,309,31,1946,76,Mobile,Germany
USR001569,12.9,4.7,6.7,24.6,1.0,47.3,83,8,95,256,28,2699,204,Mobile,Australia
USR001570,8.7,1.9,2.5,85.9,0.4,52.7,94,20,36,231,67,2688,191,Mobile,UK
USR001571,72.0,4.3,0.6,9.0,2.4,90.3,114,16,58,67,4,2020,143,Mobile,India
USR001572,38.6,6.9,5.3,20.2,5.3,34.6,131,27,24,364,3,2748,214,Mobile,Japan
USR001573,41.2,13.1,10.0,24.4,3.4,37.2,0,8,52,294,82,786,351,Tablet,Brazil
USR001574,109.6,2.2,3.7,43.4,30.3,28.0,90,20,51,483,63,2879,118,Mobile,Japan
USR001575,75.5,6.5,5.4,41.7,1.8,71.5,230,2,87,495,63,3157,168,Mobile,USA
USR001576,113.2,3.9,14.9,173.4,1.5,97.4,119,4,62,363,40,2452,67,Desktop,India
USR001577,12.4,4.6,1.1,47.9,1.2,47.7,467,31,10,88,98,650,18,Desktop,Brazil
USR001578,5.5,2.1,0.2,85.6,2.9,93.6,6,12,40,8,65,494,2,Tablet,USA
USR001579,26.0,0.2,20.7,3.1,0.8,64.8,374,47,6,279,78,858,40,Desktop,India
USR001580,20.4,2.6,23.8,33.4,1.1,40.9,763,3,86,238,54,2665,79,Mobile,Australia
USR001581,23.9,4.8,0.3,21.7,17.7,31.0,250,27,64,74,45,2576,252,Desktop,Brazil
USR001582,92.6,3.1,12.1,35.2,1.1,52.5,27,34,48,358,60,1861,19,Mobile,India
USR001583,80.9,5.5,14.9,34.7,16.5,21.9,290,2,2,123,44,1635,282,Desktop,USA
USR001584,19.3,1.1,4.6,52.7,0.8,24.5,255,9,14,73,86,3130,67,Desktop,Brazil
USR001585,17.8,2.6,4.6,84.4,5.4,98.1,339,18,86,194,16,373,27,Mobile,Japan
USR001586,32.9,3.0,2.4,14.0,4.4,85.2,1,15,28,468,27,184,74,Mobile,Japan
USR001587,16.9,25.9,22.6,11.8,17.5,22.9,74,7,39,221,60,3198,350,Mobile,UK
USR001588,8.7,4.0,12.9,63.1,1.4,92.3,42,6,37,477,1,754,90,Mobile,Japan
USR001589,4.1,0.6,6.9,30.1,0.2,80.6,10,35,70,25,27,2045,40,Mobile,Australia
USR001590,156.7,4.1,1.4,83.4,42.9,68.5,154,15,56,81,56,905,307,Mobile,Australia
USR001591,99.5,16.1,2.8,10.0,9.2,66.6,117,46,27,28,52,1437,257,Tablet,Germany
USR001592,48.5,0.6,0.1,84.4,3.6,84.8,110,16,51,470,7,2647,136,Mobile,USA
USR001593,37.7,1.6,9.8,26.6,17.4,26.7,99,25,40,234,71,2320,208,Mobile,Germany
USR001594,18.0,8.7,12.0,8.4,0.4,86.0,244,22,44,354,7,1845,131,Mobile,India
USR001595,90.6,7.9,8.7,71.3,9.7,25.7,319,48,12,372,20,432,4,Mobile,Brazil
USR001596,5.6,0.3,17.9,48.9,6.6,44.6,177,6,15,199,37,1001,200,Mobile,Japan
USR001597,49.3,1.6,13.3,66.4,5.7,22.5,56,37,73,41,18,1567,246,Desktop,Germany
USR001598,11.9,1.1,3.8,54.6,13.6,84.5,500,7,46,274,57,2675,245,Mobile,USA
USR001599,126.1,1.7,21.9,126.4,13.0,54.3,10,43,10,469,2,2686,211,Mobile,USA
USR001600,26.3,3.8,4.8,33.2,23.2,84.0,130,40,74,382,12,195,257,Mobile,Japan
USR001601,22.5,7.6,21.8,27.0,10.1,45.7,93,34,97,444,66,351,122,Mobile,India
USR001602,15.9,0.3,3.4,27.1,20.2,41.1,457,43,31,57,7,1040,350,Mobile,India
USR001603,96.3,2.3,7.6,11.0,3.5,49.7,84,27,43,100,19,96,216,Mobile,Japan
USR001604,72.8,4.0,9.8,35.0,4.9,90.9,24,22,88,262,91,2191,329,Mobile,India
USR001605,28.8,3.4,0.7,19.9,15.0,50.0,151,39,60,24,4,294,26,Mobile,India
USR001606,8.1,0.8,8.8,34.5,1.7,85.9,680,44,54,233,25,38,190,Mobile,USA
USR001607,36.2,4.1,40.3,39.4,4.5,80.0,300,19,57,26,17,1140,80,Mobile,India
USR001608,8.1,5.9,5.6,4.9,0.7,41.1,137,18,16,294,36,3639,158,Tablet,USA
USR001609,40.2,6.4,1.8,15.4,11.9,68.7,138,30,69,21,89,3516,8,Desktop,Germany
USR001610,150.1,0.0,4.9,22.0,8.5,62.1,24,6,73,123,42,918,116,Desktop,India
USR001611,70.8,0.4,0.8,6.4,2.3,36.5,272,42,4,396,32,2598,81,Desktop,Japan
USR001612,62.8,5.8,3.0,17.4,2.4,43.5,785,4,95,374,28,3470,192,Mobile,Australia
USR001613,132.6,1.2,1.8,25.5,18.6,66.4,326,8,73,412,99,552,209,Mobile,USA
USR001614,48.7,5.5,9.5,0.4,1.3,39.0,222,37,98,19,60,1796,56,Desktop,Germany
USR001615,30.7,9.7,4.3,3.4,4.7,37.5,78,0,32,72,4,1307,142,Desktop,Brazil
USR001616,17.7,26.6,20.2,80.8,4.5,69.5,251,12,17,209,21,2611,246,Mobile,Australia
USR001617,23.7,1.4,1.5,81.9,0.4,79.1,411,4,93,90,64,2563,358,Desktop,India
USR001618,41.6,20.6,15.1,74.7,25.1,42.6,75,37,53,94,59,3528,175,Mobile,Brazil
USR001619,164.3,1.1,5.0,9.8,13.6,82.6,174,31,6,163,81,3501,105,Mobile,Australia
USR001620,122.2,25.9,0.5,197.2,13.7,82.8,142,33,80,377,1,2056,106,Mobile,USA
USR001621,56.3,3.8,2.0,67.7,0.4,58.2,462,11,92,238,38,57,317,Mobile,India
USR001622,27.8,0.1,0.3,67.2,11.8,32.1,191,34,64,13,84,2999,310,Mobile,Germany
USR001623,4.6,1.9,7.7,4.4,1.1,37.0,476,8,33,360,69,1763,303,Desktop,USA
USR001624,15.6,7.3,7.2,111.6,6.0,89.2,39,3,33,254,95,1600,281,Mobile,Australia
USR001625,15.5,18.8,10.6,33.7,0.4,25.5,76,43,70,391,7,2028,188,Mobile,UK
USR001626,27.7,3.8,14.9,12.4,0.1,87.6,31,23,38,401,39,1936,223,Mobile,Germany
USR001627,97.6,0.3,6.6,21.9,5.5,94.4,55,14,12,215,46,895,170,Mobile,Brazil
USR001628,55.1,4.3,0.7,63.8,6.6,86.8,1340,0,13,91,5,3542,330,Tablet,Brazil
USR001629,59.1,5.9,8.0,71.4,2.9,49.5,24,29,97,392,21,3155,155,Mobile,UK
USR001630,12.5,0.9,0.9,13.4,7.1,70.1,225,46,88,34,69,3613,357,Tablet,India
USR001631,2.7,0.3,0.8,25.0,11.4,88.0,438,24,87,30,73,2287,226,Mobile,India
USR001632,23.0,0.8,4.3,2.7,13.8,40.8,514,19,76,54,31,2968,277,Mobile,Germany
USR001633,24.0,16.4,7.6,12.2,0.3,82.8,152,24,52,207,22,3172,205,Tablet,India
USR001634,9.5,2.8,17.5,17.5,22.5,85.9,295,26,90,349,24,2104,162,Mobile,Germany
USR001635,48.7,10.1,8.8,104.3,24.4,85.9,176,20,20,368,22,2860,364,Mobile,Australia
USR001636,8.1,3.7,4.4,160.6,6.9,22.1,39,30,91,241,4,2334,140,Mobile,USA
USR001637,46.6,0.4,6.4,149.0,4.3,28.9,163,45,85,100,0,2428,315,Mobile,India
USR001638,74.8,5.2,0.8,158.6,22.3,55.6,911,36,83,484,85,2275,166,Mobile,India
USR001639,7.7,1.0,10.7,102.3,5.6,57.2,184,14,47,148,95,1020,94,Mobile,USA
USR001640,12.3,4.7,2.8,6.4,7.9,95.8,1554,49,31,122,37,2478,327,Desktop,UK
USR001641,36.6,10.4,18.6,17.5,17.1,95.1,108,30,56,424,59,575,183,Desktop,India
USR001642,81.9,2.1,15.4,0.9,4.8,60.9,309,44,59,72,88,3002,244,Mobile,Germany
USR001643,43.1,3.8,8.0,3.3,27.3,81.4,2,14,55,302,10,1605,35,Mobile,UK
USR001644,174.0,9.6,4.2,16.1,2.6,27.4,464,45,67,349,25,459,288,Tablet,UK
USR001645,1.0,3.4,11.2,5.8,1.8,94.7,94,43,47,81,12,932,251,Mobile,USA
USR001646,20.6,20.9,0.6,72.5,13.2,24.9,163,22,92,321,43,562,323,Mobile,USA
USR001647,142.4,2.8,12.4,59.9,6.4,81.1,412,24,88,183,16,893,9,Mobile,Australia
USR001648,1.4,1.9,5.4,52.7,16.8,71.8,402,48,50,389,74,298,329,Mobile,Japan
USR001649,163.9,40.4,5.1,51.3,14.5,29.3,78,29,51,493,90,3211,115,Desktop,USA
USR001650,31.1,10.8,4.0,8.5,1.0,73.4,373,2,31,68,11,2383,117,Mobile,USA
USR001651,37.0,0.8,6.6,83.9,7.6,67.4,68,49,22,23,90,3103,62,Mobile,Japan
USR001652,10.2,0.5,7.7,15.1,1.8,57.3,153,21,93,148,32,2515,124,Mobile,UK
USR001653,130.2,10.0,0.2,0.5,4.5,43.5,377,32,35,229,70,2111,341,Mobile,Japan
USR001654,88.3,16.4,38.5,26.4,2.0,32.6,27,30,10,166,97,3086,45,Desktop,UK
USR001655,2.8,11.4,11.9,8.6,45.1,68.0,74,15,38,87,16,1040,335,Mobile,Japan
USR001656,15.5,8.7,28.3,59.1,1.2,41.2,135,43,13,62,44,2482,276,Mobile,Brazil
USR001657,21.8,13.8,0.4,72.7,2.2,53.3,93,36,75,42,37,1139,23,Desktop,USA
USR001658,106.4,6.1,9.6,30.1,9.0,99.3,12,3,26,468,5,1453,157,Mobile,Germany
USR001659,1.2,0.5,3.7,65.4,24.0,57.1,116,49,52,5,70,2965,304,Desktop,USA
USR001660,10.9,3.8,5.1,8.9,41.4,50.3,186,0,81,496,71,1633,170,Mobile,USA
USR001661,82.3,6.4,6.7,28.0,30.3,80.8,70,15,87,290,68,1648,63,Desktop,Brazil
USR001662,17.5,8.1,2.5,4.1,23.6,52.7,71,9,8,98,58,3428,125,Mobile,Brazil
USR001663,23.2,2.1,8.5,12.2,48.1,90.9,220,1,66,360,31,1318,307,Mobile,Australia
USR001664,44.6,5.0,0.5,29.4,0.9,31.4,570,11,92,1,84,3505,302,Tablet,UK
USR001665,48.3,2.8,5.5,89.6,2.7,25.8,147,32,79,225,73,204,37,Mobile,India
USR001666,19.1,4.6,0.3,15.4,3.2,50.7,23,42,59,249,26,2483,277,Mobile,Australia
USR001667,1.0,15.4,2.2,46.8,2.1,42.6,38,32,29,63,9,239,363,Desktop,Australia
USR001668,127.4,2.2,0.1,12.5,6.1,25.0,118,12,14,357,35,3101,358,Mobile,India
USR001669,31.9,5.3,6.5,87.1,16.1,57.7,99,29,76,438,37,2429,191,Desktop,UK
USR001670,19.6,0.1,1.4,193.9,1.2,65.6,49,3,48,309,70,706,10,Mobile,USA
USR001671,144.7,4.0,0.2,84.2,9.5,88.9,36,19,57,313,18,2278,213,Mobile,Japan
USR001672,6.3,12.0,0.1,86.0,17.0,88.1,126,11,79,320,1,1213,193,Mobile,USA
USR001673,28.0,2.3,13.1,194.1,1.2,66.6,23,37,68,366,98,1173,126,Desktop,India
USR001674,46.7,6.3,20.4,116.5,4.5,65.2,618,27,40,301,99,298,86,Desktop,Brazil
USR001675,164.1,10.3,0.3,5.5,1.1,98.9,185,29,40,258,57,1309,328,Mobile,Japan
USR001676,112.7,0.2,3.3,149.4,1.5,66.4,159,19,14,437,11,3057,116,Mobile,UK
USR001677,85.9,18.2,16.3,14.1,14.7,60.3,75,3,89,18,16,784,251,Desktop,Japan
USR001678,273.6,0.5,0.6,0.3,9.5,24.2,90,26,69,250,67,637,260,Mobile,India
USR001679,41.9,2.2,3.6,66.8,44.7,89.1,45,47,2,465,8,644,96,Mobile,India
USR001680,3.7,2.4,11.1,19.2,16.3,24.2,131,15,73,284,15,1114,13,Mobile,Japan
USR001681,37.2,11.5,2.6,152.7,9.5,96.7,539,32,58,193,52,1133,342,Desktop,UK
USR001682,63.3,1.8,5.0,0.2,8.1,41.2,20,36,33,184,49,1122,166,Mobile,India
USR001683,67.9,5.6,5.1,60.7,11.7,36.6,504,36,73,17,55,722,154,Mobile,Brazil
USR001684,241.0,1.1,8.2,29.1,3.6,43.4,522,35,49,12,49,3270,79,Mobile,Australia
USR001685,264.2,7.6,1.6,34.8,5.5,34.6,14,3,90,497,7,264,56,Mobile,UK
USR001686,34.9,2.3,0.0,224.0,17.3,46.0,680,19,22,281,42,3412,166,Mobile,Germany
USR001687,11.7,7.2,6.3,45.8,35.8,38.9,288,16,0,43,50,3397,364,Mobile,UK
USR001688,26.5,2.5,2.7,33.1,5.1,89.2,138,7,72,305,82,2189,88,Mobile,Japan
USR001689,118.3,2.4,5.0,45.7,6.1,32.9,0,39,25,372,50,3153,255,Mobile,Germany
USR001690,98.7,7.5,0.9,42.1,3.6,76.3,11,35,61,142,76,3437,256,Mobile,Germany
USR001691,32.2,1.9,7.3,36.5,0.5,32.1,253,18,37,380,36,3281,112,Mobile,Australia
USR001692,22.5,2.9,4.3,125.7,5.4,50.3,49,11,74,377,91,3226,144,Mobile,Australia
USR001693,67.9,1.1,2.3,32.3,6.4,70.9,202,10,67,116,69,903,122,Mobile,India
USR001694,46.9,10.1,0.1,5.9,7.2,48.4,269,25,7,194,22,1038,268,Mobile,Japan
USR001695,29.6,5.3,4.5,60.7,1.6,36.2,73,15,54,279,5,3389,217,Mobile,UK
USR001696,40.6,5.5,25.0,93.7,18.0,47.8,186,14,8,203,58,695,187,Desktop,USA
USR001697,26.0,7.5,0.2,15.3,1.1,50.8,1414,8,35,166,10,870,361,Mobile,USA
USR001698,142.0,1.7,0.2,15.6,3.7,30.0,36,28,53,196,89,1750,116,Desktop,India
USR001699,30.7,0.4,4.0,28.1,13.5,78.7,331,35,15,341,19,1325,11,Mobile,UK
USR001700,370.7,0.4,2.9,117.4,9.3,89.0,141,21,14,441,11,2176,191,Mobile,Australia
USR001701,66.3,2.7,1.9,13.0,12.0,43.5,7,42,9,37,19,2612,113,Desktop,Japan
USR001702,60.7,10.8,1.6,27.5,9.8,24.9,182,12,99,341,54,1985,220,Mobile,India
USR001703,61.8,2.5,4.8,28.0,35.9,26.9,43,44,42,476,57,1251,24,Mobile,UK
USR001704,30.4,1.1,9.8,34.3,15.9,33.2,134,3,36,270,75,1791,326,Mobile,USA
USR001705,85.7,0.3,1.4,63.9,24.8,84.3,355,46,66,58,85,2697,46,Tablet,UK
USR001706,16.2,0.3,7.9,27.0,7.7,78.8,48,1,24,97,75,3253,68,Desktop,India
USR001707,117.5,1.8,3.3,22.4,14.8,93.0,294,5,95,177,41,704,316,Mobile,India
USR001708,16.7,0.3,2.4,64.7,0.5,67.2,160,29,67,42,14,2094,170,Mobile,UK
USR001709,48.5,3.7,3.8,0.4,0.8,87.6,67,9,24,234,38,1711,226,Desktop,Germany
USR001710,100.3,11.5,0.2,69.7,16.8,75.0,200,18,82,267,37,1146,272,Tablet,UK
USR001711,49.3,6.0,0.2,22.2,8.4,51.6,341,8,29,293,18,3210,104,Mobile,Australia
USR001712,6.4,0.2,6.0,65.0,3.2,25.0,75,28,89,290,62,3038,17,Desktop,UK
USR001713,237.5,7.4,28.5,3.4,5.7,81.8,291,33,2,465,98,1916,335,Tablet,Australia
USR001714,87.3,4.2,4.5,26.2,1.5,36.7,97,0,31,172,16,1355,225,Tablet,Australia
USR001715,76.5,3.2,33.6,52.8,2.6,56.0,7,19,63,96,84,2545,142,Mobile,Germany
USR001716,67.7,7.3,8.4,2.6,3.6,91.3,277,34,50,449,64,239,208,Mobile,UK
USR001717,186.5,15.8,1.3,19.1,4.6,99.8,85,4,5,156,40,1912,290,Desktop,India
USR001718,93.5,2.0,2.5,2.6,9.2,44.4,179,30,0,196,29,1720,52,Mobile,USA
USR001719,1.5,2.7,20.6,4.8,2.5,98.7,53,2,27,211,24,2615,25,Mobile,Germany
USR001720,119.1,4.4,14.2,97.5,17.4,46.3,404,23,71,236,61,940,146,Tablet,Japan
USR001721,15.4,5.3,14.6,2.7,18.7,43.4,106,38,79,222,80,1821,41,Mobile,Germany
USR001722,124.7,0.8,2.5,161.3,0.8,56.4,215,35,9,100,86,1511,215,Mobile,Brazil
USR001723,20.6,10.5,7.6,9.7,1.3,48.0,37,29,49,63,92,3002,199,Mobile,Japan
USR001724,69.6,3.8,8.0,10.0,5.8,96.7,592,43,29,399,13,3106,96,Mobile,Germany
USR001725,87.9,4.1,3.6,85.6,8.7,22.9,488,16,56,142,25,2295,29,Mobile,India
USR001726,1.7,2.2,5.4,38.7,20.8,41.1,489,10,55,210,53,3486,251,Mobile,Australia
USR001727,69.1,5.2,3.7,72.3,6.3,43.6,232,13,89,192,85,1857,71,Tablet,Brazil
USR001728,13.8,3.3,2.5,10.6,15.8,93.5,19,43,28,82,65,1304,226,Mobile,Germany
USR001729,11.1,9.5,6.6,86.9,3.6,98.3,113,38,89,2,28,2346,113,Mobile,Japan
USR001730,22.7,3.0,6.1,1.1,19.9,77.8,46,18,67,153,46,1602,237,Mobile,USA
USR001731,21.8,3.8,6.9,65.2,10.7,95.3,88,2,17,126,3,1942,213,Mobile,USA
USR001732,117.0,2.4,0.5,8.5,13.1,84.4,238,21,56,467,39,3431,217,Mobile,UK
USR001733,24.8,0.5,14.3,183.7,5.9,45.8,68,48,18,492,28,1109,73,Mobile,Japan
USR001734,44.5,3.1,24.6,8.6,1.4,78.1,343,1,50,0,82,3379,354,Mobile,Brazil
USR001735,2.2,0.9,27.9,29.7,2.7,92.1,34,5,21,267,9,2807,270,Mobile,Brazil
USR001736,7.8,1.6,2.0,29.1,0.2,58.5,122,47,22,157,88,1459,310,Mobile,USA
USR001737,13.2,2.2,10.8,52.7,22.9,67.4,329,38,66,22,43,3209,83,Mobile,Japan
USR001738,120.6,10.3,4.6,118.3,3.2,40.8,246,45,93,23,37,2074,135,Mobile,Germany
USR001739,150.0,1.2,5.4,28.3,15.6,68.3,409,28,43,343,51,1446,339,Desktop,India
USR001740,68.5,8.1,12.9,13.5,10.3,26.7,227,9,1,442,51,1363,224,Desktop,Brazil
USR001741,6.9,3.1,10.6,99.8,12.4,36.7,29,33,38,343,74,1185,65,Mobile,Germany
USR001742,27.5,6.0,3.1,16.3,3.1,98.5,316,14,17,341,75,1638,245,Mobile,Germany
USR001743,6.8,3.7,0.1,17.8,10.5,81.2,264,43,11,395,59,1125,207,Mobile,Brazil
USR001744,250.4,1.0,12.1,29.5,17.1,28.4,659,46,68,169,70,283,166,Mobile,Brazil
USR001745,166.8,16.1,5.9,5.4,1.0,25.9,351,30,49,259,32,2927,98,Mobile,India
USR001746,87.7,1.2,6.3,6.6,2.2,99.3,37,30,72,113,41,2569,175,Tablet,Brazil
USR001747,21.1,4.5,17.6,13.1,1.4,39.6,584,46,69,12,25,1948,77,Mobile,Germany
USR001748,1.4,3.7,9.1,67.3,8.7,59.0,163,27,28,226,91,1716,195,Mobile,USA
USR001749,79.2,8.2,4.1,20.8,13.1,27.7,141,43,56,289,14,1878,291,Mobile,Brazil
USR001750,8.5,0.2,5.3,13.7,6.0,34.1,29,46,41,214,18,285,304,Tablet,UK
USR001751,5.5,10.1,7.2,25.7,14.6,70.0,39,5,76,218,3,3334,4,Mobile,USA
USR001752,233.1,2.9,13.7,41.7,19.1,36.9,36,42,87,318,96,2827,174,Mobile,UK
USR001753,22.6,6.1,0.7,43.0,7.8,66.9,196,14,25,383,0,2607,354,Mobile,Germany
USR001754,90.3,2.4,16.3,5.3,6.4,87.1,80,5,59,157,72,2817,197,Desktop,India
USR001755,57.5,7.1,1.6,35.9,16.9,29.6,35,34,20,485,74,2980,219,Mobile,Brazil
USR001756,4.9,0.8,3.1,28.2,0.3,35.6,19,4,2,107,20,309,353,Mobile,India
USR001757,5.3,1.6,7.3,19.3,3.6,44.0,276,37,36,412,28,2729,362,Mobile,UK
USR001758,287.1,0.1,4.6,43.2,3.3,30.5,571,1,40,37,32,3078,80,Mobile,UK
USR001759,39.0,1.0,15.6,70.2,0.3,29.4,128,40,99,480,4,1923,344,Mobile,Germany
USR001760,10.5,3.8,35.0,25.1,9.3,83.1,260,49,7,264,4,1991,196,Mobile,Japan
USR001761,34.2,0.5,8.2,42.1,4.0,78.6,226,15,0,64,59,184,286,Mobile,Germany
USR001762,60.6,2.9,1.5,12.4,7.9,85.5,522,23,47,286,50,456,170,Mobile,USA
USR001763,2.1,2.1,6.6,72.5,5.9,77.0,97,15,93,116,14,1276,339,Mobile,Brazil
USR001764,93.0,2.2,2.4,57.4,1.8,20.4,297,39,20,374,76,2391,351,Mobile,India
USR001765,4.1,0.2,23.3,67.3,6.5,65.1,38,42,87,451,6,3470,194,Mobile,Brazil
USR001766,66.9,3.5,1.4,11.7,5.5,56.7,99,40,60,419,57,2955,317,Mobile,Germany
USR001767,20.6,1.5,11.5,5.7,14.5,84.4,102,3,2,265,64,3623,105,Mobile,Germany
USR001768,35.1,14.6,1.9,77.8,0.8,38.6,290,42,10,3,88,1181,89,Mobile,Japan
USR001769,43.7,1.7,6.9,42.3,8.4,29.2,119,7,65,342,45,3628,222,Tablet,USA
USR001770,122.1,5.3,2.3,32.5,17.7,96.2,203,0,6,279,69,3038,121,Mobile,Germany
USR001771,67.6,1.7,3.6,7.3,26.8,68.3,314,20,72,17,65,1792,25,Mobile,UK
USR001772,72.4,5.2,6.0,76.2,5.9,78.4,240,42,77,453,35,422,54,Tablet,India
USR001773,72.5,10.1,0.5,9.6,11.5,62.6,78,46,98,184,28,1311,275,Desktop,Brazil
USR001774,5.1,6.9,2.9,58.0,4.1,47.7,194,3,38,116,71,3542,146,Desktop,Germany
USR001775,13.1,12.5,0.5,100.4,5.1,92.2,382,7,27,283,28,1430,192,Mobile,Germany
USR001776,5.3,9.5,0.4,19.4,5.9,70.4,180,6,13,166,63,831,98,Mobile,India
USR001777,12.0,11.2,8.5,8.9,12.0,93.0,113,0,41,162,97,1656,45,Mobile,India
USR001778,219.8,6.5,1.3,36.9,0.8,71.8,311,15,98,230,40,1479,184,Mobile,India
USR001779,21.0,0.4,1.9,41.0,5.7,84.9,185,46,73,430,93,38,100,Mobile,Brazil
USR001780,36.5,12.9,1.2,14.7,19.0,95.2,95,5,69,224,42,2434,330,Desktop,Germany
USR001781,36.9,0.8,3.7,44.7,9.2,77.9,29,25,44,122,11,226,217,Mobile,USA
USR001782,30.4,1.6,7.2,22.0,0.3,60.1,239,36,13,492,62,2916,15,Mobile,Australia
USR001783,58.0,10.6,3.1,52.5,11.2,87.5,242,12,96,275,18,531,261,Mobile,India
USR001784,66.2,5.9,3.3,197.4,2.9,50.4,19,24,91,301,56,2975,14,Mobile,Japan
USR001785,16.2,8.9,0.8,16.1,5.6,46.5,265,11,75,327,89,1218,96,Mobile,Germany
USR001786,68.4,11.3,6.0,3.0,5.0,46.3,67,7,43,497,47,357,284,Desktop,Germany
USR001787,49.0,4.5,7.0,39.2,11.7,70.8,207,28,94,298,12,3499,295,Mobile,Brazil
USR001788,214.5,0.9,0.5,17.3,0.5,71.5,405,18,46,42,79,448,234,Tablet,Japan
USR001789,23.1,1.4,3.7,132.4,24.3,20.6,9,31,88,247,31,3220,68,Desktop,Australia
USR001790,44.7,7.8,1.5,3.4,2.9,49.8,202,41,67,259,84,3237,364,Mobile,UK
USR001791,21.3,2.0,6.3,27.2,2.2,86.8,33,9,51,307,43,1443,87,Desktop,Germany
USR001792,209.0,2.5,2.9,4.3,15.9,94.4,6,26,48,365,94,1428,159,Mobile,India
USR001793,108.7,1.0,8.3,34.6,20.1,76.6,511,9,35,316,10,1952,196,Mobile,Japan
USR001794,69.4,3.8,0.9,5.0,10.7,30.0,241,0,87,350,71,757,277,Mobile,India
USR001795,110.6,14.8,1.7,30.5,4.3,98.6,217,26,65,358,66,1602,341,Mobile,USA
USR001796,65.7,1.8,3.2,30.2,10.0,48.4,32,31,6,120,39,1747,351,Mobile,Australia
USR001797,22.0,3.3,5.7,14.0,0.0,98.0,199,33,15,374,58,323,187,Tablet,UK
USR001798,43.5,3.8,1.1,8.5,8.0,79.4,55,13,24,205,90,988,341,Tablet,Germany
USR001799,12.6,9.4,25.6,11.5,3.7,64.3,169,35,82,90,5,3472,223,Mobile,Japan
USR001800,30.9,3.7,1.7,6.0,0.0,27.1,194,45,44,169,98,673,119,Tablet,India
USR001801,1.0,2.5,8.2,21.6,1.9,54.9,65,24,91,442,3,2259,250,Mobile,Australia
USR001802,23.7,0.1,12.1,27.9,8.7,44.1,283,34,93,387,98,2350,155,Tablet,UK
USR001803,30.6,2.6,0.9,89.9,4.9,93.3,35,7,19,222,72,439,348,Mobile,Germany
USR001804,34.5,6.3,7.9,15.8,30.6,91.6,227,49,32,470,98,808,224,Desktop,Germany
USR001805,102.5,8.3,0.5,38.4,11.3,77.6,61,6,22,406,91,1659,242,Mobile,UK
USR001806,45.6,1.9,15.2,104.5,0.3,61.7,11,45,47,81,89,3037,280,Tablet,Germany
USR001807,216.1,5.7,2.0,108.3,12.2,82.6,248,12,43,85,25,3129,57,Mobile,USA
USR001808,39.6,6.1,6.1,3.3,9.8,61.3,243,47,48,425,4,2657,158,Tablet,Australia
USR001809,9.3,0.1,12.0,50.1,20.8,48.5,131,3,64,16,33,353,11,Mobile,Germany
USR001810,86.0,7.0,20.7,86.1,7.4,29.3,140,20,41,416,39,1150,317,Mobile,Australia
USR001811,53.4,2.8,13.0,53.5,8.3,76.1,600,1,14,208,85,167,285,Mobile,USA
USR001812,84.6,5.0,7.7,53.5,22.1,41.2,23,23,19,477,25,2265,203,Mobile,Brazil
USR001813,51.1,9.5,1.5,59.9,8.4,60.6,74,48,47,322,23,1785,350,Tablet,Germany
USR001814,12.3,7.7,14.3,149.9,0.2,37.9,12,35,83,231,33,1761,300,Mobile,India
USR001815,155.3,4.7,7.7,42.2,1.1,65.7,182,31,56,498,62,87,225,Mobile,Germany
USR001816,1.0,6.3,24.6,37.5,6.2,25.0,326,0,22,73,67,2174,237,Mobile,Japan
USR001817,1.8,1.9,5.5,12.0,0.6,27.3,171,23,10,17,22,121,233,Desktop,USA
USR001818,9.7,3.1,9.1,9.5,20.3,55.4,92,28,9,407,74,322,98,Mobile,India
USR001819,6.4,5.8,4.4,87.5,3.0,62.7,158,0,27,159,63,2822,198,Mobile,Brazil
USR001820,26.0,0.5,32.9,3.6,3.9,29.7,141,3,31,330,3,2712,111,Tablet,Australia
USR001821,17.9,7.2,9.1,15.4,18.0,68.2,597,48,10,454,95,140,31,Mobile,Brazil
USR001822,203.0,2.5,3.4,88.6,17.0,95.8,160,47,94,176,73,2455,254,Mobile,Brazil
USR001823,26.1,0.5,7.1,56.0,15.6,35.4,39,36,45,180,58,1569,110,Mobile,UK
USR001824,16.6,0.9,8.5,9.8,6.2,95.1,665,18,25,430,16,2170,56,Mobile,Japan
USR001825,2.2,2.6,39.8,11.6,33.0,28.3,180,45,94,256,82,2715,345,Mobile,Australia
USR001826,120.9,15.1,1.9,4.1,3.4,74.8,103,49,82,450,89,1613,138,Mobile,Brazil
USR001827,57.1,1.1,0.3,3.9,22.6,70.2,175,44,75,392,15,242,130,Desktop,India
USR001828,3.9,9.8,13.8,182.1,19.8,99.9,46,9,28,192,11,2039,70,Desktop,Australia
USR001829,93.2,3.7,9.0,119.2,24.8,30.3,565,12,20,492,19,3063,51,Mobile,Brazil
USR001830,8.5,0.1,0.5,9.7,7.6,72.7,58,1,25,315,72,1636,289,Tablet,India
USR001831,213.5,4.7,16.2,14.9,4.3,99.0,817,46,45,140,67,1129,286,Mobile,Japan
USR001832,32.0,18.4,7.5,22.5,3.2,69.3,393,2,68,101,22,3103,351,Mobile,Australia
USR001833,103.4,2.5,2.1,7.5,13.7,86.0,508,19,58,155,7,1433,309,Mobile,UK
USR001834,6.3,1.8,0.2,8.2,2.0,37.3,97,10,34,479,26,3277,44,Mobile,Japan
USR001835,53.9,3.0,12.0,31.0,0.6,34.4,115,38,30,445,98,3260,181,Mobile,India
USR001836,7.2,2.1,0.1,31.3,8.2,41.2,87,19,76,32,72,2719,356,Tablet,UK
USR001837,41.4,18.0,8.3,121.8,1.7,73.7,2,34,70,3,5,1020,173,Tablet,India
USR001838,61.8,1.6,4.9,4.4,1.2,43.9,36,12,38,324,68,2362,264,Tablet,India
USR001839,56.0,6.8,6.4,39.6,23.5,34.4,98,3,97,5,75,2733,245,Tablet,Japan
USR001840,10.2,10.7,17.5,62.3,14.2,75.0,47,34,95,167,85,1443,125,Mobile,Japan
USR001841,31.6,1.5,2.3,17.9,13.5,61.9,1083,48,63,265,67,505,84,Mobile,UK
USR001842,10.2,2.6,3.7,109.2,18.8,74.9,327,42,34,451,68,2431,246,Desktop,India
USR001843,62.1,2.8,6.9,29.4,11.2,68.2,264,14,9,281,24,1426,326,Tablet,Brazil
USR001844,7.8,1.8,11.8,116.4,6.1,80.9,48,42,30,91,33,272,326,Mobile,Brazil
USR001845,83.2,5.1,1.4,30.6,9.2,37.4,26,33,13,265,58,303,29,Mobile,India
USR001846,254.9,3.8,1.5,213.7,5.5,96.5,415,37,3,130,42,372,55,Mobile,Germany
USR001847,6.2,2.1,10.3,69.5,3.0,86.9,323,11,59,418,98,292,315,Mobile,India
USR001848,13.8,0.5,7.6,51.8,0.3,92.1,359,36,65,184,41,2549,27,Mobile,Australia
USR001849,138.2,0.2,0.5,58.6,6.0,96.0,37,37,80,449,1,1239,337,Mobile,Germany
USR001850,5.8,3.3,0.1,88.5,4.2,74.2,92,24,33,196,92,373,77,Mobile,India
USR001851,1.0,1.0,5.9,69.0,7.6,55.1,300,15,10,230,98,879,245,Tablet,Australia
USR001852,35.5,3.6,10.0,44.7,4.5,77.2,214,13,1,37,85,2365,87,Desktop,Germany
USR001853,19.5,3.6,2.3,151.1,1.0,48.8,85,17,1,47,2,2994,171,Mobile,UK
USR001854,8.7,10.5,1.2,6.7,1.4,25.2,84,14,67,448,75,1961,285,Mobile,Germany
USR001855,12.4,2.6,4.0,25.9,1.3,74.0,128,17,0,228,85,2417,17,Mobile,Brazil
USR001856,73.2,9.6,2.5,76.7,16.1,72.4,585,16,74,323,4,1647,272,Mobile,Japan
USR001857,6.7,6.6,7.0,158.3,8.8,27.6,176,48,62,216,82,3217,270,Mobile,USA
USR001858,5.0,0.5,3.2,22.0,24.4,66.4,107,13,28,294,17,392,57,Mobile,Brazil
USR001859,32.2,0.2,1.4,0.5,18.3,87.8,1005,8,42,418,53,2385,87,Mobile,USA
USR001860,153.5,3.3,19.9,40.0,7.8,21.6,25,40,96,426,72,1426,363,Mobile,India
USR001861,12.4,7.7,6.6,83.5,1.8,60.9,752,35,67,258,70,2805,45,Tablet,Germany
USR001862,11.0,5.8,1.1,26.3,11.1,89.9,180,19,74,48,66,855,13,Desktop,Germany
USR001863,119.5,12.0,8.2,68.0,7.6,70.2,220,34,22,439,66,124,359,Mobile,UK
USR001864,16.8,3.5,15.6,99.3,13.6,20.9,385,3,27,242,86,2854,333,Mobile,Germany
USR001865,17.1,0.2,8.9,38.7,14.7,22.3,14,11,63,345,86,3016,331,Desktop,Australia
USR001866,59.7,9.2,2.5,8.0,0.6,52.1,77,45,17,363,86,986,78,Desktop,UK
USR001867,42.7,0.8,9.3,29.0,3.0,21.3,455,3,4,204,94,2706,305,Mobile,USA
USR001868,62.7,2.9,1.0,23.0,23.1,44.2,0,46,13,481,65,3374,137,Mobile,Brazil
USR001869,91.0,4.6,5.2,70.4,12.3,74.7,516,7,78,226,25,2649,32,Mobile,UK
USR001870,21.5,10.0,5.0,83.7,13.5,47.0,6,29,59,16,73,1058,340,Tablet,Japan
USR001871,34.7,10.9,0.7,11.2,4.0,41.4,72,38,14,192,15,2280,251,Mobile,Germany
USR001872,3.3,4.2,4.1,35.0,4.2,62.9,654,40,83,353,21,208,196,Mobile,India
USR001873,12.4,0.3,16.9,28.1,15.1,35.0,17,20,79,261,5,795,289,Mobile,Germany
USR001874,92.0,1.2,28.4,55.3,23.9,72.3,4,11,45,480,56,1503,118,Tablet,Germany
USR001875,14.6,11.7,4.4,0.9,12.8,80.0,206,5,95,21,32,280,76,Desktop,Australia
USR001876,13.1,13.9,3.0,161.7,7.6,20.6,211,48,14,60,47,450,59,Mobile,India
USR001877,117.5,2.3,1.9,70.1,10.2,92.2,298,28,35,127,78,1973,65,Tablet,Australia
USR001878,34.1,8.6,1.6,54.5,3.0,73.0,131,33,92,307,64,2587,289,Desktop,USA
USR001879,60.7,10.6,19.4,67.7,10.2,70.6,387,9,46,96,40,2090,328,Mobile,Australia
USR001880,52.7,0.5,7.0,108.8,0.4,74.8,620,0,66,51,88,1702,62,Mobile,USA
USR001881,149.2,9.4,7.0,32.9,4.0,85.1,135,31,71,227,38,3577,207,Desktop,USA
USR001882,1.0,4.3,0.0,11.5,22.0,97.7,93,0,14,28,21,2205,2,Tablet,Australia
USR001883,59.1,0.6,3.5,84.7,16.1,92.1,143,41,52,32,98,2547,288,Mobile,Australia
USR001884,58.1,11.0,0.2,22.3,7.4,88.0,356,14,39,451,65,2539,1,Mobile,UK
USR001885,30.2,13.8,2.2,13.0,16.2,28.2,391,49,79,474,66,1221,21,Mobile,UK
USR001886,148.9,8.2,0.8,54.0,19.5,25.6,350,4,48,464,31,2833,112,Mobile,India
USR001887,15.3,0.3,11.5,5.0,41.6,28.5,223,16,77,469,28,1974,37,Mobile,Germany
USR001888,6.7,2.2,3.1,128.8,12.1,35.3,230,23,95,114,21,2565,289,Desktop,UK
USR001889,52.5,2.6,5.0,32.1,0.2,47.8,809,29,74,215,17,1241,265,Mobile,Japan
USR001890,68.2,0.7,3.2,118.0,0.3,63.5,37,7,99,107,80,1650,357,Mobile,Brazil
USR001891,66.5,22.0,0.3,84.4,1.5,86.7,48,37,40,135,15,2123,86,Mobile,Australia
USR001892,1.0,0.9,2.1,45.6,7.3,37.2,36,8,68,346,78,1213,284,Desktop,Japan
USR001893,95.3,7.7,1.8,63.9,14.1,68.2,2,14,3,202,97,1930,104,Mobile,Australia
USR001894,34.3,5.2,4.7,24.1,1.2,49.8,344,11,52,242,67,3240,317,Desktop,Brazil
USR001895,67.0,1.4,6.8,127.1,3.3,69.2,361,48,29,487,63,1588,103,Desktop,Australia
USR001896,12.5,3.9,9.9,3.9,7.6,43.4,195,47,54,7,21,1741,73,Desktop,Australia
USR001897,56.4,4.3,0.3,20.9,8.9,62.2,51,43,7,237,35,1090,54,Mobile,India
USR001898,68.3,1.7,12.9,127.6,4.0,63.1,143,0,45,178,14,3494,61,Mobile,Brazil
USR001899,1.0,13.7,1.4,185.6,19.0,36.5,102,46,0,451,82,1804,320,Mobile,Australia
USR001900,45.2,1.5,5.2,102.2,14.5,83.6,281,39,30,80,15,3077,81,Tablet,USA
USR001901,6.0,3.1,1.7,3.5,1.1,36.7,585,37,76,323,69,872,60,Mobile,India
USR001902,6.8,3.7,0.4,2.4,26.0,85.3,242,8,32,394,5,2683,288,Mobile,India
USR001903,23.6,0.0,7.5,29.7,11.2,87.3,155,33,21,415,52,2733,219,Tablet,UK
USR001904,18.0,0.6,9.7,68.2,2.9,71.5,36,47,4,172,94,906,187,Desktop,Germany
USR001905,23.9,5.5,7.9,22.3,6.3,94.0,76,6,66,372,81,2455,293,Desktop,India
USR001906,48.7,10.9,5.2,32.4,8.3,55.3,107,37,6,111,49,1359,130,Tablet,Brazil
USR001907,96.0,13.4,0.4,126.6,1.7,88.5,207,31,66,313,65,3421,263,Mobile,Australia
USR001908,36.9,16.1,1.3,27.1,12.0,25.9,363,16,60,181,96,1540,71,Mobile,USA
USR001909,36.6,4.0,4.3,63.7,8.6,37.6,235,8,51,450,31,3334,86,Desktop,UK
USR001910,6.2,18.7,17.4,2.1,2.6,27.2,1001,45,76,346,27,1389,349,Mobile,India
USR001911,72.3,6.7,0.4,28.3,2.6,94.6,111,30,92,197,61,2570,86,Mobile,Germany
USR001912,51.9,11.9,3.1,15.1,0.8,39.6,307,28,97,4,49,61,104,Mobile,USA
USR001913,2.7,0.2,0.7,337.0,1.2,58.9,84,45,54,127,37,393,122,Tablet,Japan
USR001914,97.5,2.7,0.6,13.3,18.5,83.5,110,34,68,403,42,1762,212,Mobile,Germany
USR001915,212.3,2.3,6.0,31.3,0.8,56.0,130,40,17,79,20,631,247,Mobile,Brazil
USR001916,5.3,2.2,9.3,30.7,1.0,92.5,293,20,88,193,7,2403,343,Tablet,India
USR001917,10.7,4.6,0.6,116.4,5.8,30.8,605,25,79,334,65,3003,254,Mobile,Brazil
USR001918,41.5,5.2,12.0,10.9,3.4,76.1,47,19,91,140,86,2171,184,Tablet,UK
USR001919,230.8,1.3,9.1,122.1,23.8,82.5,192,1,34,61,77,1149,212,Mobile,Germany
USR001920,167.0,1.8,8.4,29.6,21.5,68.9,280,39,31,35,57,936,22,Mobile,Japan
USR001921,9.0,3.5,11.5,8.8,0.7,27.7,99,2,64,318,58,1902,169,Mobile,Japan
USR001922,152.3,5.0,17.7,11.5,6.8,35.4,156,1,0,198,76,600,51,Mobile,Japan
USR001923,8.9,0.3,3.9,54.3,17.3,31.4,254,28,35,433,96,173,56,Mobile,Japan
USR001924,89.8,6.6,13.3,13.5,0.1,89.0,324,30,66,412,90,997,258,Mobile,USA
USR001925,45.5,2.1,1.2,14.8,1.4,81.5,735,42,51,92,18,2228,239,Mobile,Australia
USR001926,18.9,5.9,2.8,188.3,0.8,48.8,238,11,90,364,39,102,353,Mobile,Australia
USR001927,13.8,0.7,2.4,60.5,3.9,85.8,32,46,46,324,7,3337,38,Tablet,USA
USR001928,15.3,4.6,14.3,56.3,10.1,23.1,3,12,78,68,20,3631,130,Mobile,USA
USR001929,29.9,1.3,3.3,50.4,3.1,27.9,38,37,79,314,30,500,164,Tablet,Brazil
USR001930,16.1,2.6,6.6,1.0,14.8,20.6,86,42,87,237,8,1989,161,Tablet,USA
USR001931,26.2,2.1,7.7,15.9,7.8,23.7,312,36,83,420,78,2428,124,Tablet,Brazil
USR001932,33.9,4.7,15.1,37.1,3.5,45.0,134,2,6,211,91,1773,247,Mobile,Brazil
USR001933,58.4,0.7,9.3,64.3,6.5,98.8,298,7,51,273,34,3395,253,Desktop,Japan
USR001934,4.8,3.4,16.2,54.0,3.3,23.5,5,24,45,197,0,130,177,Mobile,USA
USR001935,23.9,1.3,24.5,57.7,4.5,86.4,376,8,35,272,75,2230,297,Desktop,Germany
USR001936,2.6,2.3,5.5,54.5,5.3,73.7,41,2,18,469,5,276,290,Desktop,UK
USR001937,39.7,1.7,11.4,8.4,19.3,83.0,77,42,35,46,44,3327,253,Mobile,Australia
USR001938,1.4,1.2,0.1,43.0,4.1,75.2,249,11,73,59,8,3012,173,Mobile,UK
USR001939,10.6,3.5,8.1,240.6,18.2,62.2,37,16,80,42,33,211,273,Mobile,India
USR001940,93.8,14.5,2.7,13.5,0.3,51.5,102,12,52,286,6,2228,115,Mobile,USA
USR001941,11.0,2.4,5.8,52.5,6.6,83.8,382,8,2,170,63,1594,131,Mobile,Brazil
USR001942,25.8,2.6,22.7,23.9,11.9,21.9,777,37,53,431,76,1284,145,Desktop,UK
USR001943,36.2,15.4,0.4,11.9,3.6,27.7,52,42,96,213,91,1354,284,Mobile,Australia
USR001944,16.8,10.9,0.7,29.3,7.6,38.6,161,25,58,392,41,3205,321,Desktop,UK
USR001945,36.0,1.6,1.2,44.6,1.0,70.6,174,23,41,55,63,2215,260,Mobile,India
USR001946,38.5,8.5,12.4,5.4,37.5,87.4,171,14,98,322,4,422,188,Mobile,India
USR001947,254.9,8.2,4.9,48.1,59.2,84.7,170,7,49,384,71,2195,325,Mobile,Germany
USR001948,3.9,0.8,1.8,2.4,6.0,34.9,92,48,45,278,75,1696,262,Mobile,Brazil
USR001949,236.9,4.8,4.5,67.2,12.7,47.5,49,17,86,58,17,2082,301,Mobile,India
USR001950,7.0,14.0,0.9,37.8,8.2,35.0,91,45,96,260,49,1326,27,Mobile,UK
USR001951,58.7,3.9,8.3,82.7,15.2,74.7,0,35,55,89,89,3054,293,Mobile,Japan
USR001952,98.2,3.5,2.0,79.2,4.3,38.5,1,45,32,171,93,1929,247,Desktop,Japan
USR001953,24.3,1.2,1.4,66.4,1.8,58.2,842,0,34,335,23,1788,166,Mobile,Australia
USR001954,20.6,3.3,12.6,1.0,15.5,35.2,20,35,17,90,8,1444,243,Mobile,Germany
USR001955,52.0,3.1,8.6,45.8,7.8,24.5,94,6,54,75,86,2250,111,Mobile,Germany
USR001956,90.8,6.3,4.6,13.4,9.2,96.7,173,6,3,374,23,1553,41,Desktop,Japan
USR001957,61.8,5.3,10.3,50.1,7.3,74.7,228,29,59,156,59,3532,343,Tablet,Australia
USR001958,14.0,13.1,14.8,26.6,24.0,20.0,38,22,25,85,80,131,66,Mobile,India
USR001959,69.1,3.8,1.1,9.1,19.6,33.9,121,3,93,311,60,1305,17,Mobile,USA
USR001960,27.9,0.6,0.8,25.2,0.3,61.1,10,2,88,399,12,2422,254,Mobile,Germany
USR001961,20.9,7.8,0.4,75.2,7.8,62.7,77,47,72,405,36,802,40,Mobile,Japan
USR001962,1.4,2.1,2.7,13.6,5.0,95.7,137,40,29,208,0,1791,106,Mobile,Japan
USR001963,1.0,3.7,13.5,229.0,3.5,75.7,69,11,23,235,32,2361,207,Desktop,India
USR001964,76.8,2.7,7.0,35.0,2.1,85.5,537,11,94,262,10,3293,155,Mobile,UK
USR001965,60.8,7.0,5.6,10.9,2.7,92.0,127,31,14,279,28,3315,66,Mobile,Brazil
USR001966,1.3,6.7,1.6,3.3,4.7,69.9,249,15,98,104,80,633,269,Mobile,India
USR001967,31.6,2.7,14.2,3.2,6.8,30.3,103,37,18,78,7,162,146,Mobile,Australia
USR001968,43.1,6.3,5.6,28.6,6.7,91.4,224,23,81,383,61,3520,191,Mobile,Brazil
USR001969,53.0,1.7,0.7,41.6,9.5,91.4,413,42,23,90,54,69,138,Mobile,USA
USR001970,121.9,1.9,6.4,29.9,17.2,43.0,410,27,34,319,87,2750,207,Mobile,Brazil
USR001971,69.0,4.1,2.9,86.2,6.7,97.2,29,5,75,109,48,554,293,Desktop,Germany
USR001972,49.1,2.3,3.1,133.2,7.7,48.4,35,45,20,255,98,1527,177,Mobile,USA
USR001973,1.0,0.2,5.3,27.9,1.0,21.8,169,30,80,45,10,2291,264,Tablet,India
USR001974,55.4,16.0,3.0,9.9,9.5,44.3,481,10,96,170,91,3120,43,Mobile,Brazil
USR001975,40.1,3.7,1.0,4.8,11.5,84.3,151,9,14,227,26,2275,348,Desktop,UK
USR001976,51.3,1.0,43.7,1.5,1.5,91.0,704,30,15,295,16,3332,238,Mobile,Australia
USR001977,40.5,2.2,2.4,76.4,14.8,27.1,179,14,1,423,45,409,258,Mobile,Japan
USR001978,22.0,2.7,8.2,3.2,1.5,79.5,230,3,63,397,9,316,101,Mobile,India
USR001979,89.7,0.8,2.4,9.6,22.8,66.9,453,21,8,390,84,158,269,Mobile,Japan
USR001980,1.0,8.7,1.7,9.0,6.8,49.0,381,35,23,30,96,3565,23,Mobile,India
USR001981,27.2,1.4,1.8,13.4,21.1,54.7,597,29,9,313,28,1966,237,Mobile,Germany
USR001982,11.0,0.4,3.6,20.6,2.5,22.2,368,25,16,122,72,1902,267,Mobile,USA
USR001983,123.7,8.7,0.0,18.2,2.0,46.4,43,27,27,246,9,1549,260,Desktop,Japan
USR001984,150.8,17.5,12.9,37.4,8.2,65.3,44,31,29,15,62,161,325,Mobile,India
USR001985,165.6,3.3,0.6,93.1,29.2,63.8,142,40,45,206,92,1044,97,Tablet,UK
USR001986,58.0,11.1,4.2,7.0,15.6,53.7,53,40,46,312,61,3267,100,Mobile,Australia
USR001987,47.5,4.6,10.3,4.4,9.2,75.7,66,30,45,158,77,1548,139,Desktop,Australia
USR001988,19.3,6.8,1.0,26.1,17.0,27.0,124,5,56,466,26,1677,112,Mobile,UK
USR001989,131.4,5.9,19.1,49.0,0.6,62.0,88,29,33,109,95,3353,92,Desktop,UK
USR001990,1.4,4.3,1.1,81.1,19.7,58.5,214,29,39,439,0,2111,39,Desktop,USA
USR001991,61.3,4.8,18.1,43.0,36.3,84.7,352,30,56,468,88,1736,189,Tablet,Brazil
USR001992,148.4,5.1,3.4,61.4,1.3,80.4,48,45,73,146,2,2601,5,Mobile,Germany
USR001993,20.1,11.5,9.8,79.3,14.7,93.4,30,4,19,402,40,3605,253,Mobile,India
USR001994,30.0,2.4,8.1,35.5,8.2,29.7,122,14,58,262,16,1118,332,Mobile,Australia
USR001995,3.1,14.0,1.7,7.1,21.2,80.3,298,32,84,429,15,2333,221,Mobile,Germany
USR001996,41.5,7.8,12.9,5.7,2.2,79.1,327,49,78,375,73,2340,290,Desktop,Germany
USR001997,1.1,5.7,6.0,36.2,0.7,21.5,193,44,18,156,12,272,363,Tablet,UK
USR001998,33.3,15.9,21.2,34.0,13.0,96.7,0,20,62,45,59,1782,157,Mobile,India
USR001999,68.7,3.0,2.7,53.9,16.5,71.4,382,28,88,95,91,1490,43,Mobile,Australia
USR002000,35.0,23.0,0.9,73.8,9.1,62.5,215,45,13,87,56,1619,309,Mobile,UK
USR002001,287.1,0.7,7.3,81.9,2.2,64.1,64,3,4,488,9,246,84,Mobile,Australia
USR002002,3.6,21.9,5.5,61.3,1.2,26.0,94,11,1,157,4,3005,301,Tablet,Australia
USR002003,15.9,0.4,1.0,37.6,9.3,28.5,410,16,96,1,13,78,136,Mobile,USA
USR002004,1.1,5.4,9.3,45.9,17.0,55.0,152,0,52,193,29,1194,158,Tablet,Japan
USR002005,1.0,4.5,10.1,210.3,1.7,96.5,169,46,49,289,50,367,17,Mobile,Germany
USR002006,30.0,3.2,13.7,125.2,7.7,74.2,267,1,1,323,63,890,199,Desktop,UK
USR002007,260.9,5.3,1.7,155.3,2.7,51.5,12,44,11,337,6,2452,181,Desktop,Brazil
USR002008,188.5,14.2,7.0,34.7,2.0,90.5,81,21,4,375,72,2365,221,Mobile,Japan
USR002009,31.4,7.1,7.1,38.5,34.7,22.4,12,9,80,295,40,839,269,Mobile,USA
USR002010,29.6,1.4,11.6,3.1,43.7,32.0,37,29,45,186,21,2029,218,Mobile,Brazil
USR002011,9.8,6.5,9.7,99.9,4.4,74.9,66,45,94,203,91,2318,195,Mobile,Australia
USR002012,71.5,3.2,11.2,16.1,2.8,79.2,28,46,3,433,64,340,93,Desktop,Japan
USR002013,141.7,4.1,23.3,60.7,3.7,90.2,114,13,96,429,44,2248,229,Mobile,India
USR002014,64.3,11.8,6.8,94.6,28.4,23.6,240,43,15,204,80,1778,40,Tablet,USA
USR002015,17.3,1.3,9.6,55.8,16.6,61.8,375,40,89,215,45,2159,344,Desktop,Germany
USR002016,40.1,3.5,6.2,59.0,1.3,43.1,389,8,16,195,30,2753,186,Mobile,Japan
USR002017,1.9,4.4,0.4,0.5,10.0,65.4,204,48,67,175,16,1679,280,Mobile,UK
USR002018,45.3,0.8,17.9,50.8,10.7,66.7,109,24,92,457,12,2325,59,Mobile,Brazil
USR002019,71.4,1.6,0.8,6.5,10.3,86.7,1,14,35,83,35,3611,110,Mobile,Germany
USR002020,164.6,5.1,1.3,68.7,3.0,27.5,36,2,10,266,64,2173,145,Mobile,India
USR002021,146.8,0.9,2.2,65.5,5.2,41.4,272,43,52,246,4,3434,46,Mobile,USA
USR002022,12.2,2.6,18.7,152.3,3.7,94.9,79,29,90,335,74,3237,262,Mobile,Brazil
USR002023,12.6,2.8,11.9,80.1,4.7,55.5,197,19,72,270,43,3610,11,Mobile,Australia
USR002024,1.1,0.0,21.7,0.2,16.5,91.9,153,33,60,330,5,3001,77,Mobile,Australia
USR002025,33.7,3.3,1.4,8.0,18.7,52.7,1258,23,78,272,27,3483,235,Mobile,Australia
USR002026,140.3,2.2,4.8,23.6,0.8,84.2,49,24,84,14,85,1695,40,Mobile,Germany
USR002027,126.6,10.1,2.6,33.5,2.3,54.7,327,44,35,428,45,1119,218,Mobile,Germany
USR002028,8.0,2.3,2.8,17.2,18.4,84.2,171,32,43,309,28,1029,173,Desktop,India
USR002029,9.1,7.9,0.1,53.4,4.7,50.1,7,44,18,51,36,2161,46,Mobile,UK
USR002030,5.3,4.3,17.7,33.7,6.9,37.6,77,46,23,334,60,2935,50,Tablet,USA
USR002031,213.2,35.5,2.3,44.0,10.5,95.3,114,12,10,141,96,2316,358,Mobile,Australia
USR002032,73.7,1.4,0.9,84.1,13.0,63.2,300,48,19,279,37,113,44,Mobile,Australia
USR002033,56.7,15.2,3.3,32.5,10.7,63.9,208,40,58,180,58,2313,193,Mobile,Japan
USR002034,29.3,0.3,6.2,125.1,22.5,97.6,11,28,17,33,10,2388,217,Mobile,UK
USR002035,55.1,1.1,1.2,19.4,5.4,94.2,122,40,86,152,73,1804,33,Mobile,India
USR002036,43.3,2.8,8.1,8.1,2.9,29.4,109,43,42,242,14,1359,342,Mobile,Japan
USR002037,178.2,0.7,9.7,114.2,3.7,46.5,935,25,13,322,62,3482,169,Tablet,Germany
USR002038,91.4,4.6,1.6,39.6,0.7,66.5,22,43,32,490,90,1542,330,Desktop,UK
USR002039,33.1,1.0,10.2,64.0,7.1,54.3,15,47,19,132,26,1226,151,Mobile,Japan
USR002040,53.7,9.8,6.2,20.8,33.7,50.9,84,29,20,99,71,1641,252,Mobile,Germany
USR002041,30.7,0.8,4.1,50.7,11.2,27.5,267,22,16,335,82,85,83,Mobile,India
USR002042,24.6,4.7,2.4,18.9,25.2,83.7,238,34,46,393,61,1144,94,Mobile,India
USR002043,39.2,10.3,2.3,179.8,1.8,49.7,139,30,41,219,38,1135,310,Mobile,USA
USR002044,35.5,7.3,1.2,26.4,6.1,57.9,319,20,24,376,68,1679,39,Mobile,Brazil
USR002045,1.7,4.8,2.0,1.4,5.4,67.2,157,23,52,316,65,575,91,Mobile,Australia
USR002046,40.1,3.5,1.5,49.8,0.0,28.7,0,27,96,299,58,2813,298,Mobile,Japan
USR002047,254.6,2.0,4.1,72.0,18.6,59.8,179,47,77,419,60,2783,327,Mobile,Germany
USR002048,156.2,5.3,33.0,1.2,0.5,55.4,90,32,1,498,44,1159,360,Mobile,Japan
USR002049,20.1,2.3,1.1,34.8,8.6,44.7,151,49,36,47,58,2300,282,Mobile,India
USR002050,7.6,0.6,1.8,73.5,34.9,45.2,103,26,41,455,92,418,8,Tablet,USA
USR002051,44.2,1.5,1.3,66.9,15.8,49.4,93,29,44,219,78,753,338,Mobile,India
USR002052,26.7,3.2,4.2,33.4,2.3,34.6,304,32,8,325,95,1892,197,Tablet,Japan
USR002053,111.8,2.4,5.0,24.6,9.0,91.0,308,18,87,473,55,2555,315,Mobile,Japan
USR002054,13.4,0.1,1.4,143.7,14.6,29.8,20,16,18,204,25,282,52,Mobile,Germany
USR002055,132.4,2.4,7.1,6.1,5.5,65.0,2,44,25,95,85,486,180,Mobile,Japan
USR002056,35.7,9.8,10.7,4.9,41.0,76.7,74,0,7,275,43,3210,301,Mobile,Germany
USR002057,97.6,0.3,20.6,86.4,12.3,70.1,156,49,72,80,81,682,89,Mobile,Germany
USR002058,17.2,10.5,3.8,42.1,0.5,75.8,112,37,19,377,52,248,185,Mobile,UK
USR002059,93.7,7.7,4.3,11.0,3.9,55.2,241,6,53,363,10,3626,237,Mobile,Brazil
USR002060,99.3,11.9,27.7,34.7,14.1,41.5,189,37,27,176,33,3240,296,Mobile,Brazil
USR002061,3.3,5.0,9.8,49.3,23.3,81.4,56,17,85,478,68,360,313,Mobile,Japan
USR002062,14.2,2.0,17.8,27.7,4.2,29.4,268,6,37,355,77,1379,124,Tablet,UK
USR002063,5.7,1.7,4.6,24.8,1.6,86.2,75,27,22,417,96,1609,337,Mobile,Brazil
USR002064,6.4,5.5,4.9,35.4,0.7,70.0,182,32,12,499,93,62,230,Mobile,Brazil
USR002065,15.1,0.4,7.7,4.0,3.1,85.0,336,45,23,154,30,1138,176,Mobile,Brazil
USR002066,243.5,8.5,1.3,86.7,29.0,55.0,481,40,88,311,79,2587,197,Mobile,UK
USR002067,80.0,0.4,3.6,8.3,4.6,62.1,49,20,54,456,81,1499,168,Desktop,Germany
USR002068,23.8,7.8,6.5,22.4,20.5,41.1,107,33,91,66,4,706,200,Mobile,India
USR002069,45.1,0.8,1.7,49.8,8.6,49.9,341,1,30,277,88,1633,101,Mobile,Japan
USR002070,8.4,6.1,17.0,227.2,1.8,77.7,265,24,4,306,50,2891,357,Mobile,Brazil
USR002071,92.8,2.8,8.5,13.0,25.8,50.2,87,12,81,335,61,2126,151,Mobile,USA
USR002072,14.3,3.1,7.1,9.2,39.8,35.7,7,32,13,393,28,199,66,Desktop,Japan
USR002073,239.9,4.4,21.7,74.0,1.3,94.2,193,10,17,210,5,2067,136,Mobile,Australia
USR002074,45.2,1.3,7.8,1.5,0.2,56.7,179,35,19,288,95,491,225,Mobile,Japan
USR002075,11.6,0.3,11.9,93.6,11.0,73.4,26,11,90,456,28,387,173,Desktop,Germany
USR002076,84.6,1.9,2.4,5.3,5.3,27.1,75,15,93,435,94,347,46,Tablet,Japan
USR002077,129.2,4.1,0.0,6.6,3.1,75.2,323,5,33,93,84,2606,306,Mobile,UK
USR002078,5.3,1.6,3.1,34.1,14.9,26.6,188,1,32,75,68,1674,354,Desktop,Australia
USR002079,184.3,4.6,6.0,16.6,0.6,87.7,414,6,4,115,81,1920,343,Mobile,Germany
USR002080,72.7,6.1,6.1,34.4,3.0,54.2,559,6,78,237,59,1049,283,Mobile,UK
USR002081,7.9,2.2,0.5,43.6,9.4,70.6,44,30,90,229,63,442,288,Mobile,USA
USR002082,177.2,5.1,1.3,27.7,18.0,75.2,422,8,44,63,53,2705,104,Mobile,Japan
USR002083,1.0,0.2,61.2,4.6,5.5,81.8,461,34,22,152,69,2794,281,Mobile,Australia
USR002084,130.4,5.1,6.0,55.1,14.2,38.4,36,0,37,151,89,3224,299,Mobile,UK
USR002085,129.8,1.5,4.0,58.5,1.5,90.5,436,16,10,8,42,98,134,Mobile,Australia
USR002086,21.7,5.4,0.8,80.5,19.7,22.8,465,41,25,110,15,257,304,Desktop,Brazil
USR002087,11.7,11.3,11.7,47.7,4.8,54.0,61,25,82,192,38,2469,237,Desktop,India
USR002088,56.5,3.8,0.5,67.4,1.1,80.0,301,29,85,345,55,2988,238,Desktop,USA
USR002089,66.3,0.4,1.4,9.0,41.2,71.6,224,25,57,486,52,819,193,Mobile,USA
USR002090,6.6,7.5,4.2,57.8,3.6,32.9,29,40,7,253,56,2973,191,Desktop,UK
USR002091,7.5,3.6,1.6,45.3,23.1,55.5,41,18,2,456,17,1200,193,Mobile,Germany
USR002092,63.1,5.7,17.1,127.8,20.0,26.4,1165,36,29,206,44,2990,31,Mobile,Brazil
USR002093,128.9,4.7,11.1,37.4,8.4,51.7,61,10,20,350,9,548,141,Mobile,UK
USR002094,5.0,2.2,4.9,46.0,0.6,36.2,73,39,23,393,6,808,102,Tablet,Brazil
USR002095,43.4,5.8,1.9,62.7,3.8,71.4,164,21,32,2,60,49,300,Mobile,USA
USR002096,75.0,5.1,0.1,53.6,0.6,57.9,9,7,60,90,26,2482,91,Mobile,USA
USR002097,20.0,6.4,2.6,128.6,2.1,95.5,703,0,22,75,32,2093,124,Mobile,India
USR002098,11.9,11.1,3.3,118.4,1.0,56.7,10,27,97,262,93,750,271,Desktop,USA
USR002099,61.1,1.8,2.3,17.9,11.8,22.1,40,18,4,496,90,1063,257,Tablet,UK
USR002100,15.4,2.4,15.1,78.9,79.0,83.7,473,20,54,331,50,2984,99,Tablet,UK
USR002101,3.0,3.9,6.9,3.4,10.9,54.3,46,32,80,382,25,1850,290,Tablet,Japan
USR002102,29.4,1.6,1.5,42.2,6.1,87.7,192,6,90,26,44,720,65,Mobile,India
USR002103,11.2,2.2,0.9,33.8,1.1,90.8,13,2,45,115,2,2659,52,Mobile,Japan
USR002104,18.4,0.2,3.2,7.0,7.2,66.8,385,20,89,116,92,381,109,Tablet,USA
USR002105,62.6,5.6,5.3,53.9,14.3,91.0,688,44,8,43,5,3564,312,Mobile,USA
USR002106,78.9,0.5,16.9,60.8,8.0,66.3,179,25,17,453,4,651,348,Mobile,USA
USR002107,41.5,4.4,25.4,124.0,10.6,23.0,33,21,87,128,49,1700,179,Mobile,UK
USR002108,144.6,7.3,19.6,83.7,1.8,40.2,31,11,98,90,77,493,190,Desktop,Brazil
USR002109,2.3,1.7,9.2,181.6,0.9,51.8,43,11,49,445,72,2187,155,Mobile,Brazil
USR002110,36.0,3.9,7.4,13.5,4.6,58.8,230,30,26,322,64,1097,3,Mobile,Brazil
USR002111,8.9,2.6,16.3,9.5,12.4,76.6,1007,44,42,197,8,2877,65,Mobile,USA
USR002112,7.4,4.2,8.3,101.3,0.6,80.8,30,11,8,101,14,733,117,Mobile,Germany
USR002113,17.3,1.1,2.8,14.3,24.7,32.9,28,11,51,409,79,2188,8,Mobile,Australia
USR002114,9.0,0.6,5.8,54.1,10.2,58.7,16,35,49,416,66,3060,296,Desktop,Brazil
USR002115,135.8,5.1,1.6,59.7,5.6,53.2,171,27,56,337,81,3533,321,Mobile,Australia
USR002116,83.0,2.1,3.9,119.5,9.9,46.7,128,46,49,59,86,799,258,Mobile,Japan
USR002117,1.0,3.4,16.5,39.9,4.7,82.2,488,40,87,252,48,288,270,Mobile,Brazil
USR002118,47.8,5.7,2.7,1.3,17.4,57.4,47,34,26,441,93,3595,359,Mobile,Japan
USR002119,126.8,16.6,1.4,13.7,11.3,88.5,263,10,96,401,71,156,298,Mobile,USA
USR002120,26.2,2.7,10.9,9.3,6.6,33.1,191,1,55,151,32,2185,347,Mobile,Brazil
USR002121,39.9,0.7,12.2,25.0,5.7,69.6,76,16,41,107,73,2419,340,Desktop,Brazil
USR002122,43.2,14.8,7.3,32.9,3.0,29.9,301,18,29,222,62,2916,85,Desktop,Brazil
USR002123,2.5,2.2,0.5,6.5,8.0,95.5,412,30,66,237,19,1597,187,Mobile,Japan
USR002124,208.3,13.5,1.4,0.9,11.0,55.8,140,30,97,481,34,137,135,Mobile,USA
USR002125,47.9,1.8,3.0,11.5,2.9,97.0,76,18,60,318,84,52,128,Mobile,USA
USR002126,240.5,8.2,18.0,54.9,8.5,27.7,363,42,90,230,29,1679,335,Mobile,Japan
USR002127,4.3,27.2,0.9,5.5,4.2,62.6,367,35,66,72,19,3543,78,Mobile,Brazil
USR002128,59.1,2.2,1.4,149.6,2.0,24.9,410,33,24,31,70,3371,275,Mobile,USA
USR002129,66.1,4.2,9.5,116.7,6.6,49.4,137,7,13,392,22,64,201,Desktop,Brazil
USR002130,93.5,4.3,3.5,54.2,11.1,89.2,180,27,22,106,37,1422,78,Desktop,Germany
USR002131,29.1,0.3,1.4,37.9,53.5,24.2,188,6,19,215,72,3083,39,Mobile,UK
USR002132,18.5,0.9,4.5,48.3,7.1,21.1,366,11,36,358,5,2412,12,Desktop,Australia
USR002133,42.5,12.1,5.6,5.6,10.7,94.0,52,15,36,220,34,3449,243,Mobile,UK
USR002134,27.5,5.0,1.4,3.6,1.8,86.1,107,39,95,243,72,2643,154,Mobile,Australia
USR002135,37.7,0.6,1.3,60.6,4.0,73.5,45,10,34,355,86,331,72,Mobile,Brazil
USR002136,177.9,1.2,0.2,107.9,1.0,48.8,247,12,7,28,98,2123,91,Mobile,Japan
USR002137,35.6,1.7,1.7,40.6,1.7,45.2,52,5,6,105,34,37,313,Mobile,Brazil
USR002138,1.6,4.9,0.9,37.5,0.0,72.1,32,6,60,382,13,3214,129,Mobile,India
USR002139,5.3,4.7,6.7,3.7,3.9,84.1,293,28,77,24,55,3004,2,Desktop,UK
USR002140,16.2,1.4,0.8,3.5,2.1,72.5,444,16,54,441,42,2084,134,Desktop,UK
USR002141,167.9,0.3,10.6,111.4,3.5,62.6,174,21,12,474,62,1210,261,Mobile,Japan
USR002142,60.9,2.3,4.3,42.2,7.2,79.2,6,23,35,330,40,132,314,Mobile,USA
USR002143,5.3,16.5,3.5,25.6,7.7,78.4,245,13,73,78,33,2636,235,Tablet,Australia
USR002144,159.3,3.1,2.2,59.7,1.6,57.0,251,5,21,419,73,1771,133,Mobile,UK
USR002145,19.9,6.1,8.7,111.6,7.7,50.9,82,26,36,216,29,503,249,Mobile,Japan
USR002146,91.6,22.0,1.7,57.0,10.1,40.6,57,8,5,45,82,3412,72,Mobile,UK
USR002147,1.3,6.2,0.6,8.8,0.1,86.1,29,42,50,294,93,1694,319,Mobile,India
USR002148,80.9,2.6,4.0,3.0,1.6,69.0,552,40,71,84,74,1099,13,Mobile,Brazil
USR002149,143.9,0.2,8.6,1.2,26.3,50.9,144,49,34,402,47,727,311,Mobile,UK
USR002150,93.4,4.5,22.4,312.3,10.7,82.7,415,43,86,424,28,1701,277,Mobile,USA
USR002151,20.6,4.2,1.9,11.2,2.3,70.9,11,25,29,472,12,40,132,Mobile,Brazil
USR002152,26.7,6.3,4.1,48.4,4.9,82.5,231,37,10,42,21,1876,163,Mobile,India
USR002153,30.2,1.0,6.3,79.5,1.3,70.6,114,9,7,222,92,538,54,Desktop,UK
USR002154,115.1,3.5,54.4,131.1,6.7,31.3,733,25,45,128,39,467,361,Desktop,Germany
USR002155,14.9,1.2,3.9,101.8,0.7,24.7,155,3,46,343,67,3276,362,Mobile,Brazil
USR002156,50.8,0.4,11.5,3.8,30.1,36.4,9,10,90,115,17,2123,268,Mobile,UK
USR002157,96.2,5.0,6.1,10.6,14.8,47.3,7,40,43,60,35,1403,268,Mobile,Australia
USR002158,105.3,11.3,1.0,13.7,10.7,42.4,125,6,11,221,16,2001,170,Mobile,Germany
USR002159,40.7,0.3,7.0,22.5,3.8,25.6,20,29,65,259,42,3416,22,Tablet,India
USR002160,2.2,1.3,9.5,4.5,16.6,56.9,653,30,17,380,10,2811,224,Mobile,Germany
USR002161,171.1,8.8,7.8,81.9,10.8,51.8,491,46,93,159,75,165,181,Mobile,Brazil
USR002162,19.1,1.1,0.2,15.0,13.1,45.2,27,13,6,187,18,2608,224,Mobile,Germany
USR002163,51.0,2.7,3.5,10.6,6.4,32.4,450,27,88,423,87,3501,129,Mobile,Brazil
USR002164,79.9,1.5,1.6,18.5,20.6,77.1,212,46,4,326,77,546,320,Mobile,UK
USR002165,45.1,1.8,5.1,24.6,15.5,48.3,205,5,46,443,97,1316,135,Tablet,Japan
USR002166,27.2,7.6,2.4,134.7,2.0,37.2,74,2,23,444,72,801,154,Mobile,Brazil
USR002167,8.5,1.2,9.8,29.7,16.5,79.9,261,31,28,132,34,1610,312,Desktop,UK
USR002168,45.9,2.4,23.3,48.4,10.8,94.7,470,36,87,177,56,2702,209,Mobile,Japan
USR002169,42.7,13.3,6.8,54.0,9.5,29.8,426,40,88,177,78,3232,263,Mobile,Australia
USR002170,94.0,0.7,7.2,7.5,15.8,78.8,126,15,48,79,41,1960,212,Mobile,Germany
USR002171,16.7,2.0,6.9,83.8,54.6,56.6,164,30,90,333,65,3302,219,Mobile,Germany
USR002172,88.9,2.6,10.6,64.7,5.2,93.3,62,21,70,265,47,3399,33,Mobile,Germany
USR002173,98.3,2.6,0.3,10.8,1.6,27.8,328,48,11,177,26,1942,309,Desktop,USA
USR002174,34.7,1.3,22.6,231.8,33.4,32.2,592,28,79,345,59,921,288,Desktop,Brazil
USR002175,115.8,1.1,1.1,4.4,21.4,36.2,100,30,91,411,15,936,180,Mobile,India
USR002176,156.9,1.4,5.9,25.4,27.5,82.4,45,23,29,247,46,71,41,Mobile,Japan
USR002177,71.5,6.8,2.1,107.8,11.1,70.5,70,18,28,298,47,350,300,Mobile,USA
USR002178,1.0,0.5,0.7,24.5,21.6,50.1,262,20,67,457,55,2322,117,Mobile,Brazil
USR002179,16.4,6.1,0.1,9.7,2.8,50.0,4,1,63,157,59,797,339,Desktop,Australia
USR002180,82.8,11.8,4.2,92.5,2.4,38.8,115,14,33,483,82,2833,171,Mobile,UK
USR002181,34.4,0.5,12.6,37.5,0.8,61.8,55,10,27,213,34,894,217,Mobile,Brazil
USR002182,2.3,8.6,5.6,76.7,1.6,40.6,74,46,20,385,35,3545,362,Desktop,Australia
USR002183,40.7,3.6,0.2,2.7,6.7,33.4,754,0,5,475,62,3255,224,Mobile,India
USR002184,83.2,4.2,6.2,37.5,5.7,97.1,58,44,73,271,21,150,230,Mobile,Brazil
USR002185,25.6,0.7,24.8,84.0,9.7,30.7,278,43,86,224,90,3613,204,Mobile,Japan
USR002186,7.6,3.4,5.3,162.6,2.0,60.7,231,10,86,407,12,3452,174,Mobile,UK
USR002187,54.2,2.6,2.4,192.0,15.7,87.8,76,40,13,345,69,1490,9,Mobile,India
USR002188,20.3,1.4,3.7,1.0,11.1,64.1,356,1,99,274,43,1196,169,Tablet,Germany
USR002189,22.7,1.5,6.0,27.3,8.8,71.8,443,1,65,282,66,3383,151,Mobile,India
USR002190,13.8,0.2,6.2,92.9,17.5,74.1,78,48,38,256,91,2579,139,Mobile,Germany
USR002191,94.5,0.9,2.8,8.3,25.8,94.7,219,41,44,491,8,161,125,Mobile,UK
USR002192,41.7,7.9,3.9,52.6,4.7,88.3,366,4,92,453,28,58,3,Mobile,UK
USR002193,101.1,12.0,9.2,35.3,8.5,34.1,43,46,61,187,0,614,312,Mobile,Australia
USR002194,42.3,20.1,12.1,82.2,13.1,94.3,417,42,94,477,2,1777,299,Tablet,UK
USR002195,139.4,4.8,3.1,5.6,18.3,48.7,184,37,48,383,78,1333,344,Mobile,Brazil
USR002196,237.9,4.4,2.7,0.4,3.2,77.1,53,2,22,209,58,2202,89,Mobile,UK
USR002197,30.6,2.3,3.5,25.5,2.3,39.0,53,45,18,375,64,613,362,Mobile,Australia
USR002198,3.9,3.6,10.8,1.3,0.5,84.0,175,39,63,9,23,3194,351,Mobile,UK
USR002199,58.0,3.7,11.4,12.6,1.3,99.6,20,48,80,499,2,333,350,Mobile,Germany
USR002200,49.8,9.2,1.6,24.3,0.1,78.6,266,44,70,350,42,3421,30,Mobile,Japan
USR002201,30.8,0.5,18.4,39.4,11.5,49.1,173,19,89,324,22,2353,131,Mobile,Japan
USR002202,93.3,3.3,15.9,8.2,12.0,61.5,499,39,36,303,57,419,154,Mobile,India
USR002203,31.0,1.6,0.1,162.0,34.5,54.1,55,13,19,450,14,104,321,Mobile,USA
USR002204,59.0,7.4,2.4,12.3,4.2,74.6,16,48,19,337,59,1210,45,Mobile,USA
USR002205,124.2,1.9,6.5,104.4,8.7,73.7,13,43,21,218,7,3375,260,Mobile,Japan
USR002206,13.4,1.9,7.4,106.1,0.4,55.4,89,11,5,350,78,1263,270,Mobile,India
USR002207,32.9,6.8,0.6,86.9,38.2,27.5,104,48,85,372,22,1054,108,Mobile,Australia
USR002208,148.5,0.4,10.3,80.3,4.9,69.9,61,16,24,70,52,600,169,Mobile,Germany
USR002209,209.2,3.4,0.3,180.1,0.6,26.5,359,46,46,462,84,1779,336,Mobile,UK
USR002210,57.4,0.4,10.2,45.4,21.0,27.8,61,49,99,170,71,1960,31,Desktop,USA
USR002211,62.0,5.6,19.3,97.9,0.6,31.9,84,12,84,394,71,3074,355,Mobile,Australia
USR002212,8.3,6.9,4.1,117.0,20.3,27.7,205,31,33,290,53,2504,152,Mobile,Germany
USR002213,1.0,7.6,0.3,53.3,1.6,40.7,639,45,42,124,59,2874,139,Mobile,Japan
USR002214,44.9,18.7,1.0,103.2,13.3,56.4,149,43,61,266,7,1669,164,Mobile,Germany
USR002215,6.7,0.1,17.3,49.3,2.5,31.7,0,38,73,462,15,2871,338,Mobile,Japan
USR002216,38.9,3.2,3.2,9.7,12.4,59.8,2,6,11,344,48,1836,156,Mobile,UK
USR002217,22.0,1.6,5.1,28.3,14.7,36.7,54,15,1,28,18,3580,102,Tablet,Japan
USR002218,35.3,7.8,11.6,75.3,2.0,44.7,121,35,67,422,86,2949,42,Mobile,Japan
USR002219,43.9,1.4,1.9,72.7,6.8,62.1,75,47,3,27,29,1693,25,Mobile,USA
USR002220,9.7,6.9,0.5,68.3,5.9,48.5,197,47,56,178,9,536,272,Desktop,Germany
USR002221,50.5,4.4,7.8,80.0,8.7,92.7,34,48,84,102,83,929,169,Mobile,Germany
USR002222,6.4,1.8,3.3,5.5,5.4,59.6,546,47,36,98,3,2391,62,Desktop,Brazil
USR002223,98.2,1.1,4.3,71.0,7.5,85.8,148,47,2,265,21,1235,301,Desktop,Brazil
USR002224,72.7,2.9,5.6,10.1,4.1,80.4,339,45,51,108,26,2298,14,Desktop,Japan
USR002225,24.9,2.9,2.3,61.3,7.6,38.5,196,38,51,282,96,371,305,Mobile,Brazil
USR002226,47.1,2.6,12.3,2.3,11.9,34.1,38,9,5,303,78,3567,336,Mobile,India
USR002227,20.2,8.4,0.1,79.2,4.4,99.0,15,30,61,68,40,320,140,Mobile,Brazil
USR002228,4.5,6.0,4.2,60.8,4.7,81.3,53,42,56,169,88,2805,301,Mobile,Japan
USR002229,76.6,2.5,11.5,49.9,0.9,86.0,19,21,87,139,41,3500,15,Mobile,UK
USR002230,141.1,7.6,4.3,21.5,0.5,38.5,671,4,47,36,36,655,355,Mobile,UK
USR002231,327.0,3.4,11.8,131.3,6.2,43.5,68,24,14,82,49,664,202,Desktop,Japan
USR002232,1.0,2.6,16.3,75.7,16.0,70.8,4,28,95,420,34,3404,226,Desktop,UK
USR002233,78.7,0.7,4.2,13.6,23.7,58.7,658,27,61,260,56,123,123,Desktop,Japan
USR002234,140.7,7.3,31.3,20.5,1.9,69.0,44,2,17,219,24,462,152,Tablet,Australia
USR002235,54.5,1.8,3.2,27.4,6.7,21.5,42,4,79,90,71,1376,53,Mobile,Germany
USR002236,53.5,2.2,21.5,38.2,8.1,20.3,336,25,23,399,69,3568,54,Mobile,India
USR002237,55.7,0.5,4.9,34.1,2.9,45.4,356,28,31,328,56,2907,293,Mobile,Japan
USR002238,38.1,1.0,36.8,49.4,2.2,86.6,131,22,97,215,72,557,164,Mobile,Australia
USR002239,27.4,2.3,3.0,82.1,1.8,38.0,352,43,19,109,9,604,265,Mobile,USA
USR002240,76.7,14.7,9.3,78.8,3.8,39.7,226,6,25,248,17,2942,118,Mobile,Brazil
USR002241,84.9,0.8,3.1,37.5,1.7,70.3,210,31,44,393,36,1656,38,Mobile,Japan
USR002242,1.8,6.6,2.8,32.9,0.7,98.9,4,41,66,74,60,3467,266,Desktop,Germany
USR002243,7.2,4.1,5.4,74.1,7.1,56.2,408,10,21,190,32,3052,356,Mobile,Germany
USR002244,23.9,15.4,2.2,30.9,20.6,85.4,468,24,77,81,66,2958,86,Mobile,Brazil
USR002245,42.0,2.2,1.6,5.4,1.6,90.3,237,34,84,487,20,1798,178,Mobile,Brazil
USR002246,202.4,2.3,0.5,35.1,5.9,58.3,70,16,15,179,39,2864,316,Tablet,Germany
USR002247,123.8,7.1,4.7,38.6,13.0,83.3,343,19,22,235,14,3311,355,Mobile,USA
USR002248,19.6,3.1,15.4,61.1,33.8,75.8,60,27,24,497,81,193,77,Mobile,Australia
USR002249,21.6,1.4,8.7,12.2,4.9,82.6,219,18,33,216,43,2691,159,Mobile,UK
USR002250,15.7,0.0,3.6,102.7,22.3,49.4,3,28,38,453,65,2424,28,Tablet,Germany
USR002251,3.9,3.4,0.9,92.5,13.8,38.1,82,15,96,122,63,1005,177,Desktop,Brazil
USR002252,46.7,10.2,6.8,19.2,3.0,62.1,1,1,16,397,29,1536,297,Mobile,Japan
USR002253,5.7,11.5,11.9,19.8,4.9,94.8,196,49,22,129,64,2766,20,Mobile,India
USR002254,36.0,3.5,2.6,121.5,3.2,21.0,105,46,87,85,20,571,70,Mobile,Japan
USR002255,74.9,0.5,1.0,0.8,11.1,87.4,96,10,4,71,55,2216,201,Desktop,Japan
USR002256,6.3,5.0,3.9,16.7,0.7,63.0,481,41,40,405,24,2995,138,Mobile,Brazil
USR002257,67.4,10.7,1.3,45.4,3.4,94.7,30,32,89,461,9,2636,174,Mobile,India
USR002258,14.7,5.9,4.3,19.6,12.6,49.3,262,14,44,175,9,1081,131,Tablet,Australia
USR002259,71.2,1.2,0.0,12.0,9.8,51.1,103,12,53,26,1,91,126,Mobile,Brazil
USR002260,46.5,6.4,19.6,14.2,3.6,21.7,272,45,75,303,11,1213,64,Mobile,USA
USR002261,51.4,9.0,4.4,27.0,0.3,57.7,64,34,55,99,82,281,310,Mobile,USA
USR002262,138.4,2.0,1.5,35.8,6.1,59.2,80,1,14,191,85,2167,114,Mobile,Australia
USR002263,29.5,12.6,5.4,71.6,31.9,32.1,511,8,70,353,26,579,356,Desktop,India
USR002264,24.8,3.6,7.4,52.4,7.4,81.1,3,42,39,398,87,1241,58,Tablet,India
USR002265,58.8,1.4,11.0,3.5,4.7,68.7,72,15,65,322,23,1987,205,Mobile,Brazil
USR002266,30.3,1.6,2.2,0.8,6.7,42.4,207,29,97,86,60,3058,71,Tablet,UK
USR002267,9.7,1.1,9.7,32.5,1.0,57.9,333,48,94,366,73,644,111,Mobile,USA
USR002268,10.7,1.2,0.9,21.6,0.1,90.7,168,33,1,11,78,696,181,Mobile,UK
USR002269,88.7,0.0,12.0,108.5,0.2,36.4,350,10,42,288,11,2826,131,Mobile,Brazil
USR002270,64.5,3.9,10.3,4.4,1.5,24.4,12,6,68,426,54,824,21,Mobile,USA
USR002271,22.5,1.7,11.3,65.8,1.0,67.7,545,36,95,298,80,2229,147,Mobile,Japan
USR002272,19.3,5.5,0.0,52.8,0.3,73.8,48,17,42,276,67,1826,297,Desktop,Brazil
USR002273,9.0,6.1,2.0,105.0,7.0,52.3,133,20,53,31,29,848,113,Mobile,India
USR002274,87.4,1.3,19.0,82.7,14.0,39.0,439,2,26,313,22,314,85,Mobile,India
USR002275,9.7,2.9,2.4,20.5,0.1,40.9,462,26,50,44,13,1157,142,Desktop,Australia
USR002276,99.1,4.3,11.4,260.7,1.2,89.7,451,26,25,404,84,2386,187,Mobile,Japan
USR002277,32.6,5.4,6.5,12.5,15.7,63.4,139,45,14,347,87,1816,34,Desktop,Germany
USR002278,20.5,17.3,8.7,18.9,30.6,41.3,20,11,47,455,54,807,91,Mobile,Germany
USR002279,25.5,0.3,1.8,16.4,2.0,91.1,78,44,9,359,46,2070,154,Mobile,Japan
USR002280,49.3,0.2,26.4,45.9,3.7,88.3,52,32,17,187,31,1815,269,Mobile,India
USR002281,60.0,21.7,10.4,27.1,26.3,86.2,171,10,76,236,98,1460,296,Tablet,UK
USR002282,36.1,16.1,1.3,45.3,3.4,62.0,232,32,17,448,43,2337,236,Mobile,India
USR002283,9.6,25.3,0.2,64.7,19.1,44.7,320,33,8,37,30,1828,174,Mobile,UK
USR002284,6.5,3.2,9.1,16.3,3.3,77.3,105,39,98,341,89,2804,137,Mobile,Germany
USR002285,71.7,2.0,10.2,2.9,4.4,51.7,110,36,38,178,83,3549,15,Tablet,Brazil
USR002286,47.5,2.9,15.6,11.3,6.0,57.0,25,32,68,333,75,645,362,Mobile,India
USR002287,56.9,8.4,0.0,10.4,5.8,94.9,150,35,5,419,7,2851,177,Desktop,USA
USR002288,10.0,5.0,1.1,44.6,14.7,41.3,172,35,92,292,37,1513,103,Mobile,Japan
USR002289,397.9,0.1,1.5,11.8,0.1,95.5,11,27,65,29,66,1910,156,Mobile,Australia
USR002290,9.7,0.7,20.8,59.2,9.5,92.7,287,8,16,145,76,2449,76,Desktop,Brazil
USR002291,87.3,1.1,25.3,33.6,1.2,79.7,141,45,96,163,8,3647,87,Desktop,Brazil
USR002292,165.6,12.1,12.1,32.0,4.2,31.9,110,5,40,496,24,2230,258,Tablet,Japan
USR002293,63.2,2.5,5.0,47.7,8.5,45.8,133,32,43,423,88,1538,321,Desktop,USA
USR002294,79.7,2.0,4.0,14.1,5.4,60.8,19,37,71,75,36,643,80,Mobile,USA
USR002295,37.9,3.3,6.6,164.0,1.7,40.9,9,44,15,88,19,3451,259,Mobile,Germany
USR002296,38.0,2.5,6.2,21.0,10.0,88.7,72,42,44,321,62,970,69,Mobile,UK
USR002297,107.2,1.3,7.7,5.0,0.5,83.5,93,6,12,16,60,1068,157,Mobile,USA
USR002298,63.5,3.5,8.8,32.2,0.6,27.6,19,20,7,111,43,2537,80,Mobile,Brazil
USR002299,2.7,7.1,16.6,13.7,0.6,56.7,503,43,60,480,61,3055,141,Tablet,Germany
USR002300,51.8,3.9,5.1,38.1,3.1,28.4,50,31,49,100,19,2920,232,Mobile,Germany
USR002301,7.8,0.9,12.3,51.7,0.7,95.5,83,17,8,210,66,1275,352,Mobile,India
USR002302,39.1,0.1,1.1,14.2,3.3,49.1,253,32,62,351,22,1365,140,Mobile,USA
USR002303,47.5,2.8,0.5,13.3,1.3,66.2,86,16,41,202,45,2641,162,Desktop,Germany
USR002304,76.8,13.1,7.9,29.5,22.3,57.2,89,10,57,172,83,1127,223,Mobile,Australia
USR002305,60.1,8.3,5.1,217.4,15.4,25.2,218,49,28,131,84,722,59,Mobile,USA
USR002306,7.0,7.2,0.8,4.8,1.4,39.8,55,10,61,370,78,2108,85,Mobile,India
USR002307,40.0,0.5,4.1,28.2,2.0,24.7,1,27,29,88,73,2299,185,Mobile,USA
USR002308,52.7,12.2,0.6,20.3,23.0,44.0,356,37,45,131,54,234,194,Desktop,Japan
USR002309,32.1,9.3,5.2,131.1,5.5,70.3,45,22,90,349,47,523,127,Mobile,USA
USR002310,129.4,27.2,3.0,54.3,9.9,23.0,570,33,96,128,42,688,54,Desktop,UK
USR002311,261.0,4.2,2.4,21.9,15.3,24.9,294,3,13,47,23,3588,97,Mobile,USA
USR002312,122.1,1.6,1.4,6.8,5.9,93.4,252,45,78,320,51,202,294,Mobile,USA
USR002313,6.6,1.3,8.3,19.1,13.3,46.0,107,3,70,54,39,435,85,Mobile,Australia
USR002314,113.9,0.6,21.1,1.5,6.6,34.2,14,8,0,130,88,970,33,Desktop,Germany
USR002315,18.3,10.5,0.4,9.0,4.0,52.3,506,21,11,12,65,752,331,Mobile,Brazil
USR002316,3.4,1.0,10.7,43.6,13.1,20.8,452,44,86,206,17,51,38,Mobile,USA
USR002317,59.3,4.5,3.7,3.2,33.3,90.1,107,15,63,312,75,1020,9,Tablet,India
USR002318,95.3,5.6,8.6,2.1,52.5,77.2,118,15,42,140,6,2103,239,Mobile,India
USR002319,110.1,0.0,0.9,2.8,29.3,62.7,232,9,84,191,6,1734,8,Mobile,USA
USR002320,20.6,1.2,14.6,39.3,12.0,29.0,35,12,85,491,18,1159,341,Mobile,Australia
USR002321,23.2,2.0,4.8,43.7,4.8,26.1,308,5,71,389,87,2428,75,Mobile,India
USR002322,61.7,5.8,1.4,59.3,7.8,70.0,615,9,16,19,34,3057,350,Mobile,Brazil
USR002323,4.6,1.1,5.2,10.1,11.0,59.8,95,32,34,124,12,542,281,Desktop,Brazil
USR002324,15.4,0.3,16.9,36.6,1.8,43.9,291,8,66,477,34,109,77,Mobile,USA
USR002325,61.1,0.3,8.2,0.3,17.8,93.7,3,20,62,429,44,3067,312,Desktop,UK
USR002326,25.2,10.3,16.9,54.0,6.6,83.5,30,37,71,477,15,2856,356,Mobile,Australia
USR002327,5.9,3.0,5.6,65.3,0.0,80.5,198,48,90,371,59,2342,350,Desktop,Germany
USR002328,33.4,3.1,3.1,57.5,8.0,29.0,613,40,18,227,52,2784,27,Mobile,UK
USR002329,66.8,5.3,12.1,25.3,17.4,78.2,393,10,23,426,25,2483,36,Mobile,Japan
USR002330,161.8,0.2,5.2,11.8,26.5,97.5,232,21,64,113,84,1621,208,Mobile,India
USR002331,29.3,1.6,3.6,121.3,33.4,23.2,8,46,77,451,12,1529,16,Desktop,India
USR002332,48.4,8.9,5.5,29.6,16.8,44.0,286,25,10,209,35,1794,30,Mobile,USA
USR002333,110.5,3.1,5.2,61.9,1.8,78.4,59,11,69,373,99,2870,23,Tablet,UK
USR002334,76.0,4.7,0.2,27.2,12.0,23.2,544,43,88,196,94,108,364,Tablet,India
USR002335,12.8,1.9,6.7,22.7,29.1,73.3,355,22,30,296,28,1586,363,Desktop,Japan
USR002336,81.5,8.6,3.4,10.3,8.2,71.2,725,30,23,162,99,1771,96,Desktop,UK
USR002337,25.1,1.3,3.0,9.2,18.9,75.7,142,15,68,299,48,2878,156,Mobile,Germany
USR002338,46.6,6.7,1.1,14.2,10.3,40.8,23,43,92,374,60,411,188,Mobile,Germany
USR002339,4.9,8.7,24.1,14.3,6.1,39.6,111,15,61,399,72,1586,175,Mobile,India
USR002340,251.5,9.0,6.4,17.3,45.3,93.6,39,38,70,425,40,2671,161,Mobile,Japan
USR002341,1.3,4.8,2.3,100.6,2.1,95.6,91,21,97,183,47,3206,311,Mobile,Japan
USR002342,246.4,11.9,4.5,45.1,50.7,21.0,418,49,8,477,70,1361,80,Desktop,Japan
USR002343,63.2,9.6,0.8,170.1,11.7,33.9,472,23,28,71,0,1953,291,Desktop,Brazil
USR002344,47.9,13.9,12.7,71.0,6.7,51.1,403,16,23,496,15,722,82,Mobile,UK
USR002345,151.1,8.4,8.6,63.1,1.3,45.9,241,3,22,182,22,3544,71,Mobile,UK
USR002346,98.8,0.1,40.0,14.3,9.1,22.7,26,13,91,471,17,2470,176,Mobile,India
USR002347,89.6,3.4,7.4,2.5,9.6,38.2,335,44,54,29,52,2769,129,Mobile,Australia
USR002348,1.0,4.1,3.9,40.0,15.6,47.2,49,37,51,179,79,990,347,Desktop,Brazil
USR002349,67.1,6.8,22.3,14.8,4.9,44.8,140,39,96,144,92,2796,112,Mobile,India
USR002350,239.5,16.9,0.3,68.5,8.4,65.6,39,40,79,475,24,780,173,Mobile,Japan
USR002351,35.6,6.1,3.4,81.3,5.4,25.5,90,44,5,372,30,3246,35,Mobile,Australia
USR002352,65.6,4.4,1.2,95.8,16.7,51.5,71,40,62,106,96,1599,137,Mobile,India
USR002353,90.3,6.2,0.4,6.4,5.3,60.5,369,41,53,350,26,1694,159,Mobile,UK
USR002354,84.9,1.5,4.3,30.1,25.6,69.4,272,24,29,298,0,127,295,Mobile,Brazil
USR002355,34.5,5.8,13.8,55.9,4.8,60.6,256,11,83,109,26,2075,248,Mobile,Japan
USR002356,8.4,0.8,15.2,12.1,27.0,75.2,183,45,2,86,91,1746,129,Mobile,Brazil
USR002357,78.1,2.7,3.4,71.3,23.5,79.1,30,46,51,458,65,1078,320,Tablet,Germany
USR002358,34.8,0.5,4.9,15.2,11.9,81.5,168,45,0,356,57,1697,319,Mobile,Australia
USR002359,121.6,3.2,11.0,39.9,10.7,23.3,78,31,47,60,49,1126,244,Mobile,USA
USR002360,15.2,0.9,1.0,17.4,60.3,55.0,8,21,56,131,38,1184,343,Desktop,Japan
USR002361,139.2,0.1,2.2,116.5,40.4,32.5,7,31,59,287,73,2016,251,Mobile,Japan
USR002362,68.3,3.5,1.0,9.4,2.1,82.3,65,33,3,338,44,2141,74,Mobile,Germany
USR002363,36.2,14.4,1.7,21.6,4.3,91.4,77,40,74,134,92,2243,302,Mobile,Australia
USR002364,24.2,3.3,7.4,44.5,10.8,79.3,143,15,96,383,12,1303,21,Mobile,India
USR002365,68.4,2.8,11.3,115.4,11.3,37.2,549,45,35,400,85,1003,9,Mobile,USA
USR002366,25.2,15.2,40.5,91.6,5.4,86.2,55,13,51,205,45,528,210,Mobile,UK
USR002367,80.7,1.0,3.7,23.4,0.6,78.8,292,26,50,116,98,430,13,Mobile,UK
USR002368,41.7,4.7,6.6,1.3,24.1,92.2,10,9,70,427,8,2406,330,Mobile,Japan
USR002369,222.2,15.6,30.2,10.5,43.1,96.5,75,32,79,341,77,2543,301,Mobile,Brazil
USR002370,4.6,11.2,1.8,17.8,2.9,79.6,806,33,65,166,37,518,139,Tablet,USA
USR002371,32.9,2.1,1.6,32.0,7.7,31.5,620,40,40,368,37,3440,333,Tablet,Japan
USR002372,79.9,0.4,5.1,3.2,12.8,75.6,23,5,20,25,43,2438,355,Mobile,USA
USR002373,28.4,0.2,1.1,4.1,13.4,87.3,164,45,40,470,12,583,245,Mobile,India
USR002374,63.9,11.5,10.4,76.5,0.7,95.1,694,27,78,340,11,3516,348,Mobile,India
USR002375,47.5,12.0,50.8,75.6,7.5,56.7,51,2,39,288,61,1840,144,Desktop,India
USR002376,83.7,6.2,0.3,44.4,29.5,31.0,123,24,0,9,89,3399,333,Mobile,Japan
USR002377,58.9,6.9,2.8,59.7,0.0,56.9,369,32,19,92,95,2597,358,Tablet,UK
USR002378,70.0,5.4,13.0,7.4,12.2,27.9,292,35,89,319,81,1768,54,Mobile,UK
USR002379,17.7,1.6,3.6,25.5,24.7,59.6,224,29,86,45,77,2865,236,Mobile,Australia
USR002380,62.9,1.2,10.4,36.5,16.6,52.8,81,44,74,492,9,3196,354,Mobile,Australia
USR002381,13.6,4.9,0.2,37.2,6.8,59.7,24,31,81,279,54,1546,192,Mobile,Japan
USR002382,66.2,0.9,9.0,44.8,2.5,36.6,213,33,71,299,65,96,260,Mobile,USA
USR002383,27.1,1.3,3.0,34.5,8.1,85.1,57,8,12,451,13,2393,235,Mobile,UK
USR002384,107.0,0.4,8.3,68.6,6.7,25.8,141,26,56,469,76,139,150,Mobile,Australia
USR002385,58.2,0.7,2.8,1.5,3.9,43.1,73,17,14,184,67,2706,307,Mobile,Brazil
USR002386,17.6,1.3,3.0,3.7,2.1,33.3,111,38,26,239,63,1825,310,Mobile,Brazil
USR002387,8.1,21.9,11.7,25.0,1.6,85.6,15,30,67,475,75,2802,336,Mobile,Australia
USR002388,58.8,5.8,20.5,56.2,1.3,86.5,114,10,76,418,87,1536,333,Mobile,USA
USR002389,229.7,4.6,3.6,81.5,13.9,97.9,90,46,58,6,83,3523,277,Mobile,Japan
USR002390,48.7,5.7,4.7,26.2,13.8,46.5,259,10,7,477,85,529,159,Mobile,Brazil
USR002391,80.3,1.3,1.0,22.5,2.8,28.9,144,34,70,363,82,2940,313,Mobile,UK
USR002392,125.3,8.0,6.2,3.1,18.0,27.7,406,32,96,198,69,818,175,Mobile,Australia
USR002393,4.7,10.4,5.1,64.9,7.3,42.4,0,20,31,174,60,1137,148,Mobile,Brazil
USR002394,124.5,13.4,17.2,60.5,15.1,99.3,120,27,93,5,7,3193,353,Mobile,India
USR002395,57.5,11.0,0.3,25.0,39.2,65.4,74,36,90,280,50,1139,184,Mobile,India
USR002396,36.7,1.1,18.4,41.9,0.9,27.9,365,12,53,70,40,3186,264,Mobile,Australia
USR002397,8.3,8.0,5.7,6.6,7.2,75.8,392,19,22,434,40,1420,207,Mobile,USA
USR002398,14.9,3.7,11.6,70.7,5.2,88.7,29,15,19,318,35,2054,65,Mobile,Japan
USR002399,18.8,3.0,2.8,75.1,19.3,95.9,6,6,92,158,34,2516,190,Tablet,Germany
USR002400,9.9,9.0,3.0,49.5,2.6,58.9,92,35,14,411,9,1601,287,Mobile,Australia
USR002401,33.0,3.4,6.9,15.2,5.9,35.6,296,40,7,28,70,723,221,Mobile,USA
USR002402,30.5,2.3,4.3,26.9,1.0,96.9,696,24,13,27,95,3343,64,Mobile,Japan
USR002403,39.0,8.9,12.4,24.3,28.9,26.1,30,7,13,425,8,3304,118,Mobile,Australia
USR002404,116.2,5.0,7.9,24.6,10.4,98.8,503,41,70,315,1,2382,162,Mobile,USA
USR002405,124.6,2.2,1.4,19.2,12.9,26.4,104,45,75,211,89,1945,146,Mobile,UK
USR002406,1.5,4.8,6.4,46.4,7.8,50.6,359,30,2,29,77,1817,258,Mobile,USA
USR002407,23.1,0.2,25.3,31.4,34.4,58.9,271,49,51,488,79,1699,19,Mobile,India
USR002408,7.7,6.2,3.6,9.3,1.7,95.7,780,25,21,255,36,2252,345,Mobile,USA
USR002409,91.8,1.7,4.3,8.8,1.2,70.0,195,41,82,430,36,1174,180,Mobile,Australia
USR002410,55.9,2.3,3.7,6.9,5.3,57.8,577,42,47,259,1,616,335,Tablet,Germany
USR002411,143.4,0.4,8.4,106.2,20.5,20.1,172,35,48,63,84,1035,143,Mobile,Japan
USR002412,69.2,0.1,8.3,62.6,4.0,70.7,85,2,95,104,7,1387,225,Desktop,USA
USR002413,16.4,2.5,15.2,1.4,24.5,56.1,54,25,5,244,0,1631,306,Mobile,India
USR002414,32.1,6.6,9.0,29.5,8.8,94.8,312,8,7,381,83,2569,150,Mobile,Brazil
USR002415,140.3,6.3,6.8,28.4,9.8,26.4,632,34,13,54,42,517,38,Mobile,Australia
USR002416,67.1,7.8,2.3,6.3,14.2,99.7,109,44,33,12,61,399,153,Mobile,Japan
USR002417,95.6,0.6,6.8,21.2,3.7,52.9,113,9,38,78,18,501,253,Desktop,Brazil
USR002418,20.7,2.3,7.5,68.8,22.2,93.2,303,20,29,194,75,3566,257,Desktop,Germany
USR002419,54.0,3.8,3.6,40.5,0.6,74.4,237,10,93,58,18,2603,334,Mobile,Germany
USR002420,347.1,10.9,31.0,119.5,13.0,88.2,643,26,20,169,27,3061,32,Desktop,Germany
USR002421,209.3,0.7,2.8,3.7,12.7,45.3,57,11,67,150,27,2600,223,Mobile,Australia
USR002422,149.7,1.9,10.7,16.4,1.8,77.6,690,36,80,3,91,1872,113,Desktop,India
USR002423,1.0,8.8,21.6,13.4,10.6,59.1,868,47,26,154,25,2341,364,Mobile,Brazil
USR002424,81.3,2.1,2.9,13.8,6.9,61.6,572,18,20,235,18,2569,350,Desktop,Japan
USR002425,108.7,12.6,7.5,4.6,15.2,98.1,510,9,90,372,92,2050,343,Mobile,Australia
USR002426,64.3,0.9,10.1,32.6,4.6,49.8,150,17,37,238,6,1637,297,Mobile,USA
USR002427,39.4,7.8,0.7,13.9,1.5,77.4,143,28,1,350,62,1586,103,Tablet,Australia
USR002428,107.5,14.0,0.2,35.8,8.2,39.1,996,35,90,474,87,2570,144,Mobile,India
USR002429,109.2,7.1,4.8,52.6,4.3,49.5,353,15,35,207,15,1044,45,Mobile,Brazil
USR002430,6.8,3.7,3.8,28.6,3.2,86.2,489,8,82,287,88,233,272,Mobile,Australia
USR002431,39.1,6.7,8.9,191.2,17.2,93.9,233,37,78,2,51,1520,276,Mobile,Japan
USR002432,70.1,2.1,1.2,40.7,15.5,79.1,39,20,69,113,9,2041,13,Mobile,Germany
USR002433,51.3,1.9,6.5,3.8,10.3,66.1,69,13,18,211,19,1740,12,Mobile,Brazil
USR002434,57.6,11.8,1.8,14.3,5.9,46.6,30,20,65,235,17,3305,287,Mobile,Brazil
USR002435,54.3,7.4,4.5,4.1,2.8,41.7,123,13,62,363,16,3415,167,Mobile,Germany
USR002436,27.2,4.3,4.8,167.5,2.8,51.1,138,28,8,260,17,1605,117,Tablet,Brazil
USR002437,75.8,0.5,4.3,96.1,5.2,66.6,56,49,57,378,43,1493,104,Mobile,India
USR002438,24.7,5.2,11.2,53.5,0.2,74.6,176,35,40,281,70,2031,284,Mobile,Japan
USR002439,20.0,1.0,4.2,10.8,6.5,70.2,432,8,17,35,89,1824,19,Desktop,Germany
USR002440,73.3,0.3,1.2,58.6,0.4,95.5,272,22,81,423,32,1508,305,Mobile,Germany
USR002441,9.6,3.9,1.4,19.1,1.0,75.4,60,40,62,48,54,2344,159,Mobile,India
USR002442,24.2,13.5,2.8,5.4,20.2,52.6,449,16,5,454,36,463,49,Desktop,India
USR002443,27.7,5.1,0.3,4.7,5.1,44.7,104,37,27,250,26,1888,350,Mobile,India
USR002444,61.4,4.1,0.9,18.2,13.8,87.7,35,43,28,348,0,864,56,Desktop,India
USR002445,15.0,1.8,10.0,5.8,0.3,38.1,384,15,61,281,31,753,126,Mobile,UK
USR002446,2.5,3.1,37.9,4.5,8.6,34.4,55,8,43,167,89,415,134,Mobile,USA
USR002447,33.6,0.3,3.6,15.8,7.1,26.1,268,47,98,497,84,2923,236,Desktop,Australia
USR002448,63.2,1.7,4.1,71.2,0.5,42.7,405,23,46,293,8,1920,111,Mobile,Japan
USR002449,60.1,2.1,0.6,9.3,2.2,44.8,167,34,22,373,43,2087,12,Mobile,USA
USR002450,50.8,7.6,9.6,63.0,9.0,57.8,179,14,68,355,54,1559,348,Mobile,UK
USR002451,245.7,5.3,4.8,15.0,4.0,39.1,265,40,25,286,28,1670,161,Mobile,USA
USR002452,52.9,3.2,6.4,28.0,1.3,23.2,291,41,95,169,64,1955,23,Mobile,UK
USR002453,103.4,6.2,2.2,96.2,7.5,69.8,185,19,58,404,94,3611,186,Mobile,Japan
USR002454,44.7,19.9,11.5,33.1,1.0,93.2,3,29,71,476,70,2061,37,Mobile,UK
USR002455,49.9,4.0,1.4,5.6,17.7,63.9,33,38,23,212,8,737,20,Mobile,Japan
USR002456,74.9,26.3,8.9,25.5,0.6,75.8,180,4,64,455,86,2327,201,Desktop,USA
USR002457,93.0,7.9,5.4,12.6,47.3,29.7,91,0,99,308,32,2833,197,Desktop,Japan
USR002458,66.8,2.3,3.3,17.3,19.1,54.0,68,0,81,170,11,336,306,Mobile,Germany
USR002459,19.8,1.1,1.0,73.0,3.2,38.9,313,20,75,190,76,2074,352,Tablet,Germany
USR002460,36.8,1.0,4.5,18.6,0.3,96.1,207,32,24,332,20,2449,247,Desktop,Brazil
USR002461,140.6,2.4,0.1,43.9,52.6,75.7,194,17,20,442,26,3003,163,Mobile,Japan
USR002462,39.7,4.0,19.9,92.0,2.2,27.7,319,31,25,280,92,951,154,Tablet,Australia
USR002463,48.8,0.5,6.2,49.8,14.8,99.4,132,24,60,380,33,3331,248,Mobile,Australia
USR002464,35.1,5.5,2.6,7.4,1.8,83.8,99,16,68,268,66,1944,14,Mobile,India
USR002465,142.5,0.8,4.7,8.8,2.1,24.0,15,40,72,139,20,239,195,Mobile,Japan
USR002466,5.5,0.2,7.3,64.5,2.4,49.0,564,19,77,473,6,3352,185,Mobile,Germany
USR002467,65.0,0.2,5.5,32.4,3.7,33.3,325,46,61,159,91,3649,319,Tablet,Brazil
USR002468,13.5,4.9,3.1,21.4,3.4,86.7,251,38,20,430,68,999,86,Mobile,Australia
USR002469,48.9,8.9,1.6,32.6,6.1,25.8,294,15,65,421,63,2958,140,Mobile,Australia
USR002470,136.5,5.2,2.7,143.6,13.7,72.4,409,15,52,423,86,3617,228,Mobile,India
USR002471,60.5,6.7,11.6,14.0,4.9,87.2,68,16,64,17,85,3157,72,Mobile,Australia
USR002472,91.2,0.4,5.5,17.8,14.8,43.2,180,49,48,497,86,967,300,Desktop,USA
USR002473,3.3,5.1,9.5,44.5,7.5,35.9,24,45,66,361,12,1414,136,Mobile,USA
USR002474,104.7,8.0,1.4,63.9,3.8,94.6,362,16,44,102,60,3414,122,Mobile,Japan
USR002475,11.1,9.4,8.9,73.6,5.7,53.6,7,49,53,135,54,2193,196,Tablet,UK
USR002476,69.8,1.8,4.7,44.1,14.7,54.9,22,26,76,358,36,891,70,Mobile,India
USR002477,105.4,2.7,2.9,4.5,1.0,64.5,472,31,24,10,93,373,184,Mobile,Australia
USR002478,142.6,1.4,11.9,18.6,0.2,36.8,47,36,32,360,44,2594,88,Mobile,Japan
USR002479,80.1,3.6,1.2,105.7,28.2,64.2,492,25,33,69,89,1210,108,Mobile,Germany
USR002480,52.6,0.5,13.6,2.4,8.0,89.1,21,49,66,138,56,1074,73,Desktop,Brazil
USR002481,44.5,27.6,10.2,23.0,3.1,82.6,458,27,85,444,63,2979,146,Desktop,Japan
USR002482,60.7,0.9,3.9,15.1,15.8,54.7,54,5,31,10,65,1352,48,Mobile,Japan
USR002483,67.1,0.2,0.6,17.7,1.8,87.8,194,38,59,61,6,3341,17,Desktop,India
USR002484,85.6,1.4,10.3,18.0,9.2,33.7,62,12,82,249,23,71,187,Desktop,Australia
USR002485,65.3,4.6,5.8,2.9,5.3,70.6,302,22,50,387,95,1003,59,Mobile,Australia
USR002486,76.3,15.1,5.5,16.9,45.0,49.8,187,12,11,384,98,160,362,Desktop,Germany
USR002487,55.0,3.1,12.5,11.9,1.3,62.7,221,30,26,462,76,119,120,Mobile,Germany
USR002488,27.9,1.6,9.0,21.5,1.5,76.9,186,39,76,168,50,3381,311,Mobile,USA
USR002489,15.7,2.3,5.4,66.5,1.5,76.2,145,27,83,182,50,3434,255,Mobile,Japan
USR002490,46.6,1.4,12.7,20.1,2.2,52.5,211,31,70,242,39,3202,89,Desktop,USA
USR002491,193.8,6.5,11.8,78.8,7.6,71.4,63,15,4,84,10,2466,157,Desktop,India
USR002492,135.5,7.0,1.6,100.5,0.9,72.3,514,37,14,244,71,2509,78,Desktop,Brazil
USR002493,26.1,10.9,1.8,15.7,13.8,99.3,95,20,32,419,94,2853,144,Mobile,USA
USR002494,113.3,26.5,1.4,53.2,22.9,98.2,374,20,81,272,42,2054,15,Desktop,Brazil
USR002495,11.1,1.6,2.0,77.4,2.9,75.0,38,38,14,364,2,3351,40,Mobile,Germany
USR002496,2.2,10.3,4.5,45.7,7.8,33.8,627,48,4,276,50,470,235,Mobile,USA
USR002497,1.9,0.2,5.3,33.4,16.2,93.7,175,46,53,422,70,2028,77,Mobile,India
USR002498,5.4,13.6,3.8,16.1,53.8,80.2,447,2,48,368,97,705,262,Mobile,Brazil
USR002499,40.5,3.3,9.4,173.7,2.0,88.9,585,30,22,160,22,3587,79,Desktop,Japan
USR002500,85.7,2.8,4.1,70.7,0.8,20.9,198,2,47,289,68,3242,285,Tablet,Germany
USR002501,191.0,0.2,5.1,12.1,15.9,85.9,15,29,66,202,9,1761,82,Mobile,UK
USR002502,4.0,1.3,5.4,14.9,30.0,42.1,10,31,84,423,54,1353,333,Desktop,Japan
USR002503,25.2,14.0,14.7,63.4,14.0,87.3,17,44,11,480,51,1326,261,Mobile,Germany
USR002504,66.0,2.0,0.7,38.6,14.9,87.0,334,30,71,325,92,3171,300,Mobile,Japan
USR002505,32.6,4.4,0.4,11.1,4.8,71.4,574,49,72,385,88,1565,137,Mobile,UK
USR002506,57.3,3.1,0.2,35.5,23.6,83.5,183,3,74,88,12,438,229,Mobile,USA
USR002507,35.6,8.6,7.0,36.2,15.5,65.9,465,34,6,5,82,1542,97,Mobile,UK
USR002508,124.7,2.9,10.9,37.6,6.9,55.8,359,23,66,260,73,2894,231,Mobile,UK
USR002509,12.3,4.0,0.2,3.8,14.7,67.8,145,27,16,251,36,1155,186,Mobile,India
USR002510,61.4,1.2,19.0,1.7,12.1,46.2,666,34,2,174,50,3129,282,Mobile,USA
USR002511,97.2,6.0,2.9,81.4,12.4,57.3,227,30,29,89,48,1779,270,Mobile,Japan
USR002512,18.9,2.4,1.8,15.1,2.4,42.3,68,19,2,119,82,2935,137,Mobile,UK
USR002513,54.0,1.1,9.3,74.5,8.8,62.1,96,26,7,360,87,121,217,Mobile,UK
USR002514,26.1,7.0,12.7,19.3,9.7,96.8,729,0,55,476,57,2666,300,Mobile,USA
USR002515,37.0,10.4,4.8,13.5,5.3,22.7,79,46,38,15,4,3060,147,Mobile,Brazil
USR002516,54.3,1.8,8.4,6.8,24.5,99.8,10,33,49,285,94,2130,238,Mobile,USA
USR002517,24.7,5.7,1.5,57.3,8.5,73.5,120,15,29,371,26,2363,249,Tablet,Japan
USR002518,63.2,2.6,5.6,73.0,74.1,80.9,75,45,66,493,19,2941,247,Mobile,UK
USR002519,25.4,4.1,8.0,6.9,13.2,65.8,15,34,7,433,38,2944,334,Mobile,Australia
USR002520,18.3,2.4,2.9,88.6,17.3,94.3,59,20,33,111,8,2741,221,Desktop,USA
USR002521,12.4,2.1,11.7,37.7,7.3,86.5,425,42,47,253,5,3613,187,Mobile,Australia
USR002522,164.5,2.4,1.5,46.2,14.6,88.1,237,37,87,296,0,3579,361,Mobile,USA
USR002523,57.7,1.4,1.2,50.6,0.9,74.4,0,35,97,440,25,2298,182,Mobile,Germany
USR002524,179.4,5.3,5.5,36.3,9.0,95.2,376,42,25,220,28,3104,71,Tablet,Japan
USR002525,36.9,10.0,10.7,5.2,7.3,92.5,340,44,99,340,49,3050,151,Desktop,UK
USR002526,34.9,1.0,4.2,5.5,8.1,68.2,22,17,94,359,20,1220,208,Mobile,Germany
USR002527,123.2,0.0,7.9,25.7,16.2,57.8,80,1,48,444,44,871,120,Mobile,Brazil
USR002528,92.3,13.1,1.6,6.6,9.1,87.6,15,38,38,461,18,503,206,Tablet,Germany
USR002529,50.1,0.9,0.2,15.3,5.5,24.8,361,39,77,21,40,2439,214,Mobile,UK
USR002530,94.2,2.0,10.5,31.7,4.3,88.5,20,25,8,287,41,1526,294,Mobile,Australia
USR002531,4.5,0.4,11.2,21.8,3.4,21.9,452,24,44,94,11,1723,314,Mobile,USA
USR002532,45.4,0.5,1.8,0.4,7.9,29.4,267,45,51,477,50,1534,178,Mobile,Germany
USR002533,92.6,3.2,17.4,12.0,14.9,54.7,242,9,46,271,31,650,164,Mobile,Germany
USR002534,3.5,3.1,20.2,40.2,1.3,24.8,1,49,52,131,27,1923,51,Desktop,UK
USR002535,179.7,20.1,23.3,24.0,16.5,89.5,17,16,28,318,39,3531,291,Mobile,India
USR002536,102.8,6.5,8.1,45.6,19.1,32.5,130,20,14,358,4,3636,120,Desktop,UK
USR002537,10.4,4.9,2.2,58.8,18.5,47.6,617,20,41,73,50,146,236,Mobile,Germany
USR002538,80.0,2.9,2.1,16.3,3.8,91.7,261,42,78,312,65,324,272,Tablet,Japan
USR002539,126.8,10.0,9.4,125.8,11.5,83.7,1127,33,45,234,13,1950,186,Mobile,Brazil
USR002540,215.3,3.0,8.1,5.8,5.4,80.3,1,30,22,45,98,3125,21,Mobile,Japan
USR002541,1.5,12.9,9.7,10.8,13.9,29.3,2,37,39,472,20,1355,52,Mobile,USA
USR002542,9.2,0.3,3.0,112.5,2.4,65.2,48,46,96,127,19,3565,200,Mobile,India
USR002543,21.5,8.7,11.3,26.6,11.5,95.0,91,35,36,16,27,849,28,Mobile,India
USR002544,4.8,1.1,10.4,70.7,1.5,27.3,355,29,36,107,42,1930,301,Mobile,Australia
USR002545,141.2,0.1,7.2,27.3,20.3,47.1,31,25,61,283,43,125,275,Mobile,Australia
USR002546,54.5,3.5,2.4,11.9,8.4,65.6,251,2,63,159,9,681,189,Tablet,Australia
USR002547,3.1,1.0,8.5,11.9,1.5,81.6,41,0,93,404,58,3098,230,Mobile,Germany
USR002548,9.6,12.0,9.9,155.7,19.2,91.9,34,22,1,178,14,169,363,Mobile,Japan
USR002549,126.6,0.3,23.2,24.9,7.2,48.0,64,28,10,32,65,1435,138,Tablet,Australia
USR002550,138.3,7.6,2.3,17.6,30.5,22.8,223,23,63,60,97,1931,104,Mobile,Japan
USR002551,135.2,3.4,5.4,3.0,43.4,61.8,1145,32,42,301,7,2230,252,Mobile,UK
USR002552,47.6,5.5,3.7,43.4,4.2,34.9,121,44,64,390,53,3394,319,Mobile,Japan
USR002553,70.2,0.1,2.2,35.5,28.0,47.2,54,28,14,103,43,1797,206,Mobile,Germany
USR002554,13.8,7.7,9.6,61.2,2.2,87.0,122,19,76,406,58,1043,124,Mobile,Germany
USR002555,66.7,6.7,0.9,22.4,7.6,52.7,2,24,81,359,7,2055,243,Tablet,UK
USR002556,1.8,3.8,2.0,13.1,42.0,40.4,28,25,23,276,20,1633,89,Mobile,Germany
USR002557,45.8,7.9,20.4,22.5,2.0,49.7,309,2,11,19,53,1371,114,Mobile,UK
USR002558,63.8,14.6,5.6,4.5,3.4,39.9,249,13,86,429,89,2253,280,Mobile,UK
USR002559,68.8,4.3,15.3,101.3,7.3,68.1,316,44,28,348,82,2343,11,Mobile,UK
USR002560,14.9,14.7,7.8,262.9,5.6,60.6,82,28,9,126,30,2674,270,Desktop,USA
USR002561,94.2,2.2,8.7,19.6,6.8,65.1,152,2,72,50,33,2178,345,Mobile,Germany
USR002562,7.3,1.9,2.0,35.7,27.4,36.6,22,34,62,468,70,2614,17,Mobile,Japan
USR002563,55.3,1.2,6.9,17.1,2.9,33.3,16,32,70,134,58,420,253,Mobile,Germany
USR002564,324.3,3.9,5.1,29.1,3.4,76.3,63,35,12,435,36,1640,303,Mobile,Australia
USR002565,70.1,1.4,30.7,31.4,2.2,29.4,558,43,41,409,52,1743,67,Desktop,Australia
USR002566,14.2,1.0,6.4,34.9,12.3,86.0,299,24,45,176,94,1404,243,Mobile,UK
USR002567,57.2,6.8,0.8,40.3,5.0,20.9,375,24,46,147,72,3535,288,Desktop,Germany
USR002568,35.4,6.3,10.0,117.5,2.8,80.1,177,19,35,157,57,3346,42,Mobile,USA
USR002569,3.9,5.5,24.9,26.7,17.4,72.4,530,41,70,206,35,1930,210,Mobile,USA
USR002570,56.9,12.7,1.0,40.8,3.5,25.5,141,48,98,277,24,1763,32,Mobile,UK
USR002571,170.3,9.0,11.1,99.5,27.7,89.9,352,24,6,182,74,2468,32,Mobile,India
USR002572,7.6,4.9,0.6,104.2,2.9,35.0,122,9,43,295,18,1847,70,Tablet,USA
USR002573,3.1,1.4,4.0,68.0,4.7,85.7,114,8,66,43,56,3570,60,Desktop,Germany
USR002574,26.6,9.1,8.4,70.5,1.8,31.9,750,21,12,465,86,3508,254,Desktop,UK
USR002575,207.6,10.3,1.3,12.1,6.1,70.1,15,20,30,438,2,89,194,Mobile,India
USR002576,50.1,4.0,15.1,24.8,10.6,74.8,359,7,59,188,28,3354,102,Mobile,Brazil
USR002577,121.4,3.6,0.6,154.2,48.2,28.6,248,34,28,56,82,1726,168,Mobile,India
USR002578,2.6,7.7,1.8,121.0,16.2,33.0,30,28,13,296,90,1459,223,Mobile,Germany
USR002579,68.3,4.0,7.7,44.2,3.9,28.5,270,5,1,248,1,1442,179,Desktop,UK
USR002580,1.7,1.2,5.9,15.6,13.2,21.3,293,6,23,28,54,1872,158,Mobile,USA
USR002581,32.5,0.3,4.3,50.0,13.2,42.0,303,17,59,428,6,586,87,Mobile,Brazil
USR002582,21.3,1.2,14.6,2.6,8.1,51.6,328,45,38,50,82,2634,235,Mobile,Germany
USR002583,28.9,10.2,1.7,68.3,0.3,68.4,66,8,50,486,21,3209,258,Desktop,Germany
USR002584,1.6,1.4,7.7,24.3,8.1,43.6,103,6,16,425,71,1130,94,Mobile,USA
USR002585,84.3,1.9,2.9,2.7,13.4,96.6,88,17,58,280,79,1767,8,Mobile,India
USR002586,28.3,10.6,4.0,24.8,9.8,71.3,36,16,36,481,2,2779,140,Mobile,Japan
USR002587,97.0,7.7,1.0,8.8,4.1,26.3,48,45,44,211,2,1306,274,Mobile,Japan
USR002588,3.6,1.2,0.5,33.0,2.9,64.1,69,18,56,77,17,1648,165,Mobile,Australia
USR002589,72.3,9.0,1.3,108.8,8.4,77.5,518,10,74,191,48,2341,295,Mobile,Brazil
USR002590,104.0,0.6,24.6,52.4,3.2,26.7,33,40,53,142,69,240,1,Mobile,UK
USR002591,13.7,2.4,10.7,150.9,5.0,24.8,5,8,36,11,62,3164,43,Mobile,Australia
USR002592,106.8,0.7,7.5,171.9,11.0,37.4,313,24,62,226,57,3393,154,Mobile,Germany
USR002593,130.3,7.0,10.6,12.6,12.0,44.2,906,2,11,319,64,2277,350,Mobile,Japan
USR002594,2.8,0.9,6.6,48.8,5.1,60.7,69,41,33,151,63,1390,150,Mobile,UK
USR002595,35.3,11.6,0.4,2.7,3.9,81.0,203,8,4,405,99,2969,117,Tablet,Germany
USR002596,8.5,5.7,33.9,14.9,9.0,86.0,189,14,27,268,83,2386,52,Mobile,USA
USR002597,88.7,0.0,4.5,0.3,12.6,69.8,153,17,65,345,74,1224,184,Desktop,Germany
USR002598,82.7,0.7,2.4,64.6,6.1,24.2,131,4,78,415,73,2256,230,Desktop,Australia
USR002599,211.2,0.0,3.0,51.9,14.7,94.1,396,25,32,58,2,1280,291,Mobile,Australia
USR002600,30.4,8.0,7.3,41.2,3.7,89.4,288,8,38,156,21,3349,346,Mobile,Japan
USR002601,34.3,1.4,0.5,102.4,5.7,79.7,63,32,84,12,47,3044,283,Mobile,UK
USR002602,32.3,12.6,6.1,20.0,15.9,23.1,66,47,39,164,15,65,40,Mobile,Japan
USR002603,15.7,5.2,11.4,24.3,3.8,44.5,416,14,71,193,68,147,106,Desktop,Brazil
USR002604,12.0,0.6,0.1,59.1,11.2,20.3,258,21,64,195,12,2839,168,Desktop,UK
USR002605,76.0,2.3,2.0,83.7,21.5,74.4,4,14,17,448,38,2651,216,Desktop,Brazil
USR002606,3.5,1.2,0.0,0.9,19.0,87.3,7,41,33,52,72,1813,356,Mobile,Brazil
USR002607,18.0,0.9,5.3,35.4,3.9,28.3,958,7,67,379,20,2834,214,Mobile,Brazil
USR002608,23.8,9.8,7.4,26.7,0.1,42.8,13,49,50,274,8,796,161,Mobile,Australia
USR002609,2.1,0.7,0.1,0.4,9.4,43.2,16,49,74,385,91,1869,320,Desktop,UK
USR002610,27.4,32.9,9.0,8.2,3.8,77.1,91,15,89,484,98,3363,127,Mobile,UK
USR002611,7.7,0.4,11.9,12.0,23.1,45.4,93,33,99,329,63,3396,78,Mobile,Australia
USR002612,113.3,4.5,4.0,106.8,0.9,98.5,250,33,32,375,44,3043,316,Tablet,USA
USR002613,39.6,0.6,27.9,53.1,0.2,58.1,120,9,99,488,23,1540,195,Mobile,Brazil
USR002614,56.9,3.7,18.0,11.7,5.6,81.3,7,12,62,317,92,1898,115,Tablet,India
USR002615,126.5,0.7,2.5,25.8,2.1,83.1,659,34,71,393,90,3460,136,Mobile,Germany
USR002616,77.0,10.9,3.7,4.0,0.4,68.2,31,1,46,432,68,1214,96,Mobile,Germany
USR002617,187.8,13.5,1.0,12.0,13.9,99.0,549,31,95,5,4,2707,351,Desktop,Brazil
USR002618,58.9,0.5,8.6,1.5,4.7,38.1,115,14,90,10,94,2698,357,Mobile,UK
USR002619,13.2,8.9,20.9,54.9,13.8,24.2,188,13,64,342,39,3332,53,Mobile,Japan
USR002620,80.2,1.0,2.3,11.0,16.5,35.4,18,20,42,224,2,2741,65,Desktop,Japan
USR002621,8.8,1.8,16.3,90.5,15.9,31.7,190,32,83,465,99,1613,299,Mobile,Japan
USR002622,56.6,2.3,1.9,121.3,31.9,64.1,18,38,84,148,43,2957,284,Mobile,Australia
USR002623,55.7,0.3,3.2,63.7,0.9,70.4,40,12,56,124,7,385,268,Mobile,Brazil
USR002624,1.0,6.1,2.6,26.5,2.6,41.7,24,31,86,424,24,193,177,Mobile,USA
USR002625,251.3,0.5,16.6,46.1,10.0,55.7,136,5,30,448,32,1312,104,Desktop,UK
USR002626,56.3,1.7,7.3,18.9,6.4,76.9,18,41,62,180,66,741,275,Mobile,Germany
USR002627,148.8,20.3,4.0,50.8,14.8,62.2,122,30,4,61,33,2500,0,Mobile,Australia
USR002628,127.0,1.7,9.2,26.6,20.8,57.8,602,9,55,124,46,1644,292,Desktop,Australia
USR002629,74.1,0.1,1.3,65.1,14.0,73.5,74,23,41,60,25,2097,337,Mobile,USA
USR002630,4.9,5.8,24.2,9.5,25.4,71.5,236,39,90,142,35,2353,162,Tablet,USA
USR002631,21.1,0.4,3.9,38.3,1.0,98.7,81,37,36,454,0,328,18,Mobile,Germany
USR002632,163.9,15.8,1.5,20.7,12.4,43.6,112,26,11,349,5,780,120,Mobile,Japan
USR002633,32.0,1.2,6.7,5.7,5.6,47.1,216,5,15,492,77,859,161,Mobile,USA
USR002634,44.0,1.3,14.4,1.2,7.1,42.4,161,24,91,499,59,1858,294,Mobile,UK
USR002635,37.3,4.0,2.3,102.4,19.8,55.6,279,6,72,321,61,1970,238,Mobile,Germany
USR002636,74.7,0.6,12.5,138.3,6.9,49.2,37,26,25,327,60,674,147,Desktop,Australia
USR002637,26.1,2.5,33.8,10.6,0.5,57.3,131,5,11,64,98,399,299,Mobile,Germany
USR002638,97.0,1.4,2.0,55.8,1.9,78.4,45,29,53,447,46,3359,282,Mobile,Brazil
USR002639,19.1,0.4,19.2,4.6,2.1,31.6,514,21,15,20,81,1749,31,Mobile,Brazil
USR002640,201.8,0.5,0.3,45.4,12.6,90.5,610,21,36,38,60,1539,325,Desktop,UK
USR002641,289.6,7.7,3.4,6.7,7.3,36.6,83,31,27,398,84,3320,54,Mobile,India
USR002642,600.0,3.5,3.4,68.8,6.3,54.1,201,13,64,380,80,2451,140,Mobile,India
USR002643,136.8,1.4,2.4,94.3,9.8,87.8,149,21,83,370,61,384,6,Desktop,Germany
USR002644,81.3,0.4,7.4,21.5,2.6,55.6,84,8,47,471,4,2037,20,Mobile,India
USR002645,153.2,2.6,1.3,22.5,8.5,72.5,230,9,50,346,59,2529,280,Mobile,UK
USR002646,19.7,5.5,5.5,8.8,2.7,52.5,524,43,88,431,67,492,173,Desktop,Japan
USR002647,168.4,2.1,5.4,32.6,21.1,88.0,179,15,79,474,17,2625,144,Tablet,Japan
USR002648,8.8,3.1,0.7,77.3,1.2,91.2,145,42,67,174,27,689,37,Mobile,Australia
USR002649,27.3,3.9,2.5,52.5,2.3,42.0,92,14,27,377,87,1700,135,Mobile,Brazil
USR002650,161.9,3.4,7.2,156.4,2.9,93.1,80,37,6,86,38,2826,320,Mobile,USA
USR002651,70.5,4.7,0.0,76.4,0.1,70.4,164,2,16,53,9,2363,59,Mobile,Brazil
USR002652,61.3,2.7,4.6,40.3,72.0,28.5,14,44,33,140,91,118,356,Mobile,Germany
USR002653,75.9,2.7,4.2,9.5,13.6,45.8,129,13,51,189,82,146,251,Desktop,Germany
USR002654,31.8,0.9,0.9,38.5,1.0,53.5,55,12,74,407,99,2911,288,Mobile,India
USR002655,42.5,3.2,9.3,57.2,13.0,43.4,237,3,32,82,57,2848,171,Mobile,USA
USR002656,99.3,7.2,0.0,3.0,16.3,61.6,15,19,51,487,4,3342,79,Mobile,India
USR002657,12.2,6.6,13.9,39.6,19.2,68.8,39,22,28,259,9,2816,309,Mobile,Brazil
USR002658,8.1,2.0,9.8,5.9,11.0,81.6,196,42,53,245,11,1914,160,Mobile,Germany
USR002659,69.6,0.3,5.1,62.5,1.3,34.6,80,29,75,65,73,154,220,Desktop,Japan
USR002660,4.6,13.6,11.4,74.5,1.9,55.0,232,21,38,126,5,1455,301,Mobile,UK
USR002661,25.5,3.3,4.2,3.1,2.4,59.8,212,40,31,252,36,3276,15,Mobile,India
USR002662,71.2,6.6,51.2,30.0,10.9,73.6,203,0,95,0,20,2033,30,Mobile,UK
USR002663,101.3,4.8,0.2,38.8,11.7,79.2,215,22,61,298,55,279,321,Desktop,USA
USR002664,113.1,1.8,5.1,68.9,12.7,36.3,31,48,54,260,8,1909,158,Tablet,Brazil
USR002665,8.3,5.1,22.0,10.7,4.2,28.7,14,48,13,194,61,3528,1,Tablet,India
USR002666,47.9,4.5,11.1,7.2,5.9,41.7,5,29,88,61,64,856,55,Mobile,USA
USR002667,40.0,8.5,35.2,123.4,9.9,30.1,255,8,16,87,27,2316,281,Desktop,USA
USR002668,119.8,5.0,2.7,2.8,2.7,86.8,17,14,92,48,83,3464,159,Desktop,Germany
USR002669,72.6,13.0,3.8,36.9,0.8,53.7,534,46,92,345,45,1774,115,Mobile,Brazil
USR002670,38.6,1.0,1.2,26.9,0.8,32.4,267,15,27,272,8,3248,88,Desktop,USA
USR002671,40.6,1.2,1.8,18.0,5.2,72.8,49,27,20,82,87,2428,55,Mobile,India
USR002672,13.2,0.1,33.1,39.7,3.0,21.7,307,16,83,30,10,439,220,Mobile,India
USR002673,117.4,0.1,1.5,119.0,12.2,87.8,80,43,81,440,85,2904,279,Mobile,Germany
USR002674,5.1,3.3,0.0,40.5,0.4,81.6,49,33,23,434,74,319,240,Mobile,Australia
USR002675,8.1,10.5,3.8,47.5,24.5,26.4,101,15,82,29,45,48,340,Mobile,Japan
USR002676,96.2,13.9,3.1,58.4,47.8,76.9,227,15,9,411,94,2840,147,Mobile,India
USR002677,47.3,17.3,3.2,348.3,16.6,44.4,6,13,90,250,49,1055,281,Mobile,India
USR002678,40.5,2.8,32.0,3.1,4.1,67.9,121,37,18,357,72,2715,148,Desktop,UK
USR002679,121.8,1.7,15.3,150.0,0.5,92.4,137,22,73,403,94,2411,305,Desktop,Brazil
USR002680,11.7,6.7,0.5,59.4,0.3,83.1,24,32,68,425,33,1294,113,Mobile,India
USR002681,190.8,0.2,2.1,44.2,5.5,50.1,27,7,93,40,81,2573,228,Mobile,Japan
USR002682,81.2,7.9,6.9,84.6,9.7,98.9,197,28,76,370,87,2473,360,Mobile,USA
USR002683,39.5,3.2,0.2,47.3,7.6,86.6,284,34,44,489,51,203,291,Mobile,India
USR002684,5.5,3.2,6.6,17.8,2.4,42.2,164,40,35,54,40,2390,320,Mobile,Brazil
USR002685,87.1,8.3,2.0,11.0,18.0,66.3,86,11,68,283,2,2192,285,Desktop,India
USR002686,105.8,5.5,19.6,27.6,1.3,76.6,1057,47,22,3,4,3627,307,Mobile,Brazil
USR002687,97.8,8.0,1.2,137.8,14.0,25.4,30,11,15,298,81,995,134,Mobile,USA
USR002688,11.9,4.1,18.8,177.2,9.7,59.8,109,48,12,258,71,1065,148,Desktop,USA
USR002689,55.7,0.7,0.2,31.7,20.8,74.0,175,0,59,133,33,3113,345,Desktop,UK
USR002690,2.8,10.4,1.8,8.1,13.7,67.2,0,10,40,54,55,3376,166,Mobile,Australia
USR002691,44.4,6.5,14.3,25.3,39.3,93.5,146,28,39,11,48,3070,163,Mobile,Japan
USR002692,118.6,5.3,13.4,11.5,9.2,35.2,58,26,23,241,59,2909,325,Mobile,Australia
USR002693,86.7,3.5,8.5,13.7,1.4,47.6,195,42,50,439,97,512,282,Mobile,UK
USR002694,119.8,1.4,1.4,32.4,0.6,42.1,93,30,46,298,19,1384,43,Mobile,India
USR002695,2.6,9.7,7.6,2.1,19.0,64.8,196,15,45,429,76,2338,296,Mobile,India
USR002696,24.9,9.7,5.6,4.9,3.8,95.7,15,9,93,71,8,3571,298,Mobile,Brazil
USR002697,91.5,0.1,12.1,44.4,12.2,48.8,17,27,55,397,10,184,232,Mobile,Germany
USR002698,4.9,0.1,9.2,75.6,3.0,72.9,135,16,77,225,64,521,243,Mobile,Brazil
USR002699,314.3,5.7,2.4,2.8,8.0,44.5,129,19,14,62,94,903,126,Tablet,Brazil
USR002700,60.5,5.1,4.5,58.1,2.2,93.6,83,24,61,36,10,2678,100,Mobile,Japan
USR002701,13.5,0.3,5.3,82.6,5.3,41.4,999,37,32,240,6,3592,79,Mobile,Japan
USR002702,7.4,23.0,7.0,1.8,14.6,75.5,12,27,47,220,69,151,178,Mobile,UK
USR002703,91.4,5.0,8.6,32.0,8.3,67.9,472,19,80,152,76,2206,256,Mobile,Japan
USR002704,81.1,8.3,10.2,138.1,0.2,75.1,105,11,42,354,45,3172,66,Mobile,Japan
USR002705,132.5,0.5,14.9,143.7,1.3,61.5,354,8,36,113,68,3242,243,Tablet,Japan
USR002706,1.0,4.6,17.3,42.6,18.5,50.4,204,27,77,19,52,1614,219,Desktop,Japan
USR002707,7.7,0.3,8.4,14.3,13.5,76.6,56,6,48,448,84,302,326,Mobile,India
USR002708,4.1,4.2,6.1,8.4,36.1,81.7,337,43,38,323,71,2050,115,Mobile,Germany
USR002709,5.9,2.1,12.8,66.2,6.5,30.6,25,5,3,497,77,1800,361,Tablet,USA
USR002710,33.9,1.9,6.9,70.9,2.9,44.5,64,31,45,282,76,1199,131,Mobile,USA
USR002711,27.8,0.4,4.0,15.0,6.1,51.1,319,27,76,286,73,726,350,Mobile,USA
USR002712,43.2,2.6,14.5,33.2,4.3,24.7,404,22,11,83,1,2530,354,Mobile,Australia
USR002713,10.7,1.0,25.0,54.6,10.3,71.3,954,29,27,437,36,3509,175,Mobile,Germany
USR002714,23.4,2.7,0.8,11.7,15.0,79.6,125,6,7,70,34,1484,288,Mobile,India
USR002715,2.9,4.8,0.4,52.9,1.5,35.7,259,21,15,324,7,241,244,Mobile,Japan
USR002716,68.2,0.8,5.6,10.1,3.9,69.8,197,4,10,289,3,2816,250,Mobile,Brazil
USR002717,53.0,6.0,0.1,45.3,2.0,43.1,905,32,38,25,5,194,135,Desktop,Australia
USR002718,127.8,1.2,2.2,40.0,15.8,68.7,7,47,55,499,97,3326,78,Desktop,India
USR002719,42.7,0.3,5.3,0.8,14.7,82.9,28,28,17,360,30,198,177,Mobile,Brazil
USR002720,105.1,7.1,0.3,7.3,19.5,92.1,35,24,91,395,59,3511,20,Mobile,Germany
USR002721,82.6,3.6,6.9,71.5,2.6,37.4,17,11,46,446,28,1532,145,Mobile,Brazil
USR002722,71.5,0.0,6.6,19.4,2.0,23.2,303,47,51,330,88,3136,265,Mobile,UK
USR002723,217.0,2.8,2.2,50.2,17.8,65.7,46,2,6,499,96,3647,228,Mobile,UK
USR002724,37.0,6.8,2.0,16.3,16.0,93.8,64,19,79,381,56,1964,132,Mobile,Japan
USR002725,92.1,8.5,15.1,5.7,0.3,50.5,65,9,83,143,24,1249,16,Mobile,UK
USR002726,139.4,0.8,5.7,6.9,11.3,36.3,661,44,33,481,58,2062,302,Mobile,UK
USR002727,104.0,1.4,15.4,12.2,7.3,67.1,113,4,87,237,19,315,249,Mobile,Germany
USR002728,2.9,2.2,1.0,137.6,5.1,69.0,188,18,42,348,51,1628,209,Mobile,USA
USR002729,63.9,4.0,3.4,3.0,8.7,72.0,147,34,71,295,78,126,335,Mobile,Brazil
USR002730,46.0,6.8,14.7,24.7,1.0,88.5,648,38,34,211,4,3051,346,Mobile,UK
USR002731,57.4,3.3,11.9,3.8,2.4,55.7,18,12,80,252,12,1612,56,Tablet,UK
USR002732,52.7,11.1,11.5,24.5,2.7,85.1,1,37,52,198,26,303,167,Mobile,Brazil
USR002733,62.4,10.8,8.6,57.8,8.3,28.7,84,43,75,471,43,156,27,Mobile,USA
USR002734,6.2,0.8,1.4,59.9,5.0,27.5,130,29,10,17,89,864,106,Desktop,UK
USR002735,234.6,0.1,14.7,13.6,0.4,61.6,51,31,24,3,9,1526,163,Mobile,Japan
USR002736,13.3,5.9,3.5,61.6,4.5,31.2,249,41,87,33,36,3103,210,Mobile,UK
USR002737,10.6,2.8,0.2,39.9,0.7,97.6,154,7,75,216,43,2278,108,Mobile,Australia
USR002738,98.2,2.3,12.0,40.6,28.8,30.5,126,20,1,24,4,2692,170,Tablet,Germany
USR002739,111.4,1.5,6.0,141.5,5.8,61.7,344,25,47,421,57,2577,75,Mobile,Australia
USR002740,34.6,10.3,1.3,26.3,12.0,46.1,177,27,23,304,70,2280,48,Mobile,Germany
USR002741,40.4,0.3,6.4,49.6,2.1,23.5,101,17,35,274,8,1410,73,Desktop,Brazil
USR002742,17.1,12.9,14.5,8.5,1.6,35.6,185,34,86,137,97,283,79,Mobile,Germany
USR002743,60.5,10.8,4.7,15.8,0.9,45.1,138,1,48,358,0,2329,211,Mobile,Germany
USR002744,38.4,3.5,2.0,31.3,20.4,22.0,126,47,83,465,23,2845,80,Mobile,Brazil
USR002745,33.9,0.0,4.1,50.6,13.6,39.4,235,2,30,161,93,386,217,Mobile,Japan
USR002746,125.8,20.6,6.5,22.2,0.2,83.2,348,39,21,12,18,3021,18,Desktop,Brazil
USR002747,31.5,0.2,9.5,16.3,0.5,65.4,649,27,55,270,45,903,151,Mobile,Germany
USR002748,33.1,0.9,18.4,6.9,0.3,94.2,107,15,31,191,78,1881,149,Mobile,UK
USR002749,8.5,1.2,1.4,7.7,3.4,36.1,355,32,1,128,48,1812,142,Tablet,Australia
USR002750,202.2,2.4,0.5,4.3,5.9,24.2,371,19,24,190,18,1146,270,Mobile,Australia
USR002751,3.8,9.1,10.9,13.0,11.3,80.4,58,45,26,118,50,660,65,Mobile,Brazil
USR002752,27.0,3.8,0.8,159.3,7.8,29.0,75,20,54,477,32,2368,28,Mobile,USA
USR002753,25.9,0.1,5.7,67.7,4.5,51.0,11,1,1,103,50,3377,115,Desktop,Japan
USR002754,41.1,8.4,7.5,176.0,36.7,80.9,94,14,43,163,37,1548,331,Mobile,India
USR002755,151.2,8.1,8.0,11.9,6.8,43.6,30,31,32,138,52,1636,101,Mobile,Brazil
USR002756,9.7,0.2,1.8,79.9,3.4,43.4,319,34,87,367,68,1287,3,Mobile,India
USR002757,73.1,1.5,2.3,6.1,0.4,90.4,758,4,84,86,7,2990,352,Tablet,Brazil
USR002758,68.7,11.5,16.1,22.5,4.1,23.3,125,32,89,264,83,3482,50,Mobile,Japan
USR002759,1.0,1.4,4.7,95.6,3.8,56.6,15,42,33,431,67,2731,212,Mobile,Brazil
USR002760,78.6,2.4,2.4,21.1,6.2,67.2,117,18,90,44,65,210,101,Desktop,Brazil
USR002761,43.6,3.9,13.4,0.3,3.4,30.4,13,27,11,419,42,1743,350,Mobile,Brazil
USR002762,17.8,3.0,5.6,47.0,4.3,79.4,13,34,41,174,84,2927,320,Mobile,Brazil
USR002763,43.9,0.3,1.4,13.7,2.1,39.5,329,43,16,425,45,1675,132,Mobile,USA
USR002764,48.9,3.9,5.3,38.9,2.8,87.6,476,35,86,255,21,1501,10,Mobile,USA
USR002765,76.4,2.7,3.4,23.2,3.0,65.9,28,13,46,434,33,171,204,Mobile,UK
USR002766,149.1,10.0,11.9,40.9,16.6,75.8,420,36,57,244,76,1757,319,Desktop,India
USR002767,18.9,2.4,12.6,48.1,13.2,73.5,296,20,50,339,32,3518,315,Mobile,Brazil
USR002768,54.3,0.2,2.9,53.9,1.4,94.6,40,27,41,21,28,3497,87,Mobile,Japan
USR002769,49.7,0.7,4.4,49.5,13.5,44.0,97,38,44,162,82,3552,49,Mobile,India
USR002770,11.7,16.8,0.4,129.9,19.1,48.6,60,29,39,78,9,2438,324,Mobile,Australia
USR002771,171.3,0.3,10.9,48.0,5.4,91.1,170,28,97,93,16,610,68,Mobile,USA
USR002772,7.0,5.6,37.7,0.9,3.1,38.2,19,2,20,362,93,2338,208,Tablet,Brazil
USR002773,14.2,4.7,11.6,53.0,17.4,50.3,869,4,65,329,23,2081,167,Mobile,UK
USR002774,24.6,0.2,5.6,21.9,0.0,94.7,51,24,41,3,84,2577,276,Mobile,Australia
USR002775,17.3,0.8,6.8,9.7,11.0,29.7,262,19,37,393,75,2974,332,Mobile,Australia
USR002776,29.7,0.6,0.5,76.9,11.6,23.4,11,47,61,198,80,1332,299,Desktop,UK
USR002777,72.1,4.4,4.2,1.4,1.6,68.8,74,8,90,145,68,1255,198,Desktop,UK
USR002778,7.2,0.0,0.6,172.8,1.0,29.1,85,1,74,78,3,237,266,Desktop,Brazil
USR002779,121.4,0.8,4.7,31.6,9.1,64.7,41,23,8,159,88,716,29,Desktop,India
USR002780,78.5,7.0,1.9,41.2,8.4,56.6,51,19,90,177,28,1950,18,Mobile,Japan
USR002781,16.8,4.7,3.3,58.4,17.6,88.3,91,34,17,22,22,792,322,Mobile,Brazil
USR002782,20.3,1.8,24.3,153.0,11.2,49.3,1342,30,5,394,54,2932,49,Tablet,Germany
USR002783,51.6,23.9,7.6,114.4,1.9,93.0,101,23,75,157,62,770,225,Mobile,USA
USR002784,296.9,6.5,1.5,6.5,1.7,44.8,103,30,75,299,62,2525,228,Mobile,Australia
USR002785,6.1,1.3,25.6,84.1,5.0,61.5,134,37,92,173,40,1670,238,Mobile,UK
USR002786,2.9,1.0,0.5,32.3,1.1,28.2,341,35,71,325,91,1970,215,Mobile,Australia
USR002787,79.1,3.8,4.3,23.4,10.3,60.7,91,31,38,495,55,1836,308,Mobile,USA
USR002788,6.3,1.5,4.8,8.0,20.5,79.3,283,49,3,173,67,2065,149,Desktop,Germany
USR002789,83.0,0.8,6.5,11.8,9.9,76.0,174,4,14,168,70,1779,256,Desktop,UK
USR002790,28.3,2.5,11.1,95.4,1.4,29.0,371,37,64,168,10,434,328,Mobile,USA
USR002791,99.9,8.9,1.1,29.0,11.1,76.1,146,34,92,234,68,1012,314,Mobile,India
USR002792,57.0,10.8,0.0,302.3,1.3,28.7,549,44,17,277,69,1239,82,Mobile,Brazil
USR002793,102.6,1.5,1.2,38.8,8.2,76.7,153,22,71,401,53,3309,51,Mobile,India
USR002794,29.9,0.8,6.1,34.5,44.6,48.6,6,5,96,98,48,2450,158,Mobile,Germany
USR002795,7.8,0.7,14.1,7.2,4.2,53.2,63,25,15,406,66,2864,319,Mobile,USA
USR002796,32.5,2.7,8.1,48.2,8.8,92.8,214,49,72,183,53,1891,262,Mobile,UK
USR002797,173.1,1.7,10.1,64.5,14.5,52.6,242,47,56,41,22,291,115,Mobile,Brazil
USR002798,145.1,5.0,8.7,38.7,10.1,96.7,73,40,52,443,17,120,204,Mobile,UK
USR002799,1.5,1.6,0.1,80.3,7.4,72.2,15,17,15,344,65,1089,130,Tablet,Japan
USR002800,116.4,10.2,0.4,9.3,1.1,31.7,128,14,81,68,82,767,212,Mobile,Japan
USR002801,62.0,3.9,12.1,57.9,0.9,23.8,163,9,4,177,51,1054,43,Mobile,Australia
USR002802,32.2,1.4,13.5,30.9,11.1,52.6,161,20,46,390,89,2838,218,Mobile,UK
USR002803,50.4,7.8,8.4,14.7,5.9,96.5,94,33,97,240,60,2172,9,Mobile,USA
USR002804,4.4,6.6,13.6,25.7,0.1,92.8,67,49,9,10,74,1533,221,Mobile,USA
USR002805,67.0,8.5,6.7,11.1,2.9,91.6,192,15,90,77,73,1300,66,Tablet,Brazil
USR002806,68.4,0.8,3.2,53.7,1.5,22.9,16,12,71,380,42,2516,289,Desktop,Germany
USR002807,39.5,9.4,1.9,24.1,1.5,32.4,318,16,39,335,99,2106,360,Mobile,Germany
USR002808,93.4,0.4,0.2,33.3,1.5,72.7,3,38,41,202,63,2896,153,Mobile,Germany
USR002809,1.4,0.8,11.5,70.2,24.3,89.7,430,37,58,378,64,2861,254,Tablet,USA
USR002810,59.1,3.6,14.2,43.8,2.1,74.9,262,47,69,116,36,2590,264,Mobile,USA
USR002811,203.4,3.9,25.5,21.0,25.9,21.7,6,27,18,399,2,133,346,Mobile,India
USR002812,66.0,2.9,5.5,20.4,19.8,92.0,218,29,94,486,93,1748,344,Mobile,UK
USR002813,72.8,2.3,3.0,7.4,9.4,90.5,23,12,36,421,32,850,285,Mobile,USA
USR002814,292.7,2.6,1.3,18.1,0.9,26.9,9,0,57,215,69,776,122,Mobile,Japan
USR002815,140.8,0.9,21.0,23.0,9.3,74.4,271,12,28,291,73,1661,3,Mobile,India
USR002816,15.4,0.6,0.5,26.4,21.3,74.5,54,37,62,345,52,3588,354,Mobile,Brazil
USR002817,10.1,3.0,4.5,5.2,10.6,58.6,227,13,84,83,64,1260,176,Mobile,UK
USR002818,86.5,4.9,6.0,30.8,4.1,40.3,125,37,69,258,89,1191,345,Mobile,Brazil
USR002819,33.6,7.1,0.7,49.0,0.3,51.8,208,49,88,347,9,3145,53,Mobile,Germany
USR002820,55.0,9.9,11.6,24.8,15.8,84.8,206,34,0,68,21,3058,255,Mobile,UK
USR002821,19.5,19.0,4.5,50.8,31.3,59.8,527,18,75,134,84,998,124,Desktop,India
USR002822,23.5,2.0,9.9,159.7,4.8,29.6,1116,44,6,189,17,2065,233,Mobile,UK
USR002823,237.6,4.6,10.8,32.0,2.9,80.7,23,2,22,361,4,552,7,Tablet,India
USR002824,190.3,5.0,37.2,29.2,5.7,72.7,112,33,79,73,78,1318,102,Mobile,UK
USR002825,88.1,0.3,4.6,18.5,7.2,86.7,35,3,45,43,1,2650,38,Mobile,Japan
USR002826,29.1,2.0,7.8,68.7,17.8,30.8,105,20,96,279,1,1465,283,Mobile,USA
USR002827,118.9,11.4,7.4,8.5,8.4,32.7,1325,27,75,178,25,1246,280,Mobile,India
USR002828,60.7,2.1,8.4,18.5,0.4,94.7,96,14,30,149,73,2294,39,Mobile,UK
USR002829,54.9,5.0,1.2,27.7,8.3,52.0,146,22,85,380,99,2966,34,Mobile,Australia
USR002830,65.4,0.5,1.5,72.8,4.6,79.7,107,26,20,455,61,2370,138,Tablet,Brazil
USR002831,119.5,1.7,8.1,56.4,10.3,79.6,359,39,86,205,96,2607,182,Desktop,Brazil
USR002832,71.4,7.3,4.9,20.3,7.3,97.6,743,34,98,34,2,1016,28,Mobile,Brazil
USR002833,134.1,1.3,1.0,197.0,0.4,84.0,123,33,45,120,51,2063,115,Mobile,India
USR002834,86.0,11.8,13.9,25.4,6.2,91.7,20,13,55,218,83,726,111,Mobile,Australia
USR002835,210.4,1.6,9.4,94.4,0.5,90.4,482,7,41,438,93,3138,155,Desktop,Australia
USR002836,165.8,13.0,8.8,15.6,10.8,42.2,201,28,35,113,85,959,20,Mobile,Brazil
USR002837,3.4,2.5,49.0,98.8,2.3,29.8,45,27,2,196,42,1640,124,Desktop,Australia
USR002838,22.0,1.6,8.4,0.6,42.5,49.4,160,37,96,169,88,2150,37,Mobile,USA
USR002839,1.0,0.7,2.7,96.3,15.5,92.6,45,0,94,151,74,1235,347,Mobile,India
USR002840,68.4,0.3,1.4,124.5,27.6,64.0,91,49,27,133,89,2765,190,Mobile,Brazil
USR002841,291.6,0.7,0.5,7.1,18.6,36.0,276,42,80,102,84,1338,29,Mobile,Japan
USR002842,67.0,1.5,1.9,30.0,12.9,27.3,228,39,49,206,37,950,121,Mobile,UK
USR002843,52.5,0.6,1.8,47.5,2.0,43.1,303,14,87,439,39,1621,358,Mobile,USA
USR002844,9.6,1.2,5.2,31.2,3.6,24.6,350,17,96,95,75,2032,67,Desktop,Japan
USR002845,86.3,3.1,7.4,23.0,0.2,71.6,383,14,2,58,11,1766,188,Mobile,UK
USR002846,22.1,3.9,2.4,9.4,6.4,38.5,333,0,39,20,11,3041,32,Mobile,Japan
USR002847,108.6,4.5,11.2,6.9,6.2,66.4,240,18,67,64,48,2280,252,Mobile,Australia
USR002848,11.3,3.6,10.7,13.8,5.9,55.6,213,29,72,433,5,437,168,Desktop,Japan
USR002849,46.7,0.7,33.1,20.4,7.9,52.0,136,46,19,210,77,405,106,Mobile,Australia
USR002850,64.1,10.8,2.9,76.4,10.8,68.2,242,22,19,333,74,1863,331,Mobile,Australia
USR002851,57.3,1.6,3.1,0.7,13.9,60.1,61,19,93,354,0,3050,11,Desktop,Brazil
USR002852,4.8,2.9,2.0,113.7,13.8,63.3,85,27,42,267,99,3274,105,Mobile,UK
USR002853,75.6,6.2,0.7,77.0,5.1,23.3,195,36,16,116,1,2412,123,Mobile,Australia
USR002854,31.0,2.3,1.3,3.2,0.2,65.8,226,4,51,29,25,2411,37,Mobile,UK
USR002855,10.5,2.9,0.3,22.2,29.1,50.3,56,26,9,384,58,2940,22,Tablet,Australia
USR002856,8.0,6.5,8.8,34.5,19.4,43.7,41,41,60,279,60,2443,198,Mobile,India
USR002857,27.9,4.7,4.0,41.7,39.7,21.6,2,32,48,27,32,650,212,Mobile,Germany
USR002858,139.5,1.1,11.7,66.4,6.6,45.1,241,3,95,154,62,2151,60,Mobile,UK
USR002859,11.0,0.1,8.3,109.2,2.9,81.1,129,1,72,151,73,2864,183,Desktop,Australia
USR002860,90.7,5.9,5.2,29.0,21.1,54.9,133,5,60,227,81,875,314,Mobile,Japan
USR002861,52.7,9.1,8.5,60.1,0.7,75.5,403,17,34,171,8,1077,161,Mobile,Brazil
USR002862,44.9,0.5,3.9,130.2,3.0,37.8,635,13,88,283,13,358,291,Mobile,Japan
USR002863,9.4,3.7,7.6,65.2,7.7,33.2,464,6,27,1,78,268,294,Mobile,UK
USR002864,23.5,10.7,0.4,4.0,5.4,49.6,30,49,20,277,13,3320,70,Mobile,Japan
USR002865,23.8,3.2,3.7,50.8,1.5,32.0,71,13,2,36,20,2547,100,Mobile,UK
USR002866,65.9,13.8,6.2,4.0,9.3,36.7,200,13,46,491,75,33,255,Mobile,UK
USR002867,4.6,7.3,4.4,112.8,7.4,38.1,171,35,10,57,47,1409,336,Mobile,Brazil
USR002868,6.7,8.8,0.7,40.8,7.5,39.8,202,45,32,281,98,3335,22,Mobile,Germany
USR002869,109.6,2.2,1.4,4.8,0.0,49.0,109,8,30,463,11,1180,169,Tablet,India
USR002870,115.4,3.9,7.2,4.6,19.4,72.6,103,38,19,356,16,3607,259,Desktop,India
USR002871,34.4,12.5,0.4,30.3,9.7,82.6,142,31,1,103,26,3322,198,Mobile,Japan
USR002872,1.1,1.7,9.4,95.6,10.9,92.7,365,1,73,467,87,563,302,Mobile,Australia
USR002873,83.0,1.4,5.9,26.9,0.0,79.2,0,48,9,361,11,3049,80,Mobile,USA
USR002874,137.5,1.5,18.9,72.4,11.2,28.1,16,43,77,402,93,2047,180,Desktop,Brazil
USR002875,47.9,4.6,8.9,34.8,5.8,53.8,67,35,0,411,2,2847,233,Desktop,Australia
USR002876,266.8,0.7,2.7,15.4,7.7,55.7,130,26,55,453,0,864,119,Mobile,Japan
USR002877,3.6,0.1,6.3,2.4,9.2,35.6,73,3,20,93,33,1905,49,Desktop,Australia
USR002878,9.1,8.2,5.1,16.0,1.7,22.0,27,35,0,208,61,2551,27,Desktop,Japan
USR002879,92.9,6.0,2.9,34.2,10.7,81.5,82,10,83,476,13,243,115,Mobile,Germany
USR002880,64.0,0.2,2.7,43.1,36.8,63.4,272,46,37,150,28,225,145,Tablet,India
USR002881,20.8,0.4,10.1,6.8,7.6,35.0,145,23,56,370,37,3328,285,Mobile,India
USR002882,16.6,0.4,5.9,205.9,10.7,32.4,53,35,71,217,7,1114,134,Mobile,Germany
USR002883,26.7,2.4,5.5,64.1,43.1,76.5,809,49,69,395,41,3643,57,Mobile,Brazil
USR002884,39.0,5.2,6.9,31.2,11.5,85.7,238,33,52,13,33,3123,238,Mobile,Germany
USR002885,286.9,5.6,3.1,22.9,4.2,78.5,284,10,77,37,23,2488,184,Mobile,Japan
USR002886,2.5,12.3,7.5,8.0,46.8,31.8,70,49,49,262,72,1344,109,Mobile,Germany
USR002887,13.6,5.1,10.7,6.6,9.7,40.6,29,17,9,307,89,1699,84,Mobile,USA
USR002888,177.3,12.4,4.9,82.9,16.1,29.2,392,0,47,106,93,3561,322,Mobile,Australia
USR002889,145.0,1.8,8.1,8.7,3.3,76.2,182,37,25,195,89,1166,221,Desktop,India
USR002890,75.8,0.7,1.9,17.7,5.6,40.9,351,8,52,331,24,1257,331,Tablet,USA
USR002891,233.8,4.7,18.4,47.9,1.7,52.8,93,19,30,481,71,2542,275,Desktop,UK
USR002892,172.6,1.1,7.0,31.7,15.2,66.7,13,10,46,416,4,211,359,Desktop,Germany
USR002893,33.7,0.5,6.8,30.7,2.2,49.8,151,2,94,271,41,436,102,Mobile,UK
USR002894,65.6,3.7,5.7,13.9,6.5,88.5,119,10,12,478,93,2800,1,Desktop,Brazil
USR002895,47.7,22.1,5.4,192.2,4.1,53.3,69,44,24,35,74,1319,168,Mobile,UK
USR002896,42.9,5.6,4.7,13.6,5.2,23.7,206,40,87,437,10,1850,266,Mobile,USA
USR002897,2.4,9.2,12.4,5.1,31.7,59.1,611,33,51,84,93,323,72,Desktop,Germany
USR002898,47.0,8.2,1.7,121.1,14.6,91.9,18,23,64,372,73,2844,22,Desktop,Japan
USR002899,74.6,6.5,7.4,98.9,8.2,85.3,92,21,98,36,64,3189,174,Mobile,Germany
USR002900,105.5,4.6,15.8,320.5,2.6,84.4,700,22,45,36,56,748,261,Mobile,Germany
USR002901,91.3,3.2,10.0,3.4,13.0,40.7,9,11,32,56,57,2743,333,Mobile,Japan
USR002902,23.7,5.3,13.1,19.5,0.4,96.2,238,8,22,56,2,2701,37,Mobile,Germany
USR002903,14.2,0.1,7.5,23.4,13.0,70.2,10,26,56,190,62,2087,268,Mobile,Australia
USR002904,95.9,6.7,1.9,143.3,40.1,44.6,97,23,49,71,15,358,15,Mobile,Brazil
USR002905,43.9,2.4,0.4,68.0,0.1,80.3,20,1,84,344,82,2334,114,Desktop,USA
USR002906,2.9,9.2,4.1,9.9,4.0,51.5,109,41,62,88,40,2314,267,Desktop,Brazil
USR002907,38.2,0.1,6.9,15.5,7.1,99.1,78,24,91,72,51,2350,277,Mobile,Japan
USR002908,83.3,3.1,2.0,78.1,44.2,77.2,20,14,34,69,49,1399,334,Tablet,India
USR002909,124.2,0.3,13.2,11.0,1.6,56.0,148,44,76,42,72,713,97,Mobile,Australia
USR002910,71.1,2.6,23.9,0.9,1.9,40.5,43,25,57,78,19,2527,311,Mobile,USA
USR002911,23.8,7.6,1.3,25.4,0.2,31.9,105,32,97,189,4,1411,23,Desktop,Japan
USR002912,19.7,1.0,12.3,45.4,23.8,55.9,67,40,85,32,79,2020,333,Mobile,Brazil
USR002913,28.3,0.7,7.9,30.0,7.1,45.5,382,34,96,86,33,310,317,Mobile,USA
USR002914,47.1,1.9,16.1,49.2,2.2,38.6,70,16,98,275,26,2944,8,Mobile,Australia
USR002915,58.4,22.9,4.4,6.0,3.9,45.5,220,30,38,237,81,2683,210,Mobile,Australia
USR002916,70.5,0.0,4.2,100.1,13.7,22.4,65,25,44,307,60,465,207,Mobile,India
USR002917,9.7,5.9,1.9,105.4,19.2,79.1,387,39,68,85,93,779,59,Mobile,UK
USR002918,44.9,16.4,7.0,53.2,2.1,52.0,205,41,19,194,74,69,15,Mobile,UK
USR002919,21.0,1.0,2.4,9.3,8.9,27.8,143,11,81,9,71,2742,304,Mobile,USA
USR002920,3.6,0.4,8.6,3.1,10.6,99.9,8,37,69,376,23,3386,363,Desktop,India
USR002921,128.4,9.2,4.9,156.0,0.6,47.7,498,2,82,402,53,1472,11,Mobile,USA
USR002922,103.6,0.9,15.2,64.9,11.8,26.8,174,21,64,270,38,2565,282,Mobile,India
USR002923,26.0,0.2,13.5,9.0,0.6,80.4,14,42,22,129,27,825,36,Mobile,UK
USR002924,37.9,0.4,1.2,52.7,3.8,75.9,6,34,49,113,41,2331,199,Mobile,Japan
USR002925,1.0,0.1,3.3,23.2,24.6,93.3,528,32,20,185,40,2748,110,Mobile,Brazil
USR002926,31.7,8.8,1.1,73.3,4.3,73.9,367,13,40,339,29,2191,319,Mobile,Germany
USR002927,119.1,1.8,3.4,45.4,16.0,45.0,109,30,75,334,7,1746,274,Desktop,USA
USR002928,31.2,6.3,15.5,31.1,0.8,72.4,370,17,92,23,46,2856,32,Mobile,UK
USR002929,33.7,5.5,0.8,6.7,2.7,80.3,36,7,2,264,12,932,349,Mobile,India
USR002930,7.1,6.5,2.4,12.6,18.3,83.7,180,3,60,213,0,824,58,Mobile,Brazil
USR002931,124.8,6.4,1.3,5.7,7.4,93.0,105,13,3,399,93,2242,140,Mobile,Germany
USR002932,71.5,0.8,0.5,6.1,1.3,24.1,146,13,83,283,31,2995,275,Desktop,UK
USR002933,85.4,4.4,1.0,53.1,15.4,87.1,15,46,53,246,16,1258,131,Mobile,USA
USR002934,63.1,15.6,2.1,78.5,0.3,89.9,389,19,7,340,27,88,327,Tablet,India
USR002935,35.1,5.0,5.9,162.3,11.7,33.2,17,49,20,110,39,1452,351,Mobile,UK
USR002936,55.5,4.6,9.2,30.0,0.7,82.6,416,3,20,3,7,2088,356,Mobile,Germany
USR002937,45.9,0.1,1.2,38.1,0.5,50.2,331,1,19,401,66,2958,273,Desktop,Japan
USR002938,1.8,1.8,2.5,14.4,1.0,56.4,57,2,78,168,61,1223,52,Mobile,USA
USR002939,64.7,21.9,10.4,93.6,0.6,37.8,236,9,74,31,89,1220,168,Mobile,UK
USR002940,113.5,1.5,2.0,4.4,1.2,53.1,254,5,96,346,31,1808,258,Mobile,India
USR002941,23.4,0.6,0.7,41.8,1.5,71.9,742,28,49,463,2,1609,196,Mobile,Germany
USR002942,236.6,1.8,13.1,81.9,2.9,88.3,179,37,3,160,83,780,4,Mobile,Brazil
USR002943,114.6,6.1,3.1,36.8,1.3,32.4,37,12,8,305,28,3640,344,Mobile,Australia
USR002944,73.0,6.0,11.5,97.6,27.9,26.7,166,22,40,204,96,1769,148,Mobile,Japan
USR002945,98.7,13.3,7.5,131.6,14.5,73.7,275,16,98,236,29,1333,225,Mobile,UK
USR002946,7.2,0.7,7.7,69.7,12.0,47.5,279,43,31,20,78,3009,364,Mobile,Germany
USR002947,32.4,22.6,4.4,29.8,10.1,36.7,214,13,43,203,10,1292,119,Mobile,India
USR002948,9.4,2.4,5.3,23.1,2.4,43.6,243,13,42,45,54,1477,77,Mobile,Australia
USR002949,207.5,6.3,4.0,14.1,9.4,37.8,342,1,6,280,59,142,15,Mobile,USA
USR002950,26.8,1.1,9.5,10.9,5.9,98.8,80,33,40,290,12,1300,325,Mobile,USA
USR002951,44.7,7.5,5.2,100.8,40.2,58.7,517,0,18,36,84,151,344,Desktop,India
USR002952,92.9,11.2,0.7,47.5,10.9,92.0,71,3,18,390,63,3058,74,Mobile,Germany
USR002953,15.1,2.7,1.5,92.2,9.6,83.1,290,6,85,330,95,1218,258,Mobile,Australia
USR002954,50.3,6.1,11.0,27.3,7.4,51.8,397,27,54,173,57,2208,159,Mobile,USA
USR002955,478.3,4.9,1.3,29.0,8.2,38.5,91,33,95,17,11,2224,259,Tablet,Japan
USR002956,25.2,1.7,1.3,18.2,14.3,95.5,61,37,56,383,13,3323,48,Mobile,Australia
USR002957,148.4,2.0,1.4,0.0,9.2,98.1,80,38,62,35,71,2857,37,Desktop,Japan
USR002958,77.2,1.5,0.5,79.6,19.8,75.4,212,34,59,383,55,2139,26,Mobile,India
USR002959,189.4,4.9,7.7,37.1,1.5,39.8,157,44,88,288,25,34,163,Mobile,USA
USR002960,7.4,2.7,1.8,12.3,6.0,49.5,127,9,3,404,22,2667,263,Mobile,USA
USR002961,49.7,1.7,1.9,9.0,19.4,46.1,64,6,22,467,87,2044,105,Desktop,India
USR002962,10.8,3.0,2.3,9.8,2.9,80.0,701,8,5,320,53,1951,65,Mobile,USA
USR002963,96.6,5.4,0.7,116.5,20.9,83.2,302,12,74,402,76,1010,220,Tablet,Japan
USR002964,108.5,10.0,9.4,34.4,11.1,74.0,224,13,64,144,98,1610,225,Tablet,India
USR002965,42.3,4.9,7.4,36.8,0.9,89.5,280,38,71,401,77,2964,191,Desktop,USA
USR002966,154.0,0.0,0.4,51.9,1.7,35.0,322,48,5,369,74,1426,344,Tablet,Japan
USR002967,20.4,27.0,1.5,152.3,1.2,34.6,297,25,76,287,99,32,192,Mobile,Japan
USR002968,116.7,2.3,0.7,1.0,5.9,61.3,56,33,85,52,77,3375,51,Tablet,India
USR002969,37.0,2.9,11.4,21.4,9.0,47.6,246,28,69,222,18,2774,175,Desktop,Japan
USR002970,41.4,9.1,4.8,22.6,12.8,55.2,102,25,70,61,84,1478,1,Mobile,Japan
USR002971,18.4,6.2,0.4,37.3,3.7,38.1,130,7,82,369,98,215,359,Mobile,Brazil
USR002972,40.2,2.3,20.1,59.3,14.1,76.8,74,4,98,122,18,3028,169,Mobile,Germany
USR002973,61.5,0.3,2.5,21.8,23.4,92.4,361,14,7,70,26,2368,34,Mobile,USA
USR002974,25.6,10.3,1.4,3.5,1.9,40.0,43,1,34,457,16,2520,349,Mobile,USA
USR002975,3.1,0.3,0.5,43.7,0.2,35.8,282,35,81,215,83,2867,313,Tablet,UK
USR002976,57.8,7.8,3.7,68.4,11.4,82.7,378,41,69,61,58,1497,288,Mobile,USA
USR002977,70.7,1.2,0.3,27.2,2.5,31.8,86,7,79,360,61,641,320,Mobile,Australia
USR002978,14.8,3.6,2.4,21.4,0.6,58.2,45,29,59,281,32,2759,187,Mobile,Germany
USR002979,214.0,2.9,3.4,20.3,3.8,76.8,89,32,44,446,3,3268,263,Mobile,Brazil
USR002980,138.9,7.5,0.9,19.2,3.5,78.8,125,33,54,343,72,2068,180,Desktop,India
USR002981,28.0,20.3,2.9,7.5,8.5,69.7,82,37,69,87,58,2534,8,Mobile,Japan
USR002982,196.5,1.3,17.4,7.9,8.2,33.7,5,2,84,223,30,2395,149,Tablet,Brazil
USR002983,44.0,7.4,0.5,123.1,12.6,89.8,65,40,75,258,42,300,109,Mobile,Japan
USR002984,11.3,2.4,8.2,104.2,2.5,48.9,70,25,86,118,42,3342,344,Mobile,Brazil
USR002985,34.1,6.9,2.7,65.7,0.9,85.9,469,34,87,233,81,215,172,Mobile,USA
USR002986,84.1,0.4,2.1,13.4,8.4,96.8,202,29,29,262,71,2028,194,Mobile,Australia
USR002987,11.4,1.2,4.8,2.1,3.7,20.4,7,16,88,45,63,1693,356,Mobile,India
USR002988,15.2,11.1,2.7,87.4,15.4,65.8,74,15,81,20,29,582,214,Desktop,Germany
USR002989,4.1,3.3,12.3,45.7,4.5,83.0,105,45,95,239,95,2351,105,Mobile,Japan
USR002990,93.0,2.8,19.3,35.9,18.6,63.5,143,38,80,83,0,869,297,Mobile,Germany
USR002991,23.0,4.1,11.4,42.7,3.8,84.0,57,7,78,298,26,2277,139,Mobile,USA
USR002992,13.5,8.5,8.1,0.7,0.2,93.9,112,44,19,64,27,749,83,Desktop,Australia
USR002993,36.5,2.2,1.4,72.3,16.0,67.2,82,26,17,305,0,1824,327,Tablet,Japan
USR002994,71.2,3.5,6.7,59.9,5.8,79.3,343,20,53,142,74,1431,249,Mobile,USA
USR002995,2.7,5.0,1.6,45.0,9.2,40.1,407,0,18,192,99,3436,62,Mobile,USA
USR002996,55.9,36.0,8.7,0.9,26.1,20.3,131,10,57,357,35,2678,340,Desktop,Germany
USR002997,1.0,3.1,6.1,28.8,6.5,44.9,547,40,14,274,90,2571,278,Desktop,Germany
USR002998,84.5,5.4,10.9,29.2,2.7,73.4,231,49,52,185,42,2629,29,Mobile,Brazil
USR002999,4.8,1.8,9.7,84.9,2.4,41.6,138,5,29,473,97,219,179,Mobile,Germany
USR003000,23.7,0.6,1.9,14.2,10.7,23.0,197,6,74,5,70,2838,135,Mobile,Japan
USR003001,17.6,0.9,2.2,24.2,1.0,49.7,167,17,63,71,79,992,314,Mobile,UK
USR003002,53.4,4.4,8.4,2.2,1.6,84.6,12,9,1,16,16,1860,231,Mobile,Brazil
USR003003,39.2,3.3,12.7,63.7,11.8,91.1,305,24,86,470,59,915,245,Mobile,Japan
USR003004,29.1,2.7,5.0,29.6,17.5,48.0,135,8,69,278,94,1874,167,Mobile,Japan
USR003005,34.6,13.5,2.4,54.7,3.8,44.6,32,3,34,232,54,88,171,Mobile,USA
USR003006,24.5,7.5,4.9,67.2,5.3,50.3,150,20,51,78,20,1252,38,Desktop,USA
USR003007,93.1,3.2,3.2,1.0,13.9,55.2,6,29,22,62,28,1814,320,Desktop,Brazil
USR003008,69.6,1.8,0.2,7.9,0.4,79.4,76,35,5,395,84,3488,48,Mobile,Brazil
USR003009,292.4,10.7,1.1,56.3,7.4,54.8,2,41,57,418,95,1352,56,Mobile,Germany
USR003010,29.7,2.8,4.5,26.5,0.0,81.9,118,11,14,305,86,1153,291,Desktop,India
USR003011,14.5,1.0,2.2,3.2,4.3,26.0,7,25,16,171,7,44,249,Mobile,India
USR003012,60.2,2.8,5.3,39.9,7.8,43.1,316,36,22,329,12,2602,179,Mobile,India
USR003013,87.6,7.2,3.2,51.0,87.7,55.9,46,31,65,427,71,2434,131,Desktop,Japan
USR003014,80.2,2.2,22.3,110.6,0.3,93.6,8,17,62,172,4,1308,96,Mobile,India
USR003015,10.3,2.0,4.4,12.1,12.9,99.8,1034,42,16,279,34,2853,146,Mobile,Australia
USR003016,169.4,3.7,5.0,110.3,13.3,70.1,192,28,69,166,4,3059,323,Mobile,Japan
USR003017,40.4,0.3,2.2,94.1,2.1,72.0,952,45,73,292,29,1733,123,Tablet,Australia
USR003018,27.9,0.7,0.3,76.7,13.5,58.2,155,40,65,71,86,1380,60,Mobile,Germany
USR003019,150.7,4.6,2.1,15.9,3.4,77.4,158,44,8,207,35,59,164,Mobile,Japan
USR003020,174.0,1.9,9.3,22.7,12.3,94.3,7,41,12,30,64,2646,330,Mobile,UK
USR003021,35.3,16.4,19.1,60.2,1.1,95.9,1,42,88,40,88,1151,187,Tablet,Japan
USR003022,13.5,3.3,16.1,179.0,0.9,40.1,79,43,11,475,89,538,247,Mobile,Germany
USR003023,37.2,0.2,0.1,33.5,6.2,60.8,59,47,26,283,68,80,204,Mobile,Brazil
USR003024,39.0,0.3,18.4,86.4,7.6,55.1,143,40,54,388,1,2938,121,Mobile,India
USR003025,31.1,1.0,5.5,111.1,25.0,88.8,221,24,18,7,66,3297,134,Mobile,UK
USR003026,23.3,3.1,1.6,138.6,17.1,53.8,37,23,36,243,31,162,263,Desktop,UK
USR003027,83.2,0.2,0.8,29.3,9.2,46.4,70,8,97,427,20,2972,344,Mobile,Japan
USR003028,49.7,0.5,11.8,22.6,0.9,25.5,195,32,82,110,4,2601,176,Mobile,USA
USR003029,18.7,0.7,0.7,21.5,20.1,65.5,826,31,18,174,41,810,286,Desktop,Brazil
USR003030,21.2,1.1,1.0,8.3,23.4,91.1,48,34,35,300,19,372,256,Tablet,Brazil
USR003031,313.2,2.6,13.9,20.7,0.4,78.5,272,43,20,22,73,2737,110,Desktop,USA
USR003032,179.6,1.2,1.1,70.3,21.9,50.0,145,35,98,438,70,3585,138,Mobile,Australia
USR003033,23.4,3.2,0.7,8.6,0.1,36.9,248,28,23,180,24,1647,65,Mobile,USA
USR003034,21.3,18.1,5.3,23.6,8.1,40.2,108,49,95,308,78,1995,153,Mobile,India
USR003035,131.4,1.7,1.7,69.9,24.4,22.3,13,1,0,39,16,1107,174,Mobile,USA
USR003036,25.6,4.4,10.9,52.8,2.4,48.3,301,19,65,473,22,1805,142,Desktop,Japan
USR003037,10.7,9.0,1.5,25.4,12.1,44.0,552,46,68,471,96,976,135,Mobile,Japan
USR003038,63.2,0.3,1.0,26.2,13.0,22.6,82,9,52,16,69,2743,240,Mobile,UK
USR003039,26.3,7.7,15.7,16.7,15.4,66.6,105,43,34,49,1,1089,362,Mobile,Germany
USR003040,147.1,3.4,1.9,30.2,4.6,74.7,215,33,69,302,19,625,229,Mobile,USA
USR003041,103.8,17.7,8.9,117.6,8.5,92.0,497,17,53,182,17,720,250,Desktop,USA
USR003042,1.2,3.0,1.5,81.8,0.5,98.8,126,14,55,10,8,2707,256,Mobile,Germany
USR003043,50.8,2.8,8.5,408.4,3.1,68.4,8,3,91,366,4,2519,243,Mobile,Japan
USR003044,12.4,6.7,11.3,2.1,6.7,37.6,34,34,84,128,3,2905,219,Mobile,Japan
USR003045,85.0,5.0,4.9,39.8,15.4,49.2,76,31,49,21,62,3550,270,Mobile,Japan
USR003046,75.3,4.7,5.6,91.1,27.3,23.6,217,35,26,258,85,2415,334,Mobile,UK
USR003047,349.8,1.4,6.1,89.9,0.3,35.2,2,18,58,52,39,2470,313,Mobile,Germany
USR003048,109.3,9.4,3.9,38.3,2.0,66.6,120,24,49,257,32,1669,296,Mobile,Australia
USR003049,18.7,0.3,1.1,0.3,6.6,89.2,1112,26,90,382,69,367,135,Mobile,USA
USR003050,5.3,13.5,3.3,39.0,1.3,43.7,14,27,64,400,30,1455,216,Mobile,Japan
USR003051,59.2,3.2,11.7,89.8,0.3,82.6,325,35,11,327,3,2663,359,Desktop,India
USR003052,49.1,2.9,8.9,97.2,1.9,64.7,296,37,26,317,96,2504,94,Tablet,Japan
USR003053,21.0,2.9,6.7,95.2,22.2,71.0,67,1,14,200,99,2052,296,Mobile,Japan
USR003054,35.6,9.8,4.2,15.0,25.1,50.4,7,33,18,292,75,3421,113,Mobile,UK
USR003055,14.7,4.1,0.1,9.3,17.3,25.6,218,3,28,399,9,3383,204,Tablet,India
USR003056,13.3,2.3,12.4,39.8,0.5,77.7,55,26,46,178,91,1517,169,Mobile,Brazil
USR003057,22.5,3.6,4.4,47.7,11.2,27.2,251,24,50,424,39,402,51,Desktop,Australia
USR003058,34.4,6.2,14.3,13.0,25.0,35.5,219,40,71,290,54,654,285,Mobile,India
USR003059,10.5,2.2,14.0,21.5,3.4,38.8,165,28,44,324,88,2825,63,Desktop,Germany
USR003060,2.2,25.2,2.2,0.0,0.6,44.4,215,37,34,187,34,1380,326,Mobile,UK
USR003061,155.3,10.9,5.4,32.3,2.9,47.9,127,14,60,203,34,711,112,Mobile,Australia
USR003062,153.7,12.2,22.0,3.3,0.9,30.7,104,47,17,397,10,1125,346,Tablet,Japan
USR003063,26.9,2.3,3.9,31.9,2.7,67.2,40,40,3,180,5,1979,232,Mobile,India
USR003064,36.8,3.2,10.8,41.3,0.7,95.1,214,22,54,275,14,1892,245,Mobile,Brazil
USR003065,51.0,11.6,6.8,38.8,1.3,45.3,487,45,29,444,91,2884,343,Desktop,Japan
USR003066,24.7,2.7,6.3,16.4,7.4,88.4,176,23,99,451,72,3487,176,Mobile,Australia
USR003067,58.4,2.0,10.2,52.2,10.9,58.4,253,36,86,166,40,2794,184,Tablet,Brazil
USR003068,116.2,9.4,3.2,14.4,8.3,30.7,56,1,94,175,70,3250,303,Mobile,India
USR003069,84.7,15.0,2.7,63.3,0.7,20.1,52,23,0,139,8,749,212,Desktop,UK
USR003070,62.8,5.5,19.3,11.5,6.3,76.4,212,15,95,37,9,3211,42,Mobile,Australia
USR003071,85.6,0.1,1.5,160.5,4.9,79.2,931,13,86,491,69,1771,336,Mobile,Japan
USR003072,3.3,3.5,5.1,30.2,3.1,78.3,112,47,7,252,4,2304,362,Mobile,India
USR003073,108.2,5.8,10.9,113.4,44.3,41.7,136,48,38,90,5,1327,68,Mobile,Germany
USR003074,150.6,7.0,12.2,6.0,8.8,49.7,446,33,71,381,65,445,348,Desktop,Brazil
USR003075,5.8,1.7,0.2,27.5,1.6,24.5,376,31,80,289,14,382,33,Mobile,India
USR003076,60.5,2.0,13.0,0.8,12.8,82.1,136,23,45,18,60,737,194,Mobile,USA
USR003077,33.0,4.7,6.3,165.2,2.0,43.1,567,21,53,205,66,1554,109,Mobile,Japan
USR003078,94.8,2.9,4.8,27.1,1.4,85.9,155,29,23,393,97,202,189,Mobile,USA
USR003079,69.8,0.2,3.2,36.6,12.5,92.1,139,17,16,335,18,3387,350,Mobile,Australia
USR003080,1.5,4.6,2.9,175.4,1.6,57.9,98,2,28,235,59,2216,156,Mobile,UK
USR003081,77.5,6.2,3.6,22.4,8.9,32.3,14,25,49,270,76,2232,125,Tablet,Japan
USR003082,15.6,12.1,10.8,23.9,0.6,63.8,150,6,49,485,29,1762,325,Mobile,Australia
USR003083,63.6,1.0,6.2,51.2,6.7,98.9,176,0,48,273,58,2084,362,Desktop,Japan
USR003084,15.0,6.0,6.0,5.8,3.0,28.5,48,20,41,56,18,618,98,Mobile,USA
USR003085,43.0,4.2,15.6,45.5,6.2,50.5,76,23,26,489,38,1550,289,Mobile,UK
USR003086,2.8,11.3,0.4,21.6,22.7,90.8,780,18,54,235,78,3246,169,Desktop,India
USR003087,5.0,4.5,2.4,34.1,28.5,45.1,9,16,9,300,63,2841,147,Tablet,UK
USR003088,58.9,1.2,6.7,49.5,1.1,28.9,101,40,33,19,77,78,14,Desktop,Germany
USR003089,4.5,1.0,1.4,145.3,3.2,92.7,143,25,73,321,78,3494,183,Desktop,Australia
USR003090,30.6,5.4,3.5,31.8,4.1,69.1,177,45,70,31,19,1849,87,Mobile,Australia
USR003091,15.8,7.8,0.5,22.4,27.2,60.3,154,18,62,482,21,3358,136,Mobile,Brazil
USR003092,69.1,11.6,8.4,1.0,0.8,90.2,18,12,1,407,70,57,117,Desktop,USA
USR003093,187.9,0.7,0.1,35.2,0.0,95.0,178,31,58,457,30,2339,0,Mobile,UK
USR003094,34.6,5.7,4.3,2.1,0.3,48.4,174,42,58,221,26,1546,217,Tablet,USA
USR003095,28.6,12.0,8.7,43.3,3.4,34.7,75,4,69,493,70,447,171,Mobile,USA
USR003096,29.6,1.5,8.1,44.6,18.7,37.0,38,10,48,230,22,1932,79,Mobile,Australia
USR003097,16.8,9.4,4.6,11.4,2.8,36.7,102,9,85,65,44,1548,263,Mobile,Australia
USR003098,15.6,4.4,8.7,61.1,17.1,76.2,328,13,55,347,86,413,28,Mobile,Germany
USR003099,86.1,1.5,7.5,55.0,5.2,61.2,293,11,70,41,10,1745,63,Mobile,India
USR003100,23.0,13.1,3.1,5.9,1.1,33.5,369,34,13,131,39,425,317,Mobile,Australia
USR003101,262.7,5.8,5.5,18.2,5.0,33.9,305,46,5,496,20,786,89,Mobile,Brazil
USR003102,67.5,17.8,0.8,54.5,7.1,70.7,426,31,44,153,20,752,362,Mobile,Germany
USR003103,106.9,2.2,2.2,15.5,9.5,35.2,198,27,92,213,30,638,63,Mobile,Brazil
USR003104,126.9,0.2,13.2,20.6,2.5,32.5,349,43,91,59,0,3555,168,Mobile,USA
USR003105,176.1,1.5,6.3,104.6,2.7,32.8,109,6,54,293,57,1908,175,Mobile,Japan
USR003106,41.9,1.5,4.8,78.2,7.1,48.8,143,5,51,229,56,2544,65,Mobile,Germany
USR003107,9.1,1.6,0.9,12.8,2.2,72.6,109,36,33,41,79,2986,8,Mobile,Germany
USR003108,29.1,6.0,3.2,14.3,11.1,27.5,63,17,6,483,68,808,185,Tablet,Brazil
USR003109,4.8,1.0,8.1,68.9,0.8,91.4,35,7,58,266,61,1028,66,Mobile,Australia
USR003110,50.1,4.3,3.6,80.5,4.0,35.6,178,17,36,267,99,2147,354,Mobile,UK
USR003111,96.3,10.5,7.5,34.8,2.9,55.9,512,27,32,2,88,2043,137,Mobile,Australia
USR003112,106.8,0.9,2.1,55.3,7.4,43.2,16,13,26,296,84,1965,16,Mobile,USA
USR003113,27.7,0.5,6.3,34.8,3.4,59.7,273,1,27,130,29,915,77,Desktop,USA
USR003114,22.0,9.5,1.6,23.9,7.0,56.2,165,4,70,245,25,2376,15,Desktop,Japan
USR003115,3.8,8.9,7.4,0.7,12.8,81.7,475,42,16,191,62,476,293,Mobile,Germany
USR003116,201.7,7.9,6.6,246.2,3.0,56.4,78,3,1,382,4,3157,208,Mobile,Germany
USR003117,33.4,1.2,13.0,14.8,21.3,78.8,498,14,65,179,79,794,200,Mobile,Japan
USR003118,8.5,0.3,1.3,7.6,13.7,29.7,60,31,25,6,27,1346,294,Tablet,Japan
USR003119,31.3,2.3,20.0,5.1,9.0,48.3,343,17,47,452,24,718,49,Mobile,USA
USR003120,16.6,6.3,9.7,19.3,3.3,47.9,394,34,65,287,93,3372,208,Mobile,Germany
USR003121,109.2,2.0,6.8,7.4,19.9,32.9,640,11,73,93,37,1552,108,Tablet,Japan
USR003122,79.9,10.7,0.1,81.5,2.5,50.4,623,45,76,165,0,924,232,Tablet,Australia
USR003123,7.8,1.3,3.2,38.7,2.9,22.2,150,42,20,243,70,1784,0,Mobile,Australia
USR003124,1.4,0.8,9.7,4.3,7.5,85.9,429,30,11,217,87,1576,361,Desktop,Brazil
USR003125,66.2,2.0,9.3,258.7,10.8,88.7,36,14,90,192,5,638,114,Tablet,UK
USR003126,2.2,0.6,10.4,8.8,6.0,35.6,23,35,53,76,30,2536,285,Mobile,USA
USR003127,94.7,5.1,5.6,5.4,2.3,55.7,217,2,10,173,99,2782,263,Mobile,Brazil
USR003128,16.0,7.6,0.1,21.4,2.1,39.6,90,31,64,1,88,3450,111,Desktop,USA
USR003129,21.9,5.3,8.6,7.5,6.6,67.5,727,40,20,243,87,3326,335,Mobile,Japan
USR003130,19.3,15.6,2.1,72.4,0.1,53.6,409,32,6,313,67,3138,275,Desktop,Japan
USR003131,83.7,19.9,3.3,88.7,1.7,23.7,274,12,20,374,23,2932,181,Desktop,Germany
USR003132,58.0,4.1,3.9,18.3,0.8,71.7,283,26,21,348,70,558,269,Tablet,Australia
USR003133,246.3,3.7,3.6,137.3,20.8,97.2,461,49,98,234,32,221,147,Mobile,India
USR003134,16.6,1.7,12.5,90.3,1.3,56.8,39,45,68,479,83,2065,90,Mobile,Germany
USR003135,18.8,7.3,2.9,46.7,8.0,70.5,64,35,3,166,83,2792,327,Mobile,Japan
USR003136,99.7,33.5,0.8,7.8,30.4,96.4,212,27,32,56,40,2271,159,Mobile,Australia
USR003137,10.3,0.8,3.4,19.0,1.9,40.3,130,45,56,21,3,1648,346,Mobile,Germany
USR003138,7.9,11.9,14.0,7.8,6.8,26.4,420,33,42,93,32,1535,216,Desktop,Australia
USR003139,28.1,6.3,18.3,4.5,5.5,21.3,241,21,89,200,44,382,217,Mobile,UK
USR003140,17.8,4.7,8.5,39.8,32.6,35.0,34,41,47,244,65,1707,47,Mobile,Japan
USR003141,22.8,0.9,2.6,6.5,6.1,97.9,48,49,53,133,53,890,245,Mobile,Australia
USR003142,1.0,0.1,2.4,5.4,4.0,89.3,187,18,8,468,74,877,102,Mobile,Brazil
USR003143,54.6,1.7,0.5,58.3,1.0,91.2,381,38,93,233,71,2340,137,Tablet,UK
USR003144,78.3,3.5,5.1,53.9,1.6,70.6,370,15,19,116,15,2265,300,Mobile,USA
USR003145,31.8,1.7,11.2,4.8,29.8,33.5,110,30,61,38,38,2829,24,Mobile,Japan
USR003146,43.8,2.7,11.2,59.0,4.1,81.0,61,13,78,228,53,623,259,Desktop,Brazil
USR003147,50.4,1.0,12.3,10.3,11.6,62.1,27,47,8,494,86,1985,29,Mobile,Japan
USR003148,51.9,9.1,2.5,89.0,0.3,89.2,30,7,53,194,54,3295,326,Mobile,Brazil
USR003149,92.9,16.8,1.2,32.2,9.7,40.0,209,4,55,137,98,389,154,Desktop,UK
USR003150,96.1,5.2,6.0,48.0,23.2,31.4,233,24,13,240,71,2822,38,Desktop,Australia
USR003151,124.4,3.6,6.0,18.8,6.7,20.0,23,4,75,415,96,606,171,Tablet,Germany
USR003152,37.4,4.5,1.9,22.2,32.8,91.4,214,35,27,478,44,255,94,Mobile,UK
USR003153,263.1,0.3,5.7,115.3,17.3,62.3,378,37,13,65,71,1471,334,Desktop,Germany
USR003154,25.6,8.9,2.7,22.2,24.7,28.4,138,38,6,485,24,3542,272,Mobile,Germany
USR003155,76.0,2.4,7.7,13.4,2.8,59.0,164,2,91,310,15,1109,259,Mobile,India
USR003156,163.2,5.9,19.0,138.3,5.3,37.5,288,5,71,280,83,1336,139,Mobile,India
USR003157,18.4,6.8,16.5,159.0,6.4,31.6,306,17,81,0,65,1506,240,Mobile,India
USR003158,14.4,0.5,6.6,39.1,12.7,57.5,71,14,37,469,0,832,219,Mobile,Australia
USR003159,19.2,4.8,6.4,106.7,2.9,38.4,183,37,94,159,50,1184,262,Mobile,India
USR003160,26.7,13.0,0.8,44.3,10.6,81.1,6,47,68,89,36,1492,16,Mobile,India
USR003161,1.9,5.3,35.2,7.3,23.7,96.6,184,34,99,443,3,1192,64,Mobile,Brazil
USR003162,28.3,0.1,2.2,62.9,15.1,94.7,11,16,40,124,4,461,323,Tablet,UK
USR003163,62.6,2.0,14.3,19.5,2.1,24.2,404,16,31,466,5,3249,195,Mobile,Brazil
USR003164,55.4,1.2,12.6,31.5,2.5,20.2,21,9,73,158,57,2148,85,Desktop,USA
USR003165,2.7,5.4,3.7,60.5,10.7,81.1,373,29,25,358,57,2249,62,Desktop,Australia
USR003166,39.6,4.0,10.4,27.7,0.2,51.8,252,18,4,230,63,1620,279,Mobile,Brazil
USR003167,23.4,7.6,5.1,134.2,16.3,43.0,137,9,41,384,0,2201,19,Mobile,USA
USR003168,40.8,1.6,23.1,35.4,1.2,42.7,657,23,1,220,57,2651,120,Desktop,Brazil
USR003169,1.0,9.9,2.1,15.3,13.6,92.7,70,34,55,172,33,3356,361,Mobile,Germany
USR003170,117.9,3.5,2.2,0.8,17.5,45.7,56,45,29,365,8,1975,204,Desktop,Brazil
USR003171,7.3,0.8,11.1,25.6,3.0,78.4,129,23,51,423,98,1178,139,Mobile,UK
USR003172,18.4,5.8,27.8,14.6,21.6,31.2,429,8,1,435,68,880,347,Mobile,Japan
USR003173,91.9,1.4,23.1,9.9,8.8,22.4,546,14,72,190,11,727,54,Mobile,Brazil
USR003174,109.0,1.6,0.2,168.3,0.0,54.8,22,38,33,422,46,2529,52,Mobile,UK
USR003175,11.7,0.7,11.1,3.0,0.2,58.0,369,37,91,141,26,2402,313,Tablet,Brazil
USR003176,79.4,0.4,3.4,122.3,0.8,76.3,299,26,13,368,49,2007,48,Mobile,Japan
USR003177,48.6,3.6,3.6,28.7,5.7,90.3,715,34,80,1,47,3568,255,Mobile,Brazil
USR003178,20.1,4.1,2.1,19.2,7.9,70.7,1034,28,54,180,98,3317,85,Mobile,USA
USR003179,32.1,5.5,0.1,20.9,3.4,87.7,117,47,6,275,32,2865,31,Mobile,Brazil
USR003180,124.5,1.3,0.5,83.7,7.7,64.7,76,36,98,117,82,1219,158,Mobile,USA
USR003181,3.4,15.0,4.6,71.1,5.3,80.4,58,9,34,225,9,1515,343,Tablet,UK
USR003182,2.5,4.4,5.6,22.2,6.6,41.8,558,26,43,40,47,3604,234,Mobile,Australia
USR003183,68.6,1.5,6.6,27.3,9.9,61.0,181,21,70,415,65,410,219,Mobile,Brazil
USR003184,5.8,3.7,1.7,126.0,22.1,61.2,720,1,7,2,12,1846,191,Mobile,India
USR003185,122.7,5.2,8.5,8.9,1.5,57.9,650,27,85,8,36,1192,156,Mobile,Germany
USR003186,39.8,2.2,0.1,37.3,3.6,55.5,212,10,85,274,28,2260,53,Mobile,India
USR003187,45.5,5.9,0.4,36.2,1.6,73.7,57,44,50,334,97,2555,39,Desktop,Australia
USR003188,37.1,5.7,5.2,18.3,17.4,65.6,23,18,41,239,73,1277,346,Mobile,UK
USR003189,17.2,1.6,3.2,44.4,2.9,81.3,53,49,20,41,53,3159,151,Mobile,USA
USR003190,47.9,1.2,5.4,97.3,11.7,61.3,515,4,83,198,68,3557,121,Tablet,Brazil
USR003191,154.2,0.0,5.8,71.5,25.9,47.3,96,29,79,453,55,3258,169,Mobile,Germany
USR003192,37.3,13.8,6.9,8.7,31.9,39.4,141,40,20,350,94,3306,323,Desktop,Australia
USR003193,12.7,6.2,9.1,55.6,12.1,68.9,450,49,22,132,28,2111,340,Tablet,Brazil
USR003194,27.5,5.7,2.1,173.0,5.2,39.6,128,14,91,12,48,1756,63,Mobile,Brazil
USR003195,36.1,5.4,1.4,13.5,11.0,45.8,126,11,79,360,95,857,96,Desktop,Australia
USR003196,5.0,0.7,5.3,9.7,9.1,53.2,232,28,81,26,38,1135,182,Mobile,Brazil
USR003197,40.9,13.9,1.9,84.0,0.9,32.7,124,19,19,323,68,2772,32,Desktop,Germany
USR003198,14.5,1.6,5.3,16.6,0.0,28.2,450,41,71,422,41,2706,306,Tablet,USA
USR003199,84.7,2.1,9.6,41.6,1.9,63.4,271,7,87,295,97,3147,151,Mobile,USA
USR003200,45.9,4.1,4.5,29.0,21.3,44.6,56,40,35,7,87,992,118,Mobile,India
USR003201,34.7,17.2,7.5,23.1,5.3,29.2,106,21,46,3,49,1448,146,Tablet,USA
USR003202,61.3,11.0,1.8,193.5,0.4,81.3,233,22,64,1,44,673,48,Mobile,India
USR003203,31.8,0.7,2.4,2.7,7.0,52.1,367,25,2,80,71,2246,34,Tablet,Brazil
USR003204,160.0,11.6,1.7,75.6,13.8,71.1,28,2,55,13,12,509,266,Mobile,Brazil
USR003205,48.4,4.9,4.5,52.3,2.1,73.6,317,39,28,169,70,2534,15,Mobile,Germany
USR003206,183.2,11.2,0.1,111.6,15.9,81.0,158,41,90,115,38,739,145,Mobile,USA
USR003207,42.5,8.3,1.8,2.0,1.3,48.1,146,49,9,16,29,629,29,Desktop,India
USR003208,16.5,3.0,12.5,119.5,24.3,92.3,91,3,36,461,39,2850,223,Mobile,Germany
USR003209,54.2,6.8,12.7,74.6,6.7,29.2,437,18,16,0,0,2572,39,Tablet,USA
USR003210,54.2,2.7,10.3,39.4,9.4,46.2,186,42,7,312,57,2515,208,Tablet,USA
USR003211,23.3,0.2,16.8,21.6,23.7,39.2,402,3,36,431,23,1713,263,Desktop,Brazil
USR003212,111.6,0.5,7.5,47.9,46.3,42.0,370,36,89,266,20,703,53,Desktop,USA
USR003213,49.9,6.4,0.7,101.8,19.6,25.3,167,35,3,117,32,2214,101,Mobile,Japan
USR003214,98.7,0.2,8.8,98.4,4.8,76.9,115,25,20,32,15,1458,145,Tablet,Germany
USR003215,84.4,1.0,5.1,33.5,10.7,53.4,353,19,14,466,57,2264,139,Desktop,Japan
USR003216,21.4,8.8,0.6,1.0,5.2,47.1,167,28,50,282,9,1718,152,Mobile,Germany
USR003217,55.5,3.1,1.0,0.6,1.4,32.0,508,45,52,71,96,1190,348,Mobile,Germany
USR003218,13.8,0.2,0.4,55.5,2.8,28.2,173,33,81,396,64,3494,360,Tablet,India
USR003219,85.5,1.4,0.0,22.5,27.9,90.0,871,37,74,359,70,252,239,Mobile,Brazil
USR003220,99.7,10.5,1.3,42.7,19.9,67.1,138,30,17,3,50,672,311,Mobile,Brazil
USR003221,14.1,0.6,13.5,15.9,8.7,43.4,363,36,4,107,7,2265,256,Mobile,USA
USR003222,38.8,0.2,3.8,32.9,13.8,88.7,41,37,23,71,96,2524,153,Mobile,Brazil
USR003223,147.3,1.7,3.5,6.7,6.7,86.3,119,44,49,145,43,2142,152,Tablet,Australia
USR003224,106.6,2.7,7.9,17.3,15.5,94.6,62,28,49,22,75,3462,7,Mobile,Germany
USR003225,60.0,3.9,13.6,126.0,22.9,35.5,55,21,14,239,42,2013,293,Mobile,India
USR003226,67.2,7.7,2.6,33.3,0.4,71.9,658,10,87,48,74,2096,254,Mobile,UK
USR003227,28.1,1.9,3.3,59.9,0.8,64.3,293,20,81,251,39,2034,342,Mobile,Japan
USR003228,48.0,7.5,0.3,11.3,12.2,37.2,201,22,47,451,26,990,74,Mobile,UK
USR003229,109.6,6.7,3.9,110.4,6.4,79.0,28,0,42,345,6,2836,244,Mobile,USA
USR003230,123.0,5.1,0.0,147.2,4.1,20.3,474,21,7,442,76,904,306,Tablet,India
USR003231,19.7,7.6,13.2,136.4,21.0,46.3,273,40,51,202,44,3552,99,Mobile,USA
USR003232,77.2,1.2,12.4,111.6,5.2,44.1,341,49,23,304,83,3181,204,Mobile,Australia
USR003233,75.2,2.9,0.1,4.5,3.0,67.9,34,22,8,220,46,312,269,Mobile,India
USR003234,184.1,0.5,0.0,13.9,5.1,24.2,125,15,64,128,66,1011,82,Mobile,Brazil
USR003235,52.8,1.5,3.4,0.6,12.0,34.6,87,39,32,192,59,242,363,Desktop,USA
USR003236,2.9,1.6,8.2,8.4,1.7,30.8,199,47,96,470,81,3641,82,Mobile,UK
USR003237,5.2,2.4,16.7,196.6,15.8,40.5,209,42,20,111,90,1442,147,Tablet,Australia
USR003238,48.5,9.4,15.5,36.0,11.4,24.3,906,43,19,51,41,1744,363,Desktop,Brazil
USR003239,54.9,1.3,4.3,88.8,4.0,88.0,44,28,80,221,55,159,337,Mobile,India
USR003240,7.3,12.2,33.1,39.2,6.3,67.3,97,2,57,134,98,2667,285,Mobile,Brazil
USR003241,3.9,2.1,0.4,55.9,5.3,81.7,235,47,19,7,5,567,261,Mobile,Australia
USR003242,94.4,6.6,19.1,28.1,4.8,50.4,14,29,85,409,41,1955,146,Desktop,India
USR003243,149.0,7.1,3.1,54.6,3.8,85.9,604,43,15,32,24,2661,92,Desktop,Brazil
USR003244,16.3,0.7,5.7,5.6,5.4,58.9,183,5,5,88,8,766,324,Mobile,Brazil
USR003245,10.1,3.1,1.9,62.2,2.0,51.7,66,42,41,389,25,2690,146,Tablet,Brazil
USR003246,31.2,8.3,0.4,19.7,9.8,21.5,774,41,32,270,87,1928,284,Mobile,UK
USR003247,217.7,7.9,6.0,13.8,17.5,59.4,265,31,2,272,14,1395,166,Mobile,Brazil
USR003248,12.4,1.8,3.1,7.9,29.9,83.8,30,2,66,284,6,1618,274,Mobile,Brazil
USR003249,49.2,3.4,5.7,99.3,5.7,23.2,51,26,16,271,67,2566,41,Mobile,Japan
USR003250,2.4,1.1,3.2,57.6,6.9,78.5,304,46,68,249,0,2576,162,Mobile,USA
USR003251,6.7,6.8,0.2,21.8,4.8,91.5,139,37,78,131,29,494,279,Mobile,USA
USR003252,80.1,0.8,1.3,48.2,8.8,97.2,230,1,76,171,76,2724,110,Mobile,Germany
USR003253,3.1,0.4,1.1,21.1,1.0,56.7,20,38,26,467,48,562,298,Mobile,Germany
USR003254,19.1,4.1,8.1,3.9,16.4,70.5,213,45,58,60,41,277,224,Mobile,India
USR003255,213.6,0.4,1.6,67.2,2.4,36.5,167,16,30,465,49,357,347,Mobile,Australia
USR003256,16.1,0.1,4.1,112.6,21.0,53.0,233,9,47,199,7,203,87,Mobile,Australia
USR003257,4.2,7.9,6.1,49.2,4.6,54.3,26,49,29,185,66,3286,5,Mobile,Australia
USR003258,18.8,1.3,11.6,24.1,28.5,59.7,315,41,68,133,66,2877,187,Tablet,India
USR003259,20.2,8.2,1.1,154.2,16.7,83.7,253,7,71,333,92,1698,304,Mobile,USA
USR003260,13.5,7.8,1.1,2.3,4.1,37.9,33,37,96,101,84,2593,312,Desktop,India
USR003261,35.4,2.9,26.7,14.0,9.0,33.4,2057,36,59,434,36,1442,33,Mobile,Brazil
USR003262,5.6,2.7,4.6,53.3,2.5,95.2,307,20,52,33,36,2216,322,Mobile,Australia
USR003263,26.5,8.5,9.6,36.9,18.2,43.1,172,28,91,251,51,1033,18,Mobile,Australia
USR003264,24.8,6.2,0.5,2.4,17.5,99.5,0,41,44,298,43,2860,28,Tablet,Germany
USR003265,169.2,6.3,0.1,117.5,12.0,50.9,234,36,71,195,7,3607,43,Desktop,Germany
USR003266,52.8,1.0,5.6,2.9,1.6,72.9,234,15,35,383,37,2758,283,Mobile,Germany
USR003267,4.0,3.3,5.5,23.1,3.0,46.5,133,15,91,335,38,400,221,Mobile,USA
USR003268,60.5,4.7,6.5,111.8,4.1,57.6,287,14,71,283,68,1501,186,Desktop,Germany
USR003269,16.9,0.0,0.8,24.9,28.0,98.7,47,28,36,495,43,1397,337,Mobile,India
USR003270,3.4,1.7,9.5,52.2,4.1,96.3,30,23,49,449,71,1439,49,Tablet,Brazil
USR003271,41.7,23.0,0.0,48.2,1.4,37.2,77,5,70,151,58,346,126,Tablet,UK
USR003272,212.5,0.2,3.9,33.4,3.9,33.1,90,19,56,365,59,2824,82,Mobile,UK
USR003273,86.5,5.5,5.7,10.1,13.8,81.8,379,24,10,290,64,2730,20,Mobile,Australia
USR003274,44.9,7.5,6.7,30.2,2.2,83.9,29,10,34,92,79,1925,111,Desktop,Brazil
USR003275,33.0,10.1,13.4,2.1,1.2,20.7,71,17,37,482,36,745,237,Mobile,USA
USR003276,54.6,0.6,1.7,17.0,4.8,23.0,389,46,26,185,36,2882,201,Mobile,Australia
USR003277,16.9,0.7,6.5,22.9,9.5,28.9,87,11,79,313,92,261,44,Desktop,USA
USR003278,26.6,3.1,9.1,118.8,10.8,61.8,5,8,3,328,3,3251,94,Mobile,Australia
USR003279,122.0,1.8,19.4,46.0,10.4,48.6,259,21,33,6,73,3421,207,Tablet,Germany
USR003280,67.6,0.7,19.2,23.6,5.0,29.1,25,17,61,482,19,1777,98,Tablet,Germany
USR003281,170.4,8.9,4.6,35.6,9.1,62.8,33,47,31,272,62,3252,358,Desktop,India
USR003282,25.5,0.0,3.6,89.9,0.1,26.3,89,16,65,301,28,1758,261,Mobile,India
USR003283,54.4,7.9,2.1,40.1,3.7,26.5,138,5,54,458,48,456,265,Mobile,UK
USR003284,15.4,2.5,7.1,38.4,5.1,84.2,2,49,30,156,96,2406,115,Desktop,Germany
USR003285,113.4,3.1,0.3,13.4,2.7,94.6,146,32,98,120,26,2577,83,Mobile,UK
USR003286,15.0,2.9,7.1,32.1,20.1,99.4,67,26,55,229,53,1002,358,Desktop,USA
USR003287,114.9,7.1,10.1,44.4,29.5,43.3,505,17,52,219,29,900,16,Mobile,USA
USR003288,13.8,5.1,2.6,2.1,4.9,49.1,34,48,33,86,29,2155,326,Mobile,Brazil
USR003289,93.8,0.3,1.9,25.1,7.3,96.5,158,23,41,201,29,2890,121,Mobile,Brazil
USR003290,34.0,0.5,6.5,11.4,13.0,61.6,96,27,13,348,27,83,5,Mobile,Brazil
USR003291,31.9,1.0,3.4,53.1,8.8,41.4,159,48,55,448,27,148,153,Mobile,Brazil
USR003292,47.1,0.9,0.8,37.5,5.6,48.8,243,5,29,328,72,623,226,Mobile,Japan
USR003293,52.1,2.0,4.5,64.7,4.7,42.4,262,0,88,471,18,217,338,Desktop,Germany
USR003294,85.5,13.1,16.7,13.3,6.9,35.4,32,44,81,306,44,3107,1,Mobile,Japan
USR003295,72.7,7.4,13.2,23.0,13.0,72.3,753,18,20,264,25,2651,128,Mobile,UK
USR003296,14.6,2.0,4.9,18.6,10.7,91.1,22,32,24,228,95,747,256,Mobile,UK
USR003297,17.7,1.7,11.2,11.2,1.1,97.8,152,12,59,142,51,577,291,Mobile,India
USR003298,75.3,1.1,2.4,18.8,38.8,64.1,33,11,33,297,85,1663,363,Mobile,Germany
USR003299,190.5,4.8,17.4,41.4,16.9,22.0,309,8,36,354,83,2042,190,Mobile,Germany
USR003300,139.5,8.4,12.4,2.8,19.1,94.7,74,42,24,391,6,1167,142,Mobile,USA
USR003301,50.4,2.1,1.5,62.7,13.8,44.7,316,10,68,285,67,2486,361,Mobile,USA
USR003302,4.0,7.3,9.1,10.7,11.8,30.7,219,4,9,91,83,832,79,Mobile,Germany
USR003303,6.6,3.3,3.0,2.7,9.1,50.9,123,42,78,259,20,825,231,Mobile,Brazil
USR003304,126.7,10.2,4.4,37.3,2.9,27.3,84,44,74,345,53,2188,96,Mobile,Brazil
USR003305,7.0,0.3,6.3,12.1,13.7,30.2,418,8,0,333,62,278,223,Desktop,Brazil
USR003306,161.0,41.8,8.6,51.6,9.1,88.7,156,30,86,103,16,88,303,Mobile,Brazil
USR003307,13.8,0.2,1.5,44.8,5.3,87.8,259,46,17,74,1,3572,310,Mobile,India
USR003308,78.3,1.5,11.0,8.3,3.4,25.9,204,25,32,305,23,589,198,Mobile,India
USR003309,42.7,3.7,1.6,14.9,15.3,97.2,205,0,67,171,42,1030,94,Mobile,USA
USR003310,35.6,0.4,0.4,127.6,10.2,76.7,79,23,31,430,67,1971,225,Mobile,India
USR003311,249.1,1.4,0.7,36.4,1.0,58.9,315,17,94,484,43,2065,344,Tablet,Brazil
USR003312,12.6,6.6,6.0,25.1,0.7,29.7,17,38,46,437,36,1276,286,Mobile,UK
USR003313,1.0,1.3,25.4,63.9,35.1,90.2,277,36,30,120,36,2133,251,Mobile,UK
USR003314,4.4,2.7,3.7,13.3,13.7,84.0,3,38,50,370,88,1232,225,Mobile,Brazil
USR003315,19.0,2.7,9.2,63.5,0.7,28.7,207,31,89,158,4,1868,248,Mobile,Brazil
USR003316,314.7,7.2,3.6,16.7,3.3,25.5,316,48,34,340,94,1378,299,Mobile,Japan
USR003317,151.5,4.8,8.3,96.6,8.7,37.6,62,35,38,181,30,1400,323,Mobile,India
USR003318,140.1,1.9,0.3,30.9,2.3,50.0,103,41,0,270,43,3537,219,Desktop,Brazil
USR003319,55.8,3.5,5.4,59.3,17.0,22.6,155,3,34,342,6,2635,170,Mobile,Australia
USR003320,30.3,1.8,2.6,3.5,14.4,32.2,352,28,17,217,8,973,54,Mobile,Japan
USR003321,43.5,1.0,8.3,205.1,0.8,33.3,95,30,64,230,67,1247,22,Mobile,Brazil
USR003322,41.3,0.1,1.3,42.8,1.5,20.8,48,34,26,476,83,3385,279,Tablet,USA
USR003323,287.5,4.9,2.5,85.4,12.8,53.3,20,20,46,442,37,3253,21,Tablet,USA
USR003324,21.3,4.9,24.9,7.1,0.3,26.5,364,39,87,373,59,1321,312,Desktop,Germany
USR003325,17.6,0.2,4.1,93.2,9.7,38.7,269,14,86,471,85,2091,218,Mobile,Japan
USR003326,27.6,1.0,3.0,31.6,3.5,52.9,764,29,43,391,31,1970,165,Tablet,Germany
USR003327,18.6,1.2,0.4,43.2,2.2,39.8,116,31,29,469,96,2708,333,Mobile,Japan
USR003328,195.6,0.5,4.1,90.8,2.4,80.1,57,42,99,154,30,2992,185,Mobile,Japan
USR003329,12.9,2.0,14.7,9.5,16.6,59.6,131,30,95,435,99,226,307,Mobile,Japan
USR003330,130.2,1.3,1.1,18.8,1.9,26.4,59,13,82,330,89,229,212,Mobile,Germany
USR003331,23.7,3.5,1.9,56.8,15.1,49.7,235,31,96,165,80,1736,58,Desktop,India
USR003332,44.0,0.2,10.4,42.0,10.2,58.8,281,37,4,102,10,550,66,Mobile,Australia
USR003333,48.4,3.3,12.3,54.3,1.0,30.7,6,27,28,486,42,406,42,Desktop,India
USR003334,11.5,2.8,5.0,95.1,7.4,61.8,232,36,5,56,65,557,201,Desktop,USA
USR003335,55.2,0.8,1.2,77.5,9.9,54.7,13,15,70,246,77,2173,169,Mobile,India
USR003336,16.4,0.2,18.0,6.9,1.7,65.6,78,12,21,477,90,2127,83,Tablet,India
USR003337,22.1,0.2,5.2,19.3,17.3,59.3,20,41,64,313,46,1783,308,Mobile,Australia
USR003338,75.4,0.5,15.5,41.0,45.7,33.9,14,44,74,409,17,3227,204,Mobile,Australia
USR003339,8.6,2.8,2.5,19.9,8.2,59.2,765,42,98,232,17,1287,322,Desktop,Brazil
USR003340,31.8,3.8,6.0,12.5,6.9,97.2,172,28,41,114,39,3064,320,Desktop,India
USR003341,122.5,3.1,2.6,27.1,11.2,32.3,329,26,35,76,38,2985,16,Mobile,Brazil
USR003342,5.1,1.1,7.9,30.3,20.1,97.3,195,3,37,270,50,2567,92,Desktop,Germany
USR003343,81.5,5.0,3.0,59.7,6.6,65.3,57,19,25,328,25,1761,26,Mobile,Brazil
USR003344,36.6,15.4,7.6,4.3,10.1,46.6,922,32,18,239,72,3066,305,Mobile,India
USR003345,16.4,19.6,1.6,25.6,5.8,25.4,364,42,73,268,4,1814,193,Desktop,Germany
USR003346,111.5,8.1,10.0,155.4,8.5,49.0,7,47,35,304,66,1625,171,Mobile,Germany
USR003347,32.9,4.1,11.9,19.9,1.8,49.5,36,38,30,383,95,55,195,Mobile,India
USR003348,28.9,14.4,2.7,22.7,47.4,73.4,4,31,39,104,53,763,293,Mobile,Brazil
USR003349,80.2,5.0,3.2,2.3,8.8,23.4,172,19,21,162,55,2711,71,Mobile,Brazil
USR003350,72.3,2.9,34.4,154.8,4.9,65.3,14,34,66,432,59,513,143,Mobile,UK
USR003351,45.3,2.0,2.7,20.7,23.4,78.8,53,36,58,48,59,2693,15,Mobile,India
USR003352,87.7,4.8,17.2,97.4,11.3,69.9,24,48,73,301,3,530,253,Desktop,UK
USR003353,117.1,19.1,5.7,13.3,13.2,80.9,556,27,52,403,42,3409,219,Mobile,Japan
USR003354,38.5,6.6,1.2,213.8,32.3,69.8,1387,3,76,169,23,3210,230,Tablet,Australia
USR003355,66.3,0.1,1.2,0.1,18.1,32.3,76,28,21,387,6,3212,289,Mobile,Japan
USR003356,51.1,4.0,1.0,73.6,4.1,83.3,135,32,2,323,63,2303,364,Desktop,Japan
USR003357,537.8,2.4,2.3,60.3,7.5,37.6,541,49,54,172,34,49,13,Tablet,USA
USR003358,9.2,0.4,1.0,14.5,12.3,25.7,32,36,24,473,33,646,211,Desktop,India
USR003359,32.6,7.1,1.2,142.2,9.8,73.1,230,49,55,415,5,768,322,Tablet,Australia
USR003360,34.4,3.5,21.3,152.0,25.0,42.3,99,9,40,334,55,1875,239,Mobile,UK
USR003361,26.3,9.8,14.0,52.1,27.1,47.8,780,17,3,284,89,3590,146,Mobile,Japan
USR003362,70.7,28.0,3.8,82.2,9.1,57.9,18,21,69,23,1,2846,68,Mobile,India
USR003363,4.6,4.7,1.4,75.8,22.1,74.3,149,29,25,194,33,3311,12,Desktop,USA
USR003364,155.5,2.1,10.1,35.5,8.9,88.3,249,30,20,475,79,3606,224,Tablet,USA
USR003365,155.0,0.5,11.6,32.6,11.7,60.8,773,37,99,440,18,1660,11,Desktop,USA
USR003366,26.3,1.8,4.2,19.3,25.2,73.8,721,29,86,343,72,2200,26,Mobile,Australia
USR003367,19.8,1.4,6.2,142.8,4.8,63.5,646,42,81,36,53,3309,223,Desktop,Australia
USR003368,1.0,0.8,10.0,2.8,2.9,39.3,426,0,90,323,96,3278,340,Mobile,Japan
USR003369,6.1,1.5,2.9,7.2,11.2,72.0,52,40,35,480,26,2484,272,Mobile,UK
USR003370,29.2,0.6,0.7,159.4,13.8,31.3,28,29,68,84,98,1243,103,Mobile,UK
USR003371,16.5,1.1,14.8,9.4,0.0,90.5,97,33,66,337,60,2421,266,Mobile,Germany
USR003372,15.4,2.2,2.0,14.0,37.8,70.9,134,24,28,130,95,1214,174,Tablet,Australia
USR003373,136.3,4.7,3.1,24.8,16.1,97.6,329,7,7,316,33,357,299,Mobile,Germany
USR003374,27.8,5.4,1.5,64.4,12.3,53.2,67,2,18,318,38,3549,184,Mobile,Brazil
USR003375,68.4,0.9,12.0,3.4,5.6,24.2,127,33,87,337,86,415,293,Mobile,USA
USR003376,170.8,1.3,2.9,49.6,10.3,33.4,631,20,60,155,10,1164,81,Desktop,Australia
USR003377,173.0,1.3,3.2,58.2,9.3,99.6,204,44,39,129,60,2082,301,Tablet,Brazil
USR003378,55.1,2.9,9.6,100.7,14.0,73.9,411,18,48,133,20,3065,356,Mobile,Germany
USR003379,74.3,0.4,5.2,81.6,0.9,54.3,179,34,22,265,77,1377,199,Mobile,Japan
USR003380,6.3,1.5,3.0,8.2,33.7,70.1,394,3,15,24,48,2569,89,Mobile,USA
USR003381,80.3,2.5,0.9,17.7,7.0,93.6,421,40,35,219,37,2133,28,Mobile,Brazil
USR003382,201.6,3.0,5.8,18.1,14.6,27.3,7,30,53,78,61,593,2,Desktop,Australia
USR003383,80.3,2.0,14.3,22.4,1.3,92.2,238,35,73,112,12,2395,351,Mobile,India
USR003384,16.9,2.6,2.0,94.6,8.1,72.9,130,33,26,58,66,1649,104,Desktop,UK
USR003385,38.5,2.8,16.9,62.2,1.6,41.0,21,47,62,414,69,910,280,Tablet,Brazil
USR003386,56.8,0.7,15.0,182.6,9.7,95.5,434,4,35,258,97,3330,18,Mobile,Brazil
USR003387,20.8,3.2,6.0,39.9,37.4,58.2,90,11,75,275,91,1083,207,Mobile,Australia
USR003388,95.8,9.0,7.9,16.7,3.4,96.2,49,4,4,309,86,2167,311,Mobile,Brazil
USR003389,9.3,2.0,14.4,47.3,3.3,35.3,775,36,69,353,25,1303,79,Desktop,Brazil
USR003390,88.2,12.7,8.0,63.0,14.9,96.4,250,7,2,121,25,1699,70,Desktop,Australia
USR003391,5.3,0.0,2.5,44.4,3.7,25.0,197,36,87,98,30,361,131,Mobile,Germany
USR003392,33.2,4.9,26.7,26.6,9.3,64.8,130,17,37,162,17,240,42,Mobile,Brazil
USR003393,59.9,3.1,6.4,6.9,12.1,52.4,536,8,98,435,70,1680,322,Mobile,UK
USR003394,55.4,12.9,7.4,27.0,0.8,60.6,369,7,6,173,78,2842,243,Desktop,Germany
USR003395,85.1,2.0,4.0,61.9,18.4,80.0,31,26,41,456,7,1067,89,Mobile,Australia
USR003396,23.4,10.9,1.2,10.0,0.1,57.0,66,48,8,437,72,1162,84,Mobile,Japan
USR003397,23.7,2.6,9.5,7.5,12.0,89.0,829,26,19,59,66,1354,7,Mobile,Australia
USR003398,60.5,1.5,5.5,7.7,1.8,20.7,323,36,49,258,21,3024,91,Desktop,Germany
USR003399,32.9,4.1,4.1,33.0,4.8,42.1,177,8,22,478,69,2541,40,Desktop,Germany
USR003400,15.8,0.2,14.8,64.1,20.0,87.7,89,4,12,394,75,2142,312,Desktop,UK
USR003401,99.4,6.9,1.3,94.9,0.0,79.9,11,28,81,108,55,1367,288,Mobile,USA
USR003402,114.3,4.3,8.9,242.9,7.2,65.6,10,32,12,434,19,1219,286,Mobile,India
USR003403,13.3,3.4,1.2,49.3,2.1,56.4,714,8,96,374,42,1119,103,Desktop,Brazil
USR003404,113.0,11.6,17.1,68.1,5.5,56.7,77,15,63,406,41,822,16,Mobile,Germany
USR003405,9.4,3.4,4.3,1.3,2.3,93.2,187,45,52,231,79,2421,262,Desktop,UK
USR003406,16.1,0.1,9.1,13.5,2.7,96.0,145,46,91,182,20,187,231,Mobile,Australia
USR003407,34.8,12.4,2.0,5.5,64.8,81.5,20,26,27,372,59,1144,49,Tablet,Germany
USR003408,30.2,2.3,12.2,13.5,5.1,87.2,51,7,34,455,48,3472,15,Mobile,Australia
USR003409,59.6,0.5,9.2,97.8,10.4,63.7,125,49,67,429,88,96,341,Mobile,India
USR003410,13.1,0.1,8.8,7.2,24.2,32.2,162,44,52,376,17,2895,23,Mobile,India
USR003411,5.0,1.4,2.5,9.5,0.6,53.0,177,40,15,475,20,1506,99,Mobile,Japan
USR003412,34.3,0.2,29.2,70.2,14.9,97.7,288,29,99,359,54,1170,164,Tablet,Brazil
USR003413,33.2,0.0,1.8,4.7,54.0,79.4,96,17,1,133,79,1595,166,Mobile,Australia
USR003414,1.0,7.4,6.8,143.0,0.6,41.6,284,17,34,457,60,1451,127,Mobile,India
USR003415,186.5,5.4,3.1,103.1,31.0,96.3,55,37,11,136,94,2794,123,Mobile,Germany
USR003416,7.5,7.6,14.3,5.2,23.6,93.8,175,26,58,324,95,693,213,Mobile,Australia
USR003417,77.7,12.2,5.6,6.6,0.9,48.5,311,28,72,447,92,2801,235,Mobile,UK
USR003418,49.3,6.2,1.5,11.1,6.3,20.3,131,22,70,66,11,2613,142,Mobile,Germany
USR003419,61.5,4.4,0.9,58.3,5.5,29.8,359,44,80,172,34,602,247,Tablet,India
USR003420,51.8,6.0,15.8,12.1,2.2,21.9,482,44,34,182,71,3094,2,Mobile,Germany
USR003421,34.3,0.9,6.7,11.9,3.5,22.5,215,19,46,31,82,2284,354,Mobile,USA
USR003422,1.0,0.8,1.0,45.2,4.0,52.7,138,3,46,497,68,3143,154,Mobile,UK
USR003423,47.5,12.0,2.1,77.5,9.8,36.0,320,18,41,182,79,1373,342,Mobile,Germany
USR003424,24.8,0.7,3.8,2.8,4.3,25.6,161,29,51,113,72,1732,163,Tablet,Germany
USR003425,88.1,0.5,1.3,67.0,0.4,28.7,163,20,97,11,84,1347,33,Tablet,USA
USR003426,106.9,3.3,4.5,107.4,19.9,89.6,207,11,15,395,48,288,96,Desktop,Brazil
USR003427,3.4,0.6,4.2,10.5,3.8,49.8,114,22,36,325,82,1506,96,Mobile,Germany
USR003428,164.2,6.1,0.4,35.9,40.3,29.7,288,43,40,71,52,881,313,Mobile,Japan
USR003429,36.7,1.4,9.4,3.1,4.4,94.2,346,15,69,465,23,2065,287,Tablet,USA
USR003430,15.2,1.1,16.6,1.0,4.3,72.1,256,42,81,60,35,2263,7,Desktop,UK
USR003431,2.1,2.1,3.0,22.1,9.5,75.9,55,8,7,48,4,1157,65,Mobile,Germany
USR003432,57.8,0.6,1.6,80.5,15.6,67.4,332,2,70,133,4,3041,355,Mobile,UK
USR003433,3.5,2.8,9.0,122.0,20.9,77.6,315,27,69,102,89,2484,54,Mobile,Australia
USR003434,75.0,1.0,1.2,53.5,5.8,51.8,147,1,15,29,99,1952,356,Tablet,Japan
USR003435,42.7,1.2,10.7,4.5,1.7,34.4,90,1,98,290,5,1442,310,Desktop,India
USR003436,25.4,9.2,9.8,61.6,13.6,48.8,49,13,42,339,53,2661,256,Mobile,Germany
USR003437,26.4,2.9,16.3,7.2,27.0,49.1,157,16,9,29,54,283,305,Mobile,UK
USR003438,58.7,24.2,0.8,43.2,4.6,63.4,313,19,37,463,53,2498,140,Mobile,India
USR003439,3.1,8.3,8.6,0.9,9.7,43.0,163,47,81,487,54,1503,204,Mobile,UK
USR003440,55.6,7.7,18.8,93.7,11.2,61.1,117,33,66,387,52,925,213,Mobile,Japan
USR003441,16.5,12.9,0.4,115.7,4.1,49.9,294,24,76,125,73,3077,260,Desktop,Germany
USR003442,325.1,7.2,1.2,12.5,23.1,50.1,489,6,74,299,76,1485,232,Mobile,Japan
USR003443,13.8,2.5,8.5,0.4,3.0,89.8,126,31,22,28,73,2097,167,Mobile,USA
USR003444,87.4,2.4,0.2,63.1,6.3,55.0,35,31,62,106,54,1958,86,Mobile,Brazil
USR003445,1.0,7.1,6.5,3.5,1.2,96.3,40,3,36,189,94,1386,275,Mobile,Germany
USR003446,42.7,3.4,12.3,22.8,58.4,32.8,162,37,3,28,14,543,128,Mobile,India
USR003447,36.5,8.3,1.1,170.6,38.1,28.0,134,24,34,298,79,1341,176,Mobile,Germany
USR003448,48.4,0.3,12.3,152.6,4.6,75.7,896,20,49,132,63,2898,252,Mobile,Japan
USR003449,30.5,3.2,28.3,0.2,0.5,77.2,159,38,27,105,23,1788,327,Desktop,India
USR003450,63.7,1.2,7.4,30.8,6.1,21.9,598,0,50,231,48,2089,124,Mobile,India
USR003451,14.1,3.8,0.3,38.1,14.8,26.8,915,26,1,112,97,2298,5,Mobile,UK
USR003452,110.6,1.0,4.1,70.2,6.3,70.6,176,16,30,287,69,1774,247,Desktop,Australia
USR003453,9.6,5.3,2.9,182.0,1.6,81.1,600,32,65,60,26,2738,241,Mobile,USA
USR003454,113.5,6.9,5.0,22.4,1.5,48.6,72,9,6,410,60,1301,27,Mobile,India
USR003455,2.7,2.6,0.5,201.1,5.1,28.4,41,12,24,90,0,2370,294,Mobile,India
USR003456,21.7,0.4,2.2,15.3,0.2,96.8,14,49,25,424,31,371,173,Mobile,Germany
USR003457,66.8,6.4,3.7,22.6,10.3,31.8,19,27,41,132,24,264,124,Desktop,Germany
USR003458,185.9,2.3,4.3,78.6,35.8,47.2,195,30,68,279,17,3415,349,Mobile,Germany
USR003459,49.5,6.2,1.1,126.7,1.3,54.9,224,46,79,51,72,356,85,Mobile,Germany
USR003460,64.1,1.9,3.1,60.1,0.7,45.6,154,21,27,405,75,967,57,Mobile,UK
USR003461,96.7,10.2,12.1,17.8,4.2,98.4,48,27,7,496,58,601,17,Mobile,Australia
USR003462,131.6,16.3,5.0,36.6,6.6,43.7,428,15,89,293,45,2844,97,Tablet,India
USR003463,13.4,0.8,1.8,112.4,20.9,81.0,97,43,46,68,40,1385,162,Mobile,India
USR003464,237.7,11.7,3.1,100.2,24.8,91.0,16,40,1,272,84,481,1,Mobile,India
USR003465,154.6,4.0,10.0,0.0,14.7,20.3,1147,28,60,261,82,3276,301,Mobile,USA
USR003466,184.5,13.8,2.7,19.9,18.0,58.6,596,3,3,385,5,3222,16,Mobile,USA
USR003467,12.8,0.3,4.8,10.4,11.6,20.0,53,34,14,479,86,1816,114,Mobile,Japan
USR003468,98.4,3.2,5.1,40.7,75.1,89.4,644,40,91,216,28,2838,234,Mobile,Japan
USR003469,136.1,0.6,0.3,119.0,18.3,60.8,415,28,65,297,59,968,272,Mobile,Japan
USR003470,9.5,4.0,5.4,34.5,14.0,21.7,84,48,64,241,79,2904,359,Mobile,Japan
USR003471,30.5,6.9,15.8,51.2,1.8,59.1,70,16,15,108,66,1190,50,Tablet,Japan
USR003472,7.6,0.2,1.0,21.2,7.2,53.9,80,1,31,221,40,3006,219,Mobile,Australia
USR003473,44.7,0.7,3.2,3.3,5.0,56.2,350,39,54,179,2,1788,26,Mobile,USA
USR003474,13.8,2.6,8.0,54.6,0.2,50.4,143,41,58,375,97,3369,305,Mobile,Brazil
USR003475,24.1,5.3,0.9,232.6,3.6,63.3,524,11,41,198,53,3535,39,Mobile,UK
USR003476,6.9,4.2,6.6,45.3,12.2,28.5,336,11,64,471,76,727,335,Desktop,USA
USR003477,70.0,6.9,5.8,76.4,0.2,38.4,261,22,34,171,69,2698,315,Mobile,Brazil
USR003478,157.6,2.9,4.6,91.7,7.4,22.7,354,10,89,132,88,3055,48,Mobile,UK
USR003479,3.6,0.3,2.4,23.1,1.5,47.6,85,11,56,486,44,1237,247,Desktop,Germany
USR003480,37.7,3.1,0.5,84.8,3.4,90.2,52,49,40,406,19,398,336,Desktop,Australia
USR003481,243.2,1.1,2.8,31.9,2.4,30.2,49,49,29,260,51,1793,319,Desktop,USA
USR003482,28.5,3.8,9.1,24.9,14.7,83.6,210,22,81,364,31,2111,242,Mobile,Australia
USR003483,4.8,13.4,3.6,24.5,10.4,94.1,12,4,64,204,56,1979,102,Mobile,Brazil
USR003484,205.6,1.2,0.9,82.4,9.0,35.4,77,0,29,443,30,3126,67,Mobile,Australia
USR003485,1.0,1.5,4.1,22.7,6.3,44.2,43,47,32,384,83,3089,302,Mobile,Australia
USR003486,19.4,1.2,3.2,24.2,9.9,38.2,216,39,63,469,9,2712,246,Desktop,India
USR003487,10.2,0.1,3.1,50.2,3.3,31.4,151,35,83,405,78,107,88,Desktop,Japan
USR003488,62.2,10.7,3.7,4.1,20.7,71.0,313,37,12,399,97,472,250,Mobile,UK
USR003489,146.8,3.5,4.0,18.5,6.0,96.8,226,0,43,245,90,1505,13,Mobile,Germany
USR003490,145.7,2.0,2.0,142.0,5.0,37.6,155,39,16,309,37,195,32,Mobile,UK
USR003491,10.8,2.2,1.1,1.9,9.1,57.4,8,40,37,270,58,426,364,Tablet,USA
USR003492,4.8,2.2,9.3,279.8,6.0,68.0,265,46,99,378,23,1201,183,Mobile,Japan
USR003493,1.0,3.8,2.6,10.0,2.1,98.3,106,26,37,201,96,612,72,Mobile,Brazil
USR003494,50.9,0.7,22.2,44.4,1.2,92.6,207,29,95,33,20,876,247,Desktop,USA
USR003495,57.4,4.1,14.0,3.2,1.2,22.9,27,40,97,459,23,3226,8,Mobile,UK
USR003496,15.5,12.8,2.2,60.0,34.6,67.2,74,24,23,75,62,669,225,Mobile,Germany
USR003497,89.6,5.9,2.0,2.9,0.8,34.6,416,12,92,237,42,869,235,Mobile,Japan
USR003498,139.3,0.7,1.6,53.9,3.8,98.1,82,15,6,437,40,138,157,Desktop,UK
USR003499,4.6,8.0,4.2,36.7,19.4,24.3,79,41,63,20,18,1898,268,Desktop,Brazil
USR003500,12.3,5.8,13.5,154.8,36.1,63.6,71,47,7,19,39,1889,71,Mobile,Japan
USR003501,120.8,3.2,1.0,23.6,10.9,29.6,277,18,63,70,43,2071,77,Tablet,Australia
USR003502,51.4,4.8,22.1,10.9,60.5,76.7,61,21,76,403,87,1751,292,Mobile,Germany
USR003503,25.5,0.4,8.8,8.0,11.8,97.0,83,1,25,179,96,3418,303,Mobile,Japan
USR003504,117.6,0.4,2.1,38.1,2.1,50.7,34,14,47,309,38,2377,233,Mobile,Australia
USR003505,10.5,9.7,6.9,127.5,9.0,79.0,162,32,5,296,36,2347,245,Mobile,India
USR003506,86.1,2.3,9.3,62.2,8.2,99.4,296,0,50,346,20,1514,319,Mobile,Germany
USR003507,41.1,1.1,0.7,27.9,12.0,77.2,175,44,26,299,26,1593,139,Mobile,Japan
USR003508,77.6,2.4,4.9,29.9,5.0,74.2,612,46,47,359,53,684,53,Mobile,USA
USR003509,51.2,0.2,7.2,41.5,11.1,35.6,83,25,64,312,57,1930,69,Desktop,UK
USR003510,111.9,2.2,9.3,29.7,8.3,93.8,16,35,19,410,54,773,44,Mobile,UK
USR003511,48.4,0.1,8.4,31.1,4.5,36.7,21,28,19,472,79,891,349,Tablet,India
USR003512,5.6,14.8,3.4,39.8,1.2,45.4,381,15,35,382,85,1956,320,Mobile,Japan
USR003513,53.4,0.1,1.1,71.6,6.2,21.8,73,11,61,216,96,2370,77,Mobile,Germany
USR003514,6.9,7.2,1.8,137.8,5.3,66.5,0,15,77,335,1,86,251,Desktop,Germany
USR003515,193.8,4.7,12.6,41.4,5.1,43.3,67,47,62,314,61,1072,214,Mobile,Japan
USR003516,150.6,0.9,1.8,11.7,5.7,24.1,175,42,67,324,24,2464,47,Mobile,Germany
USR003517,57.3,2.3,8.0,40.4,12.7,74.7,864,35,83,193,22,2252,362,Desktop,USA
USR003518,15.6,9.2,1.5,55.9,28.7,84.0,69,0,39,376,30,1855,98,Mobile,UK
USR003519,90.7,1.4,7.0,74.0,5.4,26.6,186,13,43,282,84,2662,193,Desktop,Japan
USR003520,78.5,7.3,14.8,38.8,7.7,94.2,238,3,20,433,16,1444,87,Mobile,Brazil
USR003521,36.3,0.1,15.9,68.7,17.9,70.3,66,1,35,412,45,44,361,Mobile,India
USR003522,59.2,1.1,3.6,11.9,6.5,70.5,152,47,38,243,2,3527,183,Tablet,Brazil
USR003523,6.7,0.4,1.7,142.5,4.1,74.4,442,23,5,369,29,2893,39,Mobile,India
USR003524,54.3,11.3,5.8,14.4,1.0,71.4,169,12,31,58,63,3250,217,Mobile,Australia
USR003525,16.0,2.5,7.0,66.8,15.0,75.9,255,38,46,121,89,636,36,Desktop,Australia
USR003526,116.1,1.3,2.7,42.3,10.9,23.6,60,25,77,468,65,381,54,Tablet,Australia
USR003527,172.7,2.0,17.8,33.1,16.5,31.5,160,0,19,18,73,1648,364,Mobile,India
USR003528,23.6,6.0,5.6,80.6,11.1,89.0,23,5,54,21,28,1827,166,Desktop,Japan
USR003529,54.1,1.0,5.5,0.1,2.4,70.5,300,7,16,158,62,1055,270,Desktop,Germany
USR003530,19.9,3.3,5.1,22.1,1.9,35.5,541,37,85,173,65,1694,364,Desktop,USA
USR003531,9.6,0.2,4.7,9.1,6.6,53.6,170,36,68,460,32,3635,256,Desktop,UK
USR003532,34.3,1.8,3.2,53.1,32.8,77.0,24,39,68,185,66,1251,279,Mobile,Australia
USR003533,10.6,4.9,2.3,60.5,7.3,57.0,12,32,95,413,35,783,32,Mobile,Germany
USR003534,29.0,10.8,3.4,7.9,13.3,87.2,102,10,67,267,58,2510,182,Desktop,USA
USR003535,1.0,6.5,1.0,3.0,4.3,77.5,488,45,55,488,28,2269,181,Mobile,India
USR003536,39.2,0.3,1.7,7.6,8.3,90.9,930,45,22,81,47,2227,48,Mobile,India
USR003537,59.7,3.8,4.9,19.0,4.4,98.8,484,11,74,8,93,1462,36,Desktop,Australia
USR003538,38.4,0.6,2.0,73.3,6.1,55.2,90,10,46,252,7,1497,314,Mobile,Japan
USR003539,90.2,28.4,5.1,83.4,17.8,53.0,473,49,44,344,18,1993,105,Tablet,Germany
USR003540,80.9,9.8,8.9,167.9,26.8,45.0,430,44,18,28,7,988,315,Tablet,Australia
USR003541,204.8,0.8,1.6,8.7,2.2,36.6,732,32,21,12,74,3455,206,Tablet,UK
USR003542,18.0,4.4,19.1,31.8,5.4,32.0,153,41,69,221,34,3129,151,Desktop,USA
USR003543,2.5,8.1,1.9,45.2,12.0,70.7,269,24,87,46,96,62,346,Tablet,Australia
USR003544,7.1,1.8,6.8,12.6,13.8,32.0,965,38,55,239,32,1005,233,Mobile,Australia
USR003545,33.7,0.5,4.4,4.3,10.2,39.2,189,46,83,322,97,3335,272,Mobile,India
USR003546,8.7,3.9,6.5,65.6,10.4,31.1,27,44,94,111,39,3531,111,Tablet,UK
USR003547,93.2,3.6,4.9,33.7,2.6,83.7,81,6,96,257,36,2835,329,Mobile,Japan
USR003548,73.0,20.2,4.3,69.1,1.9,43.8,124,5,28,242,37,1161,172,Mobile,Australia
USR003549,38.7,4.0,2.0,19.9,7.6,35.3,358,14,66,479,62,3070,90,Desktop,Brazil
USR003550,72.9,0.6,0.4,61.3,3.7,93.6,55,6,39,31,7,1232,169,Mobile,USA
USR003551,7.9,1.5,2.1,76.5,2.3,46.6,45,9,7,297,21,2644,30,Desktop,India
USR003552,26.7,18.1,6.1,134.4,26.4,96.7,41,21,84,368,22,1442,125,Tablet,Australia
USR003553,12.0,13.4,9.7,12.0,2.7,49.4,48,2,38,111,0,2438,353,Tablet,UK
USR003554,4.0,1.7,15.8,11.2,33.8,29.0,22,24,76,172,70,1807,75,Mobile,UK
USR003555,1.0,2.9,22.7,104.8,7.2,25.5,68,46,72,174,41,1667,102,Mobile,Japan
USR003556,125.7,2.5,6.1,48.5,22.5,54.5,347,43,91,421,69,2891,76,Mobile,Brazil
USR003557,47.8,3.0,1.3,93.0,21.0,87.6,446,42,12,240,42,423,83,Desktop,India
USR003558,17.0,4.8,10.7,110.6,1.3,61.6,46,39,86,477,14,676,7,Desktop,Japan
USR003559,33.2,1.1,18.6,23.7,16.2,89.1,417,47,58,201,43,412,254,Desktop,Australia
USR003560,196.6,0.2,1.8,2.0,3.9,64.2,109,38,11,261,40,2609,111,Mobile,USA
USR003561,85.7,13.4,9.9,181.1,5.1,45.0,274,13,59,204,79,1712,118,Mobile,USA
USR003562,4.6,2.1,15.8,4.7,4.8,58.4,179,47,44,356,29,2577,190,Mobile,India
USR003563,22.2,2.6,17.7,29.6,18.6,25.0,297,10,38,429,49,1542,192,Mobile,India
USR003564,117.4,0.2,0.0,42.5,12.9,52.6,55,33,94,165,32,3094,127,Tablet,Australia
USR003565,11.6,4.1,11.0,12.0,3.7,83.0,103,1,77,383,40,3493,250,Tablet,Brazil
USR003566,112.0,2.2,4.0,32.0,11.0,79.6,134,8,83,253,31,467,362,Mobile,UK
USR003567,26.9,1.1,7.1,12.8,19.7,77.4,247,30,24,83,63,2423,22,Mobile,UK
USR003568,10.0,6.4,1.7,35.3,8.3,50.1,183,43,92,35,90,891,270,Tablet,Brazil
USR003569,72.9,7.6,2.2,239.3,3.1,53.6,181,19,77,52,67,1266,10,Desktop,India
USR003570,24.5,0.6,6.5,82.6,2.8,95.0,168,45,10,189,92,2129,255,Mobile,Germany
USR003571,89.8,6.8,17.7,25.7,24.4,38.2,45,29,62,45,97,3188,247,Desktop,UK
USR003572,76.6,19.6,0.2,208.6,10.1,29.9,83,13,8,153,19,893,114,Mobile,Germany
USR003573,38.1,10.2,4.8,32.6,2.5,37.9,698,40,20,140,86,2576,15,Mobile,Japan
USR003574,53.4,8.9,4.8,31.9,5.5,43.6,210,26,2,178,85,228,148,Mobile,USA
USR003575,53.7,1.7,11.8,28.2,18.5,45.3,2,37,34,396,96,2297,314,Tablet,Germany
USR003576,194.5,5.0,0.8,21.8,30.0,62.4,308,32,9,388,32,1237,44,Mobile,USA
USR003577,81.9,0.6,11.6,159.5,18.9,63.2,35,29,60,231,8,2801,128,Tablet,Australia
USR003578,28.4,5.1,3.9,31.9,6.6,53.8,28,26,73,280,60,1164,210,Desktop,USA
USR003579,51.3,7.1,1.1,54.4,4.4,61.3,173,21,22,430,54,1734,288,Mobile,Germany
USR003580,18.3,3.2,7.6,26.2,2.7,76.2,55,21,12,370,97,1881,107,Mobile,Japan
USR003581,59.2,6.7,7.5,59.9,28.8,70.1,40,26,74,259,28,3434,61,Mobile,USA
USR003582,32.9,11.7,1.0,81.4,1.6,56.5,190,35,35,251,35,2220,217,Desktop,India
USR003583,7.2,3.3,0.4,177.8,26.0,23.7,319,17,70,384,45,1969,125,Mobile,Australia
USR003584,68.0,0.4,10.1,25.5,24.4,67.9,19,11,40,317,13,3588,212,Mobile,USA
USR003585,8.7,9.6,1.1,6.9,4.6,78.1,210,33,16,271,38,1476,103,Mobile,Germany
USR003586,6.1,8.7,5.7,30.6,3.7,96.5,168,13,98,121,38,3232,142,Desktop,India
USR003587,24.1,3.6,1.5,86.2,23.7,90.9,5,42,16,291,92,2219,151,Mobile,USA
USR003588,26.0,6.6,4.5,0.6,2.2,46.1,539,24,8,485,44,535,160,Mobile,India
USR003589,29.9,7.5,18.7,47.9,0.0,71.3,62,42,18,33,9,849,317,Tablet,Germany
USR003590,19.2,1.3,0.6,20.2,25.8,28.5,297,8,43,414,21,182,202,Mobile,Brazil
USR003591,107.9,20.6,5.6,45.2,5.8,49.5,96,45,77,254,0,1330,154,Mobile,USA
USR003592,3.9,8.8,12.5,68.4,24.7,45.2,283,18,38,240,81,608,364,Mobile,Brazil
USR003593,184.7,2.3,5.4,17.0,18.0,69.8,145,11,33,301,62,2327,254,Mobile,Germany
USR003594,101.5,1.7,3.7,16.5,11.6,96.8,130,41,21,11,33,170,200,Mobile,Japan
USR003595,5.8,2.5,2.0,28.2,4.6,38.4,69,23,88,269,74,1288,230,Tablet,UK
USR003596,34.0,3.0,4.9,43.9,6.8,66.1,5,15,30,12,61,2047,105,Mobile,Japan
USR003597,76.8,1.4,1.8,34.2,2.8,99.3,21,27,27,367,78,3114,351,Tablet,Germany
USR003598,60.9,1.3,7.1,88.9,9.2,31.9,212,21,13,160,81,73,205,Mobile,USA
USR003599,171.0,8.3,7.4,47.3,3.2,83.8,269,2,66,467,71,1316,118,Mobile,Australia
USR003600,2.5,8.6,2.4,147.1,21.6,27.7,337,49,84,391,21,1531,87,Mobile,Germany
USR003601,17.5,18.6,4.6,24.3,64.1,28.2,262,37,58,240,95,236,81,Mobile,USA
USR003602,1.0,2.3,6.9,84.1,4.4,35.2,350,9,13,370,79,2953,116,Desktop,Australia
USR003603,25.3,11.0,29.8,11.7,6.7,73.1,147,37,21,73,7,469,336,Mobile,Japan
USR003604,129.0,0.3,8.5,183.7,6.4,42.7,252,11,97,386,83,3623,323,Mobile,Germany
USR003605,39.1,7.1,2.7,15.1,10.1,96.5,112,2,10,447,19,2983,280,Tablet,USA
USR003606,62.5,2.3,4.4,5.1,6.6,96.5,183,41,48,361,21,2674,247,Mobile,USA
USR003607,8.3,0.3,23.3,28.1,1.5,28.4,612,24,84,250,1,1090,80,Mobile,USA
USR003608,112.1,1.5,7.8,15.9,3.2,54.0,56,33,73,80,77,1033,176,Mobile,Australia
USR003609,88.9,1.6,2.2,18.9,0.4,83.0,1,32,22,242,9,666,110,Tablet,Brazil
USR003610,21.8,21.4,12.7,28.5,7.4,89.2,567,45,28,77,31,1152,216,Desktop,Brazil
USR003611,20.4,0.9,10.3,32.0,5.9,43.7,65,49,51,281,92,2452,119,Desktop,Japan
USR003612,40.1,3.6,2.1,72.9,3.1,96.0,179,43,23,242,16,2767,196,Tablet,Japan
USR003613,13.7,7.8,0.9,71.4,6.6,87.1,0,7,84,262,63,2184,9,Mobile,Australia
USR003614,28.7,10.9,15.9,18.2,4.3,54.5,275,36,79,340,94,658,206,Mobile,Germany
USR003615,27.5,2.0,0.8,18.3,17.7,63.9,178,19,83,294,40,2590,32,Mobile,Brazil
USR003616,120.1,13.6,3.3,70.7,5.4,37.8,478,29,84,496,38,652,15,Mobile,Australia
USR003617,150.2,3.7,2.8,42.1,1.4,59.4,231,34,21,449,85,3183,132,Tablet,Japan
USR003618,95.6,1.1,9.8,90.1,0.7,31.7,38,41,25,282,95,2140,326,Mobile,UK
USR003619,6.7,11.3,1.9,67.6,34.5,66.5,209,39,41,210,95,1148,217,Mobile,Brazil
USR003620,57.2,9.3,13.0,10.0,10.4,96.5,140,5,67,19,23,3307,324,Mobile,UK
USR003621,23.7,4.2,14.5,126.8,13.5,39.3,8,44,55,197,5,1151,57,Mobile,UK
USR003622,6.6,3.9,1.2,126.2,37.6,22.0,256,42,45,191,47,1104,146,Mobile,India
USR003623,223.6,6.0,14.1,14.2,25.1,97.7,66,9,93,78,16,2580,82,Mobile,Japan
USR003624,117.6,6.6,1.1,19.7,2.0,77.6,119,12,39,92,72,1181,318,Mobile,USA
USR003625,101.0,3.1,0.0,16.8,5.8,36.1,12,19,8,183,96,3520,46,Mobile,USA
USR003626,19.3,11.9,4.6,68.6,15.5,33.4,7,37,19,333,52,332,36,Mobile,USA
USR003627,199.3,4.2,8.9,90.6,6.0,52.0,488,2,0,282,49,1399,272,Desktop,Brazil
USR003628,25.8,6.4,33.4,50.3,2.8,81.0,101,7,70,76,70,3583,252,Mobile,India
USR003629,84.3,3.9,2.4,8.5,22.6,75.7,183,34,47,153,4,2168,47,Mobile,India
USR003630,171.8,0.1,0.9,14.1,9.2,47.2,47,41,75,194,34,3004,339,Desktop,Australia
USR003631,83.4,3.1,6.3,36.8,18.6,63.6,246,7,1,264,30,153,265,Desktop,USA
USR003632,58.7,1.3,17.6,26.4,3.5,68.7,493,31,29,103,96,1400,246,Mobile,USA
USR003633,24.3,2.4,1.7,120.0,13.6,80.3,94,40,76,396,8,2607,166,Mobile,Japan
USR003634,109.7,3.9,1.7,25.9,3.9,86.7,68,13,14,41,5,2306,179,Tablet,UK
USR003635,6.7,2.8,2.4,22.9,7.5,47.6,436,22,78,460,38,1420,351,Mobile,UK
USR003636,13.4,3.8,6.6,107.9,1.6,35.6,181,48,63,111,39,2220,281,Mobile,UK
USR003637,233.8,4.2,0.6,4.9,36.3,61.0,232,27,93,206,83,3110,349,Mobile,India
USR003638,115.8,2.3,10.6,22.7,16.4,94.0,108,29,85,277,60,2466,213,Desktop,Japan
USR003639,85.8,0.5,6.8,2.3,4.7,70.6,268,18,50,158,52,1768,273,Mobile,Germany
USR003640,75.9,4.7,4.8,79.0,17.4,23.1,79,8,67,446,24,696,221,Mobile,Japan
USR003641,75.9,11.0,8.0,70.4,8.4,41.8,359,0,19,152,67,3648,350,Desktop,Australia
USR003642,65.3,2.7,11.2,185.3,2.1,83.7,28,30,27,440,25,2577,45,Mobile,Brazil
USR003643,18.5,3.9,4.0,15.7,14.0,31.7,78,19,34,303,36,2295,210,Mobile,Japan
USR003644,164.7,3.8,3.8,29.8,5.1,53.3,88,30,74,328,17,2082,239,Mobile,UK
USR003645,60.3,1.4,5.5,44.3,2.7,57.7,117,17,71,5,79,2108,220,Mobile,Japan
USR003646,4.9,0.2,3.1,39.5,3.8,34.3,623,31,77,483,62,1015,17,Mobile,Brazil
USR003647,111.1,1.3,7.9,1.2,10.8,60.6,86,40,31,271,27,2573,34,Mobile,Brazil
USR003648,91.8,3.6,3.6,6.7,9.7,32.7,3,5,46,218,80,181,261,Mobile,Australia
USR003649,52.4,12.8,0.5,132.3,8.4,33.1,6,8,68,179,93,3264,55,Mobile,Germany
USR003650,38.3,4.7,1.4,41.0,60.7,32.0,57,46,33,14,2,1557,361,Mobile,Australia
USR003651,47.8,9.1,3.2,30.6,12.1,40.7,124,4,57,423,82,1536,331,Mobile,Australia
USR003652,10.3,0.1,16.7,14.1,1.2,97.9,92,9,2,91,88,2491,362,Mobile,India
USR003653,99.9,0.9,0.6,15.1,2.4,29.1,450,31,58,14,79,2285,27,Mobile,India
USR003654,16.4,5.2,17.3,6.0,9.6,38.2,143,10,89,438,40,2176,28,Mobile,Japan
USR003655,100.6,0.9,8.7,75.4,0.5,33.5,976,28,8,366,3,3618,293,Mobile,Germany
USR003656,120.1,1.2,1.1,17.4,7.3,75.0,9,13,1,451,60,3462,346,Mobile,Japan
USR003657,4.4,7.6,2.3,8.8,0.7,57.9,146,32,14,450,46,81,69,Mobile,Brazil
USR003658,188.1,8.1,7.2,9.3,1.3,53.7,56,20,64,219,52,3566,160,Mobile,India
USR003659,351.5,28.4,2.3,43.2,7.4,67.3,256,43,43,164,0,2849,231,Mobile,Japan
USR003660,82.5,3.9,3.0,153.4,9.0,76.2,120,12,24,166,54,1543,282,Mobile,India
USR003661,26.8,0.9,1.6,125.7,7.1,47.1,221,21,41,337,3,268,28,Mobile,Brazil
USR003662,182.5,16.9,0.9,54.9,9.2,53.5,92,14,53,123,76,469,256,Tablet,Japan
USR003663,18.4,5.6,1.2,48.9,14.3,64.9,462,5,38,46,27,1780,120,Mobile,UK
USR003664,10.1,7.8,2.8,36.6,15.4,76.5,147,4,46,174,35,3122,80,Mobile,Brazil
USR003665,194.8,1.2,3.5,70.9,1.9,53.1,159,1,89,175,58,1237,246,Mobile,Brazil
USR003666,15.2,6.9,6.3,15.2,11.3,53.0,717,7,49,361,99,2220,120,Mobile,Germany
USR003667,1.0,3.8,7.8,114.2,5.9,70.9,315,4,63,130,5,255,272,Mobile,Germany
USR003668,5.4,9.9,2.2,93.2,14.7,69.4,308,39,8,17,57,2429,349,Tablet,India
USR003669,61.4,3.6,2.0,9.4,1.7,79.3,202,8,52,291,49,798,135,Mobile,USA
USR003670,71.8,1.6,4.0,119.2,5.7,31.6,58,7,55,80,6,3540,103,Mobile,Germany
USR003671,64.9,0.6,1.8,101.6,30.7,29.9,55,48,87,412,15,1051,78,Tablet,Germany
USR003672,6.9,2.9,1.7,7.0,4.7,77.8,19,18,30,448,3,2195,41,Mobile,Germany
USR003673,27.7,1.3,10.9,79.7,5.5,29.3,197,22,3,380,35,3145,206,Mobile,Japan
USR003674,5.5,0.3,10.1,50.8,21.0,99.7,1,7,38,189,94,3133,272,Desktop,India
USR003675,70.2,4.3,4.1,33.7,0.2,47.7,152,37,89,373,14,1139,15,Mobile,Brazil
USR003676,44.2,1.3,2.2,27.3,11.4,22.8,281,12,86,461,3,752,351,Mobile,UK
USR003677,71.7,2.0,15.1,39.1,10.2,32.9,360,1,46,111,31,1443,327,Mobile,Australia
USR003678,6.0,3.7,0.0,25.9,1.9,83.3,8,32,46,362,18,3255,334,Mobile,UK
USR003679,74.2,11.6,7.5,11.9,12.1,99.3,186,30,65,426,23,656,332,Mobile,Brazil
USR003680,3.5,0.6,1.9,45.1,1.6,33.5,19,23,32,6,54,631,264,Tablet,Australia
USR003681,52.7,13.7,15.0,17.5,25.7,92.7,26,28,3,76,96,1476,283,Desktop,Brazil
USR003682,113.5,0.8,6.0,20.2,20.1,40.1,213,1,64,2,3,2320,290,Mobile,USA
USR003683,3.8,1.3,11.8,0.8,32.1,26.5,397,42,87,13,75,3581,331,Mobile,UK
USR003684,95.1,0.1,1.1,20.5,18.2,41.0,66,23,78,142,97,3363,347,Mobile,USA
USR003685,5.6,2.1,4.5,11.4,12.2,63.2,282,46,66,400,68,1280,334,Desktop,USA
USR003686,26.0,8.4,27.2,52.3,3.8,36.6,24,33,99,292,22,1659,329,Mobile,USA
USR003687,49.6,6.7,7.6,15.5,3.9,95.2,7,16,70,463,75,3227,216,Mobile,Japan
USR003688,31.9,11.0,3.2,39.6,0.5,81.9,199,17,43,493,31,2382,257,Desktop,Brazil
USR003689,5.0,8.8,9.0,34.7,7.4,50.1,32,16,66,64,23,2921,314,Mobile,USA
USR003690,10.1,0.5,7.7,39.1,4.2,60.2,0,12,91,194,85,490,3,Desktop,UK
USR003691,64.3,4.1,0.9,194.4,0.1,72.8,269,23,76,222,43,3473,98,Mobile,Australia
USR003692,30.0,1.2,23.5,180.0,4.9,73.4,71,44,15,402,80,3394,320,Mobile,USA
USR003693,13.0,0.1,5.5,11.7,0.9,21.6,747,34,32,58,92,512,292,Mobile,India
USR003694,79.1,0.3,23.4,10.8,2.9,88.5,533,22,78,69,50,1859,109,Mobile,UK
USR003695,5.2,12.9,6.0,164.9,1.5,42.9,107,9,92,32,90,3438,235,Mobile,UK
USR003696,104.0,16.7,12.2,11.0,7.4,48.1,209,35,26,205,13,2422,251,Mobile,India
USR003697,36.6,0.4,3.5,26.9,7.2,68.1,20,48,26,77,96,1951,198,Mobile,Australia
USR003698,47.4,1.4,15.9,63.9,15.7,45.5,92,41,59,395,59,1351,192,Mobile,Germany
USR003699,46.2,1.8,5.9,0.1,0.8,85.3,31,11,78,387,29,2644,309,Mobile,India
USR003700,45.7,5.4,12.0,3.5,0.3,77.5,17,10,37,497,25,1810,54,Mobile,Japan
USR003701,22.9,0.6,4.9,12.4,14.2,32.1,36,30,19,253,90,2469,51,Tablet,Brazil
USR003702,21.3,0.6,0.2,81.6,1.3,45.4,53,33,90,222,27,3264,227,Mobile,Australia
USR003703,69.1,2.0,3.4,121.1,10.7,84.0,450,12,49,476,8,456,24,Desktop,Australia
USR003704,69.7,1.6,9.2,20.4,1.9,64.4,124,16,41,486,91,1532,157,Mobile,India
USR003705,109.3,0.3,10.2,45.0,5.0,97.3,847,39,15,85,22,1922,325,Mobile,Germany
USR003706,61.4,0.1,6.4,99.4,7.8,48.9,616,3,11,102,65,1229,321,Mobile,Australia
USR003707,11.4,5.9,1.8,147.1,9.0,57.2,235,38,27,221,25,1591,221,Mobile,Japan
USR003708,48.6,3.4,6.6,108.8,1.6,30.9,116,28,1,170,96,134,226,Desktop,Germany
USR003709,160.7,3.8,6.4,1.7,0.7,75.7,581,25,25,125,34,1817,257,Desktop,Australia
USR003710,138.4,2.7,0.7,9.6,11.5,56.1,124,18,23,121,49,849,335,Mobile,Germany
USR003711,47.2,2.4,3.0,93.2,12.6,50.7,17,26,69,246,8,2798,79,Mobile,India
USR003712,64.3,5.1,2.6,43.5,15.4,25.8,347,39,62,412,0,3603,306,Mobile,Australia
USR003713,1.0,3.4,4.8,110.7,3.5,52.3,574,46,54,290,69,2378,20,Tablet,India
USR003714,84.8,7.9,16.4,42.2,0.2,87.2,178,43,63,412,32,104,202,Mobile,Australia
USR003715,35.2,0.3,4.9,122.3,5.9,33.7,608,3,23,173,82,2188,320,Mobile,Japan
USR003716,51.8,6.7,34.9,75.6,23.3,89.9,1418,3,82,338,57,2315,323,Mobile,Germany
USR003717,111.7,3.8,2.4,31.5,1.6,70.8,69,25,62,497,33,1785,239,Mobile,USA
USR003718,257.0,2.5,1.0,3.3,4.2,39.5,177,26,72,493,79,1446,180,Mobile,UK
USR003719,97.4,1.4,4.6,13.7,21.0,89.0,48,10,35,283,70,1987,222,Tablet,Germany
USR003720,1.0,0.5,3.4,17.2,21.8,78.5,166,38,13,366,84,33,28,Mobile,Germany
USR003721,16.3,3.8,13.5,15.7,2.2,55.2,237,31,53,196,24,3420,322,Mobile,Australia
USR003722,43.6,0.3,13.5,2.9,4.3,44.7,20,32,71,209,1,2870,248,Desktop,Brazil
USR003723,253.9,3.1,19.7,1.3,12.6,75.1,176,36,18,336,56,2743,122,Desktop,India
USR003724,87.1,1.1,4.9,75.9,0.4,89.3,266,27,41,88,45,2319,164,Mobile,Australia
USR003725,42.0,2.9,8.4,171.7,3.7,62.7,317,46,78,175,37,991,104,Mobile,USA
USR003726,111.1,3.4,1.5,69.6,8.0,80.3,211,6,9,422,6,228,110,Mobile,Japan
USR003727,28.1,0.4,6.7,36.1,9.7,36.6,50,47,69,294,41,2386,83,Mobile,UK
USR003728,27.1,0.2,4.4,1.7,8.6,42.9,686,39,61,161,94,906,223,Mobile,UK
USR003729,18.7,2.4,6.2,34.6,55.9,21.2,555,27,12,436,67,1569,362,Mobile,USA
USR003730,57.5,1.7,6.5,15.9,2.4,57.8,100,3,25,82,65,2664,2,Mobile,Germany
USR003731,109.9,2.7,9.8,24.2,2.4,22.4,408,5,80,300,4,1469,219,Desktop,India
USR003732,2.7,10.1,1.3,41.4,0.2,77.6,26,18,83,92,18,658,351,Mobile,Germany
USR003733,176.1,8.6,4.0,87.0,6.2,87.3,356,42,18,54,64,1257,15,Desktop,Brazil
USR003734,44.1,0.9,14.8,41.9,17.5,52.8,255,45,82,410,5,1698,280,Desktop,Germany
USR003735,103.4,12.4,5.8,14.7,8.4,95.1,69,7,14,177,32,3649,191,Desktop,UK
USR003736,26.0,5.9,5.6,3.7,13.4,36.7,612,15,58,340,20,325,90,Desktop,Australia
USR003737,70.9,9.8,1.3,85.5,0.3,58.0,364,34,99,406,70,705,8,Desktop,Japan
USR003738,113.2,3.4,5.3,2.8,7.5,21.4,37,18,16,97,43,1196,192,Mobile,Germany
USR003739,134.4,1.6,3.8,28.8,18.1,26.8,180,20,94,339,72,1484,131,Mobile,UK
USR003740,1.8,1.1,0.5,32.1,5.3,29.8,424,12,45,359,64,2533,5,Mobile,UK
USR003741,374.7,2.2,8.9,58.5,15.5,83.1,115,5,97,286,37,470,44,Mobile,Japan
USR003742,73.1,1.7,7.5,98.1,7.8,71.3,138,47,64,65,52,1413,332,Desktop,India
USR003743,124.5,5.9,4.9,91.7,9.3,86.2,176,4,44,383,70,3003,221,Tablet,Brazil
USR003744,143.1,8.5,2.4,0.6,4.9,89.1,336,38,16,95,71,718,268,Mobile,Japan
USR003745,127.1,5.6,11.4,67.1,1.7,83.3,89,47,95,213,71,135,222,Mobile,Japan
USR003746,35.9,1.0,0.3,26.3,9.3,50.2,21,22,97,368,67,1447,40,Mobile,Germany
USR003747,3.6,0.8,1.2,27.7,4.8,60.5,30,38,42,192,10,3255,97,Desktop,Brazil
USR003748,4.2,11.8,21.6,237.5,6.5,79.6,56,7,8,330,11,36,125,Mobile,UK
USR003749,40.5,1.1,1.3,61.3,28.2,69.2,23,47,39,320,55,2472,99,Tablet,USA
USR003750,56.4,12.2,0.1,16.3,29.0,93.1,20,41,28,43,97,2016,142,Mobile,Japan
USR003751,40.9,9.4,4.3,65.1,5.3,50.1,61,39,30,115,3,1662,98,Mobile,UK
USR003752,44.0,3.9,1.1,10.3,1.3,94.6,95,48,92,415,92,221,63,Mobile,UK
USR003753,5.1,6.6,2.4,5.0,6.7,65.5,11,25,26,319,88,2630,34,Mobile,Germany
USR003754,86.1,2.0,4.3,20.6,0.5,47.0,4,25,69,235,15,1818,158,Desktop,USA
USR003755,19.6,1.2,4.6,185.0,10.7,68.7,158,22,83,398,65,997,81,Mobile,Japan
USR003756,78.6,9.8,0.7,36.6,8.7,45.5,241,5,93,411,58,3035,177,Mobile,India
USR003757,47.7,0.8,20.3,100.8,5.1,93.0,158,15,42,318,64,3054,256,Mobile,UK
USR003758,105.7,3.9,28.2,80.5,9.6,57.0,201,16,84,343,60,2958,80,Mobile,Germany
USR003759,9.9,2.1,2.7,38.1,10.1,33.3,401,33,46,149,85,3274,156,Desktop,UK
USR003760,61.9,4.8,1.2,15.1,25.9,95.9,112,3,62,213,93,2713,329,Mobile,UK
USR003761,63.3,0.9,1.9,42.4,12.6,37.1,57,26,61,213,29,3472,328,Tablet,UK
USR003762,115.4,1.6,14.7,35.2,4.0,32.0,218,9,87,306,53,1843,293,Desktop,UK
USR003763,116.5,1.7,2.5,52.0,4.9,29.0,491,7,8,270,41,2439,217,Mobile,USA
USR003764,31.6,2.1,0.8,32.4,13.3,66.3,506,8,11,411,91,645,71,Tablet,India
USR003765,69.3,0.5,0.5,46.3,22.6,25.6,252,12,70,101,14,2208,307,Tablet,Australia
USR003766,107.9,3.4,0.8,48.9,10.2,67.3,156,23,34,173,75,1703,345,Mobile,USA
USR003767,16.9,1.7,8.8,47.7,2.9,77.4,55,34,30,106,64,1065,180,Mobile,India
USR003768,43.0,0.3,6.1,56.0,2.4,44.2,153,39,99,105,32,451,306,Mobile,Germany
USR003769,34.5,4.4,5.6,14.9,37.9,79.0,255,6,91,346,69,605,290,Mobile,India
USR003770,1.0,9.7,8.2,74.4,4.1,74.8,486,6,6,132,37,403,43,Mobile,Germany
USR003771,6.2,9.3,1.2,18.7,22.8,73.2,1071,34,14,492,79,3022,4,Desktop,Japan
USR003772,41.1,0.4,3.5,57.5,3.9,48.5,100,30,38,148,60,1384,327,Desktop,UK
USR003773,44.5,5.5,3.4,87.9,5.1,99.1,230,48,62,0,94,1819,287,Mobile,USA
USR003774,25.1,1.0,0.9,173.9,16.6,43.4,51,21,36,404,53,1916,167,Mobile,Australia
USR003775,95.5,0.3,1.9,1.8,4.8,23.3,481,42,76,173,98,555,191,Tablet,Australia
USR003776,6.8,5.9,1.6,11.0,7.5,37.3,163,1,38,420,40,597,345,Desktop,UK
USR003777,110.7,3.2,16.2,42.0,3.6,81.0,72,21,57,390,19,1764,258,Mobile,Germany
USR003778,76.9,6.8,1.3,6.9,3.9,24.2,1275,6,75,415,70,885,169,Desktop,India
USR003779,71.6,0.7,2.3,117.2,1.3,20.5,398,47,50,120,58,1719,342,Desktop,Australia
USR003780,59.8,16.5,2.7,37.5,6.2,31.3,108,8,87,367,29,3523,318,Mobile,USA
USR003781,11.3,0.9,9.1,28.2,9.2,49.1,41,40,31,336,50,3400,270,Mobile,UK
USR003782,64.9,6.5,11.3,35.0,22.7,52.7,68,31,80,120,14,1426,167,Desktop,Germany
USR003783,23.3,2.4,4.5,56.2,5.4,72.2,310,40,43,24,46,1934,93,Mobile,Japan
USR003784,64.0,2.2,0.2,71.7,7.7,99.6,155,11,69,126,49,3340,352,Mobile,Japan
USR003785,11.9,3.3,3.6,23.9,12.7,31.2,255,49,75,106,30,2412,346,Desktop,Brazil
USR003786,44.7,11.7,5.8,14.1,3.5,85.6,36,15,76,439,35,588,232,Desktop,India
USR003787,59.6,0.5,5.1,13.8,15.2,48.7,62,24,2,406,77,3522,280,Mobile,Germany
USR003788,40.4,4.3,8.2,5.2,7.8,80.2,145,1,24,65,23,2994,14,Mobile,Germany
USR003789,21.5,1.9,1.8,63.1,1.7,93.8,27,20,53,358,3,3142,232,Tablet,Australia
USR003790,48.9,2.7,9.9,11.9,4.9,21.8,567,46,30,390,23,2569,132,Mobile,UK
USR003791,86.4,0.7,3.7,22.5,13.6,36.1,387,10,94,119,91,1198,267,Mobile,Brazil
USR003792,78.3,3.0,18.3,27.1,1.5,54.3,347,12,11,403,64,465,41,Mobile,Australia
USR003793,71.3,1.5,1.3,50.1,3.3,53.7,369,10,64,331,30,768,273,Mobile,Brazil
USR003794,16.9,6.0,10.5,130.5,24.6,33.4,678,15,82,325,44,216,106,Desktop,UK
USR003795,58.5,8.6,0.5,103.4,8.2,94.0,287,11,21,221,82,1530,26,Desktop,USA
USR003796,33.2,4.8,13.4,57.0,40.8,70.5,162,14,76,388,29,877,163,Mobile,Australia
USR003797,64.5,0.2,1.6,21.4,3.0,20.6,154,47,68,477,76,449,303,Mobile,Brazil
USR003798,79.6,6.5,2.3,214.3,0.7,91.7,58,26,91,4,6,778,58,Mobile,Japan
USR003799,66.3,6.8,2.6,16.2,45.2,72.9,223,10,44,309,90,2782,32,Tablet,Germany
USR003800,36.4,5.2,9.2,80.3,22.8,93.3,37,12,31,329,19,3470,166,Desktop,India
USR003801,6.0,2.8,2.2,12.3,10.2,78.9,31,3,65,285,37,342,246,Desktop,Germany
USR003802,92.8,2.0,2.3,77.6,23.9,98.2,523,34,26,447,41,156,34,Mobile,UK
USR003803,52.1,11.4,0.3,199.5,12.2,92.4,208,29,47,24,12,278,216,Mobile,India
USR003804,39.2,11.5,2.9,58.6,3.3,98.1,360,39,31,117,22,2400,131,Mobile,Brazil
USR003805,138.3,2.9,0.6,5.2,5.3,53.4,175,20,76,337,25,2562,313,Tablet,India
USR003806,10.3,0.9,1.4,32.0,3.3,64.2,50,21,27,14,49,3198,91,Mobile,USA
USR003807,22.1,4.5,1.0,38.8,0.7,73.9,48,41,47,412,87,1962,306,Mobile,Japan
USR003808,23.7,4.7,0.2,0.4,19.4,35.8,377,34,52,132,59,2021,12,Desktop,USA
USR003809,40.9,0.6,5.1,16.9,29.9,29.6,196,45,99,336,43,2275,196,Mobile,Germany
USR003810,47.3,4.3,1.9,114.7,11.6,43.9,205,7,0,333,13,852,100,Mobile,Japan
USR003811,63.0,9.8,3.6,0.9,16.4,63.9,61,2,90,400,51,1356,79,Tablet,India
USR003812,38.5,4.0,14.3,36.7,61.8,88.1,1,13,33,309,12,3358,84,Mobile,Japan
USR003813,2.3,5.6,4.5,0.3,28.4,55.1,177,30,12,378,3,2427,180,Mobile,Germany
USR003814,1.2,20.8,0.5,14.5,7.6,57.8,101,27,96,16,69,3067,201,Mobile,Germany
USR003815,190.4,2.1,2.8,89.1,17.9,97.9,101,15,30,13,9,1902,226,Desktop,Australia
USR003816,94.6,6.4,7.9,30.9,6.6,47.4,88,6,90,259,89,780,357,Mobile,India
USR003817,41.2,1.6,1.1,74.7,9.4,24.3,31,47,39,381,0,372,359,Mobile,UK
USR003818,69.3,7.9,0.3,103.5,0.0,96.9,183,19,59,331,58,136,160,Desktop,UK
USR003819,95.7,10.2,20.4,12.7,10.4,23.8,480,33,10,92,64,1893,9,Mobile,Japan
USR003820,206.4,2.1,1.9,38.7,5.0,96.9,146,28,41,317,4,2923,107,Mobile,UK
USR003821,184.5,0.9,2.4,169.0,6.0,78.2,509,30,82,35,35,3174,25,Mobile,Japan
USR003822,33.6,1.9,0.3,60.9,5.4,54.4,281,38,45,399,27,1995,238,Mobile,Germany
USR003823,65.9,8.1,7.5,49.0,67.2,92.8,348,26,82,120,64,1628,31,Desktop,India
USR003824,120.5,1.3,0.8,1.5,2.1,70.4,211,18,36,426,25,2031,176,Mobile,Japan
USR003825,36.9,1.7,3.3,74.9,8.8,23.5,62,31,78,427,24,617,21,Desktop,Australia
USR003826,21.6,16.3,0.6,18.8,36.5,32.4,149,6,1,85,68,2448,103,Mobile,India
USR003827,250.2,1.0,0.1,31.2,17.7,94.8,155,39,82,63,13,444,320,Desktop,USA
USR003828,14.7,13.8,4.1,121.1,4.9,99.0,24,33,77,435,71,1586,174,Desktop,USA
USR003829,4.0,8.5,5.0,116.1,17.5,45.2,336,15,16,51,76,3065,5,Desktop,Australia
USR003830,28.4,5.0,8.7,86.6,11.0,92.1,121,19,73,334,51,3166,357,Tablet,USA
USR003831,16.4,2.5,13.5,38.2,2.7,48.9,46,23,66,21,63,405,265,Desktop,Brazil
USR003832,42.9,3.9,1.1,78.4,11.7,72.1,117,16,40,176,38,541,345,Mobile,Japan
USR003833,109.0,0.7,5.4,132.4,10.8,78.8,12,29,78,110,5,2415,160,Mobile,India
USR003834,68.1,0.9,8.9,135.2,9.9,54.5,85,36,17,22,85,128,110,Mobile,Australia
USR003835,142.1,18.0,5.1,5.9,33.1,58.9,104,9,9,346,27,778,33,Mobile,Brazil
USR003836,13.5,3.0,1.8,91.7,2.5,40.3,337,14,86,80,69,1735,298,Mobile,UK
USR003837,199.2,8.0,0.1,144.0,4.3,28.7,153,0,15,306,90,2561,42,Desktop,Germany
USR003838,9.3,0.2,1.2,1.6,19.3,99.7,26,34,45,358,71,2558,241,Mobile,UK
USR003839,1.0,0.5,5.7,79.8,0.5,98.4,141,40,38,33,49,2144,72,Mobile,Germany
USR003840,14.6,1.7,6.5,51.0,2.8,96.9,137,14,82,35,45,790,358,Mobile,Japan
USR003841,21.7,14.6,1.6,96.1,27.0,31.5,102,40,52,472,54,1553,82,Mobile,USA
USR003842,11.0,12.3,6.0,26.9,5.7,64.2,309,18,29,355,19,2685,263,Tablet,Germany
USR003843,23.2,4.9,1.4,90.4,8.7,92.4,121,25,47,406,52,1305,212,Desktop,USA
USR003844,20.1,6.2,2.9,111.2,18.5,71.4,179,41,58,192,27,1633,179,Mobile,Australia
USR003845,44.3,0.1,2.5,3.1,9.9,75.3,527,41,10,215,33,3448,239,Desktop,India
USR003846,137.4,5.5,11.3,203.6,0.7,55.3,508,39,19,234,0,565,115,Mobile,USA
USR003847,14.9,4.9,1.7,9.8,7.6,36.0,245,4,26,104,4,3030,47,Mobile,UK
USR003848,73.4,0.8,2.2,68.9,18.3,78.6,357,28,32,425,17,522,169,Mobile,Brazil
USR003849,1.0,7.0,18.4,59.7,50.0,59.6,153,29,76,173,44,1819,120,Mobile,Australia
USR003850,20.4,1.5,7.6,170.0,10.7,44.2,404,6,73,123,72,2399,311,Mobile,India
USR003851,133.9,0.3,5.1,140.9,9.8,69.8,32,41,83,270,54,3305,63,Mobile,India
USR003852,36.3,18.2,7.5,11.6,18.3,90.8,99,2,68,53,84,628,161,Desktop,UK
USR003853,54.0,3.9,5.4,152.9,0.6,97.3,107,34,21,485,69,932,228,Mobile,USA
USR003854,24.7,1.6,24.8,6.1,10.3,97.2,126,28,28,275,74,972,210,Mobile,Japan
USR003855,27.0,5.6,2.4,105.9,18.0,75.6,749,47,99,29,10,1239,224,Tablet,Japan
USR003856,93.9,2.1,0.1,8.0,3.0,85.2,111,26,35,34,24,568,315,Mobile,Germany
USR003857,64.3,3.9,14.7,50.7,2.5,99.9,315,35,93,72,98,1824,267,Desktop,Germany
USR003858,49.8,1.0,2.3,29.7,8.3,81.9,129,24,47,319,18,161,19,Mobile,UK
USR003859,4.6,3.2,2.7,186.2,0.8,96.5,152,37,97,427,82,2427,166,Mobile,USA
USR003860,45.3,0.1,9.0,36.1,1.4,49.7,9,42,20,265,52,930,311,Mobile,Brazil
USR003861,38.6,3.2,18.6,147.7,17.8,56.0,92,11,57,122,10,672,273,Mobile,India
USR003862,14.8,2.2,1.8,17.4,11.9,66.5,0,17,39,363,66,2115,273,Mobile,India
USR003863,19.3,0.7,9.3,70.8,3.2,60.1,311,30,49,374,42,2918,156,Mobile,USA
USR003864,58.5,3.9,1.5,2.9,1.7,27.3,3,15,12,3,28,556,292,Mobile,USA
USR003865,387.4,2.1,9.9,13.5,20.4,37.2,141,4,43,162,59,2197,17,Mobile,UK
USR003866,293.8,3.6,2.4,25.6,11.5,98.6,62,6,4,210,37,1963,346,Mobile,Australia
USR003867,12.0,3.6,5.4,157.8,3.1,55.9,163,36,12,76,94,578,161,Mobile,India
USR003868,24.6,1.0,4.5,36.5,8.0,42.8,105,48,85,469,25,1691,123,Mobile,Germany
USR003869,46.2,1.7,16.8,3.5,3.1,86.6,82,29,28,154,76,2276,157,Desktop,UK
USR003870,54.1,3.1,1.4,57.4,6.0,76.7,15,29,69,361,84,2928,326,Desktop,Australia
USR003871,15.4,9.4,2.2,6.6,19.5,86.5,120,35,77,204,97,879,110,Tablet,Japan
USR003872,1.5,4.5,11.7,87.4,21.3,39.5,79,2,76,402,72,2588,290,Tablet,USA
USR003873,265.8,1.4,4.2,10.5,13.8,48.4,541,34,27,171,86,3645,93,Desktop,USA
USR003874,77.0,5.3,1.0,104.8,24.9,66.3,73,45,97,368,38,1342,158,Mobile,USA
USR003875,24.6,5.9,9.6,99.4,8.3,72.9,190,44,17,210,42,2150,341,Desktop,Australia
USR003876,73.5,2.9,2.2,53.7,23.1,87.0,212,31,62,389,30,1345,295,Mobile,Germany
USR003877,59.4,8.1,8.8,49.1,37.5,52.2,57,4,70,158,68,1080,295,Mobile,USA
USR003878,251.7,6.5,0.4,1.0,19.8,79.8,44,4,29,429,92,1989,265,Mobile,Japan
USR003879,99.8,7.4,4.0,42.9,7.2,92.8,39,27,19,431,76,126,88,Mobile,UK
USR003880,25.5,6.0,28.2,43.9,3.5,46.9,132,44,90,58,65,2122,67,Mobile,UK
USR003881,24.7,18.6,21.6,0.0,6.8,46.2,57,34,82,75,79,1359,11,Desktop,USA
USR003882,231.5,9.0,1.0,25.0,11.0,58.9,39,41,41,491,37,2581,283,Desktop,Brazil
USR003883,21.4,2.9,10.3,31.3,2.4,25.6,75,19,7,78,37,1964,35,Mobile,Japan
USR003884,106.5,9.7,5.7,7.0,15.6,51.8,34,41,57,369,85,1947,160,Mobile,Brazil
USR003885,23.8,2.0,5.5,13.0,1.9,45.7,111,34,66,107,13,841,202,Mobile,Germany
USR003886,29.7,9.0,14.8,20.0,11.9,94.1,140,18,94,280,68,1841,195,Tablet,UK
USR003887,8.8,4.8,6.0,6.9,8.5,50.5,308,38,0,332,80,442,22,Desktop,Japan
USR003888,61.2,1.5,1.1,191.9,8.0,89.1,57,41,89,483,76,3304,231,Desktop,Brazil
USR003889,47.0,4.3,6.0,81.2,36.4,61.6,508,25,39,390,57,1638,40,Tablet,Australia
USR003890,116.8,1.7,3.0,22.9,11.4,89.7,53,39,12,6,87,88,0,Mobile,Germany
USR003891,124.6,6.1,8.2,0.7,4.8,62.2,406,37,26,167,48,1404,66,Mobile,Australia
USR003892,11.8,5.9,3.4,4.7,3.1,48.5,66,4,87,283,44,3133,4,Desktop,India
USR003893,18.3,0.6,11.9,28.0,0.3,45.1,10,21,47,478,78,2241,358,Tablet,Australia
USR003894,87.2,1.9,6.3,129.0,10.0,26.8,370,43,86,117,22,3125,179,Mobile,Japan
USR003895,30.0,4.8,6.3,20.1,13.4,95.0,202,30,0,124,71,3061,268,Desktop,Brazil
USR003896,14.1,3.1,9.4,6.7,17.6,48.4,4,49,23,255,58,1306,52,Mobile,Germany
USR003897,14.4,4.5,0.0,18.1,1.7,86.7,98,33,99,274,44,1114,326,Mobile,Australia
USR003898,38.3,19.4,4.0,12.5,3.8,59.1,173,22,29,339,39,2079,299,Desktop,Brazil
USR003899,5.2,10.7,0.9,52.8,3.6,48.1,84,24,24,327,11,2865,72,Mobile,Brazil
USR003900,69.1,31.3,18.3,67.3,12.0,38.6,176,33,94,444,66,162,26,Mobile,Germany
USR003901,176.4,1.9,3.5,13.8,7.8,25.8,107,0,50,394,60,2070,135,Mobile,Germany
USR003902,135.6,8.8,4.3,23.7,5.0,73.1,76,29,42,293,33,2629,158,Mobile,USA
USR003903,63.8,2.6,4.2,25.1,11.2,57.0,104,6,12,320,18,673,247,Tablet,USA
USR003904,24.3,6.2,12.5,146.8,21.0,74.2,364,18,10,210,48,1166,27,Mobile,UK
USR003905,2.0,13.5,1.7,9.2,4.3,49.4,854,4,15,469,32,467,16,Mobile,UK
USR003906,102.4,7.1,5.6,100.3,33.0,85.9,72,46,75,177,62,1093,155,Mobile,Brazil
USR003907,91.6,3.7,6.7,35.8,11.7,94.5,4,37,16,106,74,127,209,Mobile,USA
USR003908,166.5,0.2,0.5,27.1,5.6,28.4,147,10,86,438,86,2924,110,Desktop,Germany
USR003909,30.7,2.9,14.3,6.3,2.1,23.9,180,3,61,103,51,2373,185,Mobile,Germany
USR003910,3.5,13.4,6.6,2.4,5.6,48.2,178,3,90,251,43,972,24,Mobile,UK
USR003911,1.0,7.4,6.3,26.0,8.3,52.7,112,2,89,113,60,3015,173,Mobile,Australia
USR003912,121.9,2.1,1.6,17.0,12.9,75.2,40,48,82,167,60,2363,205,Mobile,Japan
USR003913,29.3,8.5,3.2,38.7,5.7,46.8,137,12,86,290,33,2216,164,Tablet,Brazil
USR003914,36.3,1.2,6.1,62.3,8.0,93.3,67,6,58,54,57,2882,326,Mobile,Japan
USR003915,15.8,1.5,3.2,14.3,15.9,79.3,40,1,21,193,6,1420,231,Mobile,UK
USR003916,99.3,1.3,5.4,1.5,30.6,43.5,49,16,43,283,32,2557,75,Desktop,India
USR003917,19.8,5.6,7.2,80.6,0.1,69.0,539,28,16,32,81,2441,160,Mobile,Australia
USR003918,22.1,0.8,2.8,3.9,1.6,87.8,251,17,90,164,4,3606,156,Mobile,Japan
USR003919,121.7,4.0,7.2,65.1,9.6,40.5,7,47,67,461,47,779,19,Mobile,USA
USR003920,4.0,0.6,32.1,3.6,9.4,91.2,90,36,58,158,90,3545,301,Mobile,Australia
USR003921,4.1,0.8,7.3,14.3,0.1,60.1,112,22,17,444,57,2938,39,Mobile,Japan
USR003922,54.7,9.8,7.4,52.3,2.2,72.5,18,48,0,241,13,773,43,Mobile,USA
USR003923,3.6,4.6,0.2,13.5,13.7,44.9,483,7,17,233,59,3196,198,Desktop,UK
USR003924,59.4,1.0,0.6,135.3,0.2,97.0,496,25,35,413,8,3482,265,Mobile,India
USR003925,57.1,1.7,1.3,18.7,14.5,45.9,249,42,80,360,34,2845,300,Desktop,USA
USR003926,38.2,0.7,0.3,14.4,1.6,72.0,66,25,57,192,28,2033,268,Mobile,Australia
USR003927,32.5,3.1,9.7,13.3,13.1,35.9,61,6,55,475,36,2767,148,Mobile,USA
USR003928,32.4,5.7,4.3,22.4,8.0,22.0,0,14,77,96,72,1133,217,Desktop,Brazil
USR003929,12.7,19.4,5.5,14.1,3.9,41.8,31,28,26,196,91,468,198,Desktop,Japan
USR003930,22.2,4.9,4.7,3.6,11.9,91.1,257,18,26,474,39,1618,41,Mobile,USA
USR003931,56.3,5.8,0.5,10.9,7.2,79.5,15,24,51,359,99,2383,148,Mobile,Germany
USR003932,111.8,2.6,1.1,19.6,0.7,89.2,190,34,76,213,86,1715,351,Mobile,UK
USR003933,47.9,10.4,9.4,22.9,6.4,33.2,734,48,20,484,34,1829,108,Mobile,USA
USR003934,49.3,11.2,3.8,29.0,1.2,86.7,40,49,92,62,4,2356,238,Mobile,Japan
USR003935,14.5,19.7,2.4,2.7,2.0,26.9,210,20,2,367,94,3389,355,Mobile,Japan
USR003936,49.0,1.5,19.9,13.3,16.0,38.8,142,13,89,420,70,508,148,Mobile,UK
USR003937,48.0,5.1,6.5,65.6,5.9,35.1,229,25,75,222,53,1519,296,Mobile,Brazil
USR003938,24.1,4.5,7.1,14.5,22.6,83.2,41,8,1,382,22,2090,291,Desktop,India
USR003939,66.6,2.3,5.0,3.3,4.4,85.4,225,16,77,161,76,1903,205,Tablet,Japan
USR003940,31.5,19.1,11.9,13.0,3.7,55.0,28,39,7,133,98,445,179,Mobile,Brazil
USR003941,20.7,8.6,10.2,19.9,0.9,91.3,374,4,51,222,96,894,164,Desktop,Japan
USR003942,43.2,0.1,4.7,31.9,13.5,66.7,193,20,21,302,55,563,44,Mobile,Australia
USR003943,31.1,3.1,8.6,62.9,9.4,59.0,73,48,50,389,6,3208,337,Mobile,Brazil
USR003944,12.4,6.3,4.6,6.0,7.6,25.3,357,5,46,13,60,2913,19,Mobile,Brazil
USR003945,34.9,1.0,3.5,14.3,9.1,68.7,63,45,35,166,26,3605,283,Desktop,USA
USR003946,56.0,2.2,6.2,46.0,3.7,88.0,102,18,28,189,18,2082,176,Desktop,USA
USR003947,161.1,0.4,15.6,25.6,37.0,77.4,130,19,5,384,29,3506,330,Tablet,Australia
USR003948,26.2,8.7,9.5,53.1,10.7,77.6,194,30,93,19,49,3589,159,Mobile,UK
USR003949,86.8,5.7,3.3,25.9,4.9,99.0,476,0,90,13,5,970,13,Tablet,Japan
USR003950,1.2,1.8,3.1,103.8,11.3,62.9,33,11,39,85,23,3647,62,Mobile,India
USR003951,12.0,11.1,0.7,175.7,1.4,54.3,120,42,29,86,71,1887,196,Mobile,UK
USR003952,81.1,3.5,7.8,17.8,2.9,79.9,172,22,90,222,92,251,64,Mobile,UK
USR003953,24.0,16.0,7.0,3.1,1.9,94.5,418,31,55,197,32,2800,360,Mobile,Brazil
USR003954,15.4,4.1,13.9,42.8,13.5,42.6,22,46,70,18,71,1966,309,Mobile,Australia
USR003955,22.9,9.2,0.7,17.3,20.5,53.0,13,4,63,287,61,1443,55,Mobile,Germany
USR003956,47.2,0.2,10.4,17.1,7.5,23.2,274,32,74,35,54,207,68,Mobile,Germany
USR003957,132.1,2.9,15.5,48.3,1.0,40.5,42,21,63,60,69,3287,175,Mobile,Germany
USR003958,109.3,0.1,12.5,8.8,25.0,20.7,28,48,4,349,81,1880,364,Mobile,UK
USR003959,37.5,17.9,2.0,10.2,17.1,75.4,25,20,84,260,54,3328,250,Tablet,USA
USR003960,16.6,0.8,6.0,76.1,7.6,29.6,41,29,90,360,17,1108,170,Mobile,Germany
USR003961,91.5,7.3,7.3,13.1,23.2,34.3,106,19,86,477,79,324,341,Mobile,Germany
USR003962,59.1,7.6,25.1,14.8,5.2,42.1,15,13,26,45,32,704,50,Mobile,UK
USR003963,9.0,9.6,10.4,95.5,1.4,86.5,231,8,51,194,28,2686,147,Mobile,Brazil
USR003964,3.6,14.8,4.4,35.1,1.9,33.1,258,49,11,142,65,688,302,Mobile,Japan
USR003965,20.1,1.8,15.8,79.8,2.8,65.2,85,12,52,28,45,1496,241,Desktop,USA
USR003966,27.6,13.9,34.6,30.9,10.3,81.1,218,21,63,344,78,3487,102,Mobile,Germany
USR003967,9.3,0.7,5.9,74.4,5.1,60.5,448,14,32,403,33,2285,88,Mobile,USA
USR003968,10.6,1.3,6.6,13.0,18.3,72.6,46,41,75,156,38,1654,335,Desktop,UK
USR003969,16.5,6.6,11.5,46.3,32.4,97.6,55,19,49,72,21,219,74,Mobile,Australia
USR003970,101.2,0.3,13.5,50.0,11.0,44.5,1163,36,46,383,17,379,230,Mobile,UK
USR003971,34.8,1.9,0.0,37.4,6.3,72.4,86,17,21,139,79,3345,95,Tablet,Australia
USR003972,17.6,1.3,23.7,69.3,0.4,65.7,373,34,84,97,85,2983,297,Mobile,USA
USR003973,9.2,3.6,5.5,28.9,9.7,62.6,75,28,41,6,56,1974,294,Mobile,Australia
USR003974,26.7,3.4,1.6,2.0,22.8,72.3,108,12,9,173,45,1139,317,Mobile,USA
USR003975,32.0,2.3,9.9,49.9,10.1,51.6,518,42,40,309,91,356,84,Desktop,India
USR003976,127.4,0.2,5.8,61.9,0.3,20.6,85,34,31,298,59,2445,308,Mobile,Brazil
USR003977,6.6,2.9,6.4,26.3,11.7,25.7,92,14,21,241,16,2752,20,Mobile,India
USR003978,24.4,6.0,4.6,100.1,2.2,37.1,137,23,82,348,26,1408,293,Tablet,Germany
USR003979,84.9,9.5,0.9,2.9,1.5,85.7,115,10,57,57,67,1996,335,Mobile,UK
USR003980,10.7,3.5,17.4,28.3,13.7,30.0,153,31,61,160,54,1314,359,Mobile,India
USR003981,55.3,2.2,0.2,8.2,9.8,31.9,176,28,10,16,82,382,113,Mobile,India
USR003982,32.4,0.2,4.9,2.8,1.6,52.6,833,24,83,200,57,3279,40,Mobile,USA
USR003983,66.4,1.0,7.0,34.4,28.1,48.8,133,29,93,233,65,3069,166,Mobile,USA
USR003984,26.5,2.6,5.2,11.5,1.8,74.5,281,11,84,131,35,1594,19,Tablet,Australia
USR003985,169.5,7.7,2.6,99.9,5.7,98.1,58,43,48,105,31,3429,9,Mobile,Australia
USR003986,26.2,17.3,1.0,53.1,40.9,73.9,96,15,39,144,58,880,160,Mobile,Germany
USR003987,9.3,3.8,3.6,25.5,0.2,67.2,8,45,73,330,74,3580,102,Mobile,UK
USR003988,95.1,6.7,1.9,2.3,6.5,92.3,215,32,2,9,4,2279,68,Mobile,UK
USR003989,33.4,0.3,2.8,7.9,4.0,62.9,91,6,80,437,94,3333,131,Mobile,Germany
USR003990,12.7,4.6,0.5,40.3,2.1,91.0,368,28,91,161,21,3567,18,Mobile,UK
USR003991,1.0,0.2,0.3,9.4,29.6,34.0,82,16,25,299,61,742,85,Desktop,UK
USR003992,134.5,7.2,9.2,10.8,11.4,96.6,143,21,78,215,9,1134,184,Mobile,Australia
USR003993,99.5,3.4,16.3,51.5,1.1,77.1,243,0,79,478,51,3154,363,Mobile,UK
USR003994,165.5,4.4,3.2,51.4,15.6,74.7,57,7,98,278,56,2109,234,Mobile,Brazil
USR003995,5.4,5.4,0.1,38.2,3.1,77.1,439,42,26,120,95,2057,107,Mobile,Japan
USR003996,11.1,1.7,9.3,143.2,3.1,67.6,244,9,41,440,90,929,194,Desktop,India
USR003997,24.6,1.6,5.6,33.6,1.2,28.2,65,1,66,396,93,139,283,Mobile,Germany
USR003998,66.1,3.0,8.8,8.2,2.1,60.8,197,2,5,417,5,1881,348,Mobile,Australia
USR003999,3.3,5.8,13.4,115.7,12.9,27.4,174,29,87,377,77,491,104,Tablet,Germany
USR004000,20.7,6.8,10.1,57.3,1.7,51.5,398,45,40,122,71,2274,49,Mobile,Japan
USR004001,52.9,5.9,1.1,26.9,1.3,99.8,201,37,82,425,32,2730,13,Mobile,Japan
USR004002,236.8,0.3,2.5,118.1,2.7,71.5,211,39,2,93,74,1560,334,Mobile,USA
USR004003,13.7,5.1,11.2,51.7,12.6,41.4,123,16,59,328,75,118,260,Mobile,Australia
USR004004,15.4,3.2,2.8,65.8,20.3,65.0,186,41,27,65,66,3125,231,Desktop,Germany
USR004005,117.4,4.0,3.7,44.3,8.1,66.7,208,31,5,191,61,2885,181,Tablet,Brazil
USR004006,142.9,0.3,7.3,74.1,3.2,97.0,184,43,9,6,3,772,57,Mobile,UK
USR004007,154.5,9.5,17.8,15.5,15.7,65.0,12,38,96,453,86,945,116,Mobile,Brazil
USR004008,39.3,6.7,4.4,61.2,5.0,80.6,209,11,35,0,99,3208,104,Mobile,Germany
USR004009,77.2,9.6,0.3,106.9,3.9,53.7,392,13,67,430,45,2361,38,Desktop,Japan
USR004010,40.0,1.6,0.5,46.2,12.8,20.8,149,9,17,211,26,56,90,Desktop,Australia
USR004011,103.9,0.7,1.7,49.6,9.1,45.0,40,46,11,170,18,3046,274,Desktop,Germany
USR004012,10.6,6.0,2.9,3.8,15.5,97.7,211,27,26,149,65,3601,152,Mobile,USA
USR004013,46.8,3.6,15.3,34.4,1.2,59.2,85,47,34,228,61,2499,133,Mobile,Brazil
USR004014,104.1,0.9,0.6,8.3,26.4,59.2,131,7,3,439,73,2905,328,Mobile,Australia
USR004015,82.3,6.1,12.6,19.0,3.5,93.6,223,42,27,164,40,3358,84,Desktop,UK
USR004016,188.1,2.9,35.4,3.1,14.8,30.2,98,40,28,333,20,1271,285,Mobile,India
USR004017,16.0,0.3,13.9,122.6,2.1,83.7,379,36,55,90,54,2153,318,Desktop,UK
USR004018,285.2,8.3,1.7,12.4,10.7,28.2,25,39,98,211,84,1645,193,Mobile,India
USR004019,81.3,8.8,13.0,61.2,1.8,80.1,187,5,39,336,51,916,305,Desktop,Brazil
USR004020,41.6,5.6,3.1,21.9,21.2,75.7,31,26,15,494,52,551,95,Tablet,USA
USR004021,66.9,6.3,8.0,89.7,0.6,96.4,351,6,19,410,91,2971,154,Mobile,India
USR004022,86.7,9.2,12.4,13.5,7.9,43.4,72,22,55,204,41,2044,242,Desktop,UK
USR004023,17.9,16.4,2.5,56.1,2.3,33.2,317,43,30,197,4,2281,163,Desktop,Brazil
USR004024,49.9,0.1,4.0,31.2,4.2,89.4,647,47,92,222,29,3304,24,Tablet,UK
USR004025,91.8,0.2,8.1,2.5,12.9,66.2,183,4,88,275,25,3212,348,Mobile,USA
USR004026,67.5,0.3,3.1,92.1,4.9,57.4,157,34,42,373,41,613,347,Tablet,Germany
USR004027,62.0,1.2,5.6,9.5,1.6,27.4,280,16,43,299,75,442,349,Mobile,Brazil
USR004028,166.7,3.3,2.1,30.8,32.2,33.4,21,0,77,20,59,3281,350,Mobile,Japan
USR004029,44.1,1.9,2.2,170.0,3.6,88.1,29,37,86,467,26,2155,134,Mobile,Germany
USR004030,39.2,6.1,1.4,23.3,17.8,72.5,33,47,35,5,22,1622,327,Mobile,Brazil
USR004031,121.4,4.3,21.7,140.7,21.8,80.9,174,5,81,396,47,685,82,Desktop,India
USR004032,11.7,2.0,2.5,37.1,8.5,80.7,75,15,71,362,78,3587,105,Mobile,USA
USR004033,51.8,0.0,7.7,7.2,1.7,31.4,244,20,58,412,80,2323,210,Mobile,Australia
USR004034,63.5,2.0,3.3,34.7,11.2,99.5,110,40,48,118,16,532,92,Mobile,UK
USR004035,18.5,1.2,0.9,136.1,11.8,83.9,220,28,58,113,62,2146,338,Desktop,UK
USR004036,73.6,0.3,13.0,153.1,10.3,28.1,212,21,60,318,88,998,332,Mobile,USA
USR004037,30.4,1.8,1.6,75.7,6.4,89.5,194,44,28,325,95,2075,314,Mobile,Japan
USR004038,16.0,0.9,21.5,45.9,3.5,26.4,44,43,18,444,45,2237,204,Mobile,Brazil
USR004039,75.9,2.2,1.1,44.8,8.2,36.6,335,8,33,478,68,1558,221,Tablet,Japan
USR004040,17.0,3.6,5.2,157.6,9.5,98.8,262,18,64,199,41,271,256,Mobile,India
USR004041,123.4,0.2,0.0,35.2,1.4,64.4,40,27,97,380,93,349,199,Mobile,India
USR004042,56.0,2.3,21.1,65.6,1.5,38.7,42,1,46,0,50,1381,265,Desktop,Japan
USR004043,120.4,0.8,1.2,80.9,2.8,56.6,61,30,33,181,95,834,261,Mobile,Japan
USR004044,59.1,0.4,3.0,66.5,6.7,55.2,137,39,99,98,66,1017,43,Desktop,UK
USR004045,1.0,14.9,0.0,13.8,0.1,88.6,111,2,2,401,9,2444,129,Tablet,Japan
USR004046,99.2,2.2,7.1,245.2,16.6,68.5,30,19,24,247,59,540,36,Desktop,USA
USR004047,29.1,4.4,45.3,38.5,0.2,62.9,255,34,73,412,95,3126,71,Desktop,Japan
USR004048,10.4,7.1,19.8,3.2,32.9,72.4,24,38,0,486,44,2297,156,Mobile,India
USR004049,148.0,3.9,15.3,92.5,6.1,49.9,28,12,31,131,50,820,315,Desktop,Brazil
USR004050,23.7,3.4,3.6,49.8,1.4,89.4,23,12,61,189,99,2665,118,Mobile,Australia
USR004051,47.1,0.7,1.2,85.5,13.9,81.5,239,46,64,391,95,1087,37,Tablet,Australia
USR004052,18.1,3.2,15.5,7.0,5.4,92.6,211,25,50,184,79,2952,118,Desktop,India
USR004053,6.8,0.3,3.4,17.5,4.4,69.3,39,49,50,117,65,2704,140,Tablet,USA
USR004054,1.0,2.3,4.5,76.9,11.0,57.8,61,39,20,423,61,3265,89,Mobile,India
USR004055,137.5,3.4,15.5,7.9,1.1,47.4,209,11,97,247,34,993,234,Desktop,UK
USR004056,33.4,2.6,24.9,9.3,13.8,74.3,777,45,13,226,67,695,24,Mobile,Brazil
USR004057,129.2,1.8,1.0,54.2,15.6,24.5,179,30,22,40,8,2799,349,Desktop,UK
USR004058,15.2,9.7,2.0,65.6,9.6,77.0,180,14,87,357,93,2357,235,Mobile,Brazil
USR004059,43.2,0.9,20.5,17.2,14.2,68.5,243,4,10,140,18,2087,149,Mobile,UK
USR004060,68.2,16.9,5.5,29.0,4.7,87.1,54,36,24,57,1,1154,149,Mobile,USA
USR004061,91.2,17.2,4.1,80.4,1.1,35.1,257,31,65,93,2,1194,69,Mobile,Brazil
USR004062,120.6,14.0,3.5,67.9,10.1,33.1,47,9,58,452,94,2162,94,Mobile,Japan
USR004063,144.7,5.4,29.9,145.6,31.3,26.0,60,46,69,298,14,653,267,Mobile,Japan
USR004064,2.0,0.8,13.7,11.2,32.6,70.0,292,45,91,32,71,2431,233,Mobile,Japan
USR004065,52.6,12.1,0.3,42.1,20.2,79.6,309,16,72,176,18,2568,70,Mobile,UK
USR004066,110.3,4.5,0.1,178.4,14.7,29.0,126,44,50,427,51,1338,308,Mobile,Germany
USR004067,9.9,4.9,1.4,2.0,2.7,50.5,478,11,96,194,49,1845,160,Mobile,Japan
USR004068,15.7,6.2,5.3,2.0,3.2,58.2,329,4,73,236,28,112,158,Mobile,Germany
USR004069,57.5,5.7,0.5,81.5,7.1,66.0,445,16,42,432,34,1719,49,Mobile,India
USR004070,106.6,9.7,1.9,8.5,6.8,30.0,87,39,38,114,34,2407,134,Mobile,India
USR004071,27.3,3.5,4.6,101.7,21.3,91.4,76,9,33,15,5,1454,322,Mobile,Japan
USR004072,38.3,10.4,2.0,2.6,21.6,91.9,78,29,73,1,4,1380,130,Mobile,India
USR004073,85.3,1.9,0.2,32.6,0.0,81.4,88,48,77,494,45,2722,15,Mobile,USA
USR004074,67.2,0.6,12.6,75.4,15.5,39.3,222,40,27,470,12,149,300,Mobile,USA
USR004075,37.1,25.4,4.5,35.7,25.4,51.3,31,15,82,142,75,2261,332,Mobile,USA
USR004076,39.7,7.5,0.6,42.3,10.2,65.3,44,12,18,442,40,782,359,Mobile,Australia
USR004077,3.1,18.0,4.0,36.2,9.3,96.3,16,8,14,33,29,2841,192,Desktop,Australia
USR004078,115.4,5.2,7.8,68.0,7.7,45.2,331,47,58,489,48,3572,348,Desktop,USA
USR004079,108.3,0.9,2.0,14.4,36.7,40.3,89,7,57,233,71,530,81,Mobile,Japan
USR004080,222.2,2.1,0.1,28.0,1.2,89.9,33,13,76,402,49,1855,82,Mobile,UK
USR004081,2.7,0.1,3.0,31.0,7.0,54.0,55,32,14,80,26,1675,306,Desktop,Germany
USR004082,31.4,6.5,0.3,78.0,2.2,50.3,148,23,88,171,79,3135,88,Mobile,Australia
USR004083,110.9,2.3,6.7,24.9,25.0,86.2,17,15,82,321,18,3372,161,Mobile,Germany
USR004084,52.5,6.6,9.3,27.6,6.9,41.0,760,17,34,205,84,1280,363,Mobile,Japan
USR004085,16.2,7.7,1.5,42.5,0.2,54.9,317,38,14,469,54,1395,161,Mobile,Germany
USR004086,67.9,3.8,1.5,12.1,3.7,76.4,12,26,49,235,29,2103,310,Mobile,UK
USR004087,94.4,21.7,3.7,24.5,0.7,20.4,239,10,23,121,19,2414,131,Mobile,Brazil
USR004088,27.8,0.5,2.8,27.2,3.3,39.1,103,43,86,425,15,751,291,Mobile,Germany
USR004089,29.1,1.5,4.9,7.6,18.3,43.3,28,18,79,137,50,3167,215,Mobile,Brazil
USR004090,143.1,4.1,6.2,21.9,1.7,58.9,556,9,25,263,33,3049,52,Mobile,Australia
USR004091,9.2,2.0,0.8,20.9,22.9,50.3,149,11,53,348,25,733,159,Mobile,Australia
USR004092,41.6,2.2,3.8,143.9,9.8,77.8,698,2,14,243,59,3402,9,Mobile,UK
USR004093,51.4,3.4,0.4,25.1,1.4,24.8,157,2,91,325,25,2609,224,Mobile,UK
USR004094,5.3,1.5,18.2,5.5,9.3,57.3,247,33,25,239,54,557,16,Mobile,India
USR004095,52.1,3.8,7.5,180.6,0.4,90.9,178,24,25,40,40,1664,275,Tablet,India
USR004096,134.6,5.8,8.7,90.7,0.2,72.2,159,6,56,236,75,1328,266,Mobile,Brazil
USR004097,73.7,0.2,6.8,278.4,3.2,82.3,209,6,16,201,56,3358,93,Mobile,Australia
USR004098,2.7,0.6,4.9,18.3,2.1,76.6,93,13,69,324,21,2402,232,Desktop,Japan
USR004099,176.0,2.4,24.7,4.2,10.6,31.7,0,13,76,361,76,3318,105,Tablet,Brazil
USR004100,21.1,17.3,19.7,228.2,4.8,23.4,292,33,29,300,38,1317,309,Mobile,Germany
USR004101,175.4,1.3,6.3,201.9,6.2,26.7,38,40,8,464,60,2609,242,Mobile,UK
USR004102,36.6,8.3,1.3,25.7,12.0,69.0,52,18,61,108,98,3567,336,Mobile,Japan
USR004103,89.0,3.0,3.0,0.0,31.3,92.1,112,12,54,305,28,1318,146,Desktop,India
USR004104,132.0,1.6,12.4,4.4,8.7,36.1,4,5,39,280,56,1863,334,Mobile,Australia
USR004105,23.0,4.6,3.6,53.0,0.1,23.4,4,18,15,63,37,975,185,Mobile,Germany
USR004106,8.8,5.8,21.1,17.0,18.1,44.7,256,27,72,369,72,2517,142,Mobile,Germany
USR004107,4.6,1.4,2.7,45.6,2.6,88.2,226,1,93,356,0,920,195,Mobile,UK
USR004108,17.8,4.6,5.7,37.2,1.2,73.6,39,22,50,41,74,3100,45,Mobile,USA
USR004109,182.6,1.8,5.8,10.3,9.5,36.8,56,41,42,84,13,2248,311,Mobile,Australia
USR004110,11.2,7.6,1.2,14.7,12.0,47.3,177,31,26,444,89,3264,224,Mobile,USA
USR004111,11.3,3.5,0.3,106.1,20.3,81.4,599,36,79,479,56,3441,192,Mobile,India
USR004112,24.1,0.2,0.9,76.2,30.0,54.8,58,37,97,221,14,1428,327,Mobile,USA
USR004113,56.7,12.8,3.2,41.6,0.4,57.0,387,1,37,105,63,387,11,Mobile,India
USR004114,68.7,2.1,0.3,5.1,16.3,89.0,6,39,50,375,33,299,241,Desktop,USA
USR004115,106.8,6.0,9.1,17.4,24.0,89.1,22,18,16,74,37,3052,286,Mobile,Japan
USR004116,46.5,0.2,2.4,178.8,29.7,73.4,329,39,17,191,38,3418,169,Mobile,India
USR004117,16.2,17.9,3.2,95.5,23.5,76.8,13,48,5,19,72,2988,224,Mobile,India
USR004118,3.9,0.0,1.7,160.9,26.4,29.1,160,18,80,294,71,1259,262,Mobile,UK
USR004119,89.4,6.5,7.5,65.5,21.2,51.5,181,32,7,80,9,592,279,Desktop,Brazil
USR004120,42.8,3.8,3.0,11.3,3.1,55.9,172,0,91,206,2,3332,159,Mobile,Brazil
USR004121,137.2,4.6,4.7,79.1,1.3,40.7,533,38,34,250,78,3567,61,Mobile,Brazil
USR004122,60.8,5.9,14.1,143.7,0.4,30.2,694,21,76,393,94,1001,333,Mobile,Australia
USR004123,3.4,5.4,8.0,4.7,2.1,71.6,137,24,53,28,53,2670,137,Desktop,India
USR004124,19.0,3.6,5.6,5.2,11.4,22.2,130,7,46,30,83,3642,286,Mobile,Brazil
USR004125,27.6,4.8,3.6,30.1,0.5,58.0,197,11,67,323,50,727,211,Mobile,Brazil
USR004126,47.2,20.6,15.0,22.5,21.2,23.8,363,22,48,478,48,843,40,Desktop,Germany
USR004127,89.9,0.3,1.4,3.8,11.8,20.3,272,43,95,201,75,269,233,Desktop,Australia
USR004128,163.9,7.2,5.4,10.9,6.3,45.0,81,25,41,36,11,1773,349,Tablet,India
USR004129,36.5,4.4,6.7,16.9,5.2,82.0,118,24,89,436,94,3177,320,Desktop,Japan
USR004130,23.1,5.9,0.6,67.1,3.8,75.5,1,42,36,205,8,681,69,Mobile,USA
USR004131,120.4,8.8,11.2,8.0,14.6,94.1,53,9,78,380,13,2574,164,Mobile,Germany
USR004132,60.8,0.7,0.8,76.5,6.8,56.2,296,37,63,221,72,1151,91,Tablet,USA
USR004133,22.4,5.0,1.0,96.6,8.6,78.7,115,13,33,414,43,235,114,Mobile,Japan
USR004134,2.5,2.0,8.6,101.8,0.8,87.5,85,16,70,218,85,1303,62,Tablet,UK
USR004135,69.6,4.1,0.6,74.6,3.5,98.9,85,19,8,77,29,3297,360,Desktop,Germany
USR004136,119.6,1.0,0.5,37.3,10.5,32.5,1046,17,94,279,87,1538,197,Mobile,Japan
USR004137,101.9,0.4,4.0,56.3,19.3,29.1,17,29,38,328,47,2066,168,Desktop,Japan
USR004138,23.8,7.1,3.3,16.2,0.1,33.2,24,44,90,168,22,1020,358,Mobile,Japan
USR004139,121.4,2.4,6.6,77.2,2.6,92.9,18,35,23,443,76,303,6,Mobile,Japan
USR004140,3.5,1.2,2.2,196.4,10.3,48.6,12,21,39,53,30,955,238,Tablet,Japan
USR004141,43.5,4.0,3.6,67.8,3.6,67.4,30,39,29,275,64,463,334,Desktop,Brazil
USR004142,3.5,9.8,10.7,119.7,2.4,62.9,185,35,39,430,26,1772,335,Tablet,Germany
USR004143,23.1,0.8,6.6,42.3,0.2,99.7,273,1,20,348,23,964,228,Desktop,Brazil
USR004144,41.2,2.5,2.0,122.0,12.6,44.5,213,27,70,212,24,2526,22,Desktop,Germany
USR004145,35.8,9.1,6.5,121.2,16.6,69.4,29,26,39,114,1,1950,78,Tablet,Japan
USR004146,179.0,5.7,2.9,117.6,1.1,21.8,490,29,44,203,54,2097,85,Desktop,Germany
USR004147,31.0,1.1,2.8,40.0,1.9,98.4,49,7,46,147,69,2279,157,Desktop,India
USR004148,204.0,3.2,4.8,32.5,6.5,66.2,4,3,44,317,37,3239,30,Mobile,Australia
USR004149,31.0,4.8,2.8,120.1,3.2,45.2,138,29,31,454,44,456,188,Mobile,USA
USR004150,52.0,8.5,0.2,5.8,32.5,89.3,194,39,18,480,69,982,325,Mobile,Brazil
USR004151,4.6,0.3,17.4,19.7,10.3,52.4,148,13,69,23,44,1159,319,Mobile,Germany
USR004152,179.4,10.7,0.3,100.1,3.0,41.0,497,6,28,262,75,3373,72,Desktop,Brazil
USR004153,168.6,3.9,4.7,59.2,0.7,65.9,79,48,29,17,57,394,162,Mobile,Australia
USR004154,102.0,4.7,7.6,4.1,15.8,80.4,437,47,32,226,58,626,219,Mobile,Germany
USR004155,22.7,12.2,1.2,65.4,23.5,31.4,109,35,25,493,27,3206,137,Mobile,Germany
USR004156,35.0,0.6,1.0,56.7,0.1,34.2,44,13,24,42,16,1844,294,Desktop,Brazil
USR004157,8.0,1.8,5.9,19.6,1.8,68.8,38,2,67,201,81,63,306,Desktop,Germany
USR004158,119.1,1.5,1.2,18.3,1.5,94.3,131,33,51,98,67,3240,22,Mobile,Germany
USR004159,21.3,0.1,1.1,191.3,6.5,75.7,488,31,41,284,65,312,88,Mobile,UK
USR004160,41.8,2.9,5.5,43.1,2.2,44.9,125,3,60,137,27,720,196,Mobile,Australia
USR004161,33.6,4.7,11.2,5.1,8.4,25.5,93,25,89,408,57,1074,160,Mobile,Germany
USR004162,63.6,5.6,1.1,120.1,15.5,96.6,601,29,56,22,29,715,50,Mobile,Australia
USR004163,13.7,3.6,0.2,14.1,0.8,73.8,81,44,4,494,20,3460,157,Desktop,India
USR004164,9.6,2.3,15.9,13.2,11.6,76.7,84,37,87,65,87,312,279,Mobile,Germany
USR004165,60.8,9.7,2.9,302.8,0.8,91.4,784,4,7,24,11,2908,96,Mobile,India
USR004166,46.6,15.1,1.8,25.0,6.5,96.3,10,6,29,468,35,2554,191,Mobile,USA
USR004167,17.6,10.5,11.4,40.3,8.7,26.0,64,2,15,464,5,2899,112,Mobile,USA
USR004168,22.9,5.4,13.8,87.2,3.5,93.0,209,32,28,119,75,195,339,Mobile,India
USR004169,32.1,0.8,3.4,14.5,9.1,41.1,154,24,83,39,57,1380,43,Mobile,India
USR004170,130.5,0.7,27.1,18.1,2.4,20.3,8,31,45,297,85,2098,77,Mobile,USA
USR004171,43.7,2.3,4.3,112.6,10.1,51.4,26,44,83,345,64,2182,228,Mobile,Japan
USR004172,44.3,2.5,0.8,9.8,11.3,20.4,181,48,57,107,20,3428,135,Mobile,Japan
USR004173,8.9,4.6,7.0,14.1,3.1,47.6,96,48,66,422,72,113,49,Desktop,Germany
USR004174,2.1,13.6,1.8,13.0,4.2,47.6,491,25,56,56,3,1248,192,Mobile,Germany
USR004175,104.9,0.9,3.6,46.5,12.5,88.6,158,4,49,486,7,2646,280,Mobile,Germany
USR004176,17.3,6.7,11.2,25.8,0.9,85.3,226,36,96,59,80,2621,92,Mobile,Germany
USR004177,34.7,2.1,8.1,68.0,5.5,72.6,18,3,78,179,71,753,62,Mobile,India
USR004178,28.4,13.4,6.2,43.6,5.0,43.4,112,22,92,424,66,1620,332,Mobile,USA
USR004179,33.1,13.2,2.3,43.5,29.7,75.7,39,31,16,297,37,2478,191,Mobile,USA
USR004180,36.0,6.6,0.9,99.5,0.2,94.9,41,41,90,48,27,964,327,Mobile,Japan
USR004181,237.7,0.3,1.5,64.9,6.1,60.6,21,0,60,177,84,2480,189,Tablet,USA
USR004182,1.0,4.7,11.9,23.2,0.7,73.0,296,28,68,252,55,1268,232,Mobile,India
USR004183,24.1,3.3,0.6,52.3,1.9,46.7,217,30,89,221,80,3289,7,Mobile,Japan
USR004184,5.0,7.0,11.2,83.6,9.7,95.5,1,29,5,297,55,1986,308,Tablet,India
USR004185,29.4,1.0,0.1,69.0,5.5,49.0,101,21,83,460,97,1509,63,Mobile,UK
USR004186,58.3,29.0,18.2,37.1,3.9,50.9,179,11,90,71,54,3268,47,Mobile,UK
USR004187,58.1,6.2,7.8,83.4,0.5,47.6,26,24,37,233,63,2425,246,Mobile,Brazil
USR004188,6.9,5.4,10.9,33.4,9.4,81.2,138,7,90,71,39,3403,214,Mobile,Germany
USR004189,21.4,11.7,1.7,34.3,3.8,89.9,252,45,86,25,8,967,9,Desktop,Brazil
USR004190,70.6,3.5,3.2,75.4,33.5,64.0,9,31,59,301,64,683,350,Mobile,Germany
USR004191,134.3,1.6,16.0,53.4,9.1,82.2,125,42,15,358,1,3573,88,Desktop,UK
USR004192,72.2,34.0,8.8,2.8,30.7,69.9,65,6,20,437,35,2511,192,Mobile,Japan
USR004193,5.8,2.4,11.8,3.8,9.0,70.7,846,3,41,234,40,1493,45,Tablet,Germany
USR004194,79.7,4.0,5.0,112.0,6.2,88.7,258,35,39,58,89,1085,193,Mobile,Japan
USR004195,14.8,1.7,0.2,36.3,1.0,45.5,194,14,5,355,62,1244,180,Mobile,UK
USR004196,122.5,8.6,11.1,1.2,3.8,95.1,281,48,26,382,89,2616,128,Mobile,USA
USR004197,1.0,3.6,5.9,74.7,6.9,40.7,41,27,78,146,14,58,81,Mobile,UK
USR004198,50.8,2.1,0.9,8.2,13.7,60.5,139,3,2,466,15,2393,274,Mobile,Japan
USR004199,20.3,4.0,2.0,186.6,4.3,40.3,34,26,51,343,20,1531,222,Mobile,Japan
USR004200,132.3,3.2,0.3,32.7,14.5,69.7,533,9,91,4,77,518,279,Mobile,Brazil
USR004201,18.8,0.7,6.2,62.6,5.3,78.5,253,2,48,309,8,300,252,Mobile,UK
USR004202,49.7,5.9,7.8,3.0,15.2,23.0,287,5,73,301,16,3246,121,Mobile,Japan
USR004203,38.8,1.9,6.5,1.4,4.5,44.9,81,48,41,418,89,2427,260,Mobile,India
USR004204,47.7,2.8,1.8,275.1,7.1,48.4,268,4,91,229,23,3269,90,Desktop,UK
USR004205,29.1,6.7,8.4,25.5,8.3,82.2,238,32,78,119,97,1474,283,Mobile,Brazil
USR004206,267.8,3.0,1.4,28.9,1.5,44.0,135,46,66,246,41,2584,187,Mobile,India
USR004207,83.3,2.0,1.5,29.0,12.4,53.4,17,48,57,273,28,453,65,Tablet,Australia
USR004208,26.1,1.2,4.0,3.3,16.9,60.4,66,10,92,15,41,3167,169,Desktop,USA
USR004209,102.3,16.1,3.2,126.4,26.7,50.1,116,42,17,69,30,2691,207,Mobile,Brazil
USR004210,33.4,4.1,3.0,10.4,30.6,76.2,35,2,40,376,25,2924,128,Desktop,Brazil
USR004211,26.5,6.4,20.4,7.3,3.6,29.3,64,28,32,10,51,2828,106,Mobile,India
USR004212,113.6,2.1,1.6,4.9,3.0,91.0,301,21,66,298,60,2592,266,Mobile,Japan
USR004213,202.0,1.4,2.4,15.4,6.2,87.0,741,42,30,281,14,458,50,Desktop,Germany
USR004214,189.7,0.2,9.4,19.3,0.7,62.7,94,23,36,380,22,1212,105,Mobile,India
USR004215,1.3,3.5,3.1,69.3,1.4,41.0,418,30,73,326,83,3037,194,Mobile,India
USR004216,157.4,2.3,1.8,46.2,10.8,57.1,492,20,96,278,95,2912,288,Mobile,Germany
USR004217,30.9,22.9,3.5,2.7,35.4,77.7,452,9,56,121,7,2925,340,Desktop,Brazil
USR004218,67.1,0.2,15.0,3.5,9.8,51.8,324,42,9,48,15,346,60,Mobile,Brazil
USR004219,34.7,7.0,8.8,13.9,1.7,22.2,5,2,5,305,56,421,91,Mobile,Australia
USR004220,8.7,3.0,0.5,1.1,11.7,76.7,145,34,47,403,44,1035,278,Mobile,Japan
USR004221,119.3,9.6,5.3,16.3,22.7,76.1,124,10,53,244,81,754,285,Mobile,Japan
USR004222,105.5,0.2,14.5,210.4,34.9,45.9,20,15,87,71,74,2083,196,Mobile,Japan
USR004223,90.5,0.1,24.5,1.8,4.8,94.8,58,8,3,74,16,1207,222,Mobile,Australia
USR004224,5.8,5.3,30.3,99.9,18.6,29.3,284,3,82,412,13,1475,13,Mobile,UK
USR004225,38.4,7.8,10.8,10.9,0.0,63.6,154,19,85,21,84,1296,188,Mobile,Japan
USR004226,58.9,6.3,17.2,37.6,1.7,45.2,72,16,49,84,7,2458,136,Mobile,Australia
USR004227,39.2,1.7,3.0,64.1,5.2,47.6,640,32,61,303,98,3287,213,Mobile,UK
USR004228,58.6,1.2,9.1,21.5,2.9,60.0,173,44,52,341,61,889,111,Mobile,Japan
USR004229,85.7,12.3,2.2,21.9,4.0,90.9,295,49,28,56,52,1378,214,Tablet,Germany
USR004230,104.3,0.8,7.4,413.8,2.7,57.4,21,21,13,98,50,2017,79,Mobile,Germany
USR004231,9.2,3.6,1.3,118.9,1.5,64.8,141,17,81,308,77,877,8,Desktop,UK
USR004232,21.6,2.1,2.2,8.8,12.3,86.0,55,10,63,457,61,3131,150,Mobile,Brazil
USR004233,1.0,5.6,1.6,70.1,6.2,34.4,47,29,14,356,21,3386,156,Desktop,USA
USR004234,15.1,1.5,28.2,100.7,1.9,43.9,54,16,36,349,52,703,85,Mobile,USA
USR004235,79.8,5.1,2.9,127.8,5.9,67.5,334,3,80,249,15,468,312,Tablet,UK
USR004236,140.9,4.9,8.3,9.1,5.1,64.3,452,2,91,305,36,2553,48,Mobile,Germany
USR004237,57.7,5.2,0.5,37.5,3.3,88.9,313,42,10,283,33,1493,205,Mobile,USA
USR004238,60.2,6.2,5.2,3.0,13.9,41.1,171,28,90,278,51,3282,267,Mobile,Germany
USR004239,8.1,3.3,1.1,2.4,1.0,62.8,28,29,83,209,67,407,276,Mobile,India
USR004240,83.7,7.0,9.6,68.6,21.7,29.6,21,3,41,469,68,2029,316,Mobile,Germany
USR004241,27.6,1.7,5.6,2.7,3.9,66.5,239,24,98,273,98,1913,192,Desktop,India
USR004242,28.3,1.6,4.5,3.4,0.2,89.8,29,0,59,170,15,3070,287,Mobile,Brazil
USR004243,11.9,8.0,1.5,15.1,6.8,89.6,32,13,39,453,2,590,241,Mobile,Japan
USR004244,139.5,2.8,28.1,21.8,4.5,21.5,332,17,35,299,22,1507,157,Desktop,Japan
USR004245,144.1,2.1,4.6,70.3,1.7,31.3,129,1,40,487,89,980,256,Desktop,Germany
USR004246,97.4,6.8,0.5,11.4,6.4,89.5,12,33,19,98,47,824,301,Mobile,India
USR004247,98.3,5.1,0.4,22.4,14.3,57.2,3,46,35,153,6,331,326,Mobile,USA
USR004248,42.7,3.5,1.0,104.0,2.0,66.0,172,20,16,262,56,2939,59,Mobile,UK
USR004249,56.7,12.7,5.4,68.2,9.2,83.9,93,1,95,84,79,1747,274,Mobile,USA
USR004250,16.9,2.3,0.2,10.6,5.7,31.7,15,12,49,361,46,3178,34,Mobile,Australia
USR004251,27.1,10.9,4.4,131.5,1.8,41.4,229,38,59,400,25,1299,167,Mobile,Brazil
USR004252,56.1,9.8,13.2,29.2,1.0,43.1,393,33,63,281,65,423,13,Mobile,USA
USR004253,134.6,2.5,6.8,7.7,4.4,83.5,385,6,46,78,39,1121,329,Mobile,Japan
USR004254,75.3,2.2,31.1,117.8,2.2,62.6,123,46,70,165,45,2786,97,Desktop,Australia
USR004255,192.0,12.9,0.6,1.8,1.2,52.7,157,35,4,25,90,3064,158,Mobile,Germany
USR004256,2.7,0.0,1.1,101.6,17.9,41.5,280,48,47,410,94,963,7,Desktop,India
USR004257,25.0,5.2,0.8,41.6,14.5,61.9,307,49,58,103,37,2825,162,Mobile,UK
USR004258,72.1,18.0,4.2,37.4,1.3,94.1,158,5,71,68,7,1703,200,Desktop,USA
USR004259,20.5,0.2,1.1,55.0,21.3,86.2,28,26,52,80,98,1960,206,Mobile,USA
USR004260,68.4,25.1,0.7,41.1,9.1,73.0,31,24,55,228,84,3587,178,Mobile,UK
USR004261,39.2,3.2,13.0,162.8,35.1,59.0,225,0,19,437,40,551,32,Desktop,Brazil
USR004262,18.9,1.3,6.1,27.3,8.1,36.6,196,0,60,122,86,2096,228,Mobile,Brazil
USR004263,60.5,7.2,16.4,25.5,6.0,75.4,171,44,96,159,76,2396,73,Mobile,India
USR004264,26.6,9.4,5.0,42.9,5.9,98.6,452,24,2,186,50,2571,198,Desktop,Japan
USR004265,81.2,3.2,2.1,16.4,4.9,28.5,81,1,35,45,52,1460,175,Tablet,USA
USR004266,292.4,10.9,6.9,32.3,2.9,80.0,3,45,44,412,51,1748,58,Mobile,Germany
USR004267,140.0,12.4,4.6,92.8,2.7,98.7,580,30,47,412,5,1832,297,Mobile,Brazil
USR004268,18.4,0.2,0.4,10.3,2.2,58.4,21,26,34,165,97,2363,118,Mobile,USA
USR004269,78.5,2.1,1.0,5.8,0.5,22.3,197,42,76,23,63,224,266,Mobile,Australia
USR004270,44.5,0.8,0.3,38.5,5.1,65.6,276,21,20,395,58,369,221,Mobile,Brazil
USR004271,5.0,3.2,12.8,20.1,14.6,21.2,57,29,60,0,35,1374,54,Mobile,Japan
USR004272,3.5,3.0,2.9,141.3,7.9,72.5,139,41,88,251,75,1403,263,Mobile,Japan
USR004273,16.1,7.1,1.5,20.4,8.4,62.6,375,49,22,388,23,2532,96,Desktop,Brazil
USR004274,124.4,10.4,7.4,16.6,15.6,56.7,388,27,34,53,54,1364,362,Mobile,Germany
USR004275,18.2,19.8,5.9,8.3,33.9,98.3,623,40,63,317,5,2821,100,Desktop,India
USR004276,73.0,3.5,2.7,8.3,1.5,82.7,187,27,80,405,74,1130,44,Mobile,Germany
USR004277,64.4,6.1,10.5,8.2,10.1,35.2,274,35,12,344,70,3483,246,Desktop,Australia
USR004278,15.5,7.5,3.0,78.9,3.2,62.1,9,9,55,354,55,288,271,Mobile,UK
USR004279,28.8,0.3,4.1,5.3,18.0,69.1,9,32,26,120,64,3482,322,Mobile,UK
USR004280,97.0,0.4,12.2,0.0,13.8,41.2,15,21,39,297,46,730,269,Mobile,Germany
USR004281,146.4,6.7,6.6,94.7,2.0,77.2,181,10,37,468,83,592,126,Tablet,Australia
USR004282,77.3,2.0,10.1,46.8,34.5,39.1,245,21,35,161,3,2442,72,Mobile,Japan
USR004283,43.1,2.7,4.3,14.0,5.9,25.1,59,29,27,396,91,3584,170,Mobile,Germany
USR004284,103.8,1.2,1.2,37.0,23.3,86.4,111,11,14,410,54,3039,354,Desktop,UK
USR004285,22.0,6.0,6.6,2.2,2.4,70.5,148,22,37,416,88,2090,235,Mobile,UK
USR004286,89.9,2.0,21.0,23.2,30.5,91.2,156,26,52,424,23,2483,215,Desktop,Australia
USR004287,2.6,0.4,1.9,1.2,5.3,78.9,31,17,95,221,55,2624,161,Mobile,Japan
USR004288,92.0,1.4,4.5,124.7,0.4,22.5,72,44,30,248,74,1307,88,Mobile,Brazil
USR004289,58.2,17.1,2.4,72.5,11.7,37.5,58,45,80,35,60,2865,45,Desktop,Japan
USR004290,43.0,0.0,21.6,53.4,31.9,95.5,391,36,48,82,14,59,225,Mobile,Brazil
USR004291,41.9,0.6,0.6,22.6,16.5,29.2,176,49,79,360,9,3483,3,Desktop,USA
USR004292,6.7,2.5,6.9,16.7,0.2,85.9,287,31,37,383,16,1278,286,Mobile,USA
USR004293,55.2,6.1,0.6,16.4,11.7,67.7,601,2,33,460,59,2341,276,Tablet,Japan
USR004294,52.0,4.5,0.9,34.0,7.3,86.4,12,15,1,236,7,207,171,Mobile,Brazil
USR004295,159.0,7.4,10.1,12.9,15.9,99.6,29,25,85,419,77,279,290,Mobile,Australia
USR004296,16.3,0.8,4.8,277.2,1.1,43.4,57,37,9,386,99,2093,109,Tablet,UK
USR004297,122.6,5.8,0.9,92.3,7.8,78.7,28,43,13,190,95,3150,52,Mobile,India
USR004298,11.3,5.9,28.6,94.2,17.6,51.2,312,15,92,21,80,1664,242,Mobile,Brazil
USR004299,129.0,5.5,0.3,65.3,40.6,21.3,931,5,13,325,61,284,215,Mobile,Australia
USR004300,182.3,0.1,6.2,63.2,5.8,74.9,87,31,62,144,94,1912,253,Mobile,USA
USR004301,14.7,5.7,8.2,20.5,15.4,39.1,83,44,50,319,6,657,166,Mobile,Japan
USR004302,41.5,2.4,2.5,178.1,18.0,80.2,177,49,79,467,17,576,251,Mobile,Germany
USR004303,89.1,10.0,3.7,6.8,10.3,28.2,80,19,54,230,92,1941,196,Mobile,Brazil
USR004304,1.0,7.3,39.8,29.4,26.6,98.6,21,0,47,221,72,1591,250,Desktop,Australia
USR004305,67.2,9.6,6.4,17.7,1.4,83.1,1028,22,80,53,51,1770,17,Mobile,Germany
USR004306,42.2,7.3,21.4,11.5,16.6,75.1,145,36,12,64,62,2697,265,Mobile,Australia
USR004307,10.5,2.4,0.9,0.6,35.2,90.6,27,2,56,173,19,930,288,Mobile,Brazil
USR004308,32.7,7.1,11.3,5.1,34.5,93.7,164,36,9,199,39,3632,30,Desktop,Japan
USR004309,17.0,6.8,1.1,158.8,6.8,28.7,7,27,87,311,46,2815,151,Mobile,India
USR004310,101.4,2.0,6.1,29.1,4.2,33.3,454,4,92,153,19,621,330,Mobile,Australia
USR004311,2.7,17.2,13.7,58.5,0.7,85.7,77,33,59,251,13,2660,149,Mobile,UK
USR004312,91.8,6.1,1.0,30.5,16.2,67.9,426,12,94,466,50,2625,176,Mobile,Brazil
USR004313,43.8,0.0,23.1,14.4,48.3,32.8,405,38,98,115,36,3175,114,Mobile,Australia
USR004314,9.6,4.3,0.3,43.5,45.7,94.8,54,16,5,342,71,1616,350,Mobile,India
USR004315,65.5,15.2,29.9,75.2,23.2,82.4,309,31,95,228,90,1548,358,Mobile,Australia
USR004316,26.0,1.0,6.6,28.4,9.8,96.0,132,11,19,14,1,31,281,Mobile,Germany
USR004317,42.8,1.0,13.9,28.1,6.3,87.7,128,41,49,102,31,3588,89,Desktop,Germany
USR004318,14.0,0.7,4.5,5.8,12.3,20.5,73,45,83,454,59,3221,157,Tablet,UK
USR004319,131.4,14.7,10.8,39.2,33.7,48.2,189,49,37,203,45,3490,57,Mobile,India
USR004320,36.9,1.2,10.0,23.7,8.5,67.8,408,5,91,269,30,84,89,Mobile,Japan
USR004321,190.0,4.7,10.8,18.6,11.4,57.6,136,43,94,20,35,779,247,Mobile,USA
USR004322,13.7,2.9,0.6,3.1,1.9,90.6,90,18,42,61,94,2040,84,Mobile,UK
USR004323,80.1,0.9,3.3,88.9,14.3,67.2,65,38,44,209,78,2799,76,Mobile,Brazil
USR004324,18.0,4.5,1.0,47.5,35.0,87.2,134,43,65,151,36,2432,308,Tablet,Brazil
USR004325,53.6,3.0,5.3,24.1,0.0,87.9,59,30,4,400,15,2244,300,Mobile,Japan
USR004326,21.1,1.2,25.6,59.5,3.1,77.5,300,14,15,207,67,286,172,Mobile,Germany
USR004327,109.4,1.8,0.3,0.5,3.0,31.1,1119,47,35,359,17,3574,85,Mobile,UK
USR004328,74.0,15.9,1.5,44.1,0.1,59.8,300,36,72,297,10,411,324,Desktop,USA
USR004329,62.3,3.9,4.5,19.8,4.6,39.4,104,42,69,139,79,2761,117,Mobile,Brazil
USR004330,159.5,3.3,3.1,154.4,8.8,64.2,35,21,85,413,35,526,45,Mobile,Australia
USR004331,136.4,0.1,5.9,25.5,20.2,47.3,525,36,76,129,40,3060,287,Mobile,Germany
USR004332,63.9,0.4,0.1,28.2,23.2,77.1,505,32,84,224,48,1374,260,Tablet,UK
USR004333,89.8,4.8,0.1,87.4,3.4,20.3,10,41,13,314,96,779,110,Mobile,India
USR004334,40.1,2.0,7.9,58.1,19.3,62.0,306,40,5,38,97,806,35,Mobile,Brazil
USR004335,41.0,2.4,10.4,92.4,7.0,56.1,27,17,85,455,4,3352,331,Mobile,Brazil
USR004336,50.1,4.0,17.6,65.5,1.2,89.0,120,41,94,487,32,1806,325,Mobile,UK
USR004337,36.4,0.2,5.0,3.8,1.8,39.4,105,17,23,205,2,1169,239,Mobile,Brazil
USR004338,65.5,2.6,3.0,45.7,20.2,30.2,448,13,23,404,41,2766,198,Tablet,Australia
USR004339,19.8,4.8,1.8,9.5,13.8,25.8,43,18,67,57,38,3629,247,Tablet,Australia
USR004340,34.8,6.3,0.2,1.8,8.2,84.4,95,19,8,313,30,2912,303,Mobile,India
USR004341,15.9,5.1,5.3,54.1,7.7,45.0,330,45,60,176,92,2149,53,Desktop,India
USR004342,29.1,17.5,2.8,6.4,4.3,49.5,279,33,32,289,52,1939,126,Mobile,USA
USR004343,15.2,3.1,2.4,65.2,0.0,55.1,41,32,24,329,99,2522,259,Mobile,Brazil
USR004344,15.9,11.7,4.4,11.1,11.9,64.8,520,3,24,48,36,3161,363,Tablet,Brazil
USR004345,32.0,8.6,3.6,44.2,4.6,95.6,285,0,76,497,82,153,106,Mobile,Brazil
USR004346,16.7,0.5,11.0,47.5,6.1,73.6,47,0,39,406,0,591,94,Mobile,Germany
USR004347,134.7,0.3,9.9,10.2,19.3,25.8,94,7,1,129,54,2295,139,Mobile,Japan
USR004348,115.1,3.4,0.1,0.5,17.6,32.8,201,5,30,258,95,2499,14,Mobile,Australia
USR004349,9.5,6.0,3.7,41.9,23.2,72.8,497,47,89,426,81,2229,234,Mobile,India
USR004350,10.4,0.6,7.3,120.7,5.7,89.8,56,45,98,495,36,1448,44,Mobile,Germany
USR004351,45.9,10.6,8.9,47.1,0.0,61.6,34,26,95,362,17,1915,316,Tablet,UK
USR004352,113.6,7.8,3.5,101.9,5.2,47.4,67,9,60,186,9,305,297,Mobile,Japan
USR004353,75.7,1.3,4.1,57.9,2.2,81.3,31,39,35,138,96,1981,64,Mobile,Brazil
USR004354,35.7,0.8,10.2,42.4,22.8,64.8,13,47,60,0,89,210,88,Mobile,USA
USR004355,2.6,1.0,16.4,16.6,12.6,65.5,113,33,57,271,41,2583,271,Mobile,Brazil
USR004356,334.9,0.4,7.7,48.7,4.2,96.6,117,32,32,164,54,2625,36,Desktop,India
USR004357,31.1,4.8,7.9,54.2,3.0,94.8,118,34,36,410,23,259,158,Mobile,Brazil
USR004358,90.0,2.6,9.0,65.4,6.1,96.2,32,30,45,285,35,356,326,Mobile,USA
USR004359,57.3,5.6,8.4,31.2,3.1,56.5,143,38,13,230,82,3145,314,Mobile,USA
USR004360,75.2,9.5,2.0,0.1,18.5,73.3,23,20,66,486,66,3288,27,Mobile,India
USR004361,43.3,0.0,1.4,61.6,1.1,41.7,505,0,8,324,17,610,184,Tablet,USA
USR004362,20.2,15.7,0.9,45.2,10.5,95.6,572,17,49,117,89,3398,322,Desktop,Japan
USR004363,27.1,3.7,25.4,39.7,7.2,47.7,403,42,28,309,14,2035,355,Mobile,Germany
USR004364,12.3,3.5,4.1,34.4,4.4,23.0,169,1,60,348,3,823,212,Tablet,UK
USR004365,42.9,1.0,21.5,65.4,6.8,58.0,69,18,44,483,23,2759,185,Mobile,Australia
USR004366,44.3,2.5,6.4,69.6,11.2,20.9,104,16,23,170,37,3512,191,Mobile,India
USR004367,12.3,0.3,2.3,13.5,7.4,21.1,204,6,43,475,1,884,164,Desktop,Australia
USR004368,64.8,0.1,5.6,43.3,6.8,36.3,0,9,49,379,11,1872,301,Mobile,Australia
USR004369,11.1,1.4,10.8,17.4,8.0,26.0,598,49,76,439,11,1380,282,Desktop,UK
USR004370,114.3,8.8,4.8,78.1,30.0,86.4,42,36,53,448,98,2370,97,Mobile,Germany
USR004371,176.1,3.9,4.6,87.6,6.1,40.9,4,22,4,66,20,2860,348,Desktop,India
USR004372,19.8,2.2,12.8,32.4,19.5,78.0,773,12,34,239,41,1962,26,Desktop,Brazil
USR004373,36.3,1.3,4.9,3.2,2.1,30.3,29,37,57,110,1,2781,35,Desktop,Germany
USR004374,64.5,12.0,19.6,0.7,2.9,67.2,200,15,50,145,47,3564,297,Desktop,USA
USR004375,70.4,1.8,9.2,80.8,10.5,44.2,14,33,23,209,97,1486,178,Mobile,Brazil
USR004376,43.1,0.8,23.7,33.6,9.1,62.7,175,14,88,30,37,1471,2,Desktop,Germany
USR004377,6.8,7.1,0.7,91.0,0.3,28.0,142,39,55,295,75,1959,340,Desktop,India
USR004378,28.7,3.8,4.6,14.1,6.9,23.3,797,19,41,190,53,1613,95,Mobile,Germany
USR004379,79.9,5.7,1.6,69.9,21.4,41.9,153,0,29,135,21,357,188,Mobile,Brazil
USR004380,55.2,6.5,3.3,121.1,9.6,89.3,129,47,29,336,9,105,231,Mobile,UK
USR004381,47.9,5.1,19.5,40.8,0.1,59.5,132,21,28,3,75,1506,20,Tablet,Brazil
USR004382,194.7,1.0,6.4,1.8,10.9,49.4,265,36,99,107,55,2567,179,Desktop,Brazil
USR004383,132.4,13.7,10.5,59.5,1.8,73.1,311,39,41,466,66,1314,21,Mobile,Australia
USR004384,8.1,0.1,8.8,5.7,11.2,41.9,55,2,69,79,57,2320,324,Desktop,USA
USR004385,99.4,5.0,6.8,125.8,6.7,31.3,189,13,27,313,26,3585,342,Mobile,UK
USR004386,17.2,5.8,13.6,69.0,5.2,53.0,543,5,9,145,98,1529,61,Mobile,Japan
USR004387,79.7,0.7,7.7,56.6,13.1,56.2,82,40,88,200,3,564,364,Tablet,UK
USR004388,225.6,5.0,6.2,8.2,13.6,52.3,443,13,12,107,13,1226,232,Mobile,India
USR004389,15.4,2.8,1.8,175.3,0.4,54.4,146,39,75,220,65,2849,283,Mobile,USA
USR004390,119.0,3.0,0.4,1.8,4.9,35.1,302,3,78,15,22,2798,148,Mobile,Germany
USR004391,187.8,0.3,1.7,88.5,25.9,64.7,118,15,20,176,65,2533,135,Mobile,Brazil
USR004392,29.7,1.4,8.0,91.1,22.2,53.1,491,11,36,116,97,1254,164,Desktop,USA
USR004393,14.9,9.1,13.3,32.9,54.0,46.4,59,19,87,399,86,1091,50,Mobile,UK
USR004394,10.3,11.7,4.8,75.0,3.2,45.6,243,14,35,443,64,3302,258,Mobile,Australia
USR004395,87.3,1.2,9.5,26.7,5.7,45.3,86,35,80,448,43,1831,209,Mobile,UK
USR004396,119.8,0.9,11.2,21.9,1.3,56.3,315,47,4,350,51,952,226,Mobile,Australia
USR004397,83.5,5.9,3.6,19.0,21.4,87.4,73,21,38,166,19,1676,4,Mobile,Brazil
USR004398,1.0,8.5,10.0,18.5,14.3,28.9,343,2,49,106,65,2730,130,Mobile,Australia
USR004399,41.6,4.3,22.8,8.0,6.0,63.4,213,13,19,139,1,790,0,Mobile,Australia
USR004400,23.8,6.0,14.9,2.4,1.6,40.2,122,22,6,394,47,2163,74,Mobile,Australia
USR004401,84.4,13.5,10.0,18.9,14.2,23.0,663,5,12,439,7,2818,245,Desktop,India
USR004402,31.6,0.3,4.7,7.0,2.2,73.5,54,10,75,280,12,1348,154,Mobile,Australia
USR004403,94.4,11.5,6.7,86.6,1.8,100.0,20,39,67,172,2,1197,294,Desktop,Australia
USR004404,10.3,0.2,22.9,57.0,8.3,59.7,28,27,52,130,39,3089,178,Mobile,Australia
USR004405,37.2,1.0,3.9,130.4,2.7,24.9,79,16,39,243,54,731,98,Desktop,UK
USR004406,29.5,2.3,2.8,10.9,6.9,56.4,99,14,8,485,0,1468,97,Mobile,Germany
USR004407,92.3,0.1,2.3,40.7,26.1,38.8,207,30,59,430,87,1916,110,Desktop,Brazil
USR004408,74.4,0.2,21.1,1.6,4.9,95.1,404,44,25,360,28,671,4,Tablet,Germany
USR004409,51.4,4.3,1.8,86.5,5.6,77.6,140,2,15,221,92,986,318,Desktop,Australia
USR004410,13.3,2.6,1.1,143.5,0.1,44.0,65,44,41,178,40,556,38,Desktop,UK
USR004411,69.0,9.1,1.2,2.1,0.4,48.5,120,19,26,268,7,2500,228,Mobile,USA
USR004412,17.0,7.2,7.7,10.3,7.5,79.3,19,45,51,351,50,1828,357,Mobile,Australia
USR004413,20.9,3.3,13.0,80.2,4.6,98.4,871,33,92,110,32,3114,5,Mobile,Brazil
USR004414,25.4,3.4,20.4,220.0,32.9,54.7,311,37,90,303,37,2014,194,Desktop,USA
USR004415,48.3,0.4,9.2,76.2,6.1,80.0,137,25,44,159,46,1036,198,Mobile,Germany
USR004416,14.5,0.4,16.4,22.6,0.3,62.7,96,6,26,9,93,1985,201,Desktop,India
USR004417,92.9,0.6,9.5,22.6,5.0,87.0,80,30,52,47,64,1986,122,Desktop,Japan
USR004418,113.9,26.2,14.9,71.0,2.1,29.0,149,20,53,212,33,1895,27,Desktop,UK
USR004419,95.0,0.1,1.7,6.4,8.1,49.1,355,17,92,193,66,1550,15,Desktop,Australia
USR004420,41.2,7.3,1.1,101.4,3.3,80.9,707,33,53,429,9,139,215,Mobile,Germany
USR004421,31.5,18.0,15.6,31.4,8.4,36.7,36,26,28,101,12,82,278,Mobile,USA
USR004422,66.7,2.6,0.4,4.6,2.5,47.7,121,1,35,396,46,2487,307,Desktop,Japan
USR004423,9.5,0.0,1.3,25.5,10.1,76.2,229,45,26,216,24,631,213,Desktop,Australia
USR004424,23.3,7.1,15.8,38.5,18.6,41.1,483,9,53,96,16,258,113,Desktop,USA
USR004425,105.7,8.6,7.4,20.2,33.0,100.0,252,2,70,438,59,481,53,Mobile,Australia
USR004426,82.6,5.2,1.6,84.8,19.1,54.3,491,22,74,215,93,247,196,Mobile,Brazil
USR004427,119.8,0.6,0.0,63.4,12.3,21.9,13,20,23,484,21,1602,236,Tablet,Germany
USR004428,32.1,4.0,4.0,54.4,7.9,42.2,89,48,79,135,88,2694,200,Mobile,India
USR004429,3.7,3.7,35.3,41.7,5.4,83.2,245,30,90,201,8,849,10,Desktop,UK
USR004430,215.6,6.6,0.4,3.0,16.2,53.3,56,0,49,16,41,150,97,Mobile,Germany
USR004431,60.5,0.7,5.2,31.5,15.9,32.4,67,15,22,180,49,3018,231,Tablet,India
USR004432,36.3,8.2,0.7,143.8,4.8,27.5,551,44,17,480,32,2725,165,Mobile,Germany
USR004433,44.9,2.2,1.4,34.5,6.3,56.6,128,47,39,117,28,1635,63,Mobile,Japan
USR004434,41.6,10.2,3.0,24.1,39.6,63.0,26,33,82,120,68,315,122,Mobile,India
USR004435,7.6,3.6,21.4,111.6,2.3,43.9,17,15,59,97,13,3017,222,Mobile,Germany
USR004436,233.2,6.8,3.7,31.4,2.7,80.9,17,14,56,298,81,2061,197,Mobile,UK
USR004437,206.0,3.4,4.9,124.6,10.1,95.2,250,27,2,299,57,1787,115,Mobile,Japan
USR004438,5.7,3.5,0.4,10.6,0.1,31.8,104,10,35,176,31,3265,132,Mobile,Brazil
USR004439,44.5,1.6,1.7,17.8,35.0,90.0,19,29,82,440,93,3350,194,Mobile,USA
USR004440,9.6,6.2,7.0,12.3,2.5,77.5,153,20,70,8,84,791,354,Mobile,Japan
USR004441,70.8,12.7,2.0,6.2,0.7,66.3,69,21,71,209,67,2952,131,Mobile,India
USR004442,23.8,1.0,5.1,48.3,3.0,97.3,162,47,35,215,64,307,210,Mobile,Australia
USR004443,58.1,3.1,15.5,100.5,7.1,65.9,73,8,57,351,17,797,252,Tablet,Australia
USR004444,2.6,0.1,16.8,102.4,2.4,76.9,126,36,74,89,90,2658,0,Desktop,Germany
USR004445,13.5,10.3,11.1,90.1,2.1,89.2,906,37,26,152,59,542,1,Desktop,Germany
USR004446,66.6,7.0,6.2,32.3,0.5,98.2,582,35,13,313,80,1753,251,Mobile,Australia
USR004447,54.3,6.3,20.5,35.0,1.6,94.8,201,47,50,473,4,1737,23,Mobile,India
USR004448,25.2,7.7,4.6,76.0,7.8,20.7,48,11,68,418,37,912,212,Mobile,USA
USR004449,123.1,2.1,22.5,96.9,21.4,50.9,150,32,44,208,6,3489,311,Tablet,Brazil
USR004450,32.2,1.9,0.6,39.6,0.2,88.0,854,5,67,38,87,1412,134,Mobile,USA
USR004451,5.6,2.7,0.6,18.7,12.7,60.2,263,48,25,47,40,672,13,Mobile,USA
USR004452,188.8,3.2,8.9,11.2,5.9,62.7,481,28,10,208,27,2210,304,Mobile,Australia
USR004453,9.0,8.3,2.5,56.9,0.3,82.6,633,23,0,104,28,1562,289,Mobile,UK
USR004454,73.7,1.2,4.9,18.0,0.4,97.7,744,49,84,58,63,3409,232,Mobile,India
USR004455,181.6,0.4,11.9,75.8,0.4,83.0,444,26,64,116,98,1398,246,Desktop,Brazil
USR004456,158.4,12.7,3.0,3.4,3.8,38.7,161,17,40,190,3,1091,171,Mobile,Australia
USR004457,56.9,1.4,2.2,44.9,33.1,27.2,47,38,38,372,86,3221,268,Mobile,USA
USR004458,142.6,1.1,1.2,6.1,8.0,80.5,164,34,63,188,87,2538,186,Mobile,Japan
USR004459,14.5,2.4,2.1,17.4,16.7,20.3,113,16,49,285,11,957,202,Mobile,India
USR004460,25.5,5.0,2.3,133.2,11.4,41.8,175,27,85,301,15,1094,207,Mobile,Australia
USR004461,69.6,6.3,22.1,22.8,2.4,29.7,213,9,79,482,87,788,194,Mobile,Germany
USR004462,67.8,0.6,2.7,129.8,65.0,67.8,26,44,29,403,34,917,226,Mobile,India
USR004463,121.6,0.2,9.6,9.8,3.3,83.1,214,22,44,335,1,38,31,Mobile,India
USR004464,70.7,4.5,1.2,147.0,6.0,24.6,520,48,24,61,52,2366,148,Mobile,India
USR004465,11.4,5.5,5.2,197.3,0.7,48.6,112,46,6,232,14,2248,16,Mobile,Japan
USR004466,221.7,0.2,8.6,28.5,5.9,80.6,163,28,15,84,80,513,158,Mobile,USA
USR004467,11.7,6.5,3.9,47.5,10.6,31.8,97,14,29,260,55,2315,233,Mobile,Germany
USR004468,107.4,3.1,6.8,23.6,4.4,75.5,153,10,8,46,76,2549,226,Mobile,Japan
USR004469,25.0,0.2,4.6,68.8,10.9,20.4,87,33,58,332,15,2728,72,Mobile,UK
USR004470,7.0,1.2,2.5,87.4,2.9,89.0,420,39,79,375,86,2130,52,Mobile,Germany
USR004471,1.0,0.7,7.2,104.7,1.0,54.3,268,18,17,162,37,990,270,Tablet,Germany
USR004472,122.3,4.0,0.3,90.5,0.3,39.8,177,41,50,403,76,3200,57,Mobile,India
USR004473,6.3,1.9,0.3,22.3,0.3,78.9,68,46,94,31,29,2156,347,Desktop,Australia
USR004474,2.8,2.6,19.9,55.3,9.3,81.1,304,34,14,214,55,872,62,Mobile,UK
USR004475,1.3,1.6,1.5,88.7,9.8,73.0,187,23,89,164,75,1558,187,Mobile,India
USR004476,6.3,6.6,16.9,7.7,1.0,20.9,280,5,41,409,53,2097,337,Desktop,UK
USR004477,18.4,0.2,0.6,8.6,27.1,42.7,326,37,72,426,25,2022,323,Mobile,Australia
USR004478,51.0,7.1,5.2,17.5,11.9,67.7,318,39,89,249,0,1789,338,Mobile,India
USR004479,46.4,0.5,3.4,7.9,21.9,49.7,96,17,81,349,3,3585,263,Desktop,UK
USR004480,53.2,3.9,20.0,51.5,12.7,46.1,59,12,17,260,17,2565,142,Mobile,Brazil
USR004481,27.2,3.4,21.3,3.3,17.8,33.8,16,27,79,30,67,2901,202,Mobile,Japan
USR004482,68.2,2.2,6.3,4.0,3.0,69.9,51,42,29,227,56,3181,147,Mobile,UK
USR004483,75.2,1.5,2.1,33.4,38.2,69.0,57,4,44,271,10,1320,161,Mobile,Germany
USR004484,15.2,11.8,14.6,1.6,3.3,54.5,34,48,26,77,76,3076,56,Mobile,Brazil
USR004485,9.3,0.7,2.7,65.0,2.9,44.9,49,37,38,252,25,1231,39,Mobile,USA
USR004486,198.1,1.2,3.8,54.2,3.0,74.9,346,12,97,182,11,2514,127,Mobile,Australia
USR004487,137.6,29.6,1.4,18.2,6.6,26.5,32,39,20,22,11,1178,44,Tablet,Australia
USR004488,1.3,15.0,19.3,46.0,2.3,79.9,170,18,73,448,83,1934,190,Desktop,India
USR004489,188.3,8.8,13.1,0.9,0.5,63.7,267,12,51,185,50,1475,112,Desktop,USA
USR004490,49.1,11.0,1.6,89.9,3.3,55.3,192,40,29,321,56,2807,22,Mobile,India
USR004491,18.5,3.0,4.3,11.7,22.7,72.2,92,38,40,455,66,2047,306,Desktop,Japan
USR004492,16.2,0.2,0.4,87.5,19.8,57.5,23,2,89,127,70,640,24,Mobile,Germany
USR004493,13.7,1.7,11.3,13.6,0.3,89.8,53,36,14,168,27,2218,217,Mobile,Australia
USR004494,2.3,0.0,8.1,14.7,4.9,55.5,86,34,85,27,13,306,102,Mobile,USA
USR004495,73.6,2.1,7.7,20.9,22.1,91.0,140,44,73,92,3,3480,22,Mobile,USA
USR004496,197.9,23.2,22.3,65.3,12.6,78.9,0,25,47,468,86,2486,236,Tablet,Brazil
USR004497,106.1,7.3,9.3,13.4,1.7,67.3,31,19,13,387,51,2592,231,Mobile,Germany
USR004498,67.0,0.8,3.9,57.4,6.1,47.4,0,12,86,230,29,1516,88,Mobile,USA
USR004499,20.4,5.6,0.2,162.1,4.1,88.3,132,12,48,356,37,1704,117,Mobile,Australia
USR004500,99.8,0.4,22.8,61.0,1.7,99.4,258,27,48,151,49,1416,207,Desktop,Brazil
USR004501,29.6,3.5,8.8,136.4,13.6,66.0,441,8,52,292,56,2158,352,Mobile,UK
USR004502,147.4,0.0,13.0,47.8,5.0,54.8,23,47,75,221,30,198,69,Mobile,Japan
USR004503,22.8,10.4,24.0,15.4,17.7,39.7,345,42,10,142,3,3466,299,Mobile,UK
USR004504,300.5,4.1,10.7,12.8,23.1,98.7,89,38,8,300,33,58,340,Mobile,USA
USR004505,5.8,0.8,2.7,165.0,21.8,93.9,36,7,2,158,68,2003,183,Mobile,UK
USR004506,21.5,7.7,0.8,104.7,5.3,22.7,636,48,86,487,61,2530,39,Desktop,India
USR004507,109.1,2.4,20.4,21.4,3.4,64.5,624,7,39,234,94,1050,120,Mobile,UK
USR004508,88.4,8.0,11.8,135.7,4.8,45.2,953,40,60,385,13,1444,146,Mobile,UK
USR004509,28.7,8.8,12.7,4.8,7.3,50.8,295,16,43,384,90,893,124,Mobile,Japan
USR004510,60.0,3.2,3.2,41.7,3.0,55.2,265,45,42,440,95,3471,133,Mobile,Japan
USR004511,45.4,1.6,4.9,87.1,10.0,36.5,360,0,28,385,96,1483,162,Mobile,Brazil
USR004512,191.8,1.7,13.8,0.7,14.1,53.6,67,42,39,270,83,807,308,Mobile,USA
USR004513,80.8,5.6,4.3,0.3,10.3,94.1,157,38,7,166,9,3412,163,Mobile,Germany
USR004514,75.7,0.1,1.6,18.1,8.2,50.7,198,12,53,483,31,1190,76,Desktop,India
USR004515,74.5,3.5,3.7,183.2,2.8,86.5,142,5,87,75,95,1307,119,Mobile,India
USR004516,120.0,9.3,6.9,66.4,1.5,66.1,74,24,63,247,71,1326,74,Mobile,USA
USR004517,60.3,9.0,8.8,22.4,3.2,20.3,36,31,52,207,54,589,140,Mobile,India
USR004518,93.9,1.7,0.8,91.9,10.5,62.0,71,43,66,443,40,2786,140,Tablet,Australia
USR004519,95.2,7.3,6.1,23.8,2.6,24.2,350,47,63,239,20,222,260,Mobile,UK
USR004520,212.4,3.7,9.9,24.9,0.5,52.3,88,3,39,47,95,3353,181,Mobile,USA
USR004521,371.2,2.9,5.4,53.7,2.1,92.2,278,44,76,435,64,2751,166,Mobile,Germany
USR004522,25.3,1.5,1.5,120.5,4.7,77.5,286,28,48,163,48,3303,246,Mobile,India
USR004523,27.0,1.8,6.3,12.0,1.3,65.5,199,44,91,256,37,2338,180,Mobile,Japan
USR004524,25.4,1.9,11.0,68.2,9.5,23.5,82,17,22,416,53,1612,11,Mobile,USA
USR004525,1.0,8.3,1.2,23.0,2.2,77.4,553,25,83,301,71,3562,98,Mobile,Germany
USR004526,49.0,1.2,1.1,31.7,26.8,74.7,365,44,12,265,50,623,97,Mobile,UK
USR004527,13.0,5.0,3.4,93.5,2.6,78.4,64,13,96,364,58,2399,304,Mobile,Germany
USR004528,61.0,1.0,1.0,111.9,1.6,77.9,103,17,31,382,57,3464,292,Mobile,USA
USR004529,173.0,10.4,4.1,53.9,12.1,22.9,141,49,20,255,73,3219,137,Mobile,USA
USR004530,240.6,1.6,4.9,123.8,4.1,87.8,147,4,8,252,14,960,241,Tablet,India
USR004531,157.6,1.5,11.8,7.1,33.8,80.1,266,10,57,189,34,499,113,Desktop,India
USR004532,78.9,3.8,0.4,82.1,9.4,36.2,67,2,48,154,29,2815,167,Mobile,India
USR004533,139.9,0.8,1.4,16.3,1.0,80.6,391,47,66,350,90,2951,96,Mobile,India
USR004534,57.2,1.4,5.2,3.1,1.2,40.1,142,12,6,87,56,1631,153,Mobile,Japan
USR004535,20.5,11.3,6.3,33.3,9.2,39.2,41,25,31,42,90,1437,272,Mobile,Australia
USR004536,11.5,0.8,7.3,36.3,0.3,65.2,19,20,2,231,72,2391,280,Mobile,India
USR004537,5.4,1.3,2.1,24.9,3.2,93.9,412,38,37,497,96,697,300,Mobile,Australia
USR004538,13.8,4.4,3.2,92.6,0.6,73.4,118,8,73,399,21,1587,27,Mobile,Australia
USR004539,25.1,3.1,8.8,49.2,1.0,46.0,59,8,64,452,76,3321,4,Mobile,USA
USR004540,8.4,3.7,3.4,17.7,0.8,61.5,94,42,36,79,34,173,115,Mobile,Germany
USR004541,192.6,10.7,1.3,8.9,1.4,66.0,65,34,18,379,70,3629,293,Mobile,Japan
USR004542,39.5,2.8,0.5,44.9,8.1,33.2,115,6,58,303,0,1257,133,Mobile,USA
USR004543,80.7,8.5,2.4,121.3,5.7,43.0,122,27,6,169,31,2836,260,Mobile,Germany
USR004544,80.9,6.9,31.3,56.3,2.9,42.2,124,28,67,212,78,2639,232,Desktop,Australia
USR004545,32.0,6.5,6.2,9.4,5.2,25.4,27,27,99,224,53,2645,95,Mobile,Australia
USR004546,100.5,0.6,1.8,35.8,1.7,75.6,169,9,45,427,56,2535,147,Desktop,Japan
USR004547,37.3,3.0,19.3,7.2,8.8,36.3,47,45,11,218,29,231,287,Mobile,India
USR004548,20.7,1.8,4.3,188.0,5.2,92.8,138,44,10,338,81,1082,37,Mobile,Australia
USR004549,55.4,4.8,1.8,38.4,16.0,26.0,187,8,49,281,14,2604,260,Mobile,UK
USR004550,86.5,0.7,6.1,74.2,18.7,75.1,73,24,59,440,88,239,123,Mobile,Australia
USR004551,212.3,0.1,20.4,27.9,1.7,47.8,17,45,96,217,4,182,218,Desktop,India
USR004552,75.5,0.1,8.5,24.9,2.3,96.8,79,39,44,367,70,256,14,Mobile,India
USR004553,17.9,1.4,16.9,48.0,4.0,99.9,236,49,96,24,3,2662,149,Mobile,India
USR004554,67.4,0.3,0.8,58.7,2.6,56.2,81,26,91,183,38,293,259,Mobile,India
USR004555,36.1,8.2,5.0,0.3,19.9,68.6,325,27,94,384,78,1459,112,Mobile,Brazil
USR004556,50.2,0.0,1.0,53.6,10.0,72.6,241,49,60,274,36,557,282,Mobile,India
USR004557,146.5,9.4,4.4,4.5,12.2,24.4,189,32,38,273,56,1851,143,Desktop,Germany
USR004558,139.3,0.2,12.2,170.4,3.5,55.0,691,47,34,378,57,3354,279,Mobile,UK
USR004559,54.1,3.7,0.8,40.4,6.5,85.8,57,33,76,310,1,2143,258,Mobile,Japan
USR004560,75.8,2.3,11.4,124.8,6.4,59.4,58,11,14,432,97,304,223,Mobile,UK
USR004561,10.4,3.2,12.2,84.2,17.8,55.7,258,21,79,242,22,2409,45,Mobile,UK
USR004562,12.9,0.9,14.6,5.7,6.3,83.4,109,4,99,349,28,3330,238,Mobile,USA
USR004563,71.6,13.4,2.1,67.8,1.6,64.8,216,39,64,212,50,2294,263,Mobile,Germany
USR004564,83.9,11.0,1.5,57.6,7.1,82.8,381,38,50,373,46,2732,40,Mobile,USA
USR004565,73.8,3.0,2.3,40.6,1.7,33.0,68,13,34,178,5,3098,266,Mobile,Germany
USR004566,1.1,0.6,0.2,166.5,5.2,56.6,457,17,90,228,66,812,137,Mobile,Germany
USR004567,142.3,3.2,7.2,147.5,2.8,70.7,357,31,66,438,10,3231,170,Desktop,UK
USR004568,159.3,0.2,41.1,1.6,26.9,20.1,170,30,1,34,52,402,138,Desktop,Australia
USR004569,58.4,7.5,8.4,3.6,7.8,76.8,139,23,39,412,75,344,15,Mobile,Brazil
USR004570,15.1,7.3,8.4,30.5,9.5,58.4,1255,46,22,397,35,2840,116,Mobile,Australia
USR004571,20.8,7.0,10.8,11.1,5.5,83.8,76,34,63,172,40,3500,200,Mobile,Australia
USR004572,64.2,2.5,2.1,23.9,2.1,26.6,466,5,53,385,13,527,285,Mobile,Brazil
USR004573,29.9,0.3,32.3,98.2,15.7,64.4,30,47,6,182,32,916,89,Mobile,USA
USR004574,20.1,10.9,5.0,46.5,6.8,67.4,344,27,78,69,89,3062,265,Mobile,USA
USR004575,11.0,12.3,3.7,111.2,1.3,45.0,164,17,37,15,80,3568,300,Mobile,Japan
USR004576,63.8,15.1,9.0,8.0,0.7,61.4,71,8,19,26,21,957,173,Mobile,UK
USR004577,44.6,3.0,5.6,7.9,9.9,25.7,60,10,22,405,47,2411,359,Mobile,Australia
USR004578,50.0,4.5,3.3,43.8,0.2,86.9,81,39,3,177,35,3210,3,Mobile,Japan
USR004579,10.9,15.7,7.1,96.4,3.8,33.7,480,44,23,212,31,837,358,Mobile,India
USR004580,57.8,8.1,23.2,24.8,26.8,39.2,464,9,69,463,30,3580,209,Mobile,Japan
USR004581,29.7,0.9,0.3,21.6,6.7,67.3,145,14,3,37,0,715,84,Mobile,Japan
USR004582,14.9,16.1,2.9,100.8,10.4,34.4,161,45,48,10,19,1680,149,Mobile,Brazil
USR004583,99.5,10.0,3.0,8.3,26.0,22.6,15,16,2,429,73,1360,196,Desktop,USA
USR004584,123.9,0.2,4.8,74.7,2.6,84.1,164,3,91,412,85,2884,349,Mobile,India
USR004585,23.8,6.6,5.6,13.1,0.2,59.4,32,36,87,71,28,1147,246,Mobile,Germany
USR004586,98.6,9.5,0.0,38.6,11.9,97.6,238,5,84,475,96,1660,270,Mobile,Germany
USR004587,67.3,8.8,0.5,5.1,13.5,99.7,177,45,94,202,99,3503,247,Desktop,USA
USR004588,184.4,0.1,7.4,27.0,6.4,55.4,10,14,73,80,37,1491,228,Mobile,Brazil
USR004589,18.9,11.3,24.3,98.6,7.4,76.9,98,14,92,443,9,2476,8,Mobile,Japan
USR004590,67.9,7.3,17.1,77.8,11.1,38.3,281,7,90,309,7,1290,307,Tablet,India
USR004591,125.6,12.7,21.8,3.3,5.1,79.0,580,1,7,253,90,3308,134,Mobile,Germany
USR004592,12.1,2.0,15.4,12.2,21.1,40.9,75,36,95,326,5,2129,291,Mobile,USA
USR004593,17.9,1.3,6.7,16.8,2.6,79.7,168,46,12,80,15,1596,225,Desktop,UK
USR004594,75.9,0.4,10.0,24.7,14.4,76.7,273,46,25,248,0,1078,78,Mobile,USA
USR004595,174.9,0.6,15.8,141.5,0.4,63.4,51,13,37,61,21,2783,30,Mobile,Japan
USR004596,37.4,11.2,2.5,23.5,4.2,94.2,322,21,10,470,20,1204,76,Tablet,Brazil
USR004597,168.6,4.2,4.3,47.9,12.6,92.1,84,44,56,222,3,2546,148,Mobile,India
USR004598,191.3,3.0,11.2,108.3,12.9,40.6,30,13,13,105,33,3384,171,Tablet,Japan
USR004599,97.3,4.1,14.7,44.0,1.7,44.2,443,30,58,65,11,3107,317,Mobile,USA
USR004600,69.8,21.4,6.4,121.3,3.5,74.1,50,17,78,218,13,2083,238,Mobile,Germany
USR004601,7.9,13.1,6.1,68.7,68.4,47.3,280,40,43,469,49,994,44,Mobile,Germany
USR004602,25.7,2.2,5.8,12.1,11.6,62.5,101,47,60,209,41,1462,83,Mobile,Japan
USR004603,19.4,3.2,25.8,14.7,2.6,80.0,12,41,62,51,92,2943,295,Mobile,UK
USR004604,1.0,2.8,3.1,47.0,24.8,64.2,806,40,63,353,80,334,276,Mobile,USA
USR004605,21.4,6.3,17.7,94.4,17.0,45.5,120,48,12,428,56,3255,49,Mobile,UK
USR004606,13.3,10.0,8.2,143.0,0.4,43.2,174,30,32,380,1,1036,172,Mobile,Germany
USR004607,10.3,1.9,9.4,63.8,15.5,30.3,21,20,76,262,46,2760,122,Mobile,Japan
USR004608,40.4,1.8,1.3,82.2,8.6,63.4,177,25,4,365,83,2772,142,Mobile,Japan
USR004609,73.7,3.1,1.3,17.5,42.9,80.4,601,44,52,10,17,2673,86,Tablet,Australia
USR004610,36.4,7.8,16.9,105.1,2.3,97.1,22,7,73,46,97,1589,2,Tablet,USA
USR004611,36.6,11.1,7.9,32.0,6.4,20.5,51,16,48,150,57,3454,124,Mobile,UK
USR004612,116.2,12.3,3.4,7.3,1.4,71.1,90,14,7,414,10,555,36,Tablet,UK
USR004613,16.2,0.8,13.7,5.8,4.7,32.7,112,23,97,322,36,1534,107,Desktop,UK
USR004614,13.4,0.1,0.7,49.2,10.4,23.4,75,19,41,66,6,478,65,Tablet,UK
USR004615,71.0,9.6,0.7,109.4,7.6,89.4,423,4,8,211,50,1146,269,Mobile,Japan
USR004616,82.7,2.0,5.8,157.9,3.6,88.6,10,16,84,71,32,288,336,Mobile,Australia
USR004617,17.0,8.6,7.5,125.2,12.2,73.3,96,1,68,73,69,3323,179,Mobile,UK
USR004618,6.7,6.4,0.3,87.1,18.7,77.6,235,17,18,232,5,1433,337,Mobile,USA
USR004619,1.0,1.7,3.9,50.0,2.5,42.6,206,15,60,317,67,2581,191,Mobile,Germany
USR004620,137.3,19.0,6.7,113.7,5.1,88.1,108,29,77,498,66,2732,218,Mobile,UK
USR004621,24.6,6.9,2.7,3.7,23.7,36.3,291,31,71,150,19,623,351,Desktop,India
USR004622,11.7,3.4,16.7,8.8,5.9,50.3,38,29,8,435,98,103,138,Desktop,Brazil
USR004623,130.7,1.1,10.7,83.0,25.7,57.6,163,46,55,198,12,1330,94,Desktop,UK
USR004624,2.5,4.0,6.4,38.4,19.8,59.2,89,41,59,219,82,3557,242,Mobile,Australia
USR004625,12.0,6.1,9.0,52.5,13.8,48.6,129,43,89,251,83,689,130,Mobile,India
USR004626,23.0,1.5,15.8,32.3,6.0,69.1,13,33,61,31,68,2794,279,Mobile,UK
USR004627,14.7,4.0,17.1,101.0,38.7,45.2,40,15,11,77,95,1321,229,Mobile,Brazil
USR004628,230.0,7.8,10.7,13.9,42.2,20.5,14,33,92,378,55,2239,318,Mobile,USA
USR004629,57.4,1.3,2.7,68.4,4.9,99.9,44,26,3,242,25,1914,88,Desktop,India
USR004630,61.5,5.5,6.3,170.7,4.3,78.4,100,12,49,108,7,814,151,Desktop,Japan
USR004631,19.2,3.6,1.0,36.0,6.7,71.7,111,24,49,152,0,628,28,Desktop,Australia
USR004632,275.9,4.2,12.4,25.1,5.4,42.2,71,18,32,375,58,2039,354,Desktop,USA
USR004633,1.0,6.6,6.4,258.1,17.3,99.0,110,18,90,450,73,2609,202,Mobile,Japan
USR004634,160.3,5.0,1.6,37.6,2.3,53.3,0,0,11,13,12,3078,224,Mobile,Australia
USR004635,40.1,0.2,1.3,30.3,1.3,80.0,373,48,70,398,32,3603,163,Desktop,India
USR004636,316.5,1.2,7.2,24.0,26.1,65.0,181,30,32,346,66,1761,274,Desktop,Germany
USR004637,12.2,2.4,1.9,64.0,9.0,47.8,172,0,94,113,94,69,61,Mobile,Germany
USR004638,15.4,4.8,9.9,80.4,2.6,80.0,60,36,61,25,65,2946,97,Desktop,UK
USR004639,7.0,3.5,8.4,8.9,5.3,57.4,24,3,48,122,56,1255,209,Mobile,India
USR004640,3.9,0.4,3.1,29.7,45.9,78.0,435,13,36,96,67,650,300,Mobile,Brazil
USR004641,61.5,4.1,9.9,20.1,5.3,40.3,143,6,32,380,91,1939,29,Mobile,Brazil
USR004642,62.4,13.5,9.3,61.5,53.1,57.5,194,28,10,172,13,3590,161,Tablet,Australia
USR004643,11.1,2.9,0.9,29.9,1.6,69.6,61,7,9,424,55,1817,38,Mobile,Germany
USR004644,4.6,1.8,0.7,10.0,11.6,61.9,80,29,30,136,10,2475,278,Mobile,India
USR004645,31.1,1.6,0.2,28.3,19.1,75.1,134,29,77,253,1,1954,205,Tablet,Brazil
USR004646,1.1,2.3,6.7,10.7,11.1,50.0,110,13,1,376,25,2102,288,Mobile,USA
USR004647,29.5,8.5,30.6,137.3,2.5,84.8,45,32,38,332,24,655,156,Mobile,India
USR004648,29.2,0.3,6.9,90.1,3.0,99.4,164,31,72,468,56,593,5,Desktop,Australia
USR004649,56.9,8.6,5.5,109.0,0.7,64.0,627,9,88,490,30,3417,159,Mobile,UK
USR004650,285.4,0.9,1.3,39.0,9.9,65.0,555,24,30,333,28,1624,208,Mobile,India
USR004651,60.2,0.2,13.0,5.5,19.0,57.5,106,30,20,386,34,2709,22,Mobile,UK
USR004652,11.3,4.7,2.9,40.2,9.8,54.2,6,5,65,318,93,1914,25,Desktop,Japan
USR004653,22.0,6.0,15.4,3.8,1.0,39.7,21,9,53,269,74,237,354,Mobile,Australia
USR004654,27.5,5.4,6.0,91.9,19.0,93.4,14,44,92,96,72,1512,163,Tablet,Japan
USR004655,201.8,4.9,5.3,73.6,4.1,67.8,474,7,83,320,83,1513,326,Mobile,USA
USR004656,51.6,23.9,8.4,0.3,7.9,70.2,25,21,88,199,13,2273,314,Tablet,Japan
USR004657,70.6,1.0,5.9,233.6,8.6,70.3,41,45,52,237,47,3208,287,Mobile,USA
USR004658,42.1,0.0,18.5,285.0,14.1,61.7,320,7,8,142,54,597,225,Mobile,USA
USR004659,196.1,0.1,17.4,28.4,5.0,72.6,49,11,63,403,30,400,96,Mobile,Australia
USR004660,120.2,2.3,4.7,173.3,49.6,34.8,45,2,46,22,36,1563,282,Tablet,Germany
USR004661,52.9,0.6,12.5,181.4,6.9,32.7,216,6,16,384,37,805,235,Mobile,USA
USR004662,145.6,2.2,1.7,77.8,2.3,93.9,128,21,79,285,79,2334,165,Desktop,UK
USR004663,76.3,1.0,8.3,118.2,2.9,50.7,402,27,50,422,88,3080,113,Mobile,Australia
USR004664,8.3,6.3,0.7,153.8,4.9,89.9,188,14,36,287,91,1522,222,Desktop,Germany
USR004665,112.5,2.0,4.7,59.4,15.1,79.1,351,8,11,61,47,430,111,Mobile,Germany
USR004666,180.1,6.0,4.8,26.5,1.3,89.4,0,38,55,97,62,3332,345,Mobile,Japan
USR004667,33.3,7.9,5.9,97.4,1.1,71.2,1,12,59,116,97,520,344,Desktop,USA
USR004668,91.9,3.5,8.1,59.2,12.8,46.6,875,35,84,142,80,403,71,Mobile,UK
USR004669,58.7,7.1,3.7,155.3,29.7,50.0,119,44,62,365,68,1375,337,Mobile,UK
USR004670,51.6,3.3,5.8,69.4,6.7,91.1,76,24,1,338,43,3117,239,Mobile,Germany
USR004671,9.8,4.3,0.1,183.6,12.5,58.2,143,29,59,453,13,1864,113,Mobile,Germany
USR004672,27.4,9.7,6.8,21.0,14.0,55.5,37,35,51,247,9,301,337,Mobile,USA
USR004673,21.0,1.8,26.8,10.5,5.2,87.2,155,25,73,76,29,82,328,Mobile,Germany
USR004674,103.1,1.0,1.8,19.1,10.0,73.0,27,42,48,387,36,358,76,Mobile,Japan
USR004675,65.3,8.0,0.2,15.5,48.5,76.2,177,38,87,69,9,1908,146,Mobile,India
USR004676,12.0,0.1,9.6,65.4,6.1,45.0,74,34,84,27,62,3446,340,Tablet,Japan
USR004677,22.2,0.3,14.5,18.6,5.9,85.7,1309,42,63,191,24,3604,119,Desktop,Australia
USR004678,2.4,2.0,19.1,113.3,27.0,38.2,32,22,13,185,40,2106,335,Desktop,Australia
USR004679,219.3,4.5,4.4,1.9,4.8,22.0,139,28,16,288,98,3074,149,Mobile,Australia
USR004680,14.4,0.1,9.0,61.4,18.5,71.5,235,16,15,486,37,1424,189,Mobile,USA
USR004681,30.0,4.2,7.2,36.7,10.9,34.2,509,2,61,70,44,365,331,Mobile,USA
USR004682,68.1,2.3,1.1,72.7,18.8,70.6,4,45,87,91,20,3256,73,Mobile,Australia
USR004683,11.8,1.7,5.3,13.9,6.0,41.6,114,20,60,434,29,2512,157,Mobile,India
USR004684,91.6,0.4,3.5,8.8,3.9,76.9,499,47,66,110,44,63,142,Mobile,Australia
USR004685,15.7,3.1,13.9,19.8,29.7,67.5,150,9,7,332,22,1098,208,Desktop,UK
USR004686,15.7,2.4,8.3,70.6,4.9,45.6,72,6,83,402,94,624,352,Mobile,Australia
USR004687,5.3,1.1,5.5,63.4,30.9,57.5,7,24,7,89,81,2051,276,Mobile,Australia
USR004688,32.0,2.3,6.6,121.3,9.8,37.0,283,35,58,106,69,2627,263,Mobile,UK
USR004689,15.0,9.2,14.5,80.9,9.8,78.5,386,14,10,48,5,2289,165,Mobile,Brazil
USR004690,32.3,7.3,13.8,19.0,4.3,65.3,167,33,82,187,72,2370,106,Mobile,Brazil
USR004691,30.5,12.0,4.3,0.0,0.1,45.6,111,3,49,446,73,2776,225,Mobile,Brazil
USR004692,12.6,1.4,7.3,24.2,1.9,88.1,172,49,32,464,1,250,108,Mobile,Japan
USR004693,34.2,5.8,5.6,84.9,1.6,33.6,60,7,95,291,70,559,220,Desktop,Brazil
USR004694,13.0,2.1,0.4,33.4,2.8,93.4,212,18,85,447,40,1261,221,Mobile,Japan
USR004695,86.7,0.9,10.0,58.0,2.3,98.5,99,27,80,143,80,2637,21,Mobile,UK
USR004696,166.2,5.8,2.8,14.6,14.4,62.3,149,26,51,313,11,2828,303,Mobile,Japan
USR004697,84.1,3.2,12.1,5.7,0.8,37.0,284,42,94,423,56,626,59,Mobile,USA
USR004698,48.1,4.9,11.1,21.4,3.4,23.1,57,47,65,220,11,3307,189,Mobile,Japan
USR004699,82.5,11.2,10.2,76.1,2.5,53.4,251,47,15,409,21,2585,289,Mobile,Japan
USR004700,13.1,7.8,1.5,3.5,0.9,84.8,537,35,55,269,3,2771,64,Mobile,Australia
USR004701,41.0,5.5,12.2,126.8,6.4,56.1,160,49,56,243,88,2043,362,Mobile,Australia
USR004702,49.1,0.8,5.6,54.0,9.2,81.7,177,12,48,178,94,957,109,Mobile,Japan
USR004703,63.0,2.8,11.9,10.4,16.2,39.7,42,41,67,41,69,2749,232,Mobile,Germany
USR004704,15.5,3.5,3.3,36.5,5.1,75.0,1124,3,7,217,57,3207,193,Mobile,USA
USR004705,4.3,13.4,3.1,95.3,16.7,73.4,3,48,3,300,81,1291,5,Desktop,Australia
USR004706,26.2,0.5,11.8,128.0,25.3,52.1,22,2,10,171,9,3076,139,Mobile,UK
USR004707,80.9,1.4,13.0,9.1,14.3,28.8,11,2,5,121,65,1877,284,Mobile,Australia
USR004708,99.6,1.6,15.3,88.0,0.9,53.9,5,7,32,26,96,1433,187,Mobile,Australia
USR004709,58.1,0.5,5.2,55.0,12.8,28.8,142,8,83,170,15,1493,139,Desktop,Australia
USR004710,1.2,8.4,3.3,39.4,4.2,95.5,181,36,39,496,77,993,201,Desktop,Japan
USR004711,28.5,13.5,0.9,32.6,14.0,48.2,745,8,35,169,44,2717,71,Tablet,India
USR004712,40.0,4.1,0.0,16.6,1.3,67.7,229,20,61,456,83,3050,217,Desktop,Germany
USR004713,99.2,5.0,12.8,36.9,6.2,56.3,58,25,80,201,98,2082,150,Mobile,Australia
USR004714,91.1,4.0,1.5,72.9,10.6,51.0,110,1,36,258,73,1680,231,Desktop,USA
USR004715,74.0,7.1,6.5,14.8,7.0,46.3,76,27,74,77,84,1881,261,Mobile,Brazil
USR004716,17.1,2.8,10.3,6.0,0.9,72.6,75,18,59,180,3,3043,84,Mobile,Germany
USR004717,8.3,10.8,5.7,70.6,20.7,39.1,346,47,91,303,90,341,151,Mobile,Brazil
USR004718,32.5,0.5,2.2,61.0,3.5,36.7,433,0,92,257,52,1499,151,Mobile,Australia
USR004719,1.0,3.9,8.8,20.8,5.7,60.9,45,31,61,473,92,2987,291,Mobile,USA
USR004720,106.2,7.4,3.5,13.5,4.1,60.1,40,11,63,0,77,1159,199,Tablet,Germany
USR004721,95.0,3.4,1.0,30.2,21.9,31.6,224,38,44,87,13,1239,155,Mobile,Australia
USR004722,41.9,8.0,2.4,91.8,1.6,68.7,214,0,31,250,76,450,238,Tablet,Australia
USR004723,109.8,5.0,9.3,21.1,16.0,91.3,250,39,49,234,0,355,282,Mobile,Australia
USR004724,96.5,6.4,3.9,4.3,3.2,93.6,388,5,76,279,30,384,329,Mobile,Germany
USR004725,80.3,9.1,1.6,55.2,13.2,68.2,400,33,37,496,85,2103,355,Mobile,Australia
USR004726,13.6,3.8,2.2,28.4,59.1,25.4,533,13,60,241,84,1540,240,Tablet,India
USR004727,98.4,4.9,5.6,60.3,7.4,34.6,163,8,80,255,14,2520,315,Mobile,Japan
USR004728,156.5,7.4,24.8,75.5,13.9,83.4,188,32,69,181,23,1649,323,Mobile,India
USR004729,147.5,3.6,2.6,3.3,0.7,97.7,227,1,17,79,19,3499,256,Desktop,India
USR004730,92.8,13.6,4.0,10.3,0.1,25.0,76,49,85,288,41,418,315,Mobile,Brazil
USR004731,97.8,2.1,5.3,22.0,17.9,38.9,3,41,2,20,54,738,286,Mobile,USA
USR004732,1.0,0.1,7.5,50.6,14.6,71.9,301,17,71,370,73,2221,156,Mobile,Germany
USR004733,22.1,9.6,0.1,3.0,16.7,95.0,41,24,58,476,64,3008,178,Mobile,Japan
USR004734,4.5,15.0,5.6,8.0,2.3,60.6,40,0,56,309,19,1619,26,Desktop,Brazil
USR004735,89.3,0.1,11.9,23.0,9.2,98.7,4,3,99,141,71,1082,56,Mobile,Japan
USR004736,124.8,10.5,3.5,229.7,4.7,58.1,483,17,38,94,89,2328,174,Mobile,Brazil
USR004737,59.7,19.4,1.7,184.5,10.0,64.1,53,9,12,222,21,2779,198,Mobile,Australia
USR004738,248.6,1.2,2.8,13.9,8.2,81.5,638,29,83,83,41,1996,233,Mobile,Germany
USR004739,23.4,0.0,0.3,51.1,0.4,50.2,18,22,2,387,13,2572,308,Tablet,Japan
USR004740,1.6,2.7,15.4,12.7,13.7,71.7,163,43,78,239,77,3320,62,Mobile,Germany
USR004741,11.1,13.3,2.2,22.6,1.2,91.9,313,9,35,365,49,3084,25,Tablet,India
USR004742,1.4,4.9,0.4,7.0,27.7,65.2,117,19,1,416,30,1463,123,Mobile,UK
USR004743,32.1,7.7,4.8,22.5,19.3,95.4,597,30,12,298,68,3205,352,Mobile,Japan
USR004744,24.1,8.8,6.5,83.1,20.4,71.7,28,25,88,312,87,2244,57,Desktop,India
USR004745,50.7,0.6,7.3,25.0,5.1,41.8,391,31,62,142,4,2234,136,Mobile,UK
USR004746,21.1,2.3,9.1,2.1,10.6,80.8,170,42,43,121,36,2751,104,Mobile,USA
USR004747,72.6,1.8,11.1,78.4,3.9,99.7,219,16,65,108,62,3321,21,Desktop,Japan
USR004748,126.4,11.9,1.4,96.9,11.0,29.3,87,28,50,29,30,3564,148,Mobile,Japan
USR004749,29.7,6.3,0.6,154.8,8.5,82.1,180,22,75,205,68,2288,334,Mobile,Germany
USR004750,116.8,3.8,4.4,13.7,9.2,92.3,152,18,49,283,58,1255,299,Mobile,Japan
USR004751,93.3,1.7,16.8,116.5,9.6,62.0,350,45,26,165,12,1538,42,Mobile,Australia
USR004752,14.9,3.0,0.0,171.7,10.0,62.7,115,21,95,150,4,1464,348,Mobile,Germany
USR004753,14.2,0.1,2.8,64.5,3.1,83.4,164,27,90,325,37,2318,112,Mobile,Brazil
USR004754,59.1,0.6,7.9,79.6,5.5,35.1,414,28,22,463,88,1250,21,Desktop,Brazil
USR004755,65.1,6.5,0.2,118.7,1.0,34.1,101,1,44,481,81,1094,227,Mobile,Brazil
USR004756,24.5,7.0,15.5,24.3,1.5,21.1,238,43,23,136,16,3106,203,Desktop,Japan
USR004757,99.3,2.5,3.0,43.5,31.8,91.0,17,6,71,261,47,232,12,Mobile,India
USR004758,167.9,13.6,0.4,151.1,16.9,76.5,15,15,46,154,88,3576,258,Mobile,UK
USR004759,15.1,6.4,4.0,131.9,16.1,61.1,193,20,6,469,45,1587,36,Tablet,Germany
USR004760,136.2,5.0,2.9,46.9,11.2,41.4,314,34,11,226,39,1629,210,Tablet,Brazil
USR004761,150.6,0.1,17.4,21.9,3.4,36.4,25,15,94,420,29,716,268,Desktop,Australia
USR004762,53.4,5.8,3.4,36.3,0.2,39.0,628,35,85,149,1,2449,196,Mobile,Japan
USR004763,28.6,5.0,5.7,33.5,9.4,31.6,160,18,77,492,84,2488,22,Mobile,Japan
USR004764,69.9,3.2,17.2,9.4,3.2,39.9,88,31,6,478,1,893,43,Mobile,Australia
USR004765,31.4,3.1,1.1,116.5,4.2,28.8,226,19,41,355,58,859,351,Mobile,UK
USR004766,162.5,9.6,1.4,38.8,12.2,54.2,22,26,67,304,61,2455,195,Mobile,Germany
USR004767,20.6,1.0,5.2,11.4,4.2,85.4,11,8,1,295,28,512,57,Mobile,Brazil
USR004768,48.0,17.5,5.8,20.5,12.0,35.1,281,6,9,384,5,2495,107,Mobile,Brazil
USR004769,31.0,0.4,24.7,12.0,10.6,28.1,264,31,85,221,99,2248,188,Mobile,USA
USR004770,30.6,2.1,11.2,29.2,8.9,56.1,339,34,73,275,17,2544,82,Tablet,India
USR004771,20.0,5.3,13.8,24.6,5.5,60.7,151,46,9,156,17,3330,165,Desktop,Australia
USR004772,7.9,0.1,3.5,6.3,5.7,98.9,69,25,62,449,89,2296,293,Desktop,Brazil
USR004773,1.8,6.0,4.3,12.9,15.1,64.1,116,25,32,428,28,1699,335,Desktop,India
USR004774,132.8,8.8,4.4,41.5,18.3,67.4,20,10,58,107,23,711,72,Mobile,USA
USR004775,17.6,10.8,6.4,65.1,7.4,37.1,547,4,47,276,44,2293,357,Desktop,USA
USR004776,21.2,0.1,1.1,8.7,44.6,64.5,44,28,73,12,57,2540,134,Mobile,USA
USR004777,1.0,20.3,3.9,19.5,3.9,99.5,42,35,17,476,23,2171,339,Mobile,USA
USR004778,14.2,1.4,10.5,21.5,11.0,81.1,322,21,52,455,28,1564,120,Mobile,Japan
USR004779,60.8,6.7,3.0,63.0,23.4,54.0,81,45,92,456,20,3280,129,Mobile,Australia
USR004780,147.4,4.7,14.9,41.8,2.1,93.6,137,25,3,463,45,971,233,Mobile,Brazil
USR004781,85.0,2.0,7.8,76.5,4.3,86.2,495,16,54,129,84,1049,98,Mobile,Australia
USR004782,50.9,4.1,2.8,23.0,13.9,38.1,531,30,52,493,71,1079,276,Mobile,UK
USR004783,29.2,0.1,12.9,15.6,0.8,82.5,220,7,45,220,56,801,334,Desktop,UK
USR004784,79.9,9.5,1.4,12.3,9.9,23.4,63,48,97,459,25,3158,236,Mobile,Australia
USR004785,68.0,0.6,11.1,39.5,10.8,32.3,364,13,66,345,33,1594,141,Desktop,UK
USR004786,103.2,9.3,8.4,43.9,5.3,22.2,107,25,56,429,76,3426,180,Mobile,UK
USR004787,9.3,0.3,1.0,104.4,3.9,52.8,23,36,44,404,93,2716,102,Mobile,Japan
USR004788,28.5,2.3,2.2,58.1,23.5,89.6,175,32,42,453,9,1264,184,Tablet,UK
USR004789,57.7,0.8,3.5,82.4,3.1,94.0,76,40,9,180,31,2425,154,Mobile,USA
USR004790,31.5,1.1,1.7,48.7,0.3,63.8,86,18,15,56,36,3287,220,Tablet,Brazil
USR004791,97.4,6.9,13.5,46.7,12.2,30.6,402,17,83,108,9,2857,146,Mobile,Germany
USR004792,160.4,0.5,3.7,68.0,2.8,26.0,81,26,74,451,72,1257,335,Mobile,India
USR004793,7.3,0.9,5.2,64.1,26.1,41.3,47,18,83,438,92,476,226,Desktop,India
USR004794,24.2,5.0,22.5,24.2,18.5,80.8,426,23,8,377,92,1982,316,Tablet,Brazil
USR004795,80.2,2.6,24.3,158.9,5.6,69.5,52,23,83,129,70,2609,339,Tablet,UK
USR004796,85.9,3.0,3.4,53.4,1.8,20.9,200,9,43,416,88,1918,314,Mobile,USA
USR004797,32.8,4.2,11.8,37.8,2.0,57.0,187,29,61,300,22,3493,25,Mobile,Japan
USR004798,26.0,1.4,3.4,13.6,16.9,59.9,97,21,6,399,23,2722,203,Mobile,Japan
USR004799,72.8,0.8,8.5,91.3,27.2,97.8,447,28,41,266,4,647,20,Mobile,India
USR004800,17.6,3.3,4.1,218.4,9.8,25.7,92,25,93,480,74,2088,17,Tablet,UK
USR004801,7.7,0.8,5.2,142.9,10.0,54.3,96,10,21,94,45,2113,361,Tablet,Brazil
USR004802,114.7,8.4,2.9,169.6,15.0,75.2,213,34,22,216,85,2779,270,Mobile,Germany
USR004803,2.9,4.4,1.6,84.5,3.2,31.3,193,12,99,16,81,2714,76,Desktop,USA
USR004804,47.7,6.3,7.1,3.7,8.5,82.6,202,26,52,398,66,165,156,Mobile,Japan
USR004805,36.6,3.0,1.0,24.1,7.9,90.6,90,40,61,236,58,1277,117,Mobile,Brazil
USR004806,109.2,8.5,0.4,54.1,0.8,74.0,87,24,21,351,7,2756,60,Desktop,Brazil
USR004807,9.0,4.8,8.4,95.9,23.5,40.9,72,47,21,401,64,1669,287,Mobile,India
USR004808,22.3,1.5,0.5,39.5,14.0,67.7,74,49,88,227,20,46,46,Mobile,India
USR004809,37.1,1.9,3.6,13.0,4.1,43.2,236,7,1,85,16,2760,91,Tablet,Japan
USR004810,180.1,12.6,1.4,5.3,11.9,38.1,77,15,66,288,90,424,359,Tablet,India
USR004811,97.6,7.7,2.0,24.3,9.3,79.6,293,44,75,277,3,3590,213,Mobile,India
USR004812,103.5,0.1,3.6,28.6,10.5,42.3,92,22,29,482,61,357,106,Desktop,India
USR004813,2.1,16.4,0.1,11.9,6.6,90.4,22,40,79,330,7,2001,112,Desktop,Germany
USR004814,75.0,3.1,1.0,49.5,7.0,81.3,83,3,70,311,8,2490,22,Desktop,India
USR004815,62.5,0.9,6.2,116.4,4.3,74.9,166,44,88,116,44,2831,71,Mobile,Brazil
USR004816,51.5,5.1,1.6,9.0,4.5,46.6,121,45,96,184,69,2401,219,Desktop,Japan
USR004817,51.3,9.1,8.4,77.9,1.1,36.7,21,0,87,168,56,956,359,Mobile,Japan
USR004818,63.1,4.5,11.1,26.2,1.4,94.9,80,34,63,185,89,2348,72,Desktop,Australia
USR004819,29.9,3.4,10.7,65.2,38.1,28.3,182,6,90,445,84,3398,317,Mobile,Brazil
USR004820,70.1,0.1,9.4,12.2,3.4,41.2,85,32,45,30,45,909,140,Mobile,Japan
USR004821,46.9,5.9,36.6,25.3,18.5,55.5,436,41,72,120,24,1855,334,Desktop,Australia
USR004822,67.3,2.5,5.1,40.1,19.7,24.0,281,0,10,155,93,737,180,Mobile,Germany
USR004823,213.5,3.9,8.0,3.0,4.3,99.5,285,39,48,18,8,3476,79,Mobile,India
USR004824,46.9,1.0,3.0,169.2,71.6,97.6,72,43,42,26,37,1422,155,Mobile,Brazil
USR004825,33.4,6.2,0.6,82.9,16.2,79.9,356,39,53,266,73,614,56,Mobile,Brazil
USR004826,5.5,3.2,10.1,77.9,10.5,45.8,386,16,8,265,74,2072,244,Mobile,Japan
USR004827,38.1,1.9,0.2,10.5,2.8,91.7,332,32,97,374,68,1247,330,Mobile,India
USR004828,4.1,7.8,10.2,6.5,3.5,89.5,88,38,50,164,70,1286,147,Mobile,India
USR004829,126.3,3.8,6.8,67.2,0.9,97.5,15,48,67,375,23,3046,321,Mobile,USA
USR004830,40.0,1.7,3.7,2.3,5.7,38.3,179,25,51,371,2,581,145,Mobile,Australia
USR004831,65.1,0.5,4.6,9.6,2.2,58.9,129,39,54,132,82,933,125,Mobile,India
USR004832,106.6,7.8,7.7,31.8,24.2,57.8,8,27,71,415,21,670,77,Mobile,UK
USR004833,18.4,5.2,3.8,49.3,7.4,91.3,107,25,45,104,23,2182,301,Tablet,USA
USR004834,11.2,2.0,0.5,137.5,43.3,50.5,233,28,50,53,56,3207,195,Mobile,USA
USR004835,46.9,1.6,0.6,135.9,1.6,65.6,78,46,92,34,69,1657,64,Desktop,India
USR004836,14.5,20.2,22.5,1.6,0.4,37.1,92,9,75,454,64,919,250,Mobile,USA
USR004837,39.0,1.9,12.7,59.4,3.1,91.6,170,48,8,398,18,1330,192,Mobile,UK
USR004838,42.3,6.5,5.8,21.2,3.8,33.4,78,5,3,441,85,1092,73,Mobile,India
USR004839,7.0,4.3,0.5,43.4,3.8,46.0,411,33,15,140,18,1735,350,Mobile,India
USR004840,9.9,1.0,0.2,9.7,4.9,66.6,537,9,19,454,98,1438,353,Mobile,India
USR004841,3.5,6.9,15.8,16.3,24.8,36.3,27,38,27,159,40,3197,287,Desktop,Brazil
USR004842,12.3,3.6,2.8,39.0,16.9,54.7,59,19,73,259,90,163,259,Mobile,India
USR004843,42.8,1.5,26.3,9.3,22.4,50.2,165,11,26,273,58,608,78,Desktop,Japan
USR004844,139.4,0.4,13.7,76.8,4.2,24.9,77,39,70,299,33,1954,313,Mobile,USA
USR004845,8.4,1.7,3.5,15.0,14.3,94.7,53,21,53,306,78,1792,184,Mobile,UK
USR004846,13.5,2.6,6.8,1.9,27.9,54.8,172,28,6,373,54,1392,121,Mobile,Germany
USR004847,41.0,7.2,2.8,31.8,6.4,27.1,62,45,42,101,34,182,324,Mobile,UK
USR004848,11.7,1.4,11.3,51.5,35.0,55.5,467,21,54,208,15,1399,225,Desktop,Brazil
USR004849,19.8,7.5,24.5,29.4,12.7,91.6,163,7,34,185,54,1841,216,Mobile,USA
USR004850,22.8,4.7,3.6,29.6,7.7,64.8,10,47,97,239,52,384,150,Mobile,India
USR004851,42.1,2.3,5.5,21.2,10.6,58.1,91,20,28,456,44,2342,360,Mobile,UK
USR004852,115.6,0.2,1.7,96.4,6.3,97.9,54,1,12,417,34,383,123,Mobile,Japan
USR004853,4.2,1.2,1.9,14.8,1.6,80.3,194,46,24,83,43,479,311,Desktop,Japan
USR004854,3.5,10.0,3.2,72.2,4.5,46.4,384,45,23,371,5,1009,61,Mobile,UK
USR004855,17.5,1.9,8.7,84.8,9.9,49.7,114,3,18,261,39,724,295,Tablet,Germany
USR004856,8.2,1.9,3.7,37.6,3.5,92.6,303,15,99,21,27,3572,289,Mobile,UK
USR004857,51.1,1.6,0.3,5.3,8.0,29.3,214,33,3,407,98,2352,0,Mobile,Germany
USR004858,63.7,3.1,4.3,13.2,20.0,75.8,0,7,11,209,67,3183,303,Mobile,Japan
USR004859,42.0,6.6,17.6,68.4,14.1,21.9,361,11,31,127,43,1263,242,Desktop,India
USR004860,6.8,2.4,0.1,3.1,28.6,94.1,17,6,84,304,1,1668,232,Mobile,Germany
USR004861,16.3,6.1,2.3,30.3,1.6,51.7,51,27,85,287,80,456,16,Mobile,Germany
USR004862,7.2,3.2,3.3,50.9,2.3,80.8,438,27,55,377,77,3536,36,Mobile,India
USR004863,116.0,6.6,6.2,72.4,18.2,63.6,1,23,95,269,24,2472,20,Tablet,Germany
USR004864,46.6,1.0,0.9,51.7,23.9,43.5,121,20,7,344,29,2450,152,Mobile,India
USR004865,5.1,0.5,8.5,11.0,10.2,94.0,97,24,87,474,46,2852,51,Mobile,Australia
USR004866,10.7,12.0,6.7,34.7,7.3,73.9,319,47,46,307,94,88,128,Mobile,UK
USR004867,10.9,7.0,3.3,32.5,0.2,58.6,80,12,29,189,31,2179,98,Mobile,Australia
USR004868,10.2,3.6,14.3,19.5,5.4,99.1,25,36,27,475,16,2104,222,Mobile,Germany
USR004869,1.0,5.4,6.6,14.4,1.0,49.3,86,49,11,125,6,1589,267,Mobile,USA
USR004870,131.0,24.3,18.5,110.9,2.3,32.7,33,36,95,398,77,2639,148,Mobile,UK
USR004871,38.0,4.9,1.5,56.1,0.7,90.9,396,20,47,89,56,177,270,Mobile,Brazil
USR004872,146.9,1.0,24.2,59.7,11.4,60.4,189,25,86,23,35,838,153,Mobile,UK
USR004873,13.1,5.5,2.9,6.2,13.9,88.2,50,37,2,115,6,2836,221,Desktop,Germany
USR004874,44.2,5.1,1.1,23.3,0.0,59.1,386,24,10,430,40,1290,177,Mobile,UK
USR004875,4.7,10.6,9.0,12.1,4.0,60.7,91,9,26,85,24,494,10,Desktop,Germany
USR004876,5.8,16.8,10.5,11.8,5.2,84.0,271,38,90,11,52,2542,90,Desktop,USA
USR004877,105.0,0.6,26.6,46.1,23.4,83.7,9,37,54,429,63,3345,6,Mobile,India
USR004878,56.0,1.1,7.2,129.0,11.0,85.6,119,6,0,476,89,3609,89,Desktop,Germany
USR004879,8.7,2.2,2.0,1.9,30.3,28.4,26,49,3,314,48,3532,317,Mobile,India
USR004880,47.5,1.8,26.9,34.8,5.1,21.5,261,13,81,279,43,436,206,Desktop,UK
USR004881,54.9,1.6,3.1,246.1,17.8,59.2,416,23,80,69,71,2145,275,Mobile,Japan
USR004882,2.2,2.0,17.2,9.6,2.7,68.6,129,28,9,78,54,2876,274,Mobile,Brazil
USR004883,119.5,1.7,18.2,3.5,8.5,78.4,718,37,11,314,87,2262,147,Mobile,Germany
USR004884,92.1,12.4,4.8,23.5,30.9,24.2,12,9,99,405,30,1623,40,Mobile,India
USR004885,1.0,12.8,1.4,13.9,26.3,66.4,224,25,69,64,18,1543,160,Tablet,India
USR004886,8.2,4.0,4.5,41.2,0.6,21.2,77,31,5,82,14,3566,312,Tablet,UK
USR004887,10.7,7.8,2.9,31.3,18.1,28.6,66,9,98,63,72,1131,294,Mobile,Australia
USR004888,91.6,0.3,5.3,19.6,9.9,89.4,291,13,2,278,17,350,350,Desktop,Japan
USR004889,82.4,3.1,21.4,120.9,7.2,75.9,23,30,91,341,80,607,333,Desktop,Japan
USR004890,60.4,4.4,15.9,13.4,6.7,68.7,413,18,43,497,85,3306,60,Desktop,Brazil
USR004891,29.3,1.7,2.6,76.7,26.5,60.7,83,21,98,156,69,3623,345,Desktop,India
USR004892,75.7,7.9,1.4,13.8,1.1,23.0,88,9,70,468,93,2389,20,Mobile,Australia
USR004893,107.3,4.5,2.8,48.3,2.0,75.8,34,47,47,339,38,2384,222,Mobile,USA
USR004894,33.6,10.3,3.7,35.2,5.9,59.1,42,18,29,495,51,1316,72,Mobile,Germany
USR004895,47.8,1.9,2.8,42.3,20.2,31.7,66,49,17,429,60,3045,250,Mobile,Brazil
USR004896,94.9,5.1,20.2,8.0,23.6,33.7,126,14,82,163,23,1092,117,Desktop,Japan
USR004897,84.1,4.8,7.9,55.3,0.9,36.4,94,42,74,459,66,3046,267,Desktop,Brazil
USR004898,51.2,1.9,4.4,13.9,3.9,97.0,20,44,52,312,12,110,260,Mobile,Brazil
USR004899,11.3,0.3,2.7,27.0,11.0,79.5,16,9,62,175,37,2995,142,Mobile,India
USR004900,8.6,0.2,6.4,192.0,18.0,93.3,153,9,13,50,0,2140,125,Mobile,Japan
USR004901,94.1,8.2,6.1,135.1,1.5,42.1,127,39,41,279,90,820,261,Mobile,USA
USR004902,88.1,6.5,12.5,67.0,17.6,74.0,73,12,33,191,6,1848,344,Desktop,Brazil
USR004903,18.3,8.8,3.3,151.7,1.7,52.6,335,16,91,360,59,1588,363,Mobile,Germany
USR004904,30.4,2.1,14.2,74.9,2.1,78.2,90,13,31,385,21,295,332,Mobile,India
USR004905,61.6,1.5,13.6,0.9,8.1,58.7,87,14,97,43,29,238,299,Mobile,Germany
USR004906,9.9,5.5,2.6,45.2,0.0,37.8,607,41,79,198,76,2447,134,Desktop,Japan
USR004907,47.1,0.1,4.9,52.0,10.0,74.2,21,31,42,304,40,1358,164,Mobile,Japan
USR004908,21.7,12.0,1.8,22.3,13.3,79.3,1,14,17,357,17,1089,89,Desktop,Japan
USR004909,49.6,3.5,13.3,113.4,20.2,30.5,93,10,54,93,49,1080,255,Mobile,Brazil
USR004910,11.6,0.9,4.1,94.1,1.1,45.0,23,41,92,17,86,2139,328,Mobile,Japan
USR004911,28.6,1.5,3.1,10.4,5.6,99.4,2,5,49,150,47,1129,173,Tablet,India
USR004912,22.2,3.1,1.0,61.3,9.9,57.5,118,8,44,469,17,1641,292,Mobile,USA
USR004913,128.5,0.9,0.3,64.9,10.6,97.7,108,5,41,176,37,2325,131,Tablet,Brazil
USR004914,46.2,3.9,2.6,25.7,8.0,50.2,82,10,69,228,47,2508,141,Mobile,USA
USR004915,50.8,2.9,7.8,161.2,1.7,34.7,352,2,71,310,86,601,44,Mobile,Brazil
USR004916,282.3,1.2,2.4,19.7,13.8,92.6,189,46,87,408,51,3287,195,Mobile,Brazil
USR004917,104.7,8.8,0.8,31.4,5.9,95.6,174,40,23,130,72,2745,276,Mobile,India
USR004918,73.0,0.9,2.4,41.5,16.8,38.7,99,36,10,107,21,2227,228,Mobile,UK
USR004919,177.0,3.9,3.8,0.6,10.2,55.6,46,18,37,405,18,1055,285,Mobile,Japan
USR004920,1.0,4.6,1.1,0.1,1.6,27.6,69,26,14,172,74,2727,3,Tablet,USA
USR004921,51.7,0.4,3.4,117.3,0.8,76.4,40,5,89,33,19,1704,7,Mobile,UK
USR004922,52.3,2.9,20.5,62.4,6.0,42.8,736,2,82,50,62,3069,26,Mobile,Australia
USR004923,169.2,2.1,22.3,34.0,2.1,22.4,26,34,43,337,23,2611,57,Mobile,India
USR004924,20.7,2.0,54.0,274.0,22.0,48.4,545,34,1,109,30,534,254,Mobile,Germany
USR004925,84.9,5.2,10.2,6.6,10.6,67.7,251,5,86,219,53,2843,91,Mobile,Australia
USR004926,133.3,2.5,10.4,30.8,3.7,97.8,66,10,8,368,1,3323,192,Desktop,Japan
USR004927,38.9,0.6,4.4,48.1,7.7,39.2,246,12,41,361,90,3003,16,Mobile,USA
USR004928,53.5,9.1,10.0,26.1,2.8,37.4,255,29,60,357,89,2814,178,Desktop,Germany
USR004929,23.2,0.9,3.9,45.7,3.4,48.4,171,2,89,99,1,523,210,Mobile,Brazil
USR004930,70.5,12.7,9.1,57.2,1.8,87.3,111,44,77,388,26,973,250,Mobile,India
USR004931,32.7,2.7,3.1,134.6,0.0,73.1,126,1,97,40,13,2662,91,Mobile,USA
USR004932,7.9,0.2,8.8,48.4,10.8,72.6,38,16,48,119,20,540,230,Mobile,USA
USR004933,63.0,10.2,1.4,18.4,4.6,76.9,12,32,69,226,18,2571,294,Tablet,Japan
USR004934,129.9,0.7,4.0,19.7,2.5,71.9,553,37,25,196,85,3583,358,Desktop,India
USR004935,144.3,0.9,0.4,33.5,11.6,73.0,241,13,12,276,40,1265,101,Mobile,India
USR004936,72.6,1.3,5.1,16.2,12.3,32.2,2,42,64,480,79,2844,358,Mobile,Japan
USR004937,125.4,1.0,4.2,14.5,4.4,97.4,5,10,61,252,47,2444,330,Desktop,Japan
USR004938,47.5,5.1,21.8,14.4,21.9,94.0,151,33,77,116,96,2748,132,Mobile,Brazil
USR004939,24.8,6.7,1.8,116.6,9.6,71.7,36,36,2,243,65,1776,309,Desktop,Japan
USR004940,1.0,1.3,2.9,175.4,5.4,66.3,41,29,32,67,77,1916,219,Mobile,Japan
USR004941,11.6,29.1,1.1,24.8,19.1,63.8,57,9,90,20,24,3015,345,Desktop,USA
USR004942,12.7,2.6,2.4,42.9,1.5,78.3,2,10,42,265,27,2999,180,Mobile,Brazil
USR004943,57.6,0.9,1.5,19.0,2.7,71.5,8,49,17,191,64,2208,290,Mobile,Brazil
USR004944,10.9,33.8,4.2,71.6,5.6,30.3,58,10,86,391,2,624,30,Mobile,Germany
USR004945,32.9,8.2,4.0,15.7,2.2,35.4,149,44,67,136,44,2391,276,Mobile,Germany
USR004946,66.0,2.5,3.2,14.0,8.4,77.9,167,17,24,186,72,641,300,Desktop,Australia
USR004947,13.7,12.0,13.6,29.3,3.1,94.8,95,11,3,125,59,807,272,Tablet,UK
USR004948,21.9,2.1,1.2,23.2,41.6,99.7,67,47,56,213,85,2238,73,Mobile,India
USR004949,38.5,1.0,2.6,14.2,0.5,53.3,18,48,15,376,12,1812,149,Mobile,Australia
USR004950,1.1,0.7,3.8,13.0,19.2,81.0,33,43,63,42,70,1842,285,Mobile,Brazil
USR004951,97.0,1.0,16.4,27.8,6.4,66.2,129,6,8,313,85,2140,362,Mobile,Germany
USR004952,199.4,6.1,15.7,103.8,4.5,90.3,173,39,58,250,53,1871,342,Mobile,Brazil
USR004953,15.6,1.5,3.9,20.3,9.0,38.9,115,33,61,48,84,3632,27,Tablet,Japan
USR004954,9.3,0.5,8.8,5.0,4.8,26.3,290,45,59,348,60,2290,132,Mobile,India
USR004955,44.5,0.5,7.2,14.5,2.6,33.3,216,39,13,374,51,2869,72,Mobile,Australia
USR004956,15.0,2.8,5.8,23.7,7.1,39.4,392,2,50,368,48,1579,259,Mobile,Brazil
USR004957,163.4,7.6,0.3,41.2,11.3,91.3,5,45,76,143,68,2216,164,Mobile,Japan
USR004958,6.1,7.8,12.9,140.3,1.9,87.8,223,2,40,364,70,2396,209,Mobile,India
USR004959,16.1,6.1,6.9,24.5,11.4,89.5,11,22,64,264,96,902,195,Mobile,UK
USR004960,129.5,4.5,16.0,7.3,19.2,67.3,484,2,69,470,24,2433,2,Desktop,Germany
USR004961,57.5,6.6,0.4,20.2,0.4,29.1,788,28,45,483,13,3357,260,Tablet,India
USR004962,20.7,0.5,12.4,15.8,3.4,42.2,28,40,55,6,86,2549,199,Mobile,UK
USR004963,15.6,1.3,0.6,15.8,8.1,82.6,53,21,59,105,28,142,309,Mobile,USA
USR004964,116.4,5.6,2.4,35.6,9.0,26.1,66,26,46,384,90,1276,253,Mobile,UK
USR004965,11.3,2.5,9.4,10.8,17.0,42.1,262,3,23,413,3,1275,12,Mobile,Brazil
USR004966,192.9,0.9,4.1,15.2,14.7,75.0,346,38,57,361,66,2319,154,Desktop,Germany
USR004967,46.0,3.0,9.3,111.1,3.8,65.0,95,43,32,239,84,1804,43,Mobile,USA
USR004968,31.1,13.4,0.0,24.8,15.8,39.2,126,38,1,120,74,732,40,Mobile,Brazil
USR004969,3.3,6.0,0.8,97.3,14.9,70.0,183,10,88,12,98,1559,59,Mobile,USA
USR004970,133.8,3.4,7.3,67.2,4.3,37.7,442,28,58,42,54,1292,298,Mobile,Brazil
USR004971,17.7,4.5,1.1,82.2,5.7,92.0,57,26,55,68,50,1636,152,Mobile,USA
USR004972,39.1,4.0,2.2,17.0,21.1,40.6,539,27,60,73,54,560,142,Desktop,Japan
USR004973,19.3,1.3,3.8,54.2,14.7,21.1,373,38,60,413,56,701,25,Mobile,UK
USR004974,78.2,2.7,8.7,182.4,9.7,79.6,242,43,7,43,74,1518,349,Mobile,UK
USR004975,69.0,0.9,1.8,69.4,5.4,50.3,91,29,58,455,82,374,59,Mobile,Germany
USR004976,61.8,2.4,6.0,141.4,5.0,77.9,72,2,82,391,32,3356,289,Mobile,Japan
USR004977,82.5,3.4,7.4,85.2,8.0,89.1,63,17,9,339,74,2289,194,Mobile,Australia
USR004978,24.5,7.8,7.2,6.4,4.1,63.8,480,41,78,448,9,790,222,Mobile,USA
USR004979,21.4,1.2,4.7,105.5,55.6,89.1,162,21,81,130,90,1741,268,Mobile,USA
USR004980,6.0,9.2,6.4,54.9,19.2,76.1,169,12,74,480,8,2471,22,Desktop,USA
USR004981,2.3,1.8,8.3,21.2,18.5,28.3,186,21,73,127,99,3219,302,Mobile,Australia
USR004982,138.4,6.5,2.0,55.4,1.0,64.7,14,30,15,200,38,376,363,Mobile,India
USR004983,60.3,0.1,1.7,19.8,26.3,53.8,57,39,45,242,68,2001,317,Mobile,USA
USR004984,63.6,3.1,12.7,47.1,2.5,44.5,325,29,5,73,50,3113,344,Mobile,India
USR004985,64.6,12.8,0.7,11.1,15.0,24.8,151,16,22,157,34,1908,141,Mobile,Brazil
USR004986,5.8,4.4,1.8,28.5,1.4,51.1,267,39,54,285,38,3524,359,Mobile,Germany
USR004987,7.7,1.2,16.5,43.2,1.8,82.9,261,18,67,183,12,2617,6,Mobile,Germany
USR004988,59.6,10.3,5.5,34.2,12.5,50.8,434,46,33,62,21,2099,64,Tablet,UK
USR004989,23.4,3.2,16.5,6.0,1.9,73.1,325,26,99,370,25,1090,50,Mobile,Japan
USR004990,50.1,0.8,8.9,13.4,2.7,26.4,121,41,96,363,24,1198,6,Mobile,Germany
USR004991,15.4,1.5,4.3,129.1,2.2,78.3,49,34,50,320,21,3115,331,Mobile,Japan
USR004992,19.9,0.8,3.4,31.5,10.9,68.9,300,4,29,416,93,2603,296,Mobile,Brazil
USR004993,47.8,16.4,2.7,28.2,9.5,99.3,80,8,42,348,10,2505,313,Tablet,Brazil
USR004994,102.9,1.3,0.1,10.7,7.0,32.2,115,26,30,61,64,2959,75,Desktop,UK
USR004995,54.6,5.0,4.0,4.2,9.4,89.6,17,8,97,474,34,770,21,Mobile,India
USR004996,185.7,2.7,7.1,14.0,3.2,54.2,349,28,3,78,91,1675,149,Tablet,USA
USR004997,149.1,0.6,3.8,29.5,11.0,97.9,22,49,81,29,21,3084,82,Desktop,Japan
USR004998,29.8,6.9,2.8,152.0,6.1,46.0,45,22,76,345,34,2725,285,Mobile,Brazil
USR004999,19.0,8.1,7.5,39.1,11.6,24.3,354,31,8,342,24,243,244,Mobile,UK
USR005000,51.4,1.3,0.5,59.2,7.4,36.9,143,36,10,1,92,1367,250,Desktop,Germany
USR005001,160.4,4.4,16.4,26.8,1.4,37.4,335,26,51,324,29,1549,95,Mobile,Australia
USR005002,42.9,15.1,8.1,247.2,7.7,67.7,42,8,14,414,59,575,1,Mobile,Australia
USR005003,10.7,8.1,11.9,21.3,3.9,75.7,389,30,16,149,45,2670,23,Desktop,India
USR005004,24.6,2.8,1.5,8.7,7.1,53.0,107,22,15,197,88,834,178,Desktop,Australia
USR005005,245.4,0.2,5.8,41.8,2.8,74.8,24,7,17,417,44,74,231,Desktop,UK
USR005006,59.3,17.9,2.1,48.1,2.8,81.1,379,41,95,55,52,681,201,Desktop,Australia
USR005007,52.1,1.0,10.5,41.7,10.2,29.7,286,10,96,172,22,1105,122,Tablet,Brazil
USR005008,8.8,2.6,1.4,95.3,7.6,92.0,512,25,40,22,66,1543,56,Mobile,USA
USR005009,3.7,5.5,1.8,33.3,12.0,90.7,66,27,92,478,38,755,143,Mobile,UK
USR005010,326.9,2.3,1.4,81.6,4.3,60.8,22,21,93,52,94,978,64,Tablet,Brazil
USR005011,6.9,3.2,2.2,8.2,1.8,60.3,155,24,69,144,42,2434,196,Mobile,India
USR005012,28.8,2.7,4.7,1.8,0.6,83.0,258,2,83,103,69,683,117,Mobile,Brazil
USR005013,94.3,24.7,0.9,72.4,19.7,60.9,325,5,29,174,83,3278,321,Desktop,UK
USR005014,16.8,0.3,30.9,33.3,0.9,80.4,11,44,59,132,70,149,9,Desktop,Australia
USR005015,18.8,6.1,0.2,129.1,1.3,96.6,339,31,37,433,40,1770,314,Desktop,Australia
USR005016,37.1,15.5,47.9,60.8,24.6,66.9,10,20,53,191,77,3024,36,Desktop,UK
USR005017,81.7,4.9,28.1,3.1,24.3,39.3,53,44,66,388,35,1528,255,Mobile,Brazil
USR005018,103.0,3.1,0.2,38.3,21.1,91.9,68,36,64,473,45,1969,293,Mobile,Japan
USR005019,71.1,3.6,4.0,2.0,21.4,68.7,57,9,36,477,71,1344,325,Mobile,USA
USR005020,21.5,3.2,1.2,67.9,0.2,94.8,86,9,61,117,53,2098,221,Desktop,USA
USR005021,5.9,5.3,4.2,11.9,1.1,54.4,196,49,67,491,19,173,83,Desktop,Germany
USR005022,34.3,1.6,1.0,31.8,7.8,79.0,342,26,50,416,69,2008,150,Mobile,Germany
USR005023,13.3,12.2,4.0,13.0,17.8,80.6,312,22,67,84,6,832,84,Mobile,Brazil
USR005024,30.5,1.8,30.6,21.3,20.4,39.9,413,20,7,396,78,480,20,Desktop,UK
USR005025,183.2,2.7,7.9,124.5,2.0,79.6,747,18,7,63,6,2742,101,Mobile,Germany
USR005026,113.2,1.2,12.4,73.7,2.0,67.5,76,36,96,36,1,3531,61,Desktop,Japan
USR005027,12.7,4.7,6.1,53.1,8.5,98.7,45,38,6,3,43,899,27,Mobile,UK
USR005028,94.5,7.9,22.0,76.7,6.1,89.6,378,2,29,440,4,2951,285,Mobile,Japan
USR005029,22.1,4.4,1.3,44.2,3.2,30.7,32,7,86,201,26,2131,327,Tablet,Brazil
USR005030,56.3,12.3,14.3,40.8,25.1,26.5,53,11,35,466,97,1286,109,Mobile,Japan
USR005031,145.6,2.6,4.6,92.4,3.1,53.3,250,6,49,242,62,2204,333,Mobile,India
USR005032,18.0,0.1,2.0,15.2,2.5,79.5,20,13,92,481,65,1103,234,Mobile,USA
USR005033,44.8,1.2,3.9,20.5,37.6,35.7,282,41,66,157,52,1008,119,Mobile,Australia
USR005034,33.0,4.3,3.5,48.1,7.6,99.1,329,13,64,428,76,1849,303,Mobile,Australia
USR005035,16.6,12.8,17.1,107.8,1.1,76.4,14,1,94,54,2,555,189,Mobile,Germany
USR005036,99.5,1.8,6.0,3.6,21.7,54.5,49,28,51,68,57,103,172,Desktop,Brazil
USR005037,27.0,4.1,10.6,85.3,2.6,93.7,45,12,11,172,40,1399,113,Tablet,Germany
USR005038,95.0,8.0,14.3,11.5,4.6,94.2,95,27,36,34,7,3047,254,Mobile,Australia
USR005039,35.8,1.7,1.2,1.3,13.6,84.4,314,36,59,275,71,1013,231,Mobile,Germany
USR005040,19.9,1.5,3.5,79.1,8.6,95.9,388,34,73,486,34,3381,107,Mobile,USA
USR005041,9.8,0.5,0.4,37.9,3.9,24.1,372,46,64,104,2,3385,13,Mobile,UK
USR005042,9.7,0.6,8.4,18.6,9.1,67.4,445,30,79,95,34,3186,42,Mobile,Brazil
USR005043,44.4,2.3,18.2,34.1,7.9,70.5,314,16,41,8,30,2527,100,Mobile,USA
USR005044,47.7,0.2,10.9,46.4,0.9,42.3,142,15,7,120,46,2722,40,Mobile,Japan
USR005045,18.8,3.4,0.8,25.3,3.4,39.4,101,12,83,6,55,1801,300,Mobile,Germany
USR005046,8.7,7.0,2.7,73.7,4.2,22.4,143,23,88,189,71,3407,160,Mobile,Germany
USR005047,19.4,9.1,9.7,24.3,10.1,95.0,381,41,80,384,34,1692,304,Mobile,India
USR005048,2.7,4.5,6.0,82.5,28.2,35.5,233,42,1,57,49,2753,127,Mobile,Japan
USR005049,31.3,0.5,2.9,4.5,13.3,43.0,10,6,27,223,73,3614,50,Desktop,UK
USR005050,102.5,1.8,5.2,97.6,4.3,71.7,299,32,38,366,77,1648,289,Mobile,Australia
USR005051,26.0,5.3,3.5,111.3,1.9,64.2,106,24,27,108,95,1505,178,Mobile,Australia
USR005052,25.2,11.5,2.1,11.7,2.1,21.6,123,43,16,364,26,2376,168,Mobile,India
USR005053,30.2,27.9,7.5,46.4,0.0,23.8,99,9,73,95,15,2716,177,Tablet,Brazil
USR005054,79.4,3.5,16.5,133.1,2.9,77.8,115,2,38,317,94,1280,52,Mobile,Australia
USR005055,60.6,0.2,9.9,47.9,41.3,24.7,281,40,8,15,36,1427,105,Mobile,Australia
USR005056,4.0,4.6,3.1,10.2,10.6,65.3,324,34,0,305,99,3219,38,Mobile,Australia
USR005057,65.1,0.9,1.9,21.3,1.0,44.0,67,43,52,411,77,352,307,Mobile,UK
USR005058,115.1,5.3,1.8,52.6,37.9,78.0,271,20,59,113,58,270,314,Mobile,Japan
USR005059,34.8,0.7,1.1,120.5,28.6,21.7,168,2,71,185,90,1172,152,Mobile,Japan
USR005060,23.0,0.4,1.9,4.7,27.8,75.0,309,17,87,12,61,1837,195,Mobile,UK
USR005061,27.6,1.2,3.0,10.0,3.7,29.3,191,19,66,51,55,515,216,Mobile,India
USR005062,46.7,1.2,0.1,44.7,5.1,98.6,335,38,42,373,56,760,332,Desktop,Australia
USR005063,126.7,1.1,1.4,125.6,2.3,69.3,529,35,84,4,52,500,301,Desktop,USA
USR005064,11.4,1.5,23.6,212.7,0.8,26.2,327,12,57,357,98,2059,258,Desktop,Japan
USR005065,23.7,1.7,7.6,95.3,29.9,48.6,22,11,53,299,97,1305,306,Mobile,Germany
USR005066,60.1,5.5,16.8,20.1,3.9,46.1,253,46,47,475,6,234,7,Mobile,Japan
USR005067,32.6,7.4,3.2,139.8,15.5,58.2,73,33,2,406,52,2199,71,Mobile,Germany
USR005068,56.8,11.4,14.4,42.0,8.3,27.1,4,6,29,26,9,1489,352,Mobile,USA
USR005069,3.8,3.7,14.1,31.1,3.0,24.8,22,16,25,455,76,3406,140,Mobile,UK
USR005070,182.1,18.8,10.9,5.7,32.7,78.4,78,34,61,486,74,808,219,Mobile,Brazil
USR005071,142.5,7.8,4.3,85.1,8.0,88.3,408,21,78,115,29,2228,340,Mobile,Brazil
USR005072,25.1,0.7,4.5,102.5,4.6,98.4,22,29,23,48,38,2248,192,Tablet,Japan
USR005073,1.0,5.8,1.7,81.9,3.6,80.0,378,32,23,31,83,171,110,Mobile,Japan
USR005074,184.5,13.7,9.6,192.7,7.2,72.7,35,21,99,370,69,3081,315,Desktop,Brazil
USR005075,69.9,6.0,7.1,0.1,6.7,51.6,190,11,51,300,69,413,345,Mobile,Australia
USR005076,33.4,0.2,3.7,75.5,4.1,96.2,299,0,53,269,57,325,120,Desktop,Brazil
USR005077,224.8,11.2,26.1,21.2,3.2,65.3,623,2,0,76,70,219,232,Tablet,Germany
USR005078,41.1,0.7,20.8,43.2,25.4,66.7,13,8,11,247,83,1271,15,Mobile,India
USR005079,131.4,1.7,5.3,57.3,5.2,59.0,24,1,4,128,4,2702,230,Mobile,UK
USR005080,1.0,3.8,15.0,58.9,1.0,69.4,97,20,62,405,54,2093,216,Mobile,Germany
USR005081,9.9,4.6,8.3,36.1,5.6,90.2,46,26,48,446,68,2958,44,Mobile,Germany
USR005082,21.5,6.7,1.1,31.8,4.5,29.7,157,25,60,148,63,775,309,Mobile,India
USR005083,2.2,1.8,5.0,81.7,2.1,69.1,63,29,95,121,11,965,0,Desktop,USA
USR005084,39.0,7.0,2.9,112.9,8.5,37.5,441,28,63,315,27,3247,19,Tablet,Japan
USR005085,30.5,2.6,27.5,103.3,0.3,49.9,0,27,4,76,90,2639,186,Mobile,Brazil
USR005086,201.3,11.8,29.5,28.8,9.3,44.8,37,0,83,420,88,2099,48,Mobile,Japan
USR005087,216.3,3.2,1.1,77.1,9.1,57.6,1058,18,80,255,66,2095,346,Mobile,India
USR005088,23.5,2.2,23.3,7.2,20.3,20.9,439,39,85,311,7,1570,284,Mobile,Australia
USR005089,39.7,0.4,7.4,36.6,2.7,55.5,310,30,16,133,52,1028,138,Mobile,Brazil
USR005090,7.1,14.2,31.4,14.4,29.4,99.5,81,12,88,369,11,2202,295,Mobile,Japan
USR005091,14.1,4.1,0.6,35.2,1.8,32.7,15,16,38,175,39,2540,249,Mobile,Germany
USR005092,76.5,2.8,8.2,21.2,0.6,69.2,258,5,24,74,12,2495,200,Desktop,Brazil
USR005093,6.4,0.9,0.4,3.0,4.6,42.4,131,21,36,189,44,1462,85,Mobile,Brazil
USR005094,26.6,1.9,5.4,25.1,1.0,43.0,73,35,66,351,61,1182,128,Mobile,Australia
USR005095,159.7,2.3,20.5,43.4,5.1,88.0,266,34,33,63,8,1153,101,Mobile,India
USR005096,197.0,4.7,0.9,74.7,13.5,66.5,218,37,35,401,3,1227,16,Mobile,India
USR005097,50.8,3.9,0.6,77.7,0.8,45.5,803,15,57,172,49,879,133,Mobile,Japan
USR005098,92.4,5.9,5.9,44.0,7.0,85.1,14,32,81,324,73,3054,160,Desktop,Brazil
USR005099,7.4,1.0,1.8,88.1,5.5,94.6,62,38,92,130,6,1772,108,Mobile,Japan
USR005100,4.2,0.5,6.6,45.5,5.3,93.3,105,5,20,434,11,570,333,Desktop,Australia
USR005101,4.4,2.1,5.5,33.6,12.4,62.1,387,10,63,34,9,655,35,Tablet,Australia
USR005102,68.3,0.1,0.9,16.9,0.9,30.3,74,23,25,346,12,1333,70,Mobile,Germany
USR005103,41.6,4.1,0.8,31.6,28.1,55.2,210,28,14,169,60,1305,141,Mobile,Brazil
USR005104,104.5,9.3,11.2,146.7,11.5,46.6,76,7,27,198,9,544,161,Mobile,UK
USR005105,14.8,6.9,20.3,20.2,1.8,60.6,20,11,0,455,72,322,253,Desktop,UK
USR005106,100.7,2.8,35.4,47.2,8.1,36.8,47,22,13,436,27,729,83,Mobile,Japan
USR005107,56.4,6.2,12.7,63.6,6.7,49.5,96,20,7,121,48,2102,11,Mobile,Brazil
USR005108,31.9,1.9,3.1,0.6,0.1,90.5,148,40,88,420,52,3073,179,Mobile,USA
USR005109,2.1,0.0,17.9,63.1,11.7,57.7,41,28,2,209,53,800,187,Mobile,Brazil
USR005110,52.8,1.6,8.3,117.9,13.3,86.7,58,26,56,353,27,470,336,Mobile,Brazil
USR005111,58.1,6.2,42.6,68.7,20.9,63.7,10,40,81,218,26,1166,85,Mobile,Germany
USR005112,1.5,1.2,3.8,5.5,4.7,62.4,249,6,70,142,40,822,60,Desktop,Japan
USR005113,46.3,16.0,1.6,52.1,1.3,62.0,271,38,39,311,37,1697,115,Desktop,USA
USR005114,407.2,0.2,14.8,20.7,12.8,31.1,409,19,30,84,44,375,315,Mobile,UK
USR005115,91.7,0.8,9.3,37.6,0.7,41.4,70,13,6,409,56,2174,308,Desktop,Australia
USR005116,14.1,1.9,20.4,65.1,16.7,41.6,32,20,16,103,90,1588,17,Mobile,Germany
USR005117,215.9,1.8,7.8,3.8,2.4,34.6,147,46,71,442,48,342,27,Desktop,Brazil
USR005118,20.9,11.9,6.9,3.0,11.0,21.9,171,0,64,455,8,457,106,Mobile,Brazil
USR005119,35.5,2.2,5.3,6.8,7.8,84.7,262,0,57,38,69,407,209,Mobile,Brazil
USR005120,7.2,4.2,1.1,34.5,20.6,63.6,48,25,43,257,90,3485,24,Desktop,Germany
USR005121,6.7,5.1,7.7,23.8,4.9,46.6,295,18,49,343,58,2619,79,Mobile,USA
USR005122,62.4,3.7,0.2,52.9,35.5,20.2,29,15,72,62,31,2308,117,Mobile,Japan
USR005123,52.1,4.1,10.6,37.9,0.5,97.9,52,35,73,162,7,2607,269,Mobile,UK
USR005124,107.9,1.9,3.8,34.6,1.3,67.1,5,42,4,457,43,2518,209,Mobile,Brazil
USR005125,5.4,6.1,4.4,69.2,24.6,62.1,224,29,73,223,92,2823,23,Tablet,Brazil
USR005126,19.6,2.3,1.3,29.8,1.0,67.1,519,9,33,25,31,3602,45,Mobile,India
USR005127,67.8,10.1,0.2,108.3,5.8,96.0,487,10,13,495,24,1896,248,Mobile,Brazil
USR005128,55.4,3.5,3.1,6.4,19.1,45.8,131,21,3,315,36,2666,132,Mobile,India
USR005129,17.1,7.5,5.3,28.7,3.7,27.4,282,11,76,338,97,841,164,Tablet,India
USR005130,44.4,2.8,6.8,32.8,16.3,86.0,324,28,3,442,44,2726,267,Mobile,USA
USR005131,51.5,20.3,0.0,68.8,1.7,64.6,445,36,15,324,65,77,275,Mobile,UK
USR005132,7.5,3.7,19.0,30.7,4.5,58.2,77,25,35,27,79,3472,278,Mobile,UK
USR005133,13.9,4.7,4.7,55.0,8.2,29.0,583,20,74,427,50,3474,145,Tablet,Australia
USR005134,13.3,11.2,9.3,41.1,1.5,70.2,23,28,6,338,55,3129,236,Mobile,USA
USR005135,24.7,3.5,15.1,60.9,14.5,49.9,82,16,70,348,63,238,192,Desktop,Germany
USR005136,135.6,8.6,1.7,53.5,9.2,21.1,15,35,46,84,74,31,141,Mobile,Germany
USR005137,27.6,11.6,21.0,47.5,3.8,75.9,29,47,10,382,40,1594,119,Mobile,India
USR005138,3.8,1.9,3.3,44.9,29.9,62.9,217,21,31,420,90,112,189,Mobile,Brazil
USR005139,12.1,2.8,1.1,36.2,4.7,34.7,142,31,11,286,20,1162,350,Mobile,India
USR005140,142.1,12.9,10.8,18.1,12.9,55.6,229,23,16,160,99,3362,287,Mobile,USA
USR005141,45.3,1.0,4.7,89.5,3.5,96.0,381,6,86,3,7,2583,355,Mobile,India
USR005142,203.1,0.7,1.1,118.9,26.0,39.4,43,35,61,83,75,3458,84,Mobile,Australia
USR005143,64.5,5.1,9.6,50.0,6.0,44.2,208,6,73,385,94,3349,193,Tablet,Australia
USR005144,107.9,0.1,11.7,29.9,6.7,82.6,0,29,5,103,89,2708,264,Mobile,India
USR005145,14.4,21.7,3.8,13.3,3.2,47.5,25,1,71,117,25,1921,362,Desktop,Brazil
USR005146,33.5,1.8,0.3,91.1,37.2,31.0,161,9,86,269,4,1878,133,Mobile,UK
USR005147,5.6,1.6,13.5,44.8,6.3,38.8,404,32,26,23,60,41,3,Desktop,Japan
USR005148,7.6,5.7,15.1,85.9,14.5,30.6,14,9,98,265,53,1326,24,Mobile,Germany
USR005149,101.6,0.6,29.9,15.8,3.4,56.8,178,32,15,430,97,3306,291,Tablet,Germany
USR005150,102.1,0.0,0.2,43.5,6.1,40.2,388,38,65,329,52,2046,112,Mobile,India
USR005151,29.2,2.0,1.3,17.6,3.4,57.5,69,42,62,260,76,545,361,Desktop,USA
USR005152,32.0,2.3,3.4,20.7,5.6,73.4,220,10,0,197,56,210,308,Mobile,India
USR005153,117.2,10.0,0.0,6.2,18.1,37.2,149,0,49,342,89,726,72,Mobile,UK
USR005154,109.9,0.1,0.6,59.4,63.3,77.1,98,7,98,37,11,2315,188,Desktop,UK
USR005155,126.1,5.1,3.7,52.8,26.9,81.8,119,15,23,310,41,53,122,Mobile,Germany
USR005156,107.3,4.7,3.6,44.3,8.9,52.3,6,28,45,437,84,1966,292,Mobile,UK
USR005157,9.1,2.1,12.0,10.6,1.2,38.3,231,25,52,198,3,518,31,Mobile,Australia
USR005158,17.3,0.2,7.9,9.2,3.7,58.0,479,21,60,0,18,686,208,Desktop,Australia
USR005159,17.2,4.5,11.2,4.2,26.8,47.6,20,28,71,68,88,1572,96,Mobile,Japan
USR005160,56.7,4.1,18.7,44.3,20.3,61.7,38,2,4,65,73,176,307,Mobile,India
USR005161,56.0,0.4,12.0,12.0,35.7,71.9,797,46,24,267,31,1107,205,Desktop,Germany
USR005162,145.0,1.3,22.9,2.1,12.9,44.3,391,33,83,484,55,2483,362,Desktop,Japan
USR005163,18.9,1.0,0.9,19.3,3.1,93.7,99,14,45,105,52,957,240,Tablet,Japan
USR005164,104.7,0.0,3.5,261.2,6.3,27.5,136,21,3,118,91,1732,246,Mobile,India
USR005165,9.6,3.4,2.5,78.6,6.5,76.8,88,25,96,195,20,2280,87,Desktop,Japan
USR005166,75.0,6.1,11.3,51.4,4.1,79.8,78,4,99,312,57,2891,351,Desktop,India
USR005167,64.2,8.0,1.5,133.1,4.5,33.6,197,38,39,116,70,2213,304,Mobile,Australia
USR005168,11.9,8.7,9.0,32.6,1.9,42.3,128,48,72,77,51,2650,237,Tablet,UK
USR005169,120.8,0.5,0.3,64.0,1.7,20.1,5,12,94,297,43,3244,266,Mobile,Japan
USR005170,38.7,2.4,6.0,19.3,1.9,82.3,78,37,81,178,79,2189,176,Tablet,Brazil
USR005171,184.6,0.6,10.5,39.5,0.2,41.6,888,40,29,205,77,463,170,Mobile,UK
USR005172,36.9,7.3,4.8,39.1,3.9,35.6,268,23,34,335,3,2035,324,Desktop,UK
USR005173,52.8,1.5,2.2,22.5,20.4,52.6,333,24,22,319,39,3233,361,Mobile,UK
USR005174,16.5,6.5,3.9,5.9,3.1,96.0,306,41,92,235,30,1433,74,Mobile,Brazil
USR005175,45.5,1.8,9.9,69.2,5.1,96.6,19,0,19,9,79,2491,67,Mobile,Brazil
USR005176,17.8,0.5,6.5,78.2,17.4,44.1,24,44,53,340,28,3259,157,Mobile,Australia
USR005177,11.6,12.1,5.8,48.4,1.5,97.2,277,28,0,427,62,2961,27,Mobile,USA
USR005178,59.6,0.3,1.0,6.8,18.4,81.4,188,28,22,23,81,3571,149,Desktop,USA
USR005179,103.3,9.3,3.5,0.1,21.9,23.3,8,39,59,309,91,3420,127,Desktop,USA
USR005180,172.8,0.6,4.0,95.1,0.7,78.6,310,20,22,203,95,1127,49,Mobile,Germany
USR005181,9.7,2.6,7.7,140.9,1.4,96.3,2,33,80,353,51,2376,364,Mobile,India
USR005182,68.5,7.5,0.6,6.0,17.1,69.1,311,16,78,121,57,1887,290,Mobile,Australia
USR005183,43.6,0.6,3.0,20.8,85.2,78.7,354,41,20,116,0,1337,50,Desktop,USA
USR005184,46.7,6.1,6.4,21.5,6.1,77.7,592,45,32,239,76,2863,308,Desktop,Japan
USR005185,59.8,4.9,9.6,30.6,2.9,60.2,123,30,70,170,30,1398,43,Mobile,USA
USR005186,1.0,0.0,0.6,8.9,16.0,21.2,43,29,22,88,93,1329,255,Mobile,India
USR005187,131.6,11.2,13.9,81.7,4.9,38.6,101,6,43,402,20,1211,348,Desktop,Brazil
USR005188,36.9,3.7,6.8,2.5,12.2,85.7,48,3,78,255,68,3592,314,Mobile,UK
USR005189,10.2,6.2,6.5,13.7,6.1,54.9,594,25,97,160,37,1442,264,Mobile,India
USR005190,25.0,17.7,4.5,89.1,10.7,47.4,634,12,67,119,68,676,320,Mobile,Germany
USR005191,11.7,0.5,3.0,67.1,5.9,55.5,556,46,44,369,35,1689,327,Mobile,Germany
USR005192,8.7,0.5,9.5,37.5,3.2,21.8,5,31,37,344,42,2120,173,Desktop,India
USR005193,59.0,2.6,2.0,3.0,11.6,83.2,43,44,40,496,37,1134,65,Desktop,USA
USR005194,70.8,4.5,14.5,19.5,2.1,31.1,253,24,45,317,3,3378,93,Tablet,Germany
USR005195,178.0,6.4,10.7,23.0,3.8,74.9,235,39,84,480,81,780,311,Desktop,Germany
USR005196,61.9,3.7,3.8,2.7,18.2,93.8,30,41,10,126,2,1193,201,Mobile,Germany
USR005197,6.3,1.8,1.0,11.2,53.2,41.9,62,48,24,84,2,526,72,Mobile,India
USR005198,67.4,0.1,1.4,28.4,11.1,73.9,400,37,85,199,22,2077,282,Mobile,Germany
USR005199,12.7,3.8,3.3,33.1,25.8,78.8,463,4,24,278,1,1957,242,Mobile,India
USR005200,22.7,2.7,18.2,17.9,5.3,49.1,167,34,9,342,40,3548,196,Mobile,Japan
USR005201,72.9,0.5,21.1,62.2,14.8,44.7,365,41,8,159,9,1410,152,Mobile,Australia
USR005202,53.4,18.0,2.9,114.6,4.9,82.1,694,12,5,328,54,1700,140,Mobile,USA
USR005203,11.8,4.9,9.8,6.2,10.6,58.3,323,27,13,407,88,153,289,Mobile,Australia
USR005204,136.3,4.7,5.1,73.2,1.0,97.3,72,6,87,423,91,3318,331,Desktop,Germany
USR005205,31.8,8.3,5.4,20.8,2.7,33.5,72,13,82,385,28,1748,186,Mobile,UK
USR005206,6.4,2.8,0.7,45.5,1.7,20.8,178,12,18,204,89,811,74,Mobile,USA
USR005207,9.0,3.2,2.8,8.9,0.4,94.3,305,47,93,272,4,1645,288,Mobile,UK
USR005208,146.7,9.5,0.2,2.4,1.1,65.6,310,8,5,486,27,2628,162,Tablet,India
USR005209,37.7,9.8,0.2,37.5,20.8,66.7,102,25,86,451,94,3522,327,Mobile,Japan
USR005210,3.1,3.9,6.4,5.4,17.3,26.9,27,3,55,371,20,1925,273,Mobile,Japan
USR005211,19.2,1.5,11.2,11.7,0.9,75.0,76,4,98,211,40,374,72,Desktop,Japan
USR005212,20.2,1.1,3.2,58.0,1.5,54.4,451,22,78,138,20,3128,197,Mobile,Australia
USR005213,35.7,10.5,4.7,11.5,25.1,93.7,711,2,95,144,92,2977,176,Tablet,India
USR005214,56.7,14.3,1.2,30.2,51.7,23.7,58,29,20,201,58,1108,358,Desktop,Germany
USR005215,94.4,0.4,14.2,8.4,7.6,34.3,1303,27,4,122,92,1226,127,Mobile,Brazil
USR005216,81.0,19.0,1.4,26.9,4.4,79.2,41,41,97,300,49,2596,24,Mobile,USA
USR005217,11.7,10.8,5.0,90.5,1.0,23.5,385,2,33,68,43,153,29,Mobile,Australia
USR005218,145.1,3.7,20.9,288.6,7.7,21.3,206,30,76,258,28,530,203,Mobile,UK
USR005219,8.8,4.9,5.7,27.6,0.7,40.6,185,17,36,336,58,2528,360,Mobile,UK
USR005220,11.6,2.2,0.9,36.7,40.3,98.9,276,22,8,229,63,286,199,Mobile,Japan
USR005221,94.7,6.8,2.0,67.3,16.5,62.6,207,42,32,297,69,1884,315,Desktop,Australia
USR005222,21.1,3.1,4.3,0.3,1.0,68.5,547,38,13,252,3,436,118,Tablet,USA
USR005223,87.0,0.4,2.1,36.7,18.1,47.1,304,43,23,209,60,2763,47,Mobile,USA
USR005224,6.6,3.6,0.6,14.4,12.6,22.1,86,47,0,81,7,1156,288,Mobile,Brazil
USR005225,43.3,4.4,4.0,19.4,32.2,92.5,116,13,25,212,20,3077,309,Mobile,USA
USR005226,19.2,5.3,16.1,33.0,0.8,69.9,114,36,91,339,37,438,254,Mobile,Brazil
USR005227,58.2,4.1,14.4,21.7,4.0,58.7,151,1,57,349,60,1167,109,Mobile,UK
USR005228,55.3,2.1,1.1,27.2,4.7,24.1,170,15,43,9,86,3475,174,Mobile,Germany
USR005229,48.0,5.9,3.3,89.4,7.5,36.3,112,16,46,362,5,781,176,Tablet,India
USR005230,69.8,6.7,12.5,45.2,2.8,81.3,8,23,4,64,14,1596,355,Tablet,USA
USR005231,125.9,3.0,1.9,26.0,7.0,31.1,43,41,13,182,91,487,285,Mobile,Australia
USR005232,104.1,3.6,1.7,29.9,21.2,50.2,514,30,70,208,50,1351,327,Tablet,UK
USR005233,108.5,1.0,3.0,81.9,10.5,42.7,1,17,51,102,55,3352,52,Desktop,Germany
USR005234,39.4,5.7,6.4,73.5,3.7,75.5,475,2,39,231,75,2409,286,Desktop,India
USR005235,134.2,18.1,1.5,42.5,21.4,84.1,101,8,76,315,94,1860,10,Mobile,Australia
USR005236,17.8,5.9,0.7,15.2,4.0,74.7,5,45,7,211,90,1945,186,Mobile,USA
USR005237,62.4,6.6,2.7,5.9,3.6,22.2,352,14,60,319,46,589,90,Mobile,Germany
USR005238,29.9,0.5,11.0,24.8,16.7,54.6,181,33,14,394,28,2044,9,Mobile,Japan
USR005239,21.4,0.0,18.6,3.7,16.1,99.6,1043,3,25,164,48,693,267,Mobile,Japan
USR005240,216.0,6.0,0.8,34.2,10.3,43.0,253,37,62,482,96,2992,150,Mobile,Brazil
USR005241,83.8,3.2,4.7,15.8,2.0,41.0,513,20,62,398,45,76,329,Tablet,Germany
USR005242,42.8,0.6,3.4,80.9,10.8,93.7,172,10,94,288,41,2844,327,Tablet,UK
USR005243,254.5,3.6,3.1,8.6,14.9,22.6,75,45,57,404,83,3408,127,Mobile,Australia
USR005244,17.6,0.5,8.1,23.3,3.6,99.6,461,1,77,74,82,2223,275,Mobile,India
USR005245,22.4,1.0,21.7,39.0,4.2,70.8,74,47,14,127,66,1340,360,Mobile,USA
USR005246,8.7,8.3,0.5,33.2,14.4,53.4,63,4,7,400,76,2486,219,Tablet,Japan
USR005247,45.7,9.7,1.7,31.8,14.0,76.0,70,27,34,50,86,1466,104,Desktop,India
USR005248,43.0,1.9,3.9,37.9,10.0,20.5,9,21,87,225,38,2238,10,Desktop,UK
USR005249,26.2,1.8,2.6,88.6,1.9,38.0,160,18,2,381,58,1828,181,Desktop,Japan
USR005250,38.5,1.5,4.9,73.2,7.1,45.9,36,47,91,20,55,3594,204,Mobile,Brazil
USR005251,25.9,2.9,6.3,48.2,2.3,52.3,834,37,47,365,94,927,358,Mobile,Australia
USR005252,7.1,5.8,3.9,17.2,12.7,55.0,142,12,60,146,20,1737,170,Mobile,UK
USR005253,27.4,0.3,2.1,18.7,0.9,63.3,427,9,59,198,84,2075,328,Mobile,Brazil
USR005254,17.5,1.3,0.7,91.8,4.1,95.9,43,4,67,32,45,2603,86,Mobile,India
USR005255,18.7,1.4,13.5,18.6,21.4,24.0,62,27,4,466,82,3275,126,Mobile,USA
USR005256,141.5,1.0,24.1,7.9,3.5,98.1,29,46,87,342,42,54,192,Mobile,India
USR005257,27.8,0.1,0.6,30.6,9.8,87.2,11,10,24,52,35,2933,171,Mobile,Japan
USR005258,43.0,3.1,9.9,103.0,3.6,90.4,102,41,15,214,56,2861,88,Mobile,Australia
USR005259,207.9,5.2,5.5,42.5,6.7,51.4,43,31,58,153,12,2141,311,Mobile,USA
USR005260,42.3,2.4,29.8,41.4,7.9,90.3,215,39,15,142,23,1775,32,Mobile,Brazil
USR005261,1.0,15.5,12.7,31.9,28.4,55.6,18,8,57,320,73,790,230,Desktop,Japan
USR005262,88.4,11.4,3.9,19.4,7.0,72.4,216,28,33,1,61,758,64,Mobile,Australia
USR005263,22.5,5.3,12.2,27.1,2.9,83.1,687,26,56,0,46,1822,45,Mobile,UK
USR005264,1.0,1.8,4.2,58.3,26.7,55.7,148,10,31,183,68,2298,135,Mobile,Australia
USR005265,203.6,3.1,15.2,54.3,11.3,34.3,294,14,57,80,36,2597,28,Mobile,Australia
USR005266,27.3,2.1,1.3,128.8,8.0,61.7,277,14,88,268,89,1269,345,Mobile,Japan
USR005267,86.7,4.4,4.5,7.1,14.4,47.5,101,15,52,247,3,402,248,Mobile,India
USR005268,26.8,1.6,0.2,15.4,8.3,53.1,564,27,88,448,9,2458,19,Mobile,Germany
USR005269,218.2,3.1,8.8,20.3,4.3,83.8,100,6,26,91,97,1150,93,Mobile,Japan
USR005270,28.2,5.1,11.3,59.7,6.1,44.4,99,18,28,496,93,113,135,Desktop,Australia
USR005271,103.1,0.5,1.8,111.2,22.0,66.6,102,12,63,431,81,3340,299,Desktop,India
USR005272,8.3,1.5,1.1,84.8,9.3,51.1,318,29,94,348,9,913,212,Desktop,USA
USR005273,124.9,1.1,8.3,54.7,5.5,66.4,115,11,26,422,25,770,247,Tablet,UK
USR005274,60.4,7.1,2.0,216.1,2.2,99.4,172,42,54,138,7,1511,182,Mobile,UK
USR005275,54.5,2.6,4.3,33.6,5.7,33.7,402,25,43,224,23,1230,93,Mobile,Brazil
USR005276,146.6,1.2,7.4,124.3,50.6,24.3,269,35,64,319,46,2603,33,Mobile,Germany
USR005277,21.8,12.1,20.2,109.5,38.2,70.3,68,20,43,6,85,2708,163,Tablet,USA
USR005278,7.1,8.5,4.0,189.8,2.2,94.4,4,14,24,189,13,1432,328,Desktop,India
USR005279,25.5,6.5,8.5,162.2,11.6,34.4,282,12,62,181,6,2257,130,Mobile,USA
USR005280,48.6,1.4,2.4,8.8,11.2,31.8,291,45,81,211,2,3201,357,Mobile,Germany
USR005281,54.1,1.9,3.6,82.3,12.5,45.0,66,33,33,291,73,1038,346,Mobile,Brazil
USR005282,12.2,12.1,2.0,57.8,6.3,60.3,193,47,65,193,17,2525,68,Desktop,Brazil
USR005283,74.8,12.5,1.9,40.9,4.3,98.1,171,42,33,1,69,3225,111,Mobile,UK
USR005284,57.3,6.0,3.3,130.2,12.3,59.5,457,5,71,310,71,2508,194,Mobile,Australia
USR005285,23.3,5.3,3.3,159.9,13.6,93.5,67,37,95,10,12,1960,14,Mobile,Japan
USR005286,47.0,13.1,3.4,105.3,4.3,69.4,6,3,89,474,77,1239,280,Mobile,Brazil
USR005287,57.2,0.7,1.1,4.2,20.8,38.4,308,36,23,358,70,246,278,Mobile,UK
USR005288,27.1,0.5,0.9,41.3,30.3,60.4,28,20,43,460,86,1221,250,Mobile,Germany
USR005289,2.7,8.9,5.2,54.2,1.3,93.6,29,36,42,15,41,134,114,Mobile,USA
USR005290,41.2,2.8,5.9,26.7,4.4,39.7,225,7,20,334,29,809,164,Mobile,Japan
USR005291,23.5,1.6,6.4,16.4,13.0,71.6,74,30,81,79,10,1411,98,Desktop,Germany
USR005292,69.6,2.0,6.6,36.5,15.4,49.9,295,32,54,407,78,2839,92,Mobile,UK
USR005293,50.5,1.2,3.1,24.5,17.8,67.4,138,46,46,426,91,3433,330,Desktop,Japan
USR005294,114.3,0.6,1.3,27.6,0.9,71.5,106,16,13,483,71,866,83,Desktop,India
USR005295,91.8,2.4,12.3,44.9,16.6,35.0,55,10,36,441,59,3335,255,Mobile,Brazil
USR005296,76.3,14.2,15.0,18.5,3.2,29.7,8,43,23,302,95,2787,45,Mobile,Germany
USR005297,49.8,0.2,0.2,21.3,3.5,74.4,220,40,52,159,60,1294,35,Tablet,Japan
USR005298,9.0,19.7,1.8,37.3,26.0,80.3,92,16,52,173,39,403,57,Mobile,Japan
USR005299,204.8,0.6,2.6,33.5,0.1,80.4,674,25,69,344,64,2653,194,Desktop,Brazil
USR005300,94.9,0.2,1.1,39.7,1.6,73.7,28,10,69,475,24,2163,249,Mobile,UK
USR005301,129.0,15.0,6.7,18.6,8.8,35.0,16,21,5,61,30,1867,83,Mobile,India
USR005302,25.5,4.6,4.1,6.9,4.0,48.1,390,28,16,58,70,67,26,Mobile,Japan
USR005303,375.0,13.5,1.7,37.8,0.7,69.5,25,31,6,298,17,352,178,Mobile,Germany
USR005304,115.5,5.6,7.3,0.3,3.4,69.8,166,0,61,367,98,3030,23,Mobile,Australia
USR005305,56.9,5.9,8.0,46.2,13.7,97.7,114,18,96,411,96,52,314,Mobile,Germany
USR005306,12.4,5.2,2.3,8.2,12.7,71.4,433,40,99,495,3,65,117,Desktop,Germany
USR005307,44.6,5.0,24.0,49.6,6.6,45.1,212,10,45,246,14,3520,190,Tablet,India
USR005308,181.4,15.8,1.0,108.9,15.7,55.2,116,40,63,486,77,3325,180,Tablet,UK
USR005309,51.8,6.7,8.7,33.2,7.3,82.9,137,21,4,369,51,2808,95,Tablet,India
USR005310,27.8,3.1,3.2,18.2,5.9,86.9,129,17,26,469,38,431,209,Tablet,USA
USR005311,25.8,0.8,2.6,127.1,1.9,98.9,360,35,33,405,5,888,352,Desktop,Germany
USR005312,28.7,12.9,1.6,10.3,70.0,98.3,162,14,24,425,26,789,276,Tablet,USA
USR005313,34.3,3.4,7.3,101.5,8.1,32.7,17,45,86,477,50,385,183,Mobile,UK
USR005314,100.6,14.7,18.9,77.4,3.5,56.7,137,25,37,292,42,3609,148,Mobile,UK
USR005315,8.6,0.8,13.9,74.4,4.5,81.8,301,31,67,130,72,2500,203,Desktop,Germany
USR005316,71.5,3.7,12.6,52.9,0.8,82.4,179,11,12,396,30,1396,357,Mobile,India
USR005317,16.0,0.7,2.1,130.5,19.2,50.3,647,7,18,264,60,1665,319,Mobile,Australia
USR005318,16.1,0.2,7.1,151.1,6.3,22.4,82,48,47,475,79,1046,361,Mobile,Australia
USR005319,11.6,1.6,1.6,30.7,4.3,98.2,258,13,21,446,92,627,310,Mobile,Japan
USR005320,4.2,2.4,1.5,26.6,1.9,52.7,169,36,26,190,29,2837,171,Mobile,Germany
USR005321,12.0,2.0,9.0,21.6,26.5,93.3,126,43,70,37,87,808,175,Mobile,Germany
USR005322,10.2,1.7,0.8,31.5,4.7,99.3,15,45,4,495,7,3045,171,Mobile,Australia
USR005323,19.8,0.8,0.6,102.0,39.2,56.6,69,19,1,226,21,3401,44,Desktop,USA
USR005324,40.7,0.6,19.3,35.5,81.9,39.2,351,12,74,313,83,346,112,Mobile,Brazil
USR005325,47.9,3.1,10.8,18.9,24.7,85.0,79,30,5,182,43,3486,280,Mobile,UK
USR005326,331.6,1.1,8.8,19.9,2.2,43.3,76,18,14,37,37,354,308,Mobile,Brazil
USR005327,7.0,10.5,10.5,0.1,3.5,63.2,244,15,62,247,69,2947,222,Mobile,UK
USR005328,12.5,0.6,7.2,16.6,3.8,57.5,480,1,32,363,68,2150,148,Mobile,Brazil
USR005329,51.3,9.8,9.0,46.2,11.0,40.1,88,36,22,452,74,2747,343,Mobile,Brazil
USR005330,10.1,0.9,1.6,43.0,2.3,33.2,138,44,1,180,12,2440,273,Tablet,India
USR005331,15.3,2.8,12.2,62.2,24.4,70.9,143,12,27,235,36,487,281,Mobile,Germany
USR005332,12.7,6.0,3.6,30.8,10.4,87.9,731,40,14,404,21,1913,191,Mobile,Australia
USR005333,48.6,0.8,26.7,28.2,2.3,43.1,95,16,53,41,85,450,194,Mobile,Australia
USR005334,126.3,0.4,0.1,2.2,1.3,59.5,252,40,42,33,26,3398,35,Mobile,USA
USR005335,9.7,15.1,7.0,37.4,19.1,66.7,93,1,13,23,91,2698,202,Mobile,Australia
USR005336,60.4,0.1,1.6,1.6,6.8,81.5,292,8,27,253,27,2809,74,Mobile,Germany
USR005337,6.2,4.2,2.2,26.2,16.7,66.5,38,9,17,329,99,1687,61,Mobile,UK
USR005338,211.0,0.5,1.3,1.0,3.1,97.7,50,41,93,459,72,3437,241,Mobile,Brazil
USR005339,10.4,5.8,1.4,68.3,13.5,69.5,8,22,73,68,3,2928,255,Tablet,Australia
USR005340,43.0,6.2,2.4,70.0,17.3,40.2,124,36,35,203,13,2503,334,Mobile,USA
USR005341,69.0,1.5,0.7,11.9,16.5,97.7,326,41,6,142,2,495,33,Mobile,Australia
USR005342,27.0,1.6,7.2,77.8,56.0,96.3,2,45,45,230,9,2124,343,Tablet,USA
USR005343,41.1,21.3,6.4,4.9,28.7,54.6,211,28,84,417,95,2248,201,Mobile,Brazil
USR005344,6.8,3.1,3.6,19.4,45.7,32.0,57,25,35,475,0,2827,118,Mobile,Australia
USR005345,213.7,5.3,6.5,134.4,7.3,91.3,69,44,46,87,7,3355,93,Mobile,Japan
USR005346,37.2,0.7,0.5,21.5,28.0,20.2,51,15,43,279,59,1055,280,Mobile,Japan
USR005347,25.8,2.4,0.6,40.9,22.0,79.3,170,47,70,8,21,2636,66,Mobile,Brazil
USR005348,7.7,1.5,2.4,28.5,4.4,49.2,106,45,64,408,35,1118,207,Desktop,Germany
USR005349,39.7,10.2,1.8,357.8,1.1,37.6,110,23,84,332,23,2133,276,Mobile,Australia
USR005350,71.0,1.5,24.6,10.1,1.9,85.0,5,20,55,401,89,3051,166,Tablet,UK
USR005351,107.0,2.5,15.3,7.3,1.9,99.9,298,18,59,52,71,454,358,Mobile,Germany
USR005352,16.9,8.1,0.1,13.8,2.2,94.0,155,38,80,328,30,1597,97,Desktop,USA
USR005353,8.8,3.3,3.4,62.7,4.8,45.3,72,18,36,167,80,1275,238,Mobile,Brazil
USR005354,29.9,1.1,3.6,7.3,20.0,87.9,106,6,56,35,69,362,181,Mobile,Australia
USR005355,31.9,4.2,18.1,44.4,17.1,58.7,309,14,90,441,94,583,24,Mobile,Brazil
USR005356,8.1,5.2,7.2,12.2,9.3,52.4,231,48,25,45,95,2703,308,Mobile,UK
USR005357,74.9,0.7,12.1,135.3,10.0,23.5,140,5,77,345,4,798,55,Mobile,USA
USR005358,139.8,2.5,0.5,17.0,5.7,44.4,280,30,20,176,78,3618,67,Mobile,Germany
USR005359,13.0,10.6,7.9,89.5,0.6,25.5,292,40,40,107,91,1657,333,Mobile,UK
USR005360,2.9,3.0,3.7,95.8,9.6,45.2,147,20,10,339,48,1343,68,Mobile,UK
USR005361,15.0,1.5,5.2,17.7,13.0,32.0,56,12,64,391,83,333,352,Mobile,Japan
USR005362,53.9,0.5,14.4,107.9,4.6,47.3,21,17,66,163,17,2727,106,Tablet,USA
USR005363,62.6,1.0,0.8,24.3,10.9,33.5,100,9,9,142,94,3277,149,Mobile,Germany
USR005364,86.2,6.8,16.8,8.1,5.1,58.7,679,31,15,43,30,2318,300,Mobile,India
USR005365,32.2,4.7,13.8,40.0,7.5,30.3,113,19,27,89,85,1158,244,Desktop,UK
USR005366,119.6,17.3,29.6,25.4,2.5,57.2,628,42,79,349,2,2434,94,Mobile,Brazil
USR005367,129.4,5.9,33.5,50.3,10.7,34.2,315,39,60,10,96,2568,355,Tablet,Japan
USR005368,14.4,2.3,6.6,39.5,5.4,39.7,54,6,79,307,55,2364,28,Mobile,Brazil
USR005369,33.7,7.1,13.2,1.6,0.4,87.4,87,36,96,30,42,292,293,Mobile,Japan
USR005370,7.4,2.2,64.6,13.7,1.2,55.9,132,10,81,347,60,3595,189,Mobile,USA
USR005371,19.6,18.5,10.3,33.2,1.7,67.3,95,14,73,471,6,3394,271,Mobile,Germany
USR005372,72.9,21.6,11.8,105.8,13.7,44.2,722,11,21,220,60,2591,267,Mobile,USA
USR005373,6.1,8.7,1.8,30.9,46.2,25.5,32,48,84,464,39,1116,9,Mobile,USA
USR005374,4.8,4.0,2.7,75.2,4.2,83.7,35,24,33,174,79,2833,298,Tablet,Germany
USR005375,76.6,0.2,1.8,110.1,2.1,72.0,5,15,93,27,41,2520,160,Mobile,UK
USR005376,1.9,1.4,4.9,0.8,11.4,86.2,186,24,76,368,86,353,57,Tablet,USA
USR005377,28.0,4.5,12.9,186.1,20.5,25.1,319,28,76,312,79,2152,334,Mobile,India
USR005378,17.3,0.5,9.3,16.8,7.0,79.9,71,35,14,331,33,1227,328,Desktop,Australia
USR005379,13.4,8.0,14.2,49.7,4.9,84.9,619,33,94,119,76,1387,17,Mobile,UK
USR005380,144.7,5.5,2.4,0.9,0.6,85.8,14,34,41,11,41,2193,160,Mobile,UK
USR005381,65.3,8.6,30.9,31.9,9.8,91.8,32,16,3,196,61,1309,81,Mobile,India
USR005382,28.4,4.8,8.1,34.0,4.9,27.6,13,31,62,217,4,311,87,Mobile,Australia
USR005383,42.5,4.4,4.0,35.5,0.7,72.8,63,28,13,186,59,2177,166,Mobile,Australia
USR005384,59.0,2.6,21.2,29.6,12.4,34.6,31,12,13,282,2,594,273,Desktop,Japan
USR005385,14.4,0.4,1.2,47.3,0.8,80.0,300,9,73,29,7,712,60,Mobile,UK
USR005386,115.2,0.1,4.2,25.1,4.5,64.3,0,6,43,298,26,2464,145,Mobile,India
USR005387,49.6,1.6,4.8,15.4,20.8,44.5,217,2,59,112,87,2065,34,Desktop,UK
USR005388,167.4,7.2,6.2,35.5,14.7,67.0,27,17,78,225,81,2998,202,Mobile,Australia
USR005389,145.5,3.0,2.2,28.0,14.7,95.7,8,41,43,128,22,1040,35,Mobile,Germany
USR005390,183.9,1.6,4.7,10.1,15.9,68.4,132,24,95,185,27,259,206,Desktop,Japan
USR005391,3.3,1.9,15.3,6.6,2.5,91.8,17,11,62,474,30,364,188,Mobile,UK
USR005392,22.5,0.6,11.2,132.8,13.1,22.5,11,46,32,41,89,791,23,Mobile,Australia
USR005393,107.0,3.9,2.1,148.2,4.5,71.7,290,18,1,163,31,1947,152,Desktop,UK
USR005394,111.8,3.8,25.9,77.1,4.2,87.8,106,31,68,272,62,1192,67,Tablet,Japan
USR005395,212.8,0.3,3.4,16.7,8.1,45.9,231,16,93,343,23,81,51,Mobile,India
USR005396,80.7,2.4,31.8,40.3,8.6,68.0,285,44,83,248,11,3373,136,Desktop,UK
USR005397,7.7,10.8,6.3,18.8,3.6,36.9,11,10,90,116,0,1146,360,Mobile,USA
USR005398,62.6,3.6,7.8,2.4,0.6,31.2,73,49,40,278,80,1566,84,Mobile,Germany
USR005399,92.0,0.6,30.7,41.2,3.1,81.0,121,14,45,25,42,2543,201,Mobile,UK
USR005400,94.0,1.6,6.6,123.6,15.1,56.6,804,44,65,332,29,30,269,Mobile,Australia
USR005401,116.8,8.1,5.7,66.2,0.3,87.0,585,2,72,276,83,2450,95,Mobile,India
USR005402,1.8,8.9,40.3,14.2,28.4,55.3,149,38,26,6,74,514,173,Mobile,USA
USR005403,14.2,4.4,12.5,0.4,4.4,31.7,97,19,27,241,2,177,68,Mobile,India
USR005404,1.0,2.0,0.2,95.9,4.0,85.0,125,34,74,362,84,798,16,Mobile,Japan
USR005405,74.4,19.5,0.4,44.1,7.4,57.0,771,1,40,236,76,2885,29,Mobile,Australia
USR005406,1.0,21.0,11.8,151.7,9.5,69.4,135,36,61,279,5,555,343,Mobile,UK
USR005407,49.7,3.6,11.4,39.5,33.0,66.8,195,11,86,8,13,3219,310,Desktop,India
USR005408,90.4,4.9,10.4,22.8,8.5,66.6,91,17,4,170,11,2398,115,Mobile,USA
USR005409,79.7,4.6,3.9,138.4,16.8,44.8,83,12,36,104,91,3008,286,Mobile,Japan
USR005410,76.9,3.1,0.3,27.1,4.3,61.6,154,19,66,254,91,1506,97,Mobile,Australia
USR005411,7.4,3.3,18.8,61.7,8.4,53.6,282,34,99,497,91,3511,24,Mobile,Japan
USR005412,146.4,1.9,6.6,60.7,10.8,45.3,269,2,92,493,39,1520,154,Mobile,UK
USR005413,64.8,13.5,1.1,109.5,35.8,80.7,155,7,4,268,45,3477,35,Tablet,UK
USR005414,20.1,1.2,0.3,6.5,1.6,63.9,690,20,44,312,77,2625,100,Desktop,UK
USR005415,130.6,3.7,4.1,105.1,11.7,86.7,89,33,54,273,65,2416,60,Mobile,Germany
USR005416,1.0,1.9,0.2,46.1,13.1,95.4,18,43,21,201,1,2309,296,Tablet,India
USR005417,37.8,0.1,0.0,19.9,10.4,89.9,2,13,31,469,31,3350,325,Desktop,Brazil
USR005418,17.2,0.9,10.5,6.2,10.2,87.8,750,0,61,471,68,2422,56,Tablet,Germany
USR005419,79.8,2.7,0.3,63.9,8.0,50.9,30,20,32,121,24,3616,242,Desktop,UK
USR005420,15.3,3.8,1.8,27.3,7.5,27.9,87,28,83,195,15,361,131,Mobile,Germany
USR005421,20.0,10.1,0.4,70.7,21.8,87.6,84,39,3,139,35,3428,73,Mobile,Japan
USR005422,47.3,1.9,8.2,40.8,27.7,46.2,122,13,45,466,2,944,254,Mobile,Japan
USR005423,77.3,4.8,1.6,4.4,15.7,41.8,379,31,42,389,7,777,354,Tablet,Brazil
USR005424,156.1,8.3,9.1,127.4,14.2,50.7,20,48,18,386,93,2733,278,Mobile,UK
USR005425,72.4,5.6,14.0,147.4,13.9,26.4,267,41,22,151,68,2736,190,Desktop,India
USR005426,61.1,6.8,0.5,78.9,6.7,87.7,104,19,75,62,93,2788,345,Desktop,Brazil
USR005427,149.3,0.8,0.7,70.8,5.1,63.9,524,33,45,479,80,2067,250,Desktop,Japan
USR005428,24.5,11.4,1.5,88.5,4.6,66.2,178,1,7,406,59,3082,224,Mobile,Japan
USR005429,15.2,9.0,6.4,40.0,9.3,56.5,103,36,61,113,65,1864,190,Mobile,Australia
USR005430,29.2,20.8,0.4,108.7,33.3,85.2,61,16,37,422,95,1442,85,Tablet,Brazil
USR005431,34.4,8.9,7.9,18.9,5.4,34.6,43,31,46,440,34,2546,332,Mobile,Brazil
USR005432,131.8,21.6,0.8,56.7,3.5,80.9,62,13,83,424,30,642,181,Tablet,Australia
USR005433,198.0,6.2,3.9,22.4,12.6,47.2,290,48,35,202,91,3298,346,Mobile,UK
USR005434,14.8,3.0,6.5,106.6,6.8,94.2,25,37,36,495,32,370,217,Mobile,Japan
USR005435,109.2,5.6,5.7,20.3,19.1,96.6,137,23,7,490,0,2233,106,Mobile,Japan
USR005436,93.6,0.6,5.6,61.8,7.2,92.3,270,8,41,463,90,2489,346,Mobile,Australia
USR005437,1.7,0.8,0.6,3.7,0.2,42.6,112,26,7,466,44,1056,12,Mobile,Brazil
USR005438,149.6,4.5,4.0,41.2,18.6,29.0,284,41,23,458,33,1245,221,Mobile,Australia
USR005439,138.2,6.7,2.0,52.8,0.9,27.8,118,32,19,51,55,2596,40,Mobile,Germany
USR005440,33.9,1.0,2.4,117.4,14.5,33.5,79,23,84,62,94,2232,220,Mobile,Germany
USR005441,122.3,9.5,4.1,22.7,8.4,92.0,252,36,63,464,59,853,35,Desktop,UK
USR005442,26.2,0.3,7.8,80.9,15.1,29.5,145,47,30,56,36,2007,313,Mobile,UK
USR005443,42.3,2.9,3.7,28.2,2.5,49.5,32,32,97,272,58,314,64,Mobile,USA
USR005444,111.9,2.0,5.0,70.8,0.6,39.9,18,13,13,239,98,2535,105,Mobile,Brazil
USR005445,8.2,16.0,3.4,138.7,0.3,28.5,257,3,15,248,65,3582,340,Mobile,Brazil
USR005446,7.8,11.9,6.9,10.2,2.5,27.8,33,21,68,148,44,2538,63,Mobile,USA
USR005447,63.5,0.7,15.6,62.8,30.2,74.1,216,5,13,407,43,3518,351,Desktop,USA
USR005448,34.7,1.8,2.7,6.0,2.8,33.7,110,42,77,384,2,3525,141,Mobile,Germany
USR005449,69.3,3.1,7.0,54.1,4.8,58.3,468,26,89,93,24,919,241,Mobile,Australia
USR005450,47.1,16.1,1.6,26.8,8.4,28.8,113,27,88,9,79,1778,189,Mobile,UK
USR005451,57.3,2.6,2.6,11.9,12.2,55.4,19,3,39,339,71,2013,30,Mobile,UK
USR005452,29.1,7.9,1.5,3.8,0.7,88.3,648,44,11,336,92,3317,176,Mobile,Brazil
USR005453,113.5,2.1,1.2,28.2,15.8,66.9,40,39,68,102,2,2033,36,Tablet,Germany
USR005454,76.3,7.3,25.0,18.1,5.0,47.7,384,28,1,87,83,70,291,Mobile,UK
USR005455,44.2,19.0,6.0,95.6,19.6,71.8,41,37,53,298,90,3499,110,Mobile,Brazil
USR005456,40.6,9.3,23.8,15.0,2.9,37.3,11,43,67,457,83,347,8,Mobile,USA
USR005457,62.4,1.9,18.2,86.4,8.3,58.2,443,40,20,458,29,1254,159,Mobile,UK
USR005458,11.9,9.1,3.1,99.1,16.1,30.3,285,20,82,195,65,1745,203,Mobile,Japan
USR005459,73.3,0.9,1.3,74.3,4.1,98.9,48,26,51,492,90,2152,156,Mobile,India
USR005460,10.7,3.6,21.5,31.6,27.6,84.3,99,33,78,342,64,1641,213,Mobile,UK
USR005461,64.2,3.1,1.6,18.2,1.7,64.9,584,20,43,230,98,3385,250,Mobile,UK
USR005462,8.8,4.0,4.9,20.2,18.3,39.7,338,34,12,216,61,773,149,Mobile,India
USR005463,3.0,0.8,1.6,32.1,0.7,25.5,202,19,72,364,29,3447,342,Mobile,Germany
USR005464,46.6,0.2,0.0,84.8,19.8,25.4,536,45,97,142,41,3357,35,Mobile,Germany
USR005465,37.1,10.0,6.8,8.8,27.6,83.7,633,45,49,404,42,3081,223,Tablet,USA
USR005466,1.8,0.3,0.7,319.3,10.2,24.7,208,16,43,465,31,2022,98,Tablet,USA
USR005467,22.1,2.8,9.2,27.0,2.3,79.6,104,30,27,346,22,3260,263,Mobile,India
USR005468,130.0,1.4,8.0,88.5,1.4,74.4,126,11,25,315,99,554,223,Mobile,USA
USR005469,36.7,1.6,2.7,122.9,8.0,41.8,290,25,84,268,77,2270,135,Mobile,Australia
USR005470,86.5,4.9,7.4,8.8,0.3,61.7,4,13,5,29,91,1951,257,Mobile,India
USR005471,20.5,0.9,13.4,15.7,3.1,60.4,189,35,11,265,9,2562,180,Mobile,Germany
USR005472,145.6,1.2,3.3,55.7,0.3,73.1,122,11,73,3,10,3073,315,Mobile,India
USR005473,364.1,0.0,22.9,187.8,10.9,38.1,306,17,85,138,27,2340,113,Mobile,India
USR005474,102.1,2.3,1.6,32.4,4.1,99.6,398,45,43,143,3,352,13,Tablet,India
USR005475,46.6,1.2,9.2,160.8,16.1,20.4,193,46,41,360,34,3139,235,Mobile,Germany
USR005476,51.5,5.5,21.7,122.1,32.1,91.4,18,17,85,20,86,3442,85,Desktop,Brazil
USR005477,103.7,4.3,6.6,121.1,3.8,35.7,52,3,5,59,99,664,14,Mobile,USA
USR005478,101.9,3.7,3.5,1.4,3.4,30.8,476,30,54,494,17,2496,152,Mobile,India
USR005479,92.1,0.2,15.6,28.6,2.7,58.8,326,2,32,138,80,3547,353,Desktop,India
USR005480,106.4,17.0,20.6,18.0,2.2,70.4,70,38,30,294,87,2233,253,Mobile,Australia
USR005481,49.7,1.8,18.6,0.9,28.8,89.6,354,13,74,307,21,2875,224,Mobile,Japan
USR005482,76.6,1.4,12.2,14.2,1.8,52.0,31,15,66,347,15,981,352,Mobile,Germany
USR005483,73.9,8.1,15.3,5.4,4.6,83.5,246,18,57,435,16,2106,81,Mobile,Brazil
USR005484,11.2,5.4,14.8,19.7,1.8,48.8,15,44,76,386,37,1423,177,Mobile,USA
USR005485,13.2,8.9,2.7,13.1,14.1,58.9,598,11,11,20,30,2585,204,Mobile,Germany
USR005486,1.0,8.1,1.1,31.7,11.0,24.8,139,12,89,14,34,1779,357,Tablet,Brazil
USR005487,13.1,1.0,8.7,22.0,7.3,70.5,1223,15,31,283,65,1937,329,Mobile,UK
USR005488,3.9,0.2,0.1,2.8,2.0,51.6,72,6,69,166,86,1001,87,Mobile,UK
USR005489,77.0,0.7,4.6,3.4,2.7,38.5,447,45,50,175,1,552,220,Mobile,UK
USR005490,68.1,12.2,5.9,136.4,18.3,78.0,370,2,89,273,62,1255,181,Mobile,Brazil
USR005491,11.2,7.4,1.2,55.0,7.6,46.4,380,43,87,137,65,792,321,Mobile,USA
USR005492,88.2,1.8,3.7,59.1,3.6,23.2,5,41,94,484,97,2564,203,Desktop,USA
USR005493,217.0,4.3,5.7,22.4,10.9,27.9,477,40,94,82,36,1294,39,Desktop,USA
USR005494,114.8,1.6,0.4,63.1,7.8,30.3,80,39,17,169,51,1532,64,Desktop,Australia
USR005495,72.3,1.4,2.2,9.5,7.8,65.5,75,27,79,465,61,792,347,Desktop,Australia
USR005496,27.7,8.9,1.3,74.0,36.5,62.1,0,39,76,218,33,2784,252,Desktop,India
USR005497,6.4,4.8,10.6,87.3,9.0,82.6,35,16,36,42,72,2217,166,Mobile,Germany
USR005498,4.8,0.2,0.1,76.5,7.0,87.1,25,16,20,356,70,163,338,Mobile,Australia
USR005499,108.5,4.4,0.7,7.2,19.5,24.5,147,43,46,109,86,1306,323,Desktop,Brazil
USR005500,68.3,0.6,1.7,72.6,5.6,81.4,47,24,87,34,26,3216,175,Mobile,Australia
USR005501,56.1,6.9,16.1,121.0,9.3,85.5,217,38,67,367,41,3549,215,Mobile,USA
USR005502,33.6,2.6,1.7,202.6,12.1,54.6,222,6,96,364,26,153,223,Mobile,Brazil
USR005503,49.8,18.3,4.3,5.2,9.9,88.1,161,21,73,268,96,832,9,Mobile,Australia
USR005504,8.5,23.6,1.1,9.9,22.3,96.4,83,10,42,277,64,3077,22,Tablet,Germany
USR005505,81.5,5.6,7.6,27.7,0.2,25.7,218,44,66,19,40,1873,59,Mobile,Australia
USR005506,6.3,7.6,16.9,46.7,26.5,94.3,127,3,23,292,32,3387,93,Desktop,Japan
USR005507,6.4,13.1,2.5,52.2,7.1,31.1,231,31,25,293,69,3365,268,Mobile,Australia
USR005508,128.8,4.3,1.6,21.7,5.1,21.9,6,0,29,0,2,1287,85,Desktop,Brazil
USR005509,2.4,5.4,2.4,7.5,3.8,72.6,216,35,80,189,32,1106,200,Desktop,USA
USR005510,31.4,1.8,5.8,61.3,6.3,43.2,2,5,84,179,77,2608,135,Mobile,Australia
USR005511,93.1,0.6,1.1,9.7,1.4,91.7,517,39,96,146,94,54,69,Mobile,India
USR005512,59.8,11.3,6.8,29.4,14.5,62.7,23,48,4,252,82,2506,85,Mobile,Australia
USR005513,72.2,3.5,4.8,15.0,11.1,62.6,36,19,12,91,63,1992,35,Mobile,Brazil
USR005514,24.4,0.3,8.4,21.0,3.4,35.2,288,41,49,191,46,3377,10,Mobile,Japan
USR005515,44.8,11.5,10.3,55.3,2.0,97.2,6,33,2,69,62,2809,137,Tablet,UK
USR005516,12.5,1.1,13.2,20.2,5.1,46.4,17,14,92,64,96,2594,307,Mobile,UK
USR005517,7.4,17.2,3.5,149.5,1.3,48.7,222,35,80,427,87,1931,171,Mobile,Australia
USR005518,64.4,3.9,2.6,127.2,17.9,55.5,205,41,43,374,3,3525,112,Mobile,Australia
USR005519,50.3,3.6,12.8,198.7,13.4,49.5,1390,6,61,186,86,539,329,Mobile,Brazil
USR005520,12.6,0.1,22.8,43.3,17.6,44.8,217,34,77,499,52,1488,7,Desktop,India
USR005521,1.5,2.8,12.6,50.9,10.4,20.7,90,15,94,258,64,508,267,Desktop,Japan
USR005522,7.5,2.5,4.0,48.7,61.6,33.3,52,4,15,415,11,2582,30,Mobile,Japan
USR005523,65.5,29.1,2.3,85.1,3.6,55.9,276,38,99,159,54,626,10,Tablet,USA
USR005524,36.5,2.2,5.3,14.1,8.0,61.3,32,14,73,52,16,2391,197,Mobile,Germany
USR005525,164.6,1.2,8.4,51.1,1.5,21.8,160,39,42,411,11,255,110,Mobile,India
USR005526,55.2,2.1,0.5,2.5,8.2,64.7,218,12,97,105,92,3390,98,Desktop,Brazil
USR005527,61.5,10.8,4.8,95.0,2.4,48.6,64,45,77,206,98,3162,50,Mobile,Germany
USR005528,134.3,2.5,0.4,66.2,3.0,99.5,610,49,87,177,14,1205,173,Mobile,Brazil
USR005529,4.1,0.5,10.4,0.3,19.7,56.0,268,26,0,143,75,1994,149,Mobile,UK
USR005530,10.6,1.3,6.4,53.5,20.4,84.1,29,23,69,280,42,2472,102,Tablet,Germany
USR005531,41.9,1.6,1.0,35.3,2.8,21.2,225,8,63,410,12,2897,214,Mobile,Brazil
USR005532,152.6,1.1,25.9,196.9,19.8,20.2,435,38,58,489,89,1749,164,Mobile,India
USR005533,49.9,3.7,10.3,11.7,2.7,30.0,54,20,89,307,70,2053,248,Desktop,Japan
USR005534,16.1,16.9,11.8,19.9,0.1,35.2,357,4,74,92,83,675,9,Desktop,Germany
USR005535,54.3,0.3,10.4,16.1,3.5,92.9,277,36,78,215,94,795,338,Mobile,Germany
USR005536,1.0,2.1,17.0,6.2,2.9,31.8,85,9,53,408,14,3246,245,Desktop,UK
USR005537,1.6,2.5,18.8,10.1,0.6,39.5,112,14,44,51,62,985,127,Mobile,USA
USR005538,51.9,2.0,22.9,43.2,0.5,89.2,37,4,48,448,30,890,118,Mobile,Japan
USR005539,100.3,2.6,15.3,99.1,5.5,76.6,288,26,85,53,13,1163,164,Mobile,India
USR005540,34.2,1.3,2.6,35.4,13.8,76.7,29,9,37,474,42,308,152,Mobile,India
USR005541,75.1,0.3,7.6,96.6,2.7,68.9,156,33,97,124,76,1301,166,Mobile,UK
USR005542,54.9,20.6,8.2,46.4,6.6,67.1,45,1,32,241,41,1288,309,Mobile,Germany
USR005543,100.2,0.3,2.2,79.4,33.9,53.1,53,40,36,127,47,2774,354,Mobile,India
USR005544,160.1,7.8,1.9,128.0,6.8,85.7,12,12,53,319,46,2021,324,Desktop,Australia
USR005545,19.3,13.8,3.7,102.9,5.4,98.7,36,23,98,27,10,249,197,Mobile,Australia
USR005546,91.2,7.5,0.1,32.5,7.5,46.6,506,12,14,442,52,901,158,Mobile,India
USR005547,3.0,0.2,20.4,51.4,4.9,63.1,52,46,59,52,46,650,358,Mobile,India
USR005548,25.9,1.9,7.2,129.4,3.1,59.7,456,27,13,483,26,3034,89,Mobile,Brazil
USR005549,20.0,7.4,5.8,118.8,4.6,38.5,21,41,35,422,9,2357,169,Mobile,Japan
USR005550,43.6,4.0,6.6,4.0,16.9,59.6,97,40,5,137,82,3527,27,Mobile,India
USR005551,2.1,1.1,11.2,91.4,23.9,88.8,230,28,26,99,1,3458,358,Desktop,Germany
USR005552,129.1,4.4,9.5,93.2,7.1,31.8,119,30,29,236,49,895,53,Mobile,Germany
USR005553,100.3,10.6,3.0,98.4,21.4,93.2,64,1,34,141,23,2492,112,Mobile,Japan
USR005554,9.5,5.0,3.2,10.1,4.5,70.6,94,37,32,346,24,3421,109,Mobile,Germany
USR005555,59.3,3.3,2.2,48.1,6.9,67.3,500,18,4,143,34,910,267,Tablet,India
USR005556,49.0,7.8,32.0,7.9,20.0,67.9,92,31,31,431,33,372,27,Mobile,Brazil
USR005557,20.6,10.5,4.0,105.9,15.6,57.9,182,10,67,254,85,1075,197,Mobile,Australia
USR005558,29.9,5.2,15.9,16.5,0.7,97.4,76,46,65,112,53,336,286,Mobile,India
USR005559,45.5,4.0,2.9,34.6,8.4,46.9,83,38,15,64,51,2739,309,Tablet,Japan
USR005560,17.5,4.6,1.5,16.2,2.3,36.5,13,2,20,432,48,2134,183,Mobile,UK
USR005561,15.8,13.6,0.6,66.2,10.9,26.4,288,36,35,175,70,738,324,Tablet,India
USR005562,3.1,5.4,2.2,189.2,2.5,79.3,61,28,48,76,25,661,92,Mobile,Japan
USR005563,75.9,5.2,0.3,25.8,23.9,41.5,217,43,96,312,96,2049,109,Desktop,India
USR005564,2.8,1.6,5.1,27.8,9.4,36.4,72,38,0,204,37,2115,157,Mobile,Japan
USR005565,106.1,3.2,0.9,82.7,3.1,67.8,208,0,51,256,52,419,264,Mobile,Japan
USR005566,9.7,2.6,3.0,0.7,0.6,51.9,150,28,3,97,9,2299,76,Mobile,Brazil
USR005567,51.3,3.5,3.5,84.9,1.7,97.0,1149,13,96,498,74,1729,51,Tablet,Brazil
USR005568,153.3,5.5,13.3,22.6,9.1,70.9,697,22,18,159,54,159,84,Desktop,UK
USR005569,41.0,8.2,4.8,38.2,29.1,48.7,666,36,50,283,93,1086,5,Desktop,Germany
USR005570,154.5,2.7,7.7,7.4,4.1,81.1,96,49,91,50,90,693,278,Mobile,India
USR005571,14.2,6.5,7.6,10.5,6.1,30.4,26,39,19,140,85,2020,128,Mobile,Japan
USR005572,7.7,7.2,0.1,26.5,6.0,51.7,2,11,87,437,15,252,245,Mobile,Brazil
USR005573,49.4,6.5,11.0,93.8,8.2,67.0,63,27,73,357,61,2411,153,Mobile,Germany
USR005574,17.1,11.8,2.0,35.4,36.2,91.3,4,15,16,272,99,524,151,Mobile,India
USR005575,131.6,7.2,16.9,14.9,0.1,30.9,161,7,17,467,57,2110,293,Mobile,India
USR005576,82.6,2.3,9.5,26.9,7.0,44.5,4,10,48,453,49,2710,12,Mobile,Australia
USR005577,157.7,1.6,0.6,31.2,12.7,65.3,453,21,30,217,42,2137,327,Mobile,Australia
USR005578,19.0,4.4,13.3,12.8,3.8,69.2,179,1,63,17,12,3285,171,Mobile,India
USR005579,77.4,2.9,1.3,16.8,7.6,81.1,222,17,40,49,0,2567,78,Desktop,UK
USR005580,38.4,3.1,10.9,25.0,9.4,83.5,60,15,52,328,35,1193,258,Mobile,Japan
USR005581,70.8,15.0,0.6,14.6,18.1,79.9,289,43,8,493,24,3489,126,Desktop,USA
USR005582,83.1,8.9,3.9,25.0,6.1,21.6,264,19,33,210,21,1935,351,Desktop,Japan
USR005583,138.0,7.4,0.9,2.0,18.6,71.8,77,30,15,355,56,2426,10,Mobile,Australia
USR005584,32.7,0.4,1.8,131.7,4.9,38.0,345,41,52,207,95,1979,354,Mobile,Australia
USR005585,22.1,0.5,10.8,99.7,17.3,72.0,17,32,93,142,9,2877,175,Desktop,India
USR005586,30.0,10.3,14.6,32.2,36.7,27.9,152,44,25,243,54,2443,276,Tablet,USA
USR005587,33.0,2.2,5.6,89.2,21.4,41.4,30,15,82,315,35,2010,227,Mobile,India
USR005588,73.9,2.4,3.0,6.2,10.9,39.8,148,29,24,95,21,2982,74,Mobile,Australia
USR005589,5.7,3.6,2.9,1.5,6.3,37.1,482,25,28,319,3,3552,264,Mobile,Japan
USR005590,27.7,1.3,27.1,164.2,0.0,73.7,57,40,9,486,45,3582,119,Mobile,Australia
USR005591,132.0,8.8,7.2,3.0,8.1,33.8,79,1,89,198,36,3395,29,Tablet,Germany
USR005592,190.2,2.0,2.5,4.1,7.3,53.8,159,16,69,100,48,1232,162,Desktop,Brazil
USR005593,14.0,1.6,3.1,53.3,5.8,52.8,290,46,53,332,86,2890,71,Desktop,Australia
USR005594,57.3,0.7,4.7,111.9,15.3,90.0,6,4,8,0,60,285,9,Desktop,UK
USR005595,93.5,1.0,42.9,76.9,11.1,23.4,121,8,93,139,91,75,31,Mobile,Australia
USR005596,13.9,4.8,0.4,41.3,5.0,46.4,980,17,37,427,9,1898,275,Desktop,Brazil
USR005597,58.1,0.8,2.2,47.0,0.3,38.1,76,41,84,135,41,2505,324,Tablet,Australia
USR005598,107.9,1.9,0.7,79.5,0.3,27.9,279,8,2,387,50,1975,280,Mobile,USA
USR005599,55.9,4.0,8.3,65.5,4.7,21.4,90,15,15,210,27,3598,335,Desktop,Brazil
USR005600,34.6,13.6,1.4,11.7,15.8,69.0,39,32,46,189,84,754,243,Mobile,Australia
USR005601,17.6,2.5,7.3,10.2,5.2,96.1,188,1,26,83,89,2396,297,Mobile,USA
USR005602,37.0,0.9,4.2,39.5,0.2,35.8,12,24,30,469,88,3237,89,Mobile,USA
USR005603,20.4,1.9,1.3,21.4,5.7,67.8,218,26,94,243,20,526,241,Mobile,India
USR005604,34.1,0.8,9.0,27.9,10.5,76.3,194,11,78,148,3,2407,174,Mobile,Brazil
USR005605,124.9,8.9,14.0,17.7,2.4,29.8,100,39,87,154,65,1610,267,Desktop,Japan
USR005606,271.6,8.1,1.7,59.6,12.5,76.6,313,37,53,61,70,2274,205,Mobile,USA
USR005607,84.7,0.2,26.1,93.3,13.8,58.7,150,18,67,63,29,1292,193,Mobile,Australia
USR005608,16.1,2.5,13.2,10.0,9.3,91.5,11,39,26,196,49,1693,154,Tablet,UK
USR005609,26.9,0.7,8.4,29.5,13.0,26.4,107,22,19,426,66,255,347,Tablet,Germany
USR005610,103.4,9.9,12.2,47.0,6.2,78.0,299,20,62,34,91,1233,171,Mobile,Japan
USR005611,21.8,4.4,0.3,244.0,3.5,72.9,635,28,91,1,76,3357,197,Mobile,UK
USR005612,149.2,1.4,1.0,3.7,23.6,83.5,81,26,57,39,4,2364,120,Mobile,Australia
USR005613,28.4,3.5,0.7,96.3,16.7,85.6,445,39,29,149,85,2457,91,Mobile,Brazil
USR005614,115.7,7.4,8.2,64.3,1.0,86.7,69,48,68,283,38,924,324,Desktop,UK
USR005615,33.0,12.1,0.2,60.2,20.8,90.7,192,1,42,427,91,3519,173,Desktop,India
USR005616,62.1,1.3,10.3,9.2,7.5,73.4,699,4,76,452,70,2988,287,Mobile,Brazil
USR005617,74.0,6.4,1.7,26.6,20.3,51.5,23,26,99,48,20,1711,318,Mobile,Germany
USR005618,15.3,4.7,6.1,34.2,7.4,32.8,177,16,45,20,85,1503,99,Mobile,Germany
USR005619,31.5,5.0,28.1,25.4,2.6,42.5,490,47,28,435,74,2070,96,Mobile,USA
USR005620,22.8,7.4,12.2,78.1,11.5,76.6,119,43,56,390,51,426,272,Mobile,Japan
USR005621,198.8,9.1,2.8,2.8,9.1,30.1,169,14,45,448,98,1790,130,Desktop,Australia
USR005622,1.6,2.5,1.1,4.3,34.5,49.3,115,24,64,126,24,2349,147,Mobile,UK
USR005623,45.6,0.9,3.3,30.5,5.7,48.5,297,10,45,112,77,852,344,Mobile,Australia
USR005624,77.6,1.7,0.1,12.6,14.2,70.2,9,47,66,205,76,2594,27,Mobile,Japan
USR005625,40.9,1.8,36.1,151.5,1.7,68.2,1125,49,93,430,35,1976,154,Mobile,USA
USR005626,25.2,3.3,4.7,264.9,9.8,73.0,16,27,27,79,25,1742,81,Tablet,India
USR005627,18.2,4.4,6.5,14.3,0.4,68.2,70,43,28,371,26,1660,192,Mobile,UK
USR005628,143.8,6.9,0.6,78.0,1.6,41.6,118,44,46,124,69,2967,268,Mobile,India
USR005629,107.8,9.4,5.9,146.8,8.0,60.7,253,12,81,52,7,738,282,Mobile,Australia
USR005630,1.0,1.2,9.9,6.8,4.4,76.6,171,40,0,204,35,819,189,Desktop,Japan
USR005631,93.2,1.4,1.1,47.0,20.2,77.7,435,28,9,365,25,630,155,Mobile,UK
USR005632,80.9,6.1,14.3,55.9,0.0,83.9,15,22,83,369,74,495,40,Mobile,India
USR005633,83.8,20.1,9.6,73.3,1.3,42.0,184,34,10,216,16,1876,33,Desktop,Brazil
USR005634,17.2,6.2,11.9,11.6,26.5,70.2,202,17,69,148,31,3338,144,Desktop,UK
USR005635,81.1,3.1,9.3,2.2,5.7,40.5,24,6,67,278,29,1343,115,Tablet,Japan
USR005636,51.5,9.8,0.1,3.8,14.9,79.7,505,41,85,183,29,2522,359,Mobile,Germany
USR005637,134.6,35.3,1.7,227.0,33.1,82.0,179,41,32,196,81,1721,281,Mobile,Japan
USR005638,11.2,0.9,7.9,26.9,1.3,66.7,30,24,27,446,44,177,350,Mobile,Australia
USR005639,37.0,0.3,21.4,19.6,5.0,55.9,24,31,69,364,36,2494,359,Mobile,India
USR005640,7.1,12.0,12.0,50.0,17.6,58.0,14,11,89,222,57,996,279,Mobile,Brazil
USR005641,22.6,0.9,15.3,26.3,4.2,90.8,87,38,59,207,29,754,108,Mobile,UK
USR005642,13.2,7.8,4.1,30.9,18.4,75.3,184,36,51,341,85,1416,303,Mobile,Germany
USR005643,33.0,3.9,8.0,113.1,4.6,72.9,275,23,86,208,93,3262,323,Mobile,Germany
USR005644,21.0,1.5,2.7,18.0,11.8,40.0,311,32,74,438,87,1128,159,Desktop,Australia
USR005645,21.2,2.1,0.6,147.0,7.8,44.7,277,22,92,431,80,3098,108,Mobile,Australia
USR005646,2.4,5.5,0.1,5.8,3.3,24.7,142,0,94,406,25,552,227,Mobile,UK
USR005647,1.7,2.0,10.6,37.2,2.4,23.8,55,21,70,441,0,987,362,Mobile,Brazil
USR005648,25.1,11.3,13.0,107.9,6.0,63.4,184,25,18,118,58,3500,265,Mobile,USA
USR005649,58.2,6.4,1.2,31.4,4.2,82.0,17,19,33,487,44,3536,7,Mobile,USA
USR005650,17.3,6.2,5.6,27.5,8.5,68.7,8,0,70,405,57,1241,183,Desktop,Australia
USR005651,40.8,2.8,5.3,8.0,2.7,31.6,337,20,28,326,62,3468,334,Mobile,USA
USR005652,16.9,3.7,2.1,48.2,2.3,48.3,128,1,59,277,22,3532,115,Mobile,Australia
USR005653,5.1,4.3,1.2,60.7,4.6,55.4,88,29,73,206,46,3219,282,Mobile,India
USR005654,33.4,1.9,5.6,41.5,6.4,57.4,348,39,87,446,99,3504,309,Desktop,UK
USR005655,30.1,3.1,11.3,35.0,14.2,79.2,247,22,27,432,66,3364,219,Mobile,Brazil
USR005656,161.5,6.1,2.9,13.1,8.6,48.5,269,25,64,16,36,1006,92,Mobile,Australia
USR005657,23.1,3.0,1.1,160.6,22.0,57.7,152,1,99,302,54,811,261,Desktop,Japan
USR005658,54.7,12.4,7.9,226.3,10.9,43.7,285,32,58,446,64,239,1,Mobile,Australia
USR005659,183.7,2.0,2.8,157.5,16.8,21.2,246,32,34,314,86,2528,292,Mobile,Australia
USR005660,22.9,14.3,3.3,67.0,1.1,59.9,65,33,53,307,30,2277,262,Mobile,USA
USR005661,5.1,3.9,9.6,138.0,2.7,99.1,381,15,43,182,60,1687,141,Mobile,USA
USR005662,4.6,10.1,5.0,145.6,6.8,26.5,148,42,62,219,74,3642,350,Desktop,USA
USR005663,82.3,6.9,2.0,120.9,3.8,96.7,51,40,35,174,92,454,16,Mobile,USA
USR005664,27.2,2.2,17.2,21.9,5.0,65.1,195,41,5,151,85,2967,20,Mobile,Brazil
USR005665,40.7,10.2,5.5,2.9,4.4,20.6,97,4,43,69,80,1200,79,Desktop,UK
USR005666,13.3,0.3,0.0,5.7,5.8,60.6,148,7,63,362,7,1583,287,Mobile,Germany
USR005667,9.9,0.3,6.0,31.8,12.0,51.8,336,39,27,70,23,3290,271,Mobile,India
USR005668,41.9,9.3,2.5,27.5,9.6,74.2,82,37,92,217,61,2971,287,Mobile,Japan
USR005669,21.9,1.7,19.3,181.9,23.5,29.8,141,24,23,391,28,3572,251,Mobile,UK
USR005670,167.5,1.9,1.9,9.2,4.8,54.7,59,29,11,411,79,2112,183,Desktop,Germany
USR005671,68.9,8.0,0.2,34.7,4.8,48.1,51,17,7,217,31,1202,308,Desktop,India
USR005672,19.3,9.0,4.4,123.5,3.8,70.7,85,41,54,52,33,1414,342,Mobile,USA
USR005673,8.9,0.6,0.8,45.1,8.3,42.7,27,31,78,58,81,723,302,Mobile,USA
USR005674,10.1,19.8,8.4,18.0,3.5,52.3,6,41,38,275,9,215,334,Mobile,Germany
USR005675,49.4,4.9,2.9,61.0,1.6,95.7,264,10,11,441,28,1234,274,Mobile,Australia
USR005676,19.2,0.5,30.6,30.1,5.6,63.5,407,27,38,376,18,2724,291,Mobile,UK
USR005677,20.4,1.1,34.4,13.8,27.0,82.4,377,35,13,419,26,1287,195,Mobile,Germany
USR005678,21.0,2.9,6.3,0.2,10.9,67.9,527,20,8,405,53,3500,304,Mobile,India
USR005679,60.3,9.0,9.8,89.6,3.0,39.3,30,33,46,118,96,3079,132,Mobile,India
USR005680,26.0,0.7,0.7,9.3,3.9,64.5,1106,35,89,166,30,2526,347,Mobile,Australia
USR005681,25.9,0.1,0.7,3.0,6.2,43.2,162,11,29,31,60,1062,125,Mobile,Germany
USR005682,2.2,39.5,0.7,59.8,13.7,74.3,18,5,48,82,19,1703,114,Mobile,Japan
USR005683,79.5,1.4,4.1,49.9,3.1,60.3,50,15,4,171,54,848,78,Mobile,Japan
USR005684,243.9,0.7,2.3,35.2,7.6,63.4,116,26,2,147,82,3584,326,Tablet,USA
USR005685,52.4,3.9,1.2,36.0,2.7,93.2,9,1,49,119,95,1822,187,Desktop,Australia
USR005686,31.7,0.8,27.9,61.1,13.5,97.2,33,31,10,307,93,366,194,Mobile,UK
USR005687,70.4,1.3,1.8,2.3,18.9,81.4,255,36,51,142,84,1122,316,Mobile,USA
USR005688,20.4,13.2,4.0,18.1,10.1,63.4,165,41,64,101,82,1878,39,Tablet,Japan
USR005689,15.3,4.0,3.2,127.8,2.3,84.4,82,24,92,443,59,3555,296,Mobile,Germany
USR005690,174.3,2.9,20.6,36.0,13.0,24.2,90,30,12,444,91,2431,50,Mobile,Brazil
USR005691,74.7,1.3,0.4,13.1,80.2,24.7,35,48,95,233,93,1710,307,Mobile,Brazil
USR005692,146.5,1.7,2.7,25.6,2.5,94.7,102,11,74,72,58,688,235,Mobile,Japan
USR005693,109.4,4.7,0.1,14.0,54.9,87.7,638,31,69,25,39,1626,244,Mobile,UK
USR005694,51.0,1.1,17.8,7.5,0.7,81.4,68,7,1,240,62,1867,121,Mobile,India
USR005695,18.1,3.5,6.1,109.2,9.6,58.1,321,1,48,368,68,1038,27,Mobile,USA
USR005696,68.3,1.9,2.5,110.3,15.5,21.1,245,34,53,201,91,3023,63,Mobile,USA
USR005697,9.1,3.9,4.6,7.7,0.8,69.5,4,16,82,459,9,2203,278,Mobile,India
USR005698,17.8,3.9,1.8,3.8,24.9,48.1,62,22,58,101,24,2341,60,Desktop,USA
USR005699,206.1,0.1,15.4,16.5,0.2,91.8,96,12,16,137,84,243,23,Mobile,Japan
USR005700,33.0,6.0,2.0,95.2,16.8,84.0,310,38,69,481,98,2593,18,Desktop,Brazil
USR005701,108.4,2.7,1.6,22.9,11.8,72.3,157,42,53,44,2,1658,23,Desktop,India
USR005702,76.7,5.1,0.4,35.2,16.4,33.5,6,20,75,96,25,1110,350,Mobile,USA
USR005703,124.0,9.5,7.9,4.4,3.9,77.4,286,47,42,288,80,3558,219,Desktop,India
USR005704,8.8,8.9,0.2,61.3,1.8,28.6,59,40,63,380,8,2075,285,Mobile,Brazil
USR005705,15.8,3.9,0.5,115.4,2.1,60.0,475,23,95,158,0,3079,253,Mobile,Brazil
USR005706,87.1,3.0,14.2,25.3,5.3,56.7,92,26,2,231,36,3150,209,Mobile,India
USR005707,51.7,9.7,8.4,82.7,0.3,49.9,84,13,63,148,64,1701,73,Mobile,Germany
USR005708,63.8,2.1,6.8,41.6,14.5,36.4,300,27,51,49,88,858,290,Mobile,USA
USR005709,25.3,17.9,9.1,90.4,1.2,36.3,6,42,45,308,76,2326,298,Tablet,Japan
USR005710,16.1,0.8,5.4,32.6,14.8,24.8,49,9,4,248,55,2334,262,Desktop,Australia
USR005711,29.4,6.3,9.5,0.8,7.1,41.0,65,18,23,485,46,1719,253,Mobile,Australia
USR005712,52.6,1.3,1.4,67.5,0.3,54.7,142,10,69,118,45,3072,31,Desktop,Germany
USR005713,17.8,12.3,10.1,72.7,1.8,53.8,221,49,45,334,25,1839,132,Desktop,USA
USR005714,236.3,1.7,2.5,125.8,10.6,45.8,108,19,50,336,1,403,42,Mobile,Australia
USR005715,27.6,2.0,30.6,41.4,10.4,64.0,69,30,76,470,81,2371,112,Mobile,India
USR005716,1.4,4.5,7.4,1.9,9.7,92.5,135,22,25,205,92,2453,14,Mobile,Australia
USR005717,87.5,2.1,1.7,53.5,8.4,79.3,667,4,22,416,53,1472,231,Mobile,USA
USR005718,235.1,2.1,0.6,26.3,2.2,23.8,30,16,20,223,85,1590,99,Mobile,Brazil
USR005719,72.2,0.2,13.5,59.4,6.8,29.1,0,2,96,228,64,3050,78,Mobile,UK
USR005720,49.1,1.0,7.4,31.4,12.9,25.3,69,31,2,277,7,2675,213,Mobile,Australia
USR005721,5.8,9.7,21.8,17.9,24.8,33.3,3,1,28,374,65,1567,239,Mobile,Japan
USR005722,11.5,0.6,6.0,74.6,1.3,98.2,170,28,35,172,1,2577,154,Mobile,India
USR005723,18.0,10.3,4.2,38.9,6.2,47.8,337,12,57,194,97,1925,263,Mobile,Australia
USR005724,2.9,4.2,0.1,12.0,10.4,76.3,22,49,34,411,9,3556,127,Mobile,Germany
USR005725,3.0,1.6,4.8,27.9,6.4,43.6,73,14,80,75,62,1725,27,Tablet,USA
USR005726,6.9,0.1,2.1,27.6,4.7,84.1,282,38,18,8,93,2049,104,Mobile,India
USR005727,154.4,0.5,55.3,54.5,1.4,77.2,26,31,72,474,50,763,224,Desktop,Germany
USR005728,74.3,7.2,10.0,4.1,12.5,59.9,471,2,26,244,94,3177,331,Mobile,USA
USR005729,133.0,9.5,11.1,112.4,7.7,92.7,132,5,99,189,29,1705,73,Mobile,USA
USR005730,115.6,0.5,23.1,84.4,9.2,25.7,8,31,59,17,7,1876,48,Tablet,Australia
USR005731,77.2,2.0,12.4,40.2,2.4,98.8,596,18,98,28,25,653,139,Desktop,USA
USR005732,152.7,2.4,7.8,66.0,8.2,20.4,23,2,11,247,96,1701,130,Mobile,Brazil
USR005733,4.9,3.2,6.2,31.2,4.5,52.6,718,9,43,31,5,1189,295,Mobile,Germany
USR005734,14.6,6.1,4.9,1.2,53.2,23.5,8,41,65,88,52,1547,268,Desktop,India
USR005735,59.5,0.7,3.0,111.0,5.9,34.8,54,17,62,323,62,3449,238,Mobile,India
USR005736,22.5,0.8,0.2,64.7,4.6,38.2,168,47,31,414,15,2526,329,Desktop,UK
USR005737,26.2,14.6,16.5,16.1,4.4,54.4,268,33,1,34,44,679,207,Desktop,Australia
USR005738,16.4,11.3,0.8,7.0,30.6,48.8,68,6,74,267,4,2094,135,Mobile,UK
USR005739,17.7,16.3,2.6,2.1,37.0,69.7,189,20,18,415,31,1210,141,Mobile,Germany
USR005740,11.7,0.9,3.4,55.0,22.1,95.8,40,15,49,269,84,2622,254,Desktop,Australia
USR005741,20.2,21.9,5.9,171.0,1.2,99.9,37,8,85,238,41,3390,188,Mobile,Australia
USR005742,9.4,17.3,13.3,35.3,2.7,25.1,62,3,4,108,34,2524,58,Mobile,UK
USR005743,72.4,4.4,48.0,68.7,7.6,68.4,143,48,71,214,1,3364,8,Desktop,Japan
USR005744,28.5,0.8,12.2,187.0,2.0,77.7,196,27,21,251,97,167,47,Mobile,Japan
USR005745,136.3,23.4,1.4,19.4,18.4,46.8,104,20,23,439,53,2050,234,Desktop,Australia
USR005746,9.6,6.2,0.0,28.0,2.2,65.7,564,8,97,351,74,2230,212,Mobile,Brazil
USR005747,49.9,3.2,3.6,12.6,7.9,58.9,217,24,23,345,92,1463,80,Mobile,UK
USR005748,21.6,2.5,20.9,24.3,1.6,59.5,1602,16,93,487,54,1584,210,Mobile,Brazil
USR005749,40.6,2.8,7.9,103.2,3.1,98.8,237,5,88,270,33,329,323,Tablet,India
USR005750,70.5,2.6,1.1,24.0,8.6,86.3,827,43,73,391,18,1290,87,Mobile,Brazil
USR005751,313.7,5.1,1.8,56.5,17.1,72.8,227,4,28,145,94,2726,319,Mobile,USA
USR005752,13.4,3.2,8.2,225.0,1.1,73.8,307,33,5,376,84,2702,236,Mobile,India
USR005753,3.4,15.1,4.1,15.4,0.8,38.7,62,5,2,362,1,3380,103,Desktop,Germany
USR005754,75.6,5.9,1.0,27.3,0.3,81.3,47,31,58,172,0,2853,222,Mobile,UK
USR005755,38.0,1.6,4.9,38.9,5.7,21.2,329,34,49,492,15,1525,98,Mobile,UK
USR005756,8.2,3.8,1.6,111.7,9.8,85.6,51,40,5,140,88,1755,115,Tablet,UK
USR005757,50.6,2.9,1.1,30.6,11.5,41.7,346,32,2,266,83,1201,167,Mobile,USA
USR005758,6.7,1.8,11.0,48.7,1.2,45.1,30,41,23,367,10,3089,91,Desktop,Germany
USR005759,46.8,0.6,0.4,12.9,19.1,65.7,148,10,59,292,70,3514,71,Mobile,India
USR005760,10.1,3.1,12.1,64.7,23.2,21.6,73,36,43,104,69,2029,241,Mobile,USA
USR005761,33.5,5.7,0.2,237.1,10.0,96.8,151,35,80,160,50,840,353,Desktop,India
USR005762,49.1,2.4,4.6,39.5,1.9,49.8,32,25,90,262,0,582,359,Mobile,USA
USR005763,5.1,5.2,3.7,116.0,23.8,67.6,14,20,65,79,75,862,74,Tablet,USA
USR005764,67.2,16.0,12.2,40.7,12.8,51.4,186,34,8,83,18,116,33,Desktop,Germany
USR005765,18.0,7.3,0.4,3.2,3.0,21.2,345,49,76,283,33,2268,76,Mobile,Germany
USR005766,40.7,1.6,4.5,33.9,4.1,58.4,153,11,87,201,33,2661,97,Mobile,India
USR005767,66.2,0.4,3.0,55.3,4.7,45.6,256,12,77,306,77,1026,19,Desktop,USA
USR005768,19.0,9.3,0.6,8.6,5.7,31.2,417,8,96,62,7,3193,149,Desktop,USA
USR005769,1.3,6.0,12.9,32.1,2.5,94.5,117,11,62,148,57,1860,308,Mobile,UK
USR005770,15.3,3.0,3.1,28.4,18.0,84.3,547,27,55,131,43,2756,206,Mobile,Japan
USR005771,22.5,4.5,0.8,13.4,0.6,70.1,17,18,8,426,32,538,201,Mobile,Japan
USR005772,9.0,9.3,5.3,33.9,3.5,98.9,529,7,2,148,81,910,259,Mobile,Australia
USR005773,63.3,1.4,20.1,81.7,3.8,46.2,947,32,22,135,59,2346,138,Mobile,USA
USR005774,109.2,1.2,15.5,55.2,20.2,61.8,689,28,97,410,92,3337,179,Mobile,Germany
USR005775,9.0,0.1,8.4,13.9,21.3,74.6,367,10,34,178,85,2778,248,Mobile,India
USR005776,53.3,2.2,11.8,102.4,3.0,32.0,329,4,35,473,77,3130,341,Desktop,India
USR005777,40.8,4.4,17.0,22.4,15.4,27.9,144,49,49,94,22,3504,70,Mobile,Germany
USR005778,5.9,0.1,13.8,65.2,0.1,42.2,170,41,27,404,4,849,163,Mobile,Brazil
USR005779,5.2,8.2,7.2,67.3,25.9,73.5,12,36,21,475,38,233,63,Mobile,Japan
USR005780,46.9,0.0,2.2,9.5,4.3,46.6,181,36,68,43,81,513,179,Desktop,Brazil
USR005781,87.1,12.7,1.8,42.2,0.6,70.4,52,40,22,36,2,1005,184,Mobile,UK
USR005782,121.5,0.5,2.3,7.4,3.0,28.6,184,27,9,492,44,1939,266,Mobile,Japan
USR005783,6.3,9.8,3.3,16.9,9.6,84.5,57,4,85,406,27,2998,195,Mobile,USA
USR005784,117.2,4.1,1.2,9.9,2.8,96.7,12,20,38,367,76,1402,256,Desktop,Japan
USR005785,75.6,0.6,14.6,2.7,14.9,76.4,143,19,17,365,72,1915,84,Tablet,Brazil
USR005786,3.2,3.4,11.1,102.1,42.7,49.4,88,13,69,358,13,3487,289,Desktop,Germany
USR005787,13.4,1.3,2.0,66.1,3.4,74.6,371,3,44,158,1,713,95,Mobile,Germany
USR005788,20.8,0.2,1.3,181.4,24.9,23.7,462,23,34,18,9,726,186,Mobile,Germany
USR005789,90.4,1.3,1.5,60.0,18.1,66.5,130,15,9,152,51,1671,37,Mobile,Japan
USR005790,81.4,3.5,7.5,89.6,6.3,46.3,143,42,25,259,39,1677,248,Mobile,India
USR005791,75.0,19.2,1.8,35.8,3.6,56.6,63,36,27,204,89,1755,333,Mobile,UK
USR005792,76.2,0.7,6.2,34.2,7.7,28.3,32,44,73,52,6,754,95,Mobile,UK
USR005793,18.9,1.8,0.8,25.0,26.2,52.6,51,26,73,169,43,2271,168,Desktop,Japan
USR005794,188.9,2.0,0.4,84.0,5.9,25.7,63,21,26,191,71,1821,207,Mobile,Australia
USR005795,7.4,0.8,8.6,21.7,12.8,80.2,252,44,64,193,45,3629,269,Mobile,Brazil
USR005796,7.9,3.8,9.0,145.5,17.6,58.6,73,6,83,190,67,3161,56,Mobile,Germany
USR005797,2.1,12.3,2.5,15.3,11.5,81.4,182,36,45,492,92,3561,273,Tablet,Germany
USR005798,35.3,3.7,5.1,13.1,9.8,24.1,175,26,98,55,52,2991,297,Mobile,Australia
USR005799,22.8,8.2,15.6,3.3,18.4,47.6,361,3,14,33,38,1821,237,Mobile,Germany
USR005800,123.5,8.9,3.9,64.0,6.5,25.3,256,20,57,308,73,3006,172,Desktop,Germany
USR005801,7.6,1.7,8.2,26.8,14.3,89.9,251,22,15,302,20,274,270,Mobile,Brazil
USR005802,39.0,1.5,2.9,59.9,7.2,39.6,21,2,13,272,47,740,13,Mobile,USA
USR005803,12.5,0.0,7.9,12.0,17.1,44.4,80,17,38,218,4,1709,341,Desktop,Brazil
USR005804,72.2,1.6,6.3,144.7,3.4,54.9,163,11,75,199,31,1735,127,Desktop,Japan
USR005805,60.7,0.7,18.8,31.8,9.7,22.9,163,6,19,270,50,1235,220,Mobile,Japan
USR005806,383.7,0.8,8.2,45.4,16.3,28.3,266,26,61,229,17,2131,342,Mobile,Japan
USR005807,132.9,3.8,5.9,26.9,5.8,54.5,35,11,3,284,54,540,113,Mobile,Brazil
USR005808,20.9,7.2,4.3,54.8,6.5,41.3,8,13,83,399,61,2884,336,Mobile,UK
USR005809,24.1,5.6,5.9,7.0,14.5,66.9,163,0,20,419,38,2639,196,Mobile,India
USR005810,20.5,3.1,29.4,30.3,6.3,25.3,571,24,22,385,5,1110,314,Mobile,Australia
USR005811,68.3,2.5,3.2,86.9,8.9,78.0,81,24,24,488,8,2424,175,Mobile,Japan
USR005812,153.2,0.9,3.4,50.2,9.8,59.1,26,9,15,119,82,855,29,Mobile,USA
USR005813,13.5,2.0,3.6,10.9,12.8,33.3,29,46,93,97,45,2768,277,Mobile,Japan
USR005814,134.2,0.5,3.3,27.7,10.9,88.4,171,43,55,56,98,2622,117,Mobile,UK
USR005815,9.9,1.2,12.1,48.7,7.1,30.0,2,19,61,82,57,539,121,Mobile,Japan
USR005816,1.8,8.8,3.5,53.6,11.5,67.4,603,46,81,168,26,2110,88,Mobile,Australia
USR005817,28.7,12.2,3.8,31.5,5.7,80.1,46,2,7,214,73,331,336,Mobile,Germany
USR005818,81.4,5.6,24.4,136.2,9.5,53.7,56,8,73,65,14,1228,63,Mobile,Australia
USR005819,3.9,11.2,4.0,2.6,0.6,73.8,241,33,31,431,31,59,146,Desktop,UK
USR005820,53.8,6.3,2.1,3.3,7.6,59.0,498,41,19,84,80,3230,363,Mobile,Germany
USR005821,91.4,10.3,10.9,63.6,1.4,27.5,727,35,3,263,97,878,274,Mobile,India
USR005822,182.7,0.2,0.6,140.8,8.7,53.6,14,24,9,369,85,1017,337,Mobile,UK
USR005823,1.9,2.5,0.6,83.9,1.7,86.4,65,43,32,401,29,882,224,Mobile,Japan
USR005824,8.8,3.0,7.8,7.4,6.7,51.8,189,35,27,373,42,2175,30,Tablet,Germany
USR005825,392.6,0.8,0.3,269.3,5.6,72.0,306,33,6,384,71,166,41,Mobile,USA
USR005826,17.6,2.2,2.4,57.7,5.6,60.9,87,11,69,304,87,1639,337,Mobile,Australia
USR005827,7.1,2.3,1.7,9.2,6.5,46.6,144,27,90,106,19,1247,88,Mobile,USA
USR005828,40.9,12.4,13.7,6.8,0.8,45.7,190,34,55,230,22,1797,134,Mobile,UK
USR005829,127.4,1.6,7.1,8.2,16.2,37.4,321,23,81,64,75,2417,43,Mobile,Australia
USR005830,1.0,0.2,0.3,8.9,16.1,94.1,124,32,74,371,90,505,319,Mobile,Australia
USR005831,86.7,0.7,33.8,6.7,26.1,84.5,80,30,42,424,62,674,45,Mobile,USA
USR005832,118.3,4.1,2.9,49.4,22.4,86.1,621,45,18,290,90,3001,349,Mobile,Germany
USR005833,32.5,9.0,20.2,62.3,13.9,51.4,225,12,62,323,99,2470,360,Mobile,Australia
USR005834,52.3,4.8,9.9,41.4,9.7,95.7,188,28,11,129,35,760,65,Mobile,USA
USR005835,140.5,5.0,5.4,59.0,5.7,27.5,326,1,95,120,76,1023,341,Tablet,USA
USR005836,95.5,2.6,2.1,65.5,4.9,54.0,121,49,42,340,33,1298,41,Mobile,Brazil
USR005837,34.8,0.5,3.8,48.6,1.6,61.9,339,41,86,224,95,3074,347,Desktop,Australia
USR005838,100.0,1.4,0.1,83.6,9.3,23.7,414,1,98,115,66,1097,26,Tablet,UK
USR005839,41.4,1.8,6.8,142.2,2.5,33.0,38,26,51,4,78,2337,225,Desktop,Japan
USR005840,45.1,7.4,2.1,111.7,11.0,75.4,127,22,91,219,41,3190,271,Desktop,India
USR005841,109.6,4.0,13.5,49.8,6.8,61.1,46,37,46,379,43,2452,70,Mobile,Brazil
USR005842,15.7,14.1,1.4,56.2,15.7,25.0,862,41,79,164,52,724,172,Tablet,Brazil
USR005843,95.4,5.5,3.6,0.2,10.5,76.8,83,30,61,252,16,55,22,Mobile,Germany
USR005844,130.4,0.5,3.5,36.2,8.0,60.7,231,17,90,358,11,1686,309,Mobile,Brazil
USR005845,11.5,0.1,25.0,32.7,15.4,34.9,46,20,40,181,93,666,347,Mobile,Germany
USR005846,75.9,10.0,1.2,53.1,16.0,61.6,250,11,13,455,84,2967,103,Mobile,UK
USR005847,82.2,4.7,3.4,23.0,5.8,83.1,106,2,87,252,97,3576,195,Mobile,USA
USR005848,53.1,5.9,7.0,78.7,24.3,74.5,204,13,20,183,35,2848,335,Mobile,India
USR005849,21.4,1.3,14.9,28.1,24.0,20.7,4,42,31,98,75,2458,183,Mobile,India
USR005850,86.5,1.7,1.0,23.9,8.5,41.4,7,16,39,314,83,3597,62,Mobile,USA
USR005851,1.8,0.8,2.1,1.7,4.0,68.5,33,47,67,413,4,1004,214,Mobile,Germany
USR005852,7.7,6.9,8.0,46.0,2.3,21.7,3,16,90,412,40,2173,164,Mobile,Japan
USR005853,52.5,2.7,1.4,1.6,17.9,35.2,91,14,39,59,99,3312,219,Mobile,USA
USR005854,45.9,4.4,13.8,26.2,17.0,89.8,86,33,43,377,7,1595,4,Mobile,Brazil
USR005855,39.2,5.1,0.4,3.0,5.2,61.8,17,37,99,433,35,3362,117,Tablet,Australia
USR005856,5.8,13.1,5.7,16.0,6.6,44.0,266,40,96,461,92,235,236,Mobile,Australia
USR005857,31.8,1.2,4.6,22.7,4.6,50.1,458,5,79,132,40,613,34,Mobile,Brazil
USR005858,69.3,16.2,0.1,1.6,10.3,44.1,115,37,68,157,96,1277,256,Desktop,Australia
USR005859,27.4,4.5,4.6,69.4,13.7,40.4,190,39,39,269,83,1566,89,Mobile,Australia
USR005860,4.0,1.2,13.1,89.3,0.6,92.8,140,14,82,405,89,936,347,Mobile,Brazil
USR005861,25.4,4.8,9.3,27.1,1.1,99.3,361,32,69,327,66,1637,123,Mobile,Australia
USR005862,113.9,1.0,48.2,61.0,14.9,33.8,56,16,24,14,39,2893,227,Mobile,Australia
USR005863,29.4,2.6,17.1,48.0,36.0,58.7,341,42,39,290,6,1568,48,Desktop,UK
USR005864,6.8,1.5,28.0,8.1,3.3,56.6,189,22,81,338,50,765,312,Mobile,India
USR005865,96.8,5.4,15.3,71.7,12.7,98.8,64,11,85,340,73,861,42,Tablet,USA
USR005866,72.6,4.2,1.6,14.8,13.6,76.5,59,30,41,405,75,2447,360,Mobile,Germany
USR005867,24.4,4.8,4.1,10.2,22.4,35.5,24,27,8,342,45,234,193,Mobile,India
USR005868,69.8,2.6,4.2,40.9,10.4,60.4,145,20,62,491,37,3182,31,Tablet,India
USR005869,70.5,4.4,30.4,41.3,3.4,82.9,69,8,24,111,39,1678,128,Mobile,Germany
USR005870,5.6,1.9,3.7,29.5,19.5,76.4,300,1,28,308,77,1445,82,Mobile,USA
USR005871,16.4,0.4,0.1,192.9,15.0,22.4,106,33,95,36,70,2805,203,Tablet,Australia
USR005872,257.5,1.4,6.9,7.2,10.1,84.3,182,9,37,326,13,2565,302,Mobile,Brazil
USR005873,113.3,3.9,3.1,42.2,4.6,37.0,82,22,54,49,5,3160,59,Mobile,Australia
USR005874,7.5,1.8,1.6,10.1,1.6,67.4,89,45,97,265,37,252,230,Mobile,Australia
USR005875,3.7,5.7,2.3,11.4,0.1,79.7,91,22,45,78,98,2764,154,Tablet,UK
USR005876,93.2,1.7,2.7,92.2,16.7,67.8,14,48,96,426,42,3573,313,Desktop,Japan
USR005877,25.9,2.9,19.8,40.5,0.1,34.9,111,25,64,183,59,3055,97,Mobile,Australia
USR005878,5.1,1.3,3.2,4.7,9.6,77.8,175,29,69,292,18,3255,93,Mobile,Japan
USR005879,56.7,5.9,2.8,91.8,0.7,88.3,42,29,70,87,93,1049,346,Mobile,Japan
USR005880,48.2,4.5,6.8,87.4,5.7,63.2,97,8,19,245,58,2143,345,Mobile,Germany
USR005881,3.4,3.8,15.4,15.7,6.0,71.6,407,43,41,281,28,186,277,Mobile,Japan
USR005882,11.1,5.2,14.4,49.1,13.8,44.9,147,47,77,190,1,2330,133,Desktop,Japan
USR005883,12.9,8.3,13.3,85.3,27.5,54.7,456,27,58,416,5,291,258,Mobile,Australia
USR005884,145.8,0.0,2.1,5.6,52.4,52.4,57,29,0,21,39,2647,205,Tablet,Brazil
USR005885,57.4,4.7,35.8,8.1,1.0,34.2,70,2,25,13,23,2723,82,Mobile,Japan
USR005886,46.0,0.9,8.8,13.7,4.6,96.5,312,7,71,92,29,1383,262,Desktop,Australia
USR005887,260.4,4.6,8.1,99.7,20.1,22.9,127,40,42,107,18,86,43,Mobile,Australia
USR005888,1.0,3.5,17.9,11.2,12.8,50.6,123,14,85,220,8,1134,95,Mobile,UK
USR005889,3.0,12.1,3.8,52.8,3.0,72.8,74,15,51,110,67,116,122,Tablet,Brazil
USR005890,79.6,2.6,4.1,47.2,3.2,87.0,149,12,63,450,59,423,232,Mobile,Germany
USR005891,21.5,4.5,1.3,13.5,13.3,87.9,85,24,2,186,72,2858,201,Desktop,Germany
USR005892,118.9,2.8,0.7,59.6,15.4,42.8,80,33,16,163,81,3133,94,Mobile,Germany
USR005893,25.8,2.7,15.9,156.1,4.7,47.7,115,23,70,224,50,521,87,Mobile,USA
USR005894,3.9,7.5,1.7,15.6,7.0,95.4,110,21,36,451,12,2574,18,Desktop,Brazil
USR005895,45.1,0.9,0.5,10.6,0.4,34.9,157,43,62,389,73,1875,266,Mobile,India
USR005896,127.0,2.7,2.5,19.6,6.7,80.9,7,42,82,305,23,544,268,Desktop,Australia
USR005897,9.7,4.3,3.3,44.0,1.4,69.1,168,5,80,123,5,2984,262,Tablet,USA
USR005898,17.2,1.1,9.7,15.5,8.1,24.1,3,19,23,93,98,1278,178,Mobile,Brazil
USR005899,86.9,4.3,1.9,9.6,30.4,78.1,50,11,88,29,26,2953,308,Mobile,USA
USR005900,252.9,0.2,1.5,61.8,2.4,66.0,397,38,29,112,70,1892,208,Mobile,Australia
USR005901,161.0,5.0,1.8,22.4,15.3,46.3,200,19,59,250,14,1244,170,Desktop,USA
USR005902,43.7,0.5,3.9,49.9,1.1,78.3,49,24,91,167,0,2304,300,Mobile,Germany
USR005903,160.5,6.6,30.9,41.8,34.9,79.7,235,36,42,469,24,685,241,Mobile,UK
USR005904,34.7,11.4,11.1,20.8,2.3,49.7,58,44,55,454,74,934,94,Desktop,India
USR005905,1.5,2.3,2.2,48.2,3.9,52.1,40,36,30,289,91,2841,159,Mobile,Brazil
USR005906,2.8,1.7,12.7,73.1,27.9,56.2,13,40,91,54,81,3473,259,Mobile,UK
USR005907,42.7,6.2,7.0,0.1,11.1,31.0,155,26,78,249,95,2745,38,Desktop,India
USR005908,8.4,2.4,0.2,11.9,19.8,58.1,5,12,96,281,34,3292,14,Mobile,UK
USR005909,187.9,3.5,0.3,59.4,3.6,25.0,137,26,11,264,88,1862,322,Mobile,India
USR005910,1.0,9.3,7.8,28.9,1.1,65.0,283,1,62,371,97,654,22,Tablet,Japan
USR005911,166.5,14.6,1.2,25.8,1.5,40.3,276,39,3,415,4,3133,346,Mobile,Australia
USR005912,93.8,6.5,32.3,51.6,0.5,28.5,424,2,59,177,17,3160,218,Mobile,Australia
USR005913,9.2,0.5,1.5,17.5,8.6,26.8,142,48,55,19,27,492,318,Desktop,Australia
USR005914,54.7,19.8,13.6,127.8,0.6,27.1,237,48,60,218,19,152,362,Desktop,Germany
USR005915,52.8,3.4,0.2,12.6,11.8,29.2,40,10,27,194,57,3362,112,Mobile,UK
USR005916,26.0,10.8,1.7,82.5,17.5,35.8,68,38,20,405,25,3363,159,Mobile,USA
USR005917,166.8,0.1,1.7,151.4,4.4,77.1,783,19,33,295,83,1311,247,Desktop,Germany
USR005918,45.3,1.6,5.2,29.7,0.2,55.1,170,27,92,271,55,737,348,Mobile,Australia
USR005919,260.2,3.7,13.9,30.2,0.7,21.6,44,2,67,271,78,2841,170,Mobile,Brazil
USR005920,15.6,1.7,5.1,64.7,25.7,38.3,31,23,1,360,13,1040,282,Mobile,Japan
USR005921,12.1,16.9,8.6,25.7,8.4,70.8,271,14,93,121,13,3311,357,Mobile,Australia
USR005922,6.9,1.3,6.6,30.0,0.1,92.9,111,3,69,144,4,2641,112,Mobile,Australia
USR005923,61.7,0.8,8.1,38.6,5.3,89.1,9,24,92,183,33,733,147,Mobile,India
USR005924,4.8,1.8,6.3,30.3,6.5,56.5,573,39,38,73,42,95,280,Mobile,UK
USR005925,219.0,33.5,13.1,18.2,28.3,59.1,48,41,3,467,8,1766,179,Tablet,Japan
USR005926,38.3,7.6,12.5,20.0,0.1,49.0,463,49,6,439,25,1403,267,Tablet,UK
USR005927,168.9,1.3,13.8,2.4,5.8,42.8,159,29,1,468,26,326,33,Mobile,UK
USR005928,92.7,0.4,2.7,39.7,7.5,32.7,109,33,79,266,50,1246,328,Mobile,UK
USR005929,20.2,0.3,10.2,67.6,2.7,56.7,251,1,18,373,69,2037,170,Mobile,USA
USR005930,5.7,4.7,2.2,43.5,12.3,26.6,183,22,50,214,50,730,331,Mobile,Australia
USR005931,44.3,0.7,3.4,26.5,5.2,35.3,346,20,57,176,90,256,276,Desktop,UK
USR005932,10.6,1.8,21.6,2.6,4.2,37.0,47,0,94,148,13,3483,190,Mobile,Germany
USR005933,117.3,8.6,3.3,74.5,4.7,21.4,158,14,53,123,98,1702,296,Desktop,India
USR005934,12.0,6.0,3.8,64.0,12.1,41.5,258,19,3,437,11,1397,345,Desktop,USA
USR005935,215.9,14.2,4.8,138.6,7.7,70.4,202,40,0,287,29,3159,354,Mobile,UK
USR005936,402.8,1.3,0.5,27.4,8.1,77.5,152,40,9,99,37,2062,274,Mobile,India
USR005937,33.6,15.6,1.8,33.9,8.4,32.6,49,25,77,162,43,715,252,Desktop,Brazil
USR005938,110.5,1.6,10.3,0.1,9.6,42.7,61,5,53,13,45,498,114,Mobile,UK
USR005939,33.9,1.4,9.7,4.1,14.6,28.9,36,23,96,103,92,3581,288,Mobile,India
USR005940,217.7,0.4,1.6,9.8,29.8,56.8,82,9,52,264,43,1683,128,Mobile,Brazil
USR005941,41.2,5.9,4.7,100.2,12.5,70.6,205,45,97,244,89,1915,3,Desktop,Japan
USR005942,5.2,4.8,2.2,54.8,4.0,40.2,16,16,80,0,44,244,210,Mobile,Japan
USR005943,6.6,2.1,16.8,27.8,15.3,24.3,133,44,66,165,80,2735,152,Mobile,Germany
USR005944,5.4,5.9,7.1,277.2,20.5,59.7,52,39,87,272,0,2360,257,Tablet,India
USR005945,64.8,4.5,2.5,24.2,33.7,67.4,477,15,15,52,62,1863,186,Mobile,Brazil
USR005946,1.4,3.5,0.3,11.2,9.3,93.0,91,49,75,201,93,2711,156,Mobile,Australia
USR005947,48.7,0.8,7.5,24.6,3.9,92.1,54,17,7,178,36,54,32,Mobile,Brazil
USR005948,130.4,3.7,7.6,27.7,7.3,47.8,82,34,13,22,91,553,77,Tablet,USA
USR005949,48.7,2.4,7.1,77.2,11.2,43.5,600,26,53,333,40,2071,152,Desktop,Brazil
USR005950,90.8,5.9,21.3,14.9,8.4,65.1,214,34,39,1,54,3195,92,Desktop,Japan
USR005951,10.6,6.2,0.0,13.6,2.0,62.3,2,28,26,125,91,1670,243,Mobile,USA
USR005952,135.1,5.7,3.1,128.7,6.8,60.1,125,45,14,371,14,1462,284,Mobile,Brazil
USR005953,88.7,4.5,4.0,106.3,15.0,74.7,100,2,44,451,60,2668,274,Tablet,Australia
USR005954,8.1,7.2,5.1,174.2,5.2,81.1,40,22,71,34,61,143,301,Mobile,Brazil
USR005955,139.4,2.2,1.0,78.5,13.6,55.7,323,3,75,391,24,2980,53,Mobile,Japan
USR005956,30.3,9.7,5.3,100.7,3.6,58.9,131,37,43,310,84,2119,77,Desktop,Australia
USR005957,9.7,8.2,0.5,29.8,29.1,87.6,171,18,30,428,95,3461,164,Desktop,USA
USR005958,31.8,11.1,2.1,15.1,13.6,43.1,30,38,29,256,74,1631,166,Tablet,Australia
USR005959,57.2,3.1,32.4,8.8,1.6,54.6,10,13,86,5,43,3339,232,Mobile,Germany
USR005960,4.0,0.5,12.1,36.1,13.0,50.1,44,30,87,79,14,881,234,Mobile,USA
USR005961,6.8,7.9,2.6,41.0,4.8,85.6,675,11,31,102,9,877,210,Mobile,UK
USR005962,35.8,4.9,12.0,24.3,17.7,20.9,511,43,69,102,26,262,40,Tablet,Japan
USR005963,24.3,5.3,3.0,26.0,3.4,29.9,845,2,12,135,70,1388,220,Mobile,USA
USR005964,86.6,20.1,1.4,7.6,0.0,93.5,203,33,70,435,63,3292,200,Mobile,Brazil
USR005965,10.9,10.4,12.0,0.8,2.7,63.5,49,3,55,107,98,2404,191,Mobile,India
USR005966,173.3,5.9,10.3,19.8,3.0,80.9,142,43,78,183,54,2289,248,Mobile,USA
USR005967,14.0,0.2,5.8,22.1,8.7,31.7,415,10,34,80,59,860,63,Tablet,Germany
USR005968,219.4,2.0,13.5,60.9,5.6,42.3,109,32,46,176,90,1740,295,Desktop,Japan
USR005969,60.3,2.4,6.0,14.3,7.4,73.5,569,28,35,482,25,805,88,Desktop,Brazil
USR005970,33.9,11.5,3.6,9.0,0.4,34.8,429,37,36,327,19,1388,110,Mobile,Australia
USR005971,10.4,2.2,0.1,43.7,2.9,74.5,103,49,18,129,83,711,299,Desktop,Japan
USR005972,2.1,2.2,2.0,62.4,4.5,57.2,3,16,28,49,2,2234,214,Mobile,Japan
USR005973,23.9,0.3,8.0,18.6,8.5,33.1,439,13,59,190,90,3244,262,Mobile,Germany
USR005974,1.0,1.6,1.8,71.0,40.1,63.0,0,8,74,75,56,1537,235,Tablet,Japan
USR005975,66.9,0.4,0.2,47.4,8.5,69.0,139,30,69,311,69,1801,23,Mobile,Germany
USR005976,16.8,10.5,10.4,28.1,8.5,58.2,605,38,25,13,66,65,344,Mobile,Australia
USR005977,112.0,3.3,2.7,40.4,19.2,91.9,500,45,87,318,55,2990,36,Mobile,Japan
USR005978,51.5,11.8,0.7,116.8,9.5,88.0,132,41,9,72,77,1874,343,Mobile,Germany
USR005979,7.9,0.9,17.6,154.8,11.2,60.0,62,11,25,214,75,3622,133,Desktop,UK
USR005980,33.9,2.0,2.4,48.1,0.3,83.7,173,8,94,358,17,360,158,Mobile,Brazil
USR005981,80.2,3.0,3.0,87.9,0.2,40.6,186,27,75,349,84,556,330,Mobile,Australia
USR005982,14.1,0.8,3.5,101.6,6.5,48.0,206,42,74,441,78,2877,5,Desktop,Brazil
USR005983,82.8,0.1,2.5,51.0,25.7,66.5,505,2,57,287,52,429,128,Desktop,Australia
USR005984,28.9,1.2,10.0,26.3,0.8,20.5,60,48,92,0,79,1399,305,Mobile,Japan
USR005985,182.2,0.3,1.3,58.7,7.9,47.2,65,21,70,471,18,381,327,Mobile,India
USR005986,57.4,22.3,0.2,46.7,8.2,29.0,92,16,65,153,67,379,78,Mobile,USA
USR005987,21.8,0.9,3.0,30.1,30.2,88.4,77,1,7,411,8,1920,72,Mobile,India
USR005988,125.0,14.3,1.2,17.6,17.2,38.4,158,2,32,499,4,2285,1,Desktop,UK
USR005989,67.8,1.2,0.4,93.7,5.0,77.9,7,47,30,114,29,2379,29,Mobile,USA
USR005990,8.8,5.6,16.8,0.8,30.0,84.4,25,44,20,378,37,742,252,Mobile,UK
USR005991,4.7,1.6,18.9,55.0,9.6,90.3,49,32,34,20,65,3559,60,Mobile,Japan
USR005992,6.5,1.6,32.5,18.5,7.2,75.7,425,33,96,499,87,1480,9,Mobile,Japan
USR005993,23.5,2.8,4.9,20.2,1.6,69.5,50,17,72,457,91,803,216,Mobile,USA
USR005994,170.7,13.8,6.3,69.2,0.3,73.8,612,43,35,62,25,1118,245,Mobile,Japan
USR005995,40.8,3.4,0.3,5.9,6.5,38.7,13,12,69,254,19,230,348,Tablet,Brazil
USR005996,147.8,2.6,1.3,69.5,2.2,73.9,432,39,21,255,97,1377,309,Mobile,USA
USR005997,1.0,14.3,3.9,13.5,2.1,69.4,218,28,20,429,89,2951,237,Mobile,USA
USR005998,19.0,0.4,0.7,111.7,13.1,32.4,199,23,24,262,83,1283,222,Tablet,Japan
USR005999,115.0,4.8,1.9,57.5,5.4,66.8,2,41,11,110,82,31,254,Desktop,Japan
USR006000,28.4,2.6,4.5,54.0,10.1,88.8,52,32,36,139,40,3589,296,Mobile,Japan
USR006001,1.1,8.1,10.6,28.4,2.5,71.0,311,44,22,347,4,3428,157,Mobile,India
USR006002,71.5,11.1,24.4,39.4,1.1,75.0,82,5,2,338,97,2439,91,Mobile,Germany
USR006003,89.6,2.7,3.6,47.9,3.5,69.4,117,11,92,51,87,1720,35,Mobile,India
USR006004,108.8,22.3,11.4,68.8,3.7,23.8,4,26,77,143,26,3544,18,Mobile,Australia
USR006005,86.0,3.5,8.5,120.5,21.7,42.9,8,40,36,182,65,191,56,Mobile,Australia
USR006006,28.7,0.0,30.5,10.0,14.3,99.0,91,40,50,302,11,589,226,Mobile,UK
USR006007,21.8,13.2,7.6,1.0,14.1,97.8,9,33,89,309,13,888,187,Desktop,Japan
USR006008,109.3,9.4,2.3,81.4,42.9,36.6,269,22,39,93,26,3329,21,Desktop,Japan
USR006009,8.3,5.7,2.8,78.4,16.3,58.5,96,10,34,214,42,2894,319,Tablet,Germany
USR006010,11.1,4.3,1.5,62.8,20.5,69.9,119,45,36,97,35,2468,4,Mobile,Australia
USR006011,5.1,6.3,5.2,49.6,8.4,75.1,226,7,15,301,33,1741,76,Mobile,Brazil
USR006012,12.8,3.0,8.4,50.3,6.3,47.9,116,40,28,24,88,2529,321,Mobile,Brazil
USR006013,87.2,9.1,0.3,37.3,12.7,30.0,27,49,44,78,21,1478,250,Mobile,Germany
USR006014,45.3,1.2,3.0,24.4,4.9,45.7,246,3,38,496,95,1987,349,Mobile,Brazil
USR006015,45.6,0.8,3.1,53.5,13.4,54.1,161,3,37,287,94,1488,312,Mobile,Brazil
USR006016,40.2,12.6,3.8,50.5,11.4,79.3,452,26,5,490,99,1173,33,Mobile,India
USR006017,11.9,10.3,2.5,69.6,6.5,43.9,173,32,53,173,21,3452,92,Tablet,USA
USR006018,81.6,10.4,14.0,26.0,1.6,51.6,69,13,42,246,59,3530,231,Mobile,Australia
USR006019,153.0,3.7,6.6,20.2,3.1,53.9,23,17,18,404,78,339,168,Mobile,USA
USR006020,16.3,9.2,1.3,2.2,16.7,67.0,3,8,71,227,78,1230,208,Mobile,USA
USR006021,15.8,6.5,0.5,20.5,10.1,67.3,297,18,32,433,62,3317,347,Desktop,UK
USR006022,10.3,4.3,9.7,1.1,3.2,86.7,67,27,0,495,72,81,131,Desktop,Brazil
USR006023,37.2,1.3,1.2,45.4,8.8,95.6,279,9,3,97,59,3321,318,Desktop,Brazil
USR006024,15.8,0.3,5.5,55.0,11.2,23.9,43,46,79,462,97,1035,30,Tablet,Germany
USR006025,74.7,3.7,2.6,72.1,2.3,77.0,507,10,12,483,12,2085,66,Mobile,USA
USR006026,14.9,9.9,12.5,93.9,6.9,23.0,80,43,35,492,89,600,195,Mobile,Brazil
USR006027,34.5,8.1,19.2,6.4,0.9,29.7,97,8,40,160,85,2367,97,Mobile,India
USR006028,49.1,14.0,3.1,17.1,3.1,27.3,166,44,90,357,40,1778,34,Mobile,USA
USR006029,68.4,5.9,2.2,58.7,1.7,22.5,39,11,23,119,32,959,356,Mobile,Japan
USR006030,16.1,10.8,4.6,0.1,5.5,89.5,308,24,7,204,78,419,335,Desktop,Brazil
USR006031,43.9,22.3,25.8,10.4,19.0,61.0,42,49,64,92,39,1186,168,Mobile,UK
USR006032,88.9,2.0,5.7,66.2,19.2,98.6,187,11,51,19,60,2924,177,Desktop,Australia
USR006033,106.3,5.0,4.0,0.2,4.3,47.1,175,47,75,389,65,2359,146,Mobile,UK
USR006034,39.7,0.0,1.0,13.0,1.9,91.3,142,10,4,30,25,946,199,Tablet,India
USR006035,15.7,2.6,1.0,31.3,35.3,40.6,83,25,41,419,23,2073,321,Mobile,Australia
USR006036,60.0,6.9,1.7,30.7,26.9,71.9,131,12,91,413,36,3135,132,Desktop,Japan
USR006037,28.2,2.9,0.8,4.9,3.7,22.7,290,38,24,125,67,3385,101,Mobile,Japan
USR006038,12.8,2.6,3.3,25.4,3.3,23.0,451,4,63,390,22,1700,166,Mobile,Japan
USR006039,44.3,1.2,42.3,221.8,23.8,48.1,36,21,52,134,60,297,177,Mobile,India
USR006040,44.6,18.2,7.8,6.3,18.8,57.5,139,42,9,445,47,1252,295,Tablet,Japan
USR006041,103.7,2.7,0.3,86.6,1.1,67.7,50,6,53,56,80,2632,58,Tablet,Japan
USR006042,20.0,0.8,15.8,68.7,7.4,98.5,158,36,48,6,87,106,279,Mobile,India
USR006043,43.5,5.4,11.1,0.6,9.5,89.8,493,33,50,497,23,263,246,Mobile,USA
USR006044,35.6,7.7,0.2,29.9,0.7,92.0,263,43,94,177,88,213,131,Desktop,Germany
USR006045,92.6,4.2,10.1,14.7,31.2,46.3,17,10,47,54,17,1467,166,Mobile,UK
USR006046,58.7,16.2,2.6,106.1,4.7,31.9,35,27,41,30,51,853,50,Mobile,Brazil
USR006047,69.3,0.7,5.6,57.0,2.8,79.1,312,21,35,281,15,3415,342,Desktop,USA
USR006048,59.3,2.9,7.5,13.0,10.2,40.7,70,10,55,326,50,1878,79,Tablet,USA
USR006049,173.9,9.0,1.7,77.2,12.2,71.0,82,46,26,94,76,1117,184,Desktop,Brazil
USR006050,7.5,17.5,9.7,32.1,4.9,71.6,263,37,72,274,12,1813,165,Desktop,Australia
USR006051,22.6,2.4,2.8,29.3,18.9,57.4,134,26,1,432,98,2640,356,Mobile,UK
USR006052,33.9,10.7,8.0,53.9,7.6,28.7,116,18,46,488,64,3392,124,Mobile,Brazil
USR006053,42.0,3.5,7.9,25.0,9.9,31.2,355,20,9,23,17,2930,288,Mobile,India
USR006054,165.3,2.2,2.4,1.0,5.6,85.7,188,33,27,93,95,2347,342,Mobile,Brazil
USR006055,32.6,0.7,1.8,2.3,3.6,41.1,122,44,19,321,37,2251,136,Mobile,Brazil
USR006056,9.4,1.7,4.8,24.9,17.4,29.5,208,29,69,279,79,1751,226,Mobile,Australia
USR006057,6.0,0.6,4.7,59.4,16.5,23.3,225,40,43,168,32,1097,344,Desktop,Germany
USR006058,20.1,1.2,1.7,350.9,4.5,47.5,155,47,16,27,41,1480,182,Desktop,USA
USR006059,71.2,3.3,3.0,51.0,0.6,25.6,359,15,85,307,64,853,97,Desktop,UK
USR006060,2.7,11.4,18.1,18.7,9.4,29.0,282,39,31,464,74,584,13,Mobile,UK
USR006061,50.9,2.3,7.0,88.9,7.6,57.6,55,1,56,79,69,2404,60,Mobile,Brazil
USR006062,204.2,1.5,10.2,110.7,11.6,70.9,140,49,84,317,70,1450,192,Tablet,UK
USR006063,193.3,2.0,4.7,55.5,23.5,56.1,22,9,73,444,84,2730,352,Mobile,Japan
USR006064,94.8,1.4,9.8,46.6,4.6,61.2,338,44,98,492,80,2425,304,Tablet,Australia
USR006065,9.1,4.6,4.8,11.7,2.4,52.9,52,44,81,352,65,1770,289,Mobile,Australia
USR006066,24.8,6.0,7.1,33.7,10.4,59.2,14,4,75,123,53,3135,346,Mobile,India
USR006067,215.4,2.1,1.1,18.7,3.3,23.0,196,12,22,435,26,2741,348,Mobile,UK
USR006068,6.2,4.6,4.0,48.7,4.3,72.8,88,27,92,367,70,504,222,Mobile,Brazil
USR006069,16.6,3.8,9.3,72.9,21.6,85.2,129,13,29,278,8,291,110,Desktop,Japan
USR006070,88.2,2.9,1.0,13.6,9.4,29.3,21,20,20,382,80,2475,13,Mobile,Germany
USR006071,146.5,0.6,8.4,46.7,3.6,56.7,41,4,94,220,70,509,160,Desktop,Brazil
USR006072,11.0,2.9,3.1,6.7,0.9,49.0,6,2,74,268,2,1311,108,Mobile,Germany
USR006073,14.7,2.5,11.7,38.0,13.9,25.8,647,40,8,403,87,3405,358,Mobile,UK
USR006074,119.7,5.8,14.9,4.2,19.2,41.7,389,22,16,312,11,2560,189,Mobile,Japan
USR006075,9.8,11.9,5.5,125.8,10.5,98.6,26,24,3,416,37,2141,313,Tablet,Germany
USR006076,6.4,1.9,34.4,93.6,2.6,40.1,334,5,28,118,55,2674,340,Desktop,UK
USR006077,81.0,4.6,6.3,200.5,11.0,84.7,528,43,66,401,8,2117,36,Mobile,Australia
USR006078,294.5,15.3,9.9,47.5,0.6,34.1,174,40,46,424,15,1801,282,Desktop,USA
USR006079,231.7,5.4,2.6,52.9,15.0,58.5,104,3,11,64,91,2513,89,Mobile,UK
USR006080,3.9,3.2,6.1,8.2,19.7,92.6,119,25,45,192,52,1643,225,Desktop,Japan
USR006081,10.2,3.6,10.6,77.4,2.6,94.4,154,33,99,190,33,3049,17,Desktop,India
USR006082,104.8,0.1,1.9,52.2,6.9,85.9,329,37,49,350,2,1378,123,Mobile,UK
USR006083,3.9,0.8,3.0,9.6,2.7,74.7,341,30,91,396,72,908,160,Mobile,Australia
USR006084,6.7,14.4,14.8,15.0,4.7,86.9,217,24,80,194,37,2304,142,Desktop,Japan
USR006085,16.5,0.4,4.9,45.9,0.9,42.5,68,25,91,373,46,2979,197,Mobile,Australia
USR006086,16.4,4.3,3.3,28.3,1.3,82.9,38,6,97,165,96,1845,204,Mobile,Australia
USR006087,4.4,4.8,1.4,59.6,2.8,70.3,146,33,54,302,10,3605,305,Tablet,Brazil
USR006088,92.6,2.7,1.7,25.7,8.4,92.6,4,11,95,221,72,2542,177,Desktop,Australia
USR006089,31.1,0.3,0.7,7.7,4.8,87.2,157,47,21,349,10,3586,276,Mobile,Australia
USR006090,155.7,4.7,0.9,34.5,13.3,76.8,444,30,60,378,13,1232,172,Tablet,Germany
USR006091,107.6,25.0,0.2,6.7,12.8,34.5,265,1,84,141,28,687,280,Mobile,Japan
USR006092,24.7,0.5,17.3,7.3,5.3,28.7,243,47,88,87,45,1725,351,Mobile,USA
USR006093,59.5,0.5,9.4,15.4,10.2,41.6,124,6,46,215,34,1549,217,Mobile,Germany
USR006094,29.8,5.7,5.8,125.7,18.1,74.2,150,29,47,89,5,2366,265,Mobile,Australia
USR006095,76.5,4.8,12.9,89.4,3.7,55.2,1,1,65,93,14,2066,133,Tablet,USA
USR006096,29.7,3.6,18.0,166.6,0.2,50.5,32,15,45,91,61,3102,61,Mobile,Brazil
USR006097,80.4,6.3,9.2,75.8,10.6,32.8,86,20,18,279,29,837,309,Mobile,USA
USR006098,35.3,4.9,0.9,3.7,1.6,23.4,101,28,33,397,41,2216,336,Mobile,Germany
USR006099,61.6,1.8,11.3,8.5,21.5,76.8,76,38,16,366,88,2609,192,Mobile,India
USR006100,39.5,10.5,4.3,56.9,72.8,46.6,395,13,36,330,48,190,131,Mobile,Australia
USR006101,44.2,2.3,9.5,150.2,11.2,64.7,183,37,47,166,14,1120,7,Mobile,Japan
USR006102,66.6,0.2,4.1,43.1,1.9,64.4,94,37,39,364,28,2157,38,Mobile,Japan
USR006103,56.7,0.0,7.3,42.4,7.1,27.6,117,5,62,158,39,1433,350,Mobile,Japan
USR006104,60.4,6.7,12.5,79.0,2.2,70.9,89,9,48,254,77,2573,88,Mobile,Germany
USR006105,147.1,2.1,1.7,86.1,2.6,94.7,128,32,81,278,90,1666,327,Mobile,Australia
USR006106,87.1,0.9,3.0,226.0,18.1,77.0,260,20,17,285,38,1668,212,Desktop,Australia
USR006107,106.0,0.7,8.1,82.9,16.8,98.7,314,2,9,264,47,2513,269,Mobile,Brazil
USR006108,50.5,9.7,9.3,80.9,8.0,50.8,47,40,30,102,95,1858,2,Mobile,USA
USR006109,15.4,7.4,0.7,41.7,1.0,32.3,209,49,40,402,98,2192,64,Desktop,India
USR006110,243.7,3.5,0.7,25.0,12.5,73.0,105,29,64,122,68,2903,334,Tablet,USA
USR006111,3.2,2.3,3.9,73.5,19.8,23.0,402,0,18,79,85,476,6,Mobile,India
USR006112,31.1,1.2,5.4,182.4,0.8,26.3,1637,40,53,389,58,3609,188,Mobile,Germany
USR006113,149.1,0.2,0.7,36.4,0.3,44.7,419,41,18,367,77,1109,56,Mobile,Brazil
USR006114,19.2,3.2,11.3,17.8,24.6,69.3,1055,48,38,246,71,2100,26,Mobile,Brazil
USR006115,81.3,16.2,2.1,8.4,1.1,79.3,4,46,74,348,26,2503,156,Mobile,Brazil
USR006116,4.9,0.6,7.0,54.2,6.5,20.5,50,28,70,113,50,268,315,Mobile,India
USR006117,73.0,5.9,3.7,75.6,11.3,34.0,23,8,43,339,34,1985,173,Mobile,India
USR006118,76.0,0.1,13.6,3.7,7.0,53.6,371,10,68,272,7,831,222,Desktop,USA
USR006119,19.1,1.5,28.4,29.7,9.8,65.8,385,22,38,33,65,1023,316,Mobile,Germany
USR006120,105.3,5.6,38.0,15.2,6.9,21.5,471,32,4,182,37,2356,95,Mobile,Japan
USR006121,161.7,16.7,4.3,37.5,6.0,78.1,104,20,18,262,97,2751,286,Mobile,Australia
USR006122,44.6,0.3,21.2,36.7,3.8,76.7,429,33,42,1,47,1858,161,Desktop,Brazil
USR006123,1.0,2.3,2.0,15.3,4.5,79.4,184,24,92,410,59,2781,311,Mobile,Brazil
USR006124,163.7,0.0,10.0,29.1,4.5,26.1,44,22,0,117,66,1932,352,Mobile,UK
USR006125,66.0,0.4,4.9,50.2,4.9,97.0,21,8,56,279,62,518,257,Mobile,Germany
USR006126,98.7,0.3,21.3,46.6,12.0,30.9,115,25,95,235,1,49,251,Mobile,Germany
USR006127,10.1,2.5,3.4,212.2,16.1,57.0,287,36,89,163,50,899,340,Tablet,UK
USR006128,72.9,0.5,6.6,37.1,13.3,57.8,52,24,48,403,19,3443,67,Mobile,Australia
USR006129,1.5,5.7,1.7,31.4,11.2,32.6,201,1,55,457,96,1629,331,Mobile,India
USR006130,28.4,2.2,6.5,144.7,0.3,62.9,126,23,79,423,48,1943,295,Mobile,Australia
USR006131,16.3,1.0,0.4,56.2,0.9,71.2,59,48,98,158,17,3105,330,Mobile,India
USR006132,68.9,20.7,8.1,0.2,0.7,94.5,181,18,87,445,70,2409,360,Mobile,Germany
USR006133,29.0,10.2,4.7,95.2,5.5,51.8,349,44,79,26,92,87,107,Mobile,Brazil
USR006134,17.7,1.8,1.5,15.8,6.2,37.6,174,24,89,356,74,1842,61,Mobile,Germany
USR006135,17.4,2.4,14.1,90.2,15.6,33.1,157,1,84,497,83,3167,258,Mobile,Australia
USR006136,117.0,0.0,2.9,59.5,1.1,63.2,48,33,14,468,24,3351,120,Mobile,Australia
USR006137,4.9,3.4,4.6,122.8,21.9,96.3,8,49,31,430,50,2604,210,Tablet,Japan
USR006138,76.8,3.1,4.3,9.5,14.9,45.8,45,48,94,26,73,2457,250,Mobile,USA
USR006139,32.4,4.4,3.6,56.6,4.8,29.0,83,27,61,238,15,2647,73,Tablet,India
USR006140,90.8,2.0,3.1,184.3,5.1,36.1,60,29,97,123,10,199,223,Desktop,USA
USR006141,130.1,2.4,18.2,34.5,2.9,63.5,184,7,77,364,10,2146,285,Tablet,Germany
USR006142,21.5,0.8,23.6,78.2,12.9,73.2,76,36,19,54,96,3261,46,Mobile,Germany
USR006143,9.6,3.7,0.5,13.2,10.5,26.4,138,5,79,262,59,391,1,Mobile,UK
USR006144,84.6,3.1,15.0,5.9,13.7,44.2,4,23,24,489,10,3456,55,Mobile,UK
USR006145,73.6,5.0,1.3,83.3,22.4,87.7,22,8,12,127,95,269,351,Mobile,Brazil
USR006146,67.9,0.9,2.0,133.5,6.6,51.4,173,23,42,34,96,2947,55,Mobile,Germany
USR006147,37.3,0.4,0.8,88.8,13.5,90.4,188,44,18,0,24,301,89,Mobile,USA
USR006148,354.0,1.2,11.8,5.2,1.2,56.9,60,22,24,12,23,3168,329,Mobile,Brazil
USR006149,196.7,12.6,12.3,12.0,20.0,21.8,514,23,56,401,66,1420,67,Desktop,USA
USR006150,4.6,0.1,7.2,39.4,9.8,68.6,912,28,29,150,41,3041,93,Mobile,UK
USR006151,209.5,0.9,0.9,101.4,2.3,32.5,322,47,75,160,45,3570,103,Mobile,India
USR006152,42.9,3.1,4.6,50.3,0.4,92.5,456,16,78,281,97,3092,40,Mobile,Japan
USR006153,18.1,7.0,7.9,8.3,3.5,46.1,74,17,67,363,9,2780,86,Mobile,India
USR006154,182.5,2.2,1.7,68.1,1.6,25.5,47,45,12,115,64,388,278,Mobile,Australia
USR006155,27.1,0.6,0.4,84.4,0.9,60.7,126,4,84,69,88,1376,178,Mobile,Australia
USR006156,173.5,7.8,14.0,14.3,1.3,82.7,43,34,89,222,76,591,266,Mobile,Brazil
USR006157,49.9,6.5,1.6,24.0,7.0,24.9,621,40,57,267,37,1729,217,Mobile,Germany
USR006158,69.2,4.1,6.2,14.8,58.1,39.7,31,17,7,87,26,712,296,Mobile,Japan
USR006159,65.7,4.8,7.7,4.2,8.1,20.2,1,1,47,499,51,3549,324,Mobile,India
USR006160,54.7,14.0,0.5,32.1,3.2,88.3,566,21,95,467,83,2846,91,Mobile,India
USR006161,20.1,0.8,7.2,109.7,5.7,92.3,245,16,69,318,37,3295,272,Mobile,Japan
USR006162,14.1,2.4,2.9,32.1,10.2,39.7,118,44,23,428,81,2873,167,Mobile,India
USR006163,41.3,6.3,4.3,47.0,2.3,91.5,26,20,15,371,70,3072,313,Desktop,India
USR006164,43.7,3.5,1.8,2.1,12.7,97.7,132,25,94,323,12,2740,93,Mobile,Germany
USR006165,28.2,7.6,0.6,0.6,0.6,63.5,2,18,16,192,35,2850,199,Tablet,UK
USR006166,331.4,0.8,0.8,61.3,12.8,96.0,308,36,55,264,64,1480,35,Desktop,Japan
USR006167,61.8,7.8,9.3,9.1,1.1,77.7,63,26,27,318,70,955,244,Mobile,UK
USR006168,31.9,4.8,7.3,35.6,6.0,92.1,19,18,72,306,18,189,93,Mobile,UK
USR006169,62.2,7.3,5.7,76.3,14.2,45.3,358,23,67,165,64,761,200,Mobile,Germany
USR006170,121.4,8.1,7.2,23.1,9.8,61.9,222,12,93,229,66,1674,133,Mobile,Brazil
USR006171,191.3,3.3,5.0,102.7,1.8,90.5,74,26,45,238,67,2502,156,Mobile,Australia
USR006172,69.2,6.0,5.6,15.9,0.1,88.4,255,49,39,385,12,3287,321,Mobile,Australia
USR006173,144.0,2.0,0.5,1.1,4.8,68.0,252,30,47,460,27,423,128,Desktop,Germany
USR006174,10.8,8.8,2.0,56.6,6.3,22.1,142,4,92,34,25,1034,99,Mobile,Australia
USR006175,57.9,3.9,1.3,50.7,7.3,62.5,19,21,82,485,28,97,32,Mobile,Australia
USR006176,170.2,6.9,1.8,1.0,3.7,31.3,11,29,52,471,34,2918,17,Mobile,Germany
USR006177,58.5,7.6,5.1,59.3,7.5,40.3,179,0,17,444,37,3063,7,Desktop,Australia
USR006178,50.4,3.3,8.7,12.3,1.4,37.1,9,26,98,43,57,2777,128,Mobile,UK
USR006179,10.8,2.2,6.2,40.4,14.6,44.9,732,30,40,383,93,246,23,Mobile,Brazil
USR006180,117.9,4.7,3.7,57.8,5.0,34.2,63,15,93,338,57,2153,156,Mobile,Australia
USR006181,237.4,1.5,8.6,29.0,1.2,55.2,152,23,69,237,17,962,214,Mobile,Australia
USR006182,4.5,14.0,0.6,86.5,6.2,50.6,59,18,43,336,97,1421,16,Mobile,Brazil
USR006183,112.6,21.4,3.6,90.2,3.4,87.6,198,40,85,213,64,2782,277,Mobile,Germany
USR006184,7.9,0.0,2.9,41.0,1.0,99.1,8,20,11,202,55,3546,31,Tablet,Australia
USR006185,44.2,1.4,40.1,50.5,1.0,60.3,33,39,14,34,34,576,100,Mobile,UK
USR006186,55.8,2.5,1.0,34.3,4.8,41.0,361,14,36,76,14,915,185,Mobile,Germany
USR006187,73.7,0.2,7.9,6.8,9.8,91.4,409,44,11,223,61,1998,364,Mobile,USA
USR006188,65.3,3.4,1.6,3.9,7.8,98.4,216,48,70,376,42,34,315,Tablet,UK
USR006189,16.9,3.4,0.8,24.2,11.5,70.2,356,41,79,146,45,2342,344,Mobile,USA
USR006190,65.7,4.0,20.1,42.3,0.0,59.7,414,1,85,498,5,400,330,Mobile,Australia
USR006191,89.0,0.2,7.1,45.1,13.9,61.6,127,47,28,173,3,2516,4,Mobile,India
USR006192,63.1,5.8,8.6,87.0,4.6,37.9,152,32,21,167,19,262,66,Tablet,Australia
USR006193,39.9,0.2,1.5,14.8,8.0,79.2,34,48,89,42,28,308,245,Mobile,Japan
USR006194,151.0,5.2,15.7,12.0,18.1,87.7,101,32,99,299,51,2870,251,Mobile,Brazil
USR006195,4.3,4.2,2.3,83.3,8.6,57.7,23,12,84,332,39,2222,25,Mobile,Japan
USR006196,118.7,4.5,0.1,81.2,33.2,37.3,35,3,64,14,31,2546,355,Mobile,Germany
USR006197,168.2,11.2,3.0,10.5,3.1,67.5,596,2,21,107,78,3180,234,Mobile,Australia
USR006198,9.3,2.5,0.9,56.7,0.2,48.8,5,9,34,492,67,1196,11,Mobile,UK
USR006199,40.0,4.9,9.6,28.9,2.3,97.1,137,34,18,127,39,2596,304,Desktop,Germany
USR006200,10.0,20.5,1.2,3.3,22.7,39.1,139,28,35,255,75,3084,59,Mobile,USA
USR006201,47.8,5.7,1.5,17.9,9.0,78.1,88,35,13,43,89,840,91,Desktop,Germany
USR006202,23.1,6.3,2.7,44.1,1.4,32.4,60,47,18,481,8,3450,146,Tablet,USA
USR006203,1.7,2.7,13.3,136.2,2.7,27.9,383,15,55,265,0,983,337,Mobile,Australia
USR006204,52.6,1.1,1.8,1.1,2.3,90.5,204,2,63,169,11,339,123,Tablet,UK
USR006205,76.2,0.7,3.8,3.7,5.7,31.9,548,10,22,124,9,1658,25,Tablet,India
USR006206,19.3,2.7,1.7,72.2,8.9,34.2,40,7,32,174,94,3183,364,Mobile,India
USR006207,8.0,3.2,7.6,1.1,4.3,66.5,164,39,88,382,51,3636,58,Mobile,Japan
USR006208,63.5,4.4,10.2,24.4,1.1,50.7,85,19,7,329,78,137,286,Desktop,Australia
USR006209,68.7,2.8,0.2,109.0,40.2,98.2,185,22,91,163,75,2819,119,Tablet,India
USR006210,22.3,1.7,10.4,59.1,6.1,95.3,0,22,32,404,13,573,76,Mobile,Japan
USR006211,8.2,2.7,0.4,8.6,6.2,38.7,22,29,91,332,69,347,112,Mobile,Brazil
USR006212,30.8,3.6,11.2,85.4,16.6,82.0,239,40,4,251,77,2088,100,Desktop,UK
USR006213,76.4,9.1,1.5,78.1,0.2,59.7,492,49,85,448,85,1934,135,Mobile,Japan
USR006214,111.1,1.5,14.2,10.2,5.7,21.8,285,40,82,399,83,2709,194,Mobile,India
USR006215,40.0,9.0,3.3,6.5,33.7,56.4,314,17,47,255,22,1091,222,Mobile,USA
USR006216,23.8,2.7,22.2,153.5,1.1,50.1,167,30,27,474,37,1832,352,Desktop,USA
USR006217,27.9,2.4,3.5,51.3,40.8,85.4,213,6,47,367,33,3494,178,Mobile,UK
USR006218,41.1,4.4,3.8,13.0,15.2,32.1,1,6,18,152,61,1009,55,Mobile,Japan
USR006219,24.7,4.3,6.4,46.9,5.5,34.9,63,36,40,454,60,2379,332,Mobile,Brazil
USR006220,33.4,0.7,8.6,79.1,11.8,36.9,151,31,71,152,94,3234,212,Mobile,USA
USR006221,26.9,4.4,7.7,8.2,7.1,68.1,581,7,30,214,32,699,22,Mobile,India
USR006222,112.6,0.9,4.0,44.1,6.9,73.5,51,30,94,372,29,896,265,Tablet,Japan
USR006223,31.3,2.3,4.3,4.7,13.0,84.9,35,23,41,469,93,1560,310,Mobile,USA
USR006224,15.7,15.4,7.3,257.2,1.9,81.7,2,5,9,9,19,271,186,Mobile,Australia
USR006225,39.9,3.2,12.4,14.8,11.0,97.6,68,11,14,15,73,2162,243,Mobile,India
USR006226,48.0,3.0,24.3,20.7,1.4,24.4,411,0,3,273,43,3556,179,Mobile,Germany
USR006227,5.2,8.8,1.7,24.4,8.0,87.5,137,48,43,450,57,1726,20,Desktop,India
USR006228,17.1,11.7,11.0,38.9,0.0,24.6,77,28,63,110,9,814,108,Mobile,USA
USR006229,59.2,7.6,25.8,20.6,22.8,89.2,7,28,67,157,44,1421,17,Tablet,India
USR006230,18.1,1.8,3.5,69.0,10.2,59.0,405,39,24,252,1,2202,164,Mobile,Australia
USR006231,46.7,8.1,1.1,16.0,7.3,23.3,53,39,57,447,50,1643,199,Mobile,Germany
USR006232,38.3,6.6,0.9,83.7,2.4,58.2,353,44,1,77,95,3632,49,Desktop,Australia
USR006233,53.1,4.8,1.0,68.4,15.5,95.8,145,45,88,88,91,172,357,Mobile,USA
USR006234,49.1,4.7,6.9,158.4,6.8,58.9,158,15,61,145,31,3162,90,Mobile,Australia
USR006235,49.0,6.0,3.0,42.6,10.0,98.2,114,15,69,102,57,2635,252,Mobile,Australia
USR006236,28.9,14.4,14.7,0.7,6.7,80.0,133,26,5,463,92,3585,130,Mobile,Australia
USR006237,30.3,8.5,1.9,89.0,4.3,25.6,38,16,3,199,97,291,114,Mobile,India
USR006238,11.3,3.6,5.4,14.6,1.8,67.9,404,37,46,13,33,2893,252,Mobile,Germany
USR006239,117.7,0.9,20.1,6.4,7.5,41.4,71,6,63,52,46,3261,115,Mobile,Germany
USR006240,1.7,6.6,11.1,26.3,10.4,34.3,1,28,5,190,53,1411,115,Mobile,Germany
USR006241,88.3,15.4,13.0,61.7,15.3,91.8,157,13,23,461,52,3349,299,Mobile,Japan
USR006242,2.0,1.2,1.0,6.0,7.6,58.7,257,26,44,464,35,1377,163,Desktop,Australia
USR006243,25.0,3.2,1.2,43.0,16.7,92.9,84,11,39,345,75,2006,25,Mobile,Germany
USR006244,40.8,0.4,7.7,29.7,7.3,80.2,604,16,38,195,33,3496,55,Desktop,Germany
USR006245,49.3,1.9,13.4,52.9,1.4,24.1,18,9,83,143,42,1712,302,Tablet,Brazil
USR006246,25.4,16.4,1.2,152.0,12.9,58.1,91,32,22,334,39,3124,190,Mobile,Japan
USR006247,263.6,0.8,0.2,6.8,23.8,84.7,160,12,24,307,41,2821,44,Mobile,Brazil
USR006248,1.0,0.0,9.8,88.9,5.1,93.5,415,32,6,318,61,2137,264,Mobile,Germany
USR006249,218.4,0.6,13.2,11.4,9.5,46.3,134,4,44,50,81,2969,83,Tablet,Brazil
USR006250,160.9,2.4,2.9,64.9,11.1,59.7,16,40,99,302,53,224,33,Desktop,Japan
USR006251,27.2,0.8,3.8,67.2,21.3,57.6,172,41,49,479,0,3061,60,Desktop,Germany
USR006252,7.4,1.6,1.4,58.8,4.4,69.5,218,41,70,461,37,1237,221,Mobile,Brazil
USR006253,61.8,1.5,2.3,3.3,3.0,85.8,350,42,80,383,51,2278,61,Mobile,Australia
USR006254,76.7,0.2,3.7,9.5,7.6,62.7,932,37,33,185,43,2598,132,Mobile,Japan
USR006255,136.3,1.2,1.9,37.5,1.2,51.8,38,26,14,487,51,1667,77,Mobile,Australia
USR006256,121.6,5.5,2.5,33.5,10.2,75.1,172,49,33,129,98,346,243,Mobile,Japan
USR006257,3.2,0.8,1.1,27.7,35.9,49.5,406,33,13,492,37,1482,42,Tablet,India
USR006258,17.4,27.0,2.7,27.9,23.2,93.6,227,32,37,384,86,2947,16,Desktop,Australia
USR006259,34.4,0.9,7.2,8.3,2.3,84.8,14,30,2,24,2,1759,211,Mobile,USA
USR006260,23.7,0.9,32.8,49.3,0.4,88.5,97,49,86,402,67,1077,97,Mobile,India
USR006261,1.8,8.8,8.0,61.9,5.8,76.3,81,33,90,494,58,1619,313,Mobile,India
USR006262,21.7,15.3,2.4,9.4,3.7,67.5,372,13,94,208,79,2324,305,Mobile,Brazil
USR006263,89.5,1.9,4.0,0.8,7.8,42.4,9,21,36,141,17,532,166,Mobile,UK
USR006264,33.9,21.2,6.2,22.2,4.9,50.7,283,3,24,295,77,2240,222,Mobile,Brazil
USR006265,9.8,3.0,10.1,104.5,11.9,71.1,287,16,12,425,9,363,110,Mobile,Australia
USR006266,3.7,0.9,0.8,4.3,0.1,52.7,213,5,31,205,56,2063,123,Mobile,Australia
USR006267,10.8,9.1,25.8,93.9,4.5,23.7,383,26,99,288,45,2690,195,Desktop,Japan
USR006268,93.5,6.6,2.2,4.0,1.8,93.2,271,49,71,422,73,3395,193,Mobile,Australia
USR006269,18.6,1.6,0.3,198.0,24.3,84.1,208,3,81,10,24,1683,152,Mobile,India
USR006270,25.2,1.6,1.0,63.5,23.9,98.0,65,28,10,304,96,1638,99,Mobile,USA
USR006271,84.0,0.8,1.9,22.4,20.0,79.1,502,13,41,50,76,2254,42,Mobile,UK
USR006272,66.2,7.6,3.9,76.7,1.2,24.0,338,35,51,92,8,3107,231,Tablet,Germany
USR006273,50.7,5.6,4.5,6.8,10.6,57.8,99,29,49,108,27,121,307,Mobile,India
USR006274,4.3,6.1,1.3,91.4,0.6,90.7,697,9,87,498,39,2833,127,Mobile,Japan
USR006275,6.7,0.4,1.8,57.1,29.5,46.6,199,27,8,387,99,2782,50,Desktop,USA
USR006276,39.9,0.6,5.5,23.8,0.9,67.1,64,23,49,170,73,1697,187,Mobile,Australia
USR006277,15.9,0.7,16.9,3.9,10.5,28.4,145,12,6,207,75,538,348,Mobile,USA
USR006278,98.0,0.4,7.9,69.9,2.3,25.1,63,17,22,264,86,3431,140,Mobile,USA
USR006279,28.6,0.4,1.6,30.4,0.5,28.8,269,17,20,458,20,1523,53,Mobile,Australia
USR006280,62.2,1.6,0.9,52.3,6.2,99.1,32,35,42,192,68,2633,162,Mobile,Brazil
USR006281,19.7,1.3,24.0,142.6,2.5,20.7,23,21,53,191,20,1289,101,Mobile,Japan
USR006282,3.6,11.1,30.0,7.2,1.4,52.0,162,23,0,442,69,1160,261,Desktop,India
USR006283,12.4,0.2,15.9,237.6,19.4,94.7,188,13,91,151,64,2216,221,Mobile,Brazil
USR006284,51.1,2.2,4.9,52.7,1.8,45.1,230,15,49,241,82,3208,141,Mobile,India
USR006285,1.2,1.2,1.4,224.1,1.8,97.7,232,2,65,89,2,428,173,Tablet,Japan
USR006286,141.4,22.8,10.6,56.1,8.0,66.1,100,25,36,167,81,1364,171,Mobile,Japan
USR006287,35.3,2.5,1.5,9.4,15.5,41.8,462,36,58,145,89,722,188,Mobile,Australia
USR006288,49.2,0.6,1.0,49.9,4.7,33.2,348,21,45,160,5,2587,125,Mobile,USA
USR006289,5.5,1.8,1.1,9.5,11.8,66.2,17,6,83,222,99,2961,145,Desktop,Japan
USR006290,72.8,9.6,4.7,9.9,9.3,32.5,231,18,68,450,80,1943,283,Tablet,Brazil
USR006291,6.9,6.7,9.2,1.9,2.8,81.1,77,11,98,441,38,2294,336,Mobile,Germany
USR006292,64.0,13.5,3.9,36.8,13.6,50.4,276,38,62,281,99,3241,102,Desktop,UK
USR006293,68.3,5.8,7.1,130.9,6.3,50.0,22,48,50,145,81,956,80,Mobile,UK
USR006294,4.0,6.8,20.3,30.3,6.8,54.1,3,44,25,400,65,1814,192,Tablet,Germany
USR006295,57.3,2.5,17.1,112.6,1.1,33.8,195,6,19,212,54,617,26,Mobile,Japan
USR006296,51.4,0.4,3.0,82.1,12.5,59.7,102,2,50,256,36,3341,8,Tablet,UK
USR006297,23.3,6.1,1.2,42.2,7.5,68.3,123,18,68,247,14,1762,260,Mobile,Japan
USR006298,18.9,4.2,0.8,8.3,20.4,40.9,360,49,76,314,42,2624,141,Mobile,Germany
USR006299,3.4,1.7,5.8,94.0,3.8,24.4,53,47,39,214,96,1981,232,Desktop,Australia
USR006300,4.6,15.0,2.7,142.0,13.6,35.8,22,29,44,228,68,2938,141,Mobile,Germany
USR006301,214.8,2.4,1.5,93.1,0.7,23.0,763,48,22,109,76,3194,277,Mobile,UK
USR006302,19.9,0.4,0.6,11.6,0.5,98.6,259,9,79,169,76,2148,109,Desktop,Australia
USR006303,7.8,3.5,0.9,35.0,0.5,83.1,500,45,98,148,24,2156,103,Mobile,USA
USR006304,29.0,0.0,27.9,20.0,48.5,54.2,36,24,38,25,77,1817,326,Mobile,USA
USR006305,8.3,2.6,24.5,32.3,7.0,53.9,585,44,29,248,78,3487,97,Mobile,Brazil
USR006306,9.4,7.4,2.3,160.2,18.0,85.0,221,11,45,234,9,1948,73,Mobile,Brazil
USR006307,1.0,11.4,4.2,14.0,2.0,31.8,135,45,19,70,19,2717,189,Mobile,USA
USR006308,90.3,7.6,5.1,32.4,18.0,47.0,103,3,14,301,75,324,53,Desktop,Germany
USR006309,128.3,0.8,8.6,19.5,0.3,46.8,240,38,82,100,16,1038,294,Desktop,India
USR006310,63.3,0.5,2.3,81.9,14.0,58.5,151,37,65,82,63,1648,167,Mobile,Japan
USR006311,34.2,8.0,1.7,18.0,9.5,84.5,97,31,41,117,73,1382,132,Mobile,Germany
USR006312,16.2,1.5,4.2,18.3,10.9,62.9,45,18,56,52,90,1394,354,Mobile,UK
USR006313,43.5,16.9,10.7,83.7,1.8,75.2,114,31,22,174,73,2687,216,Mobile,Germany
USR006314,62.1,0.0,4.9,46.8,0.1,67.7,175,43,91,274,85,386,214,Mobile,USA
USR006315,30.7,2.3,8.0,51.9,6.5,98.1,138,27,14,379,47,3043,130,Desktop,India
USR006316,222.0,9.3,7.6,4.3,1.6,71.9,3,18,81,171,9,3626,317,Desktop,UK
USR006317,6.0,11.1,9.7,13.0,29.2,85.0,761,22,4,184,15,3348,338,Mobile,Germany
USR006318,42.5,1.9,14.7,200.1,4.1,90.1,131,18,74,205,12,157,263,Mobile,USA
USR006319,2.7,11.5,2.1,13.4,15.5,63.1,19,9,31,436,0,3014,88,Tablet,Brazil
USR006320,254.9,0.7,0.9,16.5,2.5,94.7,52,19,45,16,38,2999,297,Mobile,Germany
USR006321,3.3,0.7,19.8,42.9,4.6,28.6,34,23,27,288,1,3635,18,Mobile,Australia
USR006322,13.8,11.4,15.0,119.5,6.9,96.1,1,5,45,367,87,597,200,Mobile,Japan
USR006323,22.9,18.6,16.6,87.6,9.8,69.7,125,1,43,125,34,2625,133,Mobile,Japan
USR006324,73.1,10.7,7.8,12.6,5.1,31.2,101,32,74,248,60,303,211,Mobile,Japan
USR006325,72.4,15.8,2.5,54.4,4.9,95.7,263,22,37,482,80,1961,298,Desktop,Japan
USR006326,50.9,5.9,3.9,71.4,10.7,93.0,35,39,75,136,63,2719,326,Tablet,Germany
USR006327,152.7,2.1,9.1,16.9,8.3,93.7,426,1,11,103,27,434,100,Mobile,Germany
USR006328,10.8,9.4,1.6,12.5,6.9,39.7,6,41,53,390,34,2247,166,Mobile,India
USR006329,19.5,22.6,4.2,75.6,14.5,82.6,150,28,72,247,60,2668,293,Mobile,India
USR006330,11.2,9.3,12.7,3.6,9.5,24.3,41,5,98,422,26,818,313,Desktop,Australia
USR006331,40.1,7.3,4.8,20.4,4.7,61.3,164,8,88,462,58,1877,316,Desktop,UK
USR006332,453.6,2.3,23.5,13.9,7.3,62.9,5,42,0,411,29,3363,126,Mobile,Brazil
USR006333,82.9,2.2,7.9,78.3,3.2,54.4,262,36,59,341,62,3098,228,Mobile,India
USR006334,72.2,6.5,7.4,12.0,0.1,78.5,100,33,61,315,24,2540,62,Mobile,USA
USR006335,11.7,2.8,8.2,16.6,0.2,51.4,30,35,42,87,7,240,46,Mobile,Japan
USR006336,49.7,1.4,4.5,34.2,13.0,79.0,80,46,33,163,87,129,174,Mobile,Japan
USR006337,5.3,1.1,10.9,150.4,31.5,31.1,74,45,41,177,77,1324,98,Mobile,Japan
USR006338,22.5,0.7,43.8,5.6,10.9,69.5,45,15,80,252,60,924,34,Mobile,Japan
USR006339,26.3,1.9,6.1,69.3,19.6,85.8,297,18,82,256,33,1556,361,Mobile,Japan
USR006340,64.7,4.3,1.9,46.6,2.8,52.4,573,42,23,162,30,2794,6,Desktop,USA
USR006341,50.0,3.3,4.2,22.9,0.4,90.0,188,12,98,250,44,3259,160,Mobile,Japan
USR006342,26.3,6.5,9.2,67.6,8.0,20.1,98,46,12,17,52,477,103,Mobile,Australia
USR006343,107.1,1.5,3.1,3.8,8.8,34.7,319,28,85,339,90,768,299,Mobile,USA
USR006344,15.6,12.8,9.0,89.2,0.1,89.9,187,0,27,284,76,1346,308,Mobile,Germany
USR006345,90.6,6.2,3.3,48.1,5.6,76.3,153,22,33,234,61,884,185,Mobile,Japan
USR006346,11.0,8.7,2.6,10.6,1.0,92.0,227,41,58,285,97,507,343,Mobile,USA
USR006347,39.2,4.6,3.8,21.3,3.1,59.6,158,35,20,29,86,1107,51,Mobile,Australia
USR006348,118.7,11.5,17.3,76.8,3.7,65.7,2,30,4,365,15,2819,50,Tablet,India
USR006349,58.2,6.1,8.8,84.6,4.8,73.7,207,19,26,65,73,1362,306,Tablet,USA
USR006350,225.2,2.2,9.8,13.1,11.2,61.8,67,32,33,238,14,2441,96,Mobile,Japan
USR006351,20.7,3.3,11.9,41.7,6.9,83.5,5,23,94,27,18,1302,258,Mobile,USA
USR006352,214.9,0.3,9.5,19.4,14.5,74.4,68,33,12,421,14,311,116,Mobile,India
USR006353,37.2,5.9,2.5,26.6,0.7,81.2,28,45,48,200,9,2404,169,Desktop,Japan
USR006354,5.1,3.3,14.2,19.7,11.6,69.9,16,23,29,305,86,3639,97,Mobile,Japan
USR006355,43.3,6.6,1.3,7.9,2.2,81.0,200,24,87,370,9,1171,135,Desktop,UK
USR006356,301.3,6.4,2.8,24.9,38.8,67.2,224,23,11,454,35,1077,15,Mobile,India
USR006357,19.6,4.0,6.5,40.6,8.5,72.8,452,29,74,53,0,2798,213,Mobile,Japan
USR006358,39.2,9.6,4.4,43.8,6.0,62.4,45,5,69,444,98,1606,237,Mobile,USA
USR006359,30.8,0.3,12.0,4.6,0.3,82.8,184,44,26,216,68,2754,85,Mobile,USA
USR006360,34.1,1.4,4.9,88.2,1.6,60.7,261,21,48,147,61,2005,292,Mobile,Germany
USR006361,42.1,2.1,4.3,94.1,9.4,97.3,268,35,90,149,0,3543,260,Desktop,India
USR006362,7.6,0.7,25.0,9.6,9.4,33.8,336,0,8,341,87,567,280,Mobile,UK
USR006363,29.7,8.3,17.1,116.8,0.6,34.4,217,49,99,277,29,2695,58,Mobile,Australia
USR006364,6.5,6.6,4.3,7.2,6.6,33.8,342,43,43,491,41,719,289,Mobile,Australia
USR006365,40.0,8.4,23.3,60.2,2.2,70.1,495,20,78,223,42,603,90,Mobile,USA
USR006366,213.2,4.6,1.4,193.0,7.2,68.9,183,25,14,346,82,1437,250,Mobile,India
USR006367,26.3,1.0,3.2,187.7,33.2,83.0,178,35,94,283,8,2884,217,Mobile,Brazil
USR006368,35.7,22.5,12.4,13.9,3.6,55.2,2,26,69,55,17,1472,93,Desktop,USA
USR006369,105.9,3.4,1.2,23.2,8.3,35.6,423,14,49,236,27,2042,282,Tablet,Japan
USR006370,10.6,4.0,19.9,58.7,32.9,48.2,35,20,20,81,59,1579,212,Mobile,Australia
USR006371,14.2,1.0,2.6,19.2,18.5,50.9,134,30,42,419,74,3617,7,Mobile,Australia
USR006372,22.2,5.1,9.8,46.4,30.9,93.2,44,46,27,289,15,1769,125,Mobile,Japan
USR006373,65.0,1.7,10.6,32.4,8.1,63.7,85,31,46,85,46,1096,110,Mobile,Brazil
USR006374,121.6,5.7,1.0,99.8,6.2,87.3,46,0,26,223,1,2621,296,Desktop,India
USR006375,8.6,0.7,2.5,54.3,3.9,52.2,3,23,79,63,41,2929,87,Tablet,UK
USR006376,20.0,2.9,2.8,10.6,23.0,86.6,556,16,6,291,16,1003,41,Mobile,Japan
USR006377,5.1,2.5,2.8,70.9,10.9,74.2,102,40,21,268,95,2979,235,Mobile,Germany
USR006378,76.3,4.6,4.4,81.4,11.3,92.6,228,9,42,465,22,2399,23,Mobile,UK
USR006379,275.9,28.6,1.4,45.9,12.8,78.5,947,18,47,251,68,1373,169,Mobile,Germany
USR006380,118.0,10.5,0.1,7.6,5.6,70.8,592,29,32,79,88,3555,285,Mobile,Japan
USR006381,80.7,8.2,10.5,8.6,8.1,83.2,146,48,83,414,69,1516,195,Mobile,Australia
USR006382,86.0,2.1,5.1,137.1,1.5,84.2,6,48,29,439,96,1755,236,Mobile,Brazil
USR006383,52.4,3.0,2.3,12.5,2.5,39.7,182,24,16,300,44,3293,353,Mobile,India
USR006384,57.4,5.0,2.5,11.5,8.2,95.3,7,39,37,20,99,2369,260,Mobile,Germany
USR006385,1.1,3.6,1.4,30.5,1.5,71.1,414,48,14,191,55,3124,23,Desktop,India
USR006386,49.1,9.3,0.5,60.2,6.8,35.6,24,27,94,98,66,3324,125,Mobile,Brazil
USR006387,12.0,0.7,24.9,51.6,7.2,91.1,45,13,22,221,93,1466,304,Mobile,USA
USR006388,8.5,1.1,2.4,22.1,1.6,50.5,60,5,36,222,27,3154,132,Mobile,Germany
USR006389,31.1,14.8,9.1,7.2,9.9,67.7,284,43,1,7,70,2687,105,Tablet,UK
USR006390,3.5,2.7,3.5,34.9,1.3,95.2,826,29,51,134,78,1753,86,Tablet,UK
USR006391,22.1,1.7,3.4,48.8,15.7,97.2,11,35,77,146,42,37,195,Mobile,Australia
USR006392,36.1,2.5,0.6,54.9,2.4,86.0,852,5,11,249,59,1773,293,Mobile,India
USR006393,140.8,0.8,9.3,15.6,3.4,42.8,343,25,47,269,65,3016,65,Tablet,Japan
USR006394,1.0,9.6,7.3,35.7,2.9,47.7,200,44,18,84,99,2912,196,Tablet,Germany
USR006395,9.4,7.8,4.7,15.7,1.1,46.1,248,2,2,224,27,1132,307,Mobile,UK
USR006396,8.9,0.4,9.2,5.8,29.9,69.5,194,5,5,484,21,2167,219,Mobile,Brazil
USR006397,129.5,0.3,3.5,58.7,3.1,24.6,217,2,63,117,99,2918,302,Mobile,Germany
USR006398,3.4,7.4,6.6,41.2,2.7,22.0,6,19,14,367,83,2307,349,Mobile,Australia
USR006399,57.9,8.4,8.1,10.0,8.8,76.2,34,1,19,488,40,531,262,Mobile,Germany
USR006400,63.5,2.3,21.0,10.1,0.7,74.0,667,22,14,168,13,2394,296,Mobile,India
USR006401,41.9,11.0,2.8,2.8,10.9,87.5,132,28,78,101,97,1048,102,Mobile,Brazil
USR006402,75.0,4.1,0.2,20.3,4.1,35.1,45,48,62,289,1,2667,130,Tablet,India
USR006403,25.6,1.0,1.0,60.4,16.1,41.5,77,29,46,307,82,196,1,Desktop,USA
USR006404,44.0,4.2,2.7,11.0,18.1,51.4,182,16,20,221,11,3476,39,Mobile,Brazil
USR006405,22.6,5.3,13.4,15.2,5.3,84.6,172,19,34,295,37,2902,299,Mobile,USA
USR006406,5.2,8.2,19.5,107.8,2.1,69.9,64,36,90,354,73,2101,234,Mobile,USA
USR006407,21.9,11.5,2.6,36.7,0.2,24.6,357,43,78,32,3,1690,111,Mobile,Australia
USR006408,94.6,4.2,0.1,42.8,5.4,74.8,269,30,17,330,39,2171,241,Mobile,USA
USR006409,125.8,2.5,0.4,17.3,0.8,77.6,392,46,68,118,51,2548,94,Mobile,Brazil
USR006410,135.3,0.0,0.6,34.6,18.0,36.9,643,37,18,381,88,1084,151,Mobile,Germany
USR006411,60.4,3.4,8.8,52.4,28.3,41.7,49,28,68,54,70,493,270,Mobile,USA
USR006412,186.2,2.9,9.7,114.1,4.4,82.7,609,6,41,132,86,2839,320,Desktop,Australia
USR006413,36.1,9.4,2.9,1.6,4.7,36.6,134,27,75,13,77,2553,153,Mobile,India
USR006414,1.3,3.0,10.8,5.0,8.8,75.4,428,21,29,159,9,1023,71,Desktop,Germany
USR006415,25.1,1.3,3.7,48.3,15.2,29.2,447,34,75,361,60,2888,258,Desktop,USA
USR006416,54.9,13.4,1.3,63.2,16.3,59.5,192,14,28,348,87,2751,7,Mobile,India
USR006417,173.1,1.2,9.7,6.5,22.8,26.2,62,25,7,184,84,846,255,Desktop,Brazil
USR006418,139.4,8.9,0.4,42.7,9.1,85.5,251,4,54,398,23,3101,207,Mobile,Germany
USR006419,111.4,1.5,0.8,85.9,25.1,70.9,38,44,54,336,38,1830,252,Tablet,USA
USR006420,32.4,3.0,3.4,47.5,3.2,92.7,404,48,33,31,95,651,10,Mobile,Australia
USR006421,62.5,1.2,2.3,77.4,3.6,96.0,18,12,31,368,40,1956,139,Tablet,Germany
USR006422,38.9,10.3,5.2,47.3,3.7,94.3,106,29,30,306,14,995,351,Mobile,Germany
USR006423,194.0,3.8,4.9,57.1,2.3,79.4,454,16,79,219,87,3305,175,Tablet,Germany
USR006424,24.1,10.5,2.1,9.4,0.7,85.0,253,33,7,467,95,2295,234,Mobile,India
USR006425,36.2,1.0,3.3,14.8,4.8,43.8,53,20,73,283,14,3127,216,Desktop,India
USR006426,91.7,1.8,9.6,15.6,7.9,98.6,37,28,57,419,95,2152,34,Tablet,USA
USR006427,142.9,2.0,14.5,5.8,7.2,76.1,217,25,13,476,56,2008,276,Mobile,Japan
USR006428,135.6,0.8,0.8,66.1,8.1,33.0,73,31,32,463,57,538,195,Desktop,Australia
USR006429,1.0,14.1,5.9,34.4,12.6,43.3,394,20,53,376,18,2074,339,Mobile,Australia
USR006430,12.4,3.7,7.3,63.2,1.7,37.3,173,36,5,236,78,1908,229,Desktop,Australia
USR006431,45.0,8.6,4.7,27.5,2.9,34.9,557,38,34,357,93,1909,83,Mobile,Japan
USR006432,34.2,4.9,8.7,12.6,3.3,98.3,523,21,57,440,18,497,2,Tablet,UK
USR006433,112.0,0.5,3.6,27.4,11.2,71.0,107,40,88,192,31,2312,104,Mobile,Japan
USR006434,7.5,0.5,5.0,1.6,18.9,82.7,277,37,21,38,8,2764,231,Mobile,Brazil
USR006435,4.8,12.2,11.1,22.8,13.7,40.9,513,5,43,78,54,3020,343,Mobile,Brazil
USR006436,94.4,1.4,8.3,47.6,4.7,99.1,16,13,24,80,99,2981,115,Tablet,Brazil
USR006437,35.0,6.8,6.4,43.3,5.9,75.7,249,34,71,375,19,559,127,Mobile,USA
USR006438,31.1,1.0,3.2,52.2,7.7,97.5,206,31,89,434,20,3341,155,Mobile,India
USR006439,41.4,2.9,6.5,53.4,20.1,68.3,55,18,24,495,92,1850,157,Tablet,Japan
USR006440,138.2,0.0,0.5,72.8,6.4,60.0,219,45,86,325,94,1091,27,Mobile,UK
USR006441,40.7,2.1,15.5,122.6,0.6,77.6,216,8,43,141,88,1652,329,Mobile,India
USR006442,25.1,6.2,4.9,60.3,6.8,81.5,98,1,97,24,27,2549,192,Mobile,Germany
USR006443,36.8,3.2,7.8,47.6,13.2,36.4,9,1,40,19,82,1555,282,Mobile,Australia
USR006444,2.4,1.3,0.1,13.9,9.6,84.9,77,18,82,240,62,2010,331,Mobile,UK
USR006445,50.9,0.2,1.8,57.9,0.9,43.3,807,29,95,182,38,969,77,Desktop,Japan
USR006446,88.3,6.9,6.7,56.7,2.2,22.9,83,5,83,173,8,1434,146,Mobile,Brazil
USR006447,65.1,3.7,1.0,13.6,31.3,59.4,49,19,38,199,64,3040,112,Mobile,Germany
USR006448,42.5,8.7,1.1,9.4,1.7,57.1,53,2,93,159,18,507,326,Mobile,Australia
USR006449,44.0,3.0,6.1,49.5,9.9,57.2,290,34,37,480,59,1445,113,Mobile,India
USR006450,353.1,2.7,0.4,134.1,24.3,25.5,463,15,79,133,46,2242,210,Mobile,USA
USR006451,35.4,0.3,1.5,17.9,33.0,56.6,308,5,68,63,78,2726,200,Mobile,Australia
USR006452,37.6,1.4,2.9,6.5,1.3,26.5,534,10,21,411,16,1917,166,Mobile,Brazil
USR006453,286.1,3.8,26.5,86.2,32.7,42.9,32,0,72,463,96,3028,361,Tablet,Australia
USR006454,67.5,2.0,5.6,8.2,4.5,75.8,240,12,76,305,84,856,239,Mobile,Germany
USR006455,8.5,10.7,12.3,2.0,14.0,60.4,6,22,3,425,56,1708,143,Mobile,Brazil
USR006456,24.3,9.6,2.5,90.4,5.5,59.6,93,31,98,413,76,814,239,Mobile,Germany
USR006457,35.8,0.4,0.3,35.3,0.6,99.7,7,12,87,393,93,584,147,Mobile,UK
USR006458,27.9,1.3,2.7,152.8,13.9,26.9,1,44,41,51,16,1294,178,Mobile,Brazil
USR006459,2.1,1.4,5.1,24.2,3.0,57.6,55,48,67,62,84,542,354,Mobile,USA
USR006460,1.8,1.5,9.5,61.9,8.3,49.7,50,44,5,39,47,1976,350,Mobile,Germany
USR006461,1.0,1.0,10.4,15.5,8.5,41.6,3,16,63,331,0,221,179,Mobile,USA
USR006462,101.3,15.9,3.9,29.1,2.6,48.3,759,3,40,214,24,477,101,Mobile,Brazil
USR006463,37.1,8.0,2.7,13.5,2.3,86.9,357,18,65,145,13,1642,258,Desktop,USA
USR006464,17.2,2.4,0.5,4.2,6.7,88.4,77,17,10,126,19,385,342,Mobile,Germany
USR006465,50.2,17.0,3.6,56.4,13.4,93.1,35,28,64,493,16,2846,351,Mobile,Australia
USR006466,27.5,11.3,3.1,73.0,13.8,22.1,171,48,87,93,74,2284,332,Desktop,Brazil
USR006467,69.5,3.8,10.4,151.8,3.6,21.0,80,4,91,410,54,1515,241,Desktop,India
USR006468,8.5,1.1,2.1,31.1,15.2,26.4,207,43,42,138,63,154,160,Mobile,USA
USR006469,6.2,5.5,30.4,77.9,13.6,37.4,290,9,95,113,81,3083,231,Mobile,India
USR006470,17.2,4.2,5.0,209.8,37.4,38.7,2,8,71,10,27,3000,171,Mobile,Japan
USR006471,79.8,0.3,7.3,196.2,7.8,86.6,96,38,89,132,89,407,212,Mobile,Japan
USR006472,25.2,2.8,10.0,24.2,0.5,99.6,786,26,61,109,98,276,284,Desktop,USA
USR006473,26.8,8.8,4.8,4.2,0.3,85.1,156,10,27,305,62,50,315,Tablet,Germany
USR006474,1.0,6.3,7.1,59.6,2.3,47.6,539,13,1,313,64,980,194,Desktop,Germany
USR006475,32.5,0.2,2.6,18.0,3.5,40.2,209,20,69,212,26,352,43,Desktop,Australia
USR006476,87.6,2.9,3.1,144.6,29.7,87.6,28,13,23,203,7,893,113,Mobile,Australia
USR006477,15.0,0.5,1.1,31.4,11.1,91.0,206,10,60,298,56,505,301,Mobile,USA
USR006478,141.0,0.3,4.1,29.7,9.8,40.2,3,5,28,299,3,1739,67,Mobile,India
USR006479,65.9,10.7,12.5,21.0,10.6,61.6,138,5,5,244,25,138,193,Mobile,Brazil
USR006480,66.4,12.4,4.3,30.4,1.0,87.7,487,21,33,384,96,1244,109,Desktop,USA
USR006481,5.6,0.9,0.2,49.7,6.3,50.0,603,40,82,98,93,1323,156,Mobile,Germany
USR006482,122.5,4.3,8.8,9.1,0.7,76.6,165,46,15,188,45,1475,128,Mobile,Australia
USR006483,17.5,4.0,5.7,52.5,0.6,28.6,175,23,63,37,35,489,267,Mobile,Japan
USR006484,43.7,5.9,2.7,2.0,2.1,57.5,79,24,1,51,37,357,137,Mobile,Japan
USR006485,38.9,0.6,30.7,13.3,9.4,71.0,286,7,12,315,28,2175,80,Desktop,Germany
USR006486,21.7,2.7,1.8,52.4,6.7,54.6,43,38,78,117,54,2018,86,Mobile,Australia
USR006487,9.6,1.4,1.1,71.4,15.4,82.4,176,28,48,25,67,924,364,Mobile,UK
USR006488,115.8,0.6,19.5,10.0,2.6,24.1,284,21,79,39,22,1452,306,Desktop,India
USR006489,97.9,7.8,3.1,6.2,1.6,92.0,151,47,97,187,85,1902,93,Mobile,USA
USR006490,211.7,3.4,9.5,42.8,8.2,29.3,129,20,34,360,25,3474,129,Mobile,Brazil
USR006491,88.3,7.7,6.4,33.0,1.3,58.2,362,0,15,167,24,3011,179,Mobile,Brazil
USR006492,92.3,2.9,3.5,157.8,7.2,54.5,216,39,52,165,50,2960,358,Mobile,India
USR006493,9.9,4.6,11.8,22.1,14.2,46.7,392,32,49,438,34,557,237,Mobile,Australia
USR006494,73.8,0.7,8.2,22.2,1.6,84.5,164,1,12,266,5,911,122,Desktop,Germany
USR006495,12.9,2.2,1.6,6.8,1.2,50.4,13,11,93,106,36,3315,196,Mobile,Germany
USR006496,49.0,7.4,7.0,75.6,5.6,91.1,20,17,19,378,77,1521,91,Mobile,UK
USR006497,51.2,11.8,10.9,71.2,8.9,71.4,359,14,82,55,54,887,338,Mobile,India
USR006498,9.3,6.7,24.1,31.0,2.5,66.4,151,21,54,126,24,2621,350,Desktop,India
USR006499,80.8,26.9,3.2,65.7,27.7,54.0,65,1,1,176,66,784,238,Tablet,Japan
USR006500,32.8,1.6,2.0,68.1,0.9,23.6,335,12,81,138,24,3119,131,Mobile,Germany
USR006501,55.3,0.7,2.4,42.3,17.8,32.0,238,43,60,462,27,1194,259,Tablet,Australia
USR006502,40.1,1.8,0.1,129.6,20.9,76.2,230,8,95,45,62,978,316,Mobile,USA
USR006503,1.2,0.2,21.1,19.7,7.4,58.9,598,47,3,95,95,802,363,Mobile,UK
USR006504,139.5,3.0,5.2,9.8,9.0,76.8,379,43,80,34,41,3234,164,Mobile,India
USR006505,94.3,25.8,0.4,310.4,24.4,48.4,293,28,96,37,76,1000,21,Mobile,Japan
USR006506,17.1,1.6,14.5,100.6,16.1,58.1,604,21,87,195,26,3256,194,Desktop,USA
USR006507,4.1,5.4,9.3,13.5,10.5,90.4,12,4,91,476,26,1541,305,Mobile,Germany
USR006508,108.7,7.5,0.5,24.0,9.1,96.1,79,17,77,90,53,3036,334,Mobile,Germany
USR006509,122.8,6.6,0.8,20.9,7.0,83.7,390,34,93,384,22,1605,214,Mobile,Australia
USR006510,206.2,2.0,0.2,108.9,7.0,68.5,201,45,42,21,16,2219,277,Mobile,UK
USR006511,13.3,1.6,1.0,30.1,2.7,52.6,606,12,55,364,39,941,57,Desktop,USA
USR006512,15.9,3.4,5.7,18.0,17.6,74.2,103,34,25,211,9,3084,12,Mobile,USA
USR006513,3.1,3.0,17.1,17.6,3.7,63.4,99,39,44,233,23,1374,298,Mobile,UK
USR006514,191.8,1.3,0.6,8.7,4.6,95.4,70,25,98,438,28,3178,344,Mobile,UK
USR006515,16.4,2.8,16.2,30.7,20.7,24.5,10,16,94,13,70,3289,162,Mobile,Germany
USR006516,9.2,1.2,2.0,5.2,16.0,47.6,478,25,56,263,89,2549,177,Tablet,Japan
USR006517,2.1,12.2,1.6,22.1,1.2,37.6,123,11,59,107,89,2687,229,Desktop,Germany
USR006518,42.8,1.7,4.8,10.9,14.0,51.9,143,34,6,348,99,1505,192,Desktop,Australia
USR006519,9.1,24.5,8.3,64.5,15.2,91.8,101,32,27,76,48,1854,227,Mobile,USA
USR006520,96.1,3.1,3.5,15.3,4.0,69.9,112,31,50,298,3,3362,269,Mobile,India
USR006521,49.9,4.1,4.0,29.8,13.0,58.1,70,19,86,99,69,790,79,Mobile,Germany
USR006522,84.6,7.7,1.2,12.2,12.3,89.3,36,32,39,323,18,2435,9,Desktop,Brazil
USR006523,118.0,3.7,13.4,11.1,11.1,74.2,72,20,85,335,30,758,194,Mobile,Germany
USR006524,15.9,0.1,9.4,34.8,10.0,38.9,301,3,12,16,30,416,349,Tablet,Japan
USR006525,27.6,9.0,10.8,42.2,6.4,52.4,34,36,14,0,95,2533,186,Mobile,India
USR006526,14.6,10.8,11.3,119.4,14.3,23.5,424,4,27,108,76,2237,60,Mobile,India
USR006527,52.6,14.4,1.7,37.2,19.2,51.7,43,15,47,181,49,2744,155,Mobile,USA
USR006528,8.7,3.0,5.7,20.1,22.1,40.6,388,47,81,171,29,1471,337,Mobile,Brazil
USR006529,32.7,5.3,0.9,18.5,6.5,63.7,153,4,90,138,77,274,66,Desktop,Brazil
USR006530,54.8,3.8,0.3,43.5,32.1,73.5,101,34,25,275,79,2615,205,Mobile,Brazil
USR006531,1.9,0.4,1.3,193.2,2.3,76.1,21,42,63,285,10,433,36,Tablet,Germany
USR006532,105.5,5.3,4.3,47.3,1.2,78.0,299,21,7,13,8,2869,63,Tablet,Brazil
USR006533,106.0,0.2,4.3,31.6,0.4,35.5,7,24,93,403,29,2547,340,Tablet,Australia
USR006534,81.1,0.4,12.6,74.3,5.4,63.4,16,26,45,420,70,175,270,Desktop,Brazil
USR006535,67.6,1.7,4.5,60.3,18.6,39.1,12,41,32,452,99,2616,361,Mobile,India
USR006536,199.2,0.4,7.3,99.4,4.1,25.1,350,14,3,320,76,1476,139,Mobile,Germany
USR006537,14.1,3.2,14.4,188.3,28.2,34.1,207,22,74,52,4,1298,74,Mobile,Brazil
USR006538,22.3,5.1,6.9,113.2,9.9,55.1,572,12,58,199,9,459,62,Mobile,Brazil
USR006539,7.3,3.4,4.1,3.0,24.4,46.0,141,37,68,388,44,3568,99,Mobile,UK
USR006540,58.4,12.9,7.7,64.9,25.1,93.7,126,28,64,218,63,1061,132,Mobile,India
USR006541,55.6,4.4,1.7,12.1,31.2,21.7,20,14,43,175,75,796,26,Mobile,USA
USR006542,18.3,3.9,8.8,192.2,11.5,29.5,1,11,55,190,70,134,93,Mobile,UK
USR006543,59.4,1.1,30.5,30.1,3.3,93.2,19,47,52,70,77,1556,232,Desktop,Brazil
USR006544,59.2,0.1,3.5,25.4,0.1,68.6,253,6,21,195,53,1053,156,Mobile,USA
USR006545,66.3,6.4,6.9,26.2,3.1,37.2,214,4,32,81,20,1489,134,Mobile,India
USR006546,43.1,0.2,4.9,21.1,4.9,83.0,39,27,57,30,82,1705,220,Mobile,USA
USR006547,24.3,12.3,9.4,2.0,6.8,50.0,507,26,13,306,49,3010,330,Mobile,USA
USR006548,132.0,2.5,12.6,124.0,4.6,82.8,110,19,28,23,68,861,255,Mobile,USA
USR006549,60.2,3.2,1.4,58.8,8.6,92.6,20,43,82,75,44,1826,15,Mobile,Australia
USR006550,28.8,2.6,5.4,24.5,0.5,86.5,133,44,53,167,1,853,160,Mobile,Germany
USR006551,60.1,16.3,18.3,53.5,6.9,29.5,99,24,55,118,45,3063,343,Mobile,India
USR006552,157.4,0.1,21.9,17.7,0.6,32.6,225,20,57,30,56,1912,147,Desktop,India
USR006553,274.4,1.5,29.4,36.9,1.6,23.7,158,43,91,492,99,1543,216,Tablet,Australia
USR006554,139.6,5.9,5.2,22.2,9.6,34.7,40,19,53,188,59,2186,69,Desktop,Brazil
USR006555,21.7,1.4,11.6,38.7,17.9,57.3,17,5,30,30,41,3256,253,Mobile,Germany
USR006556,21.5,7.8,4.9,1.8,4.6,69.9,163,35,68,315,51,2068,318,Mobile,Germany
USR006557,9.2,1.4,4.5,54.3,18.4,37.5,47,7,18,376,37,1657,242,Mobile,Brazil
USR006558,95.6,0.4,2.5,22.0,0.8,73.6,110,8,10,66,6,1865,90,Desktop,UK
USR006559,8.2,3.2,4.9,50.6,0.1,92.8,92,23,31,462,25,345,184,Tablet,USA
USR006560,3.8,1.2,8.9,1.0,24.9,32.8,218,7,14,196,50,2997,58,Tablet,USA
USR006561,108.7,3.0,7.3,53.1,2.2,54.7,172,33,82,147,23,1459,151,Mobile,Brazil
USR006562,70.7,0.5,3.6,4.7,17.7,29.7,146,26,37,136,5,938,181,Mobile,India
USR006563,189.9,1.5,7.1,18.0,3.1,73.5,181,39,26,417,72,537,342,Mobile,Japan
USR006564,1.0,0.3,8.3,30.4,29.8,48.7,280,4,27,305,64,3416,10,Mobile,Germany
USR006565,57.6,9.3,1.4,73.1,11.9,81.5,546,20,69,117,4,1703,331,Mobile,Japan
USR006566,72.2,9.0,26.7,0.3,4.9,43.3,272,5,17,435,24,3555,0,Mobile,Brazil
USR006567,53.5,1.6,0.2,42.8,3.9,97.8,193,36,15,135,32,345,156,Desktop,India
USR006568,3.1,2.2,4.4,20.4,5.6,92.3,230,40,95,164,12,509,46,Mobile,Australia
USR006569,18.3,0.7,11.2,60.5,4.3,63.0,283,33,59,142,59,1849,266,Mobile,India
USR006570,76.1,19.9,4.0,31.6,21.9,38.0,36,6,10,412,47,3566,199,Mobile,UK
USR006571,49.1,9.5,0.9,34.6,15.0,33.6,29,25,62,131,71,2399,58,Desktop,Brazil
USR006572,2.4,1.5,3.3,21.8,14.5,95.6,125,11,88,416,16,735,76,Mobile,Australia
USR006573,19.7,22.6,2.6,21.9,43.4,70.8,86,4,19,332,81,864,272,Mobile,USA
USR006574,50.9,4.1,1.1,2.2,7.5,91.7,11,6,40,483,37,2108,222,Desktop,India
USR006575,99.2,0.5,14.8,101.0,12.9,27.1,208,16,3,315,13,527,98,Mobile,Brazil
USR006576,84.5,0.6,9.7,61.8,3.5,21.3,5,44,40,179,14,983,147,Mobile,India
USR006577,95.5,1.8,3.7,47.1,1.0,52.2,25,30,65,151,57,3122,313,Mobile,USA
USR006578,66.4,2.2,4.0,20.0,5.7,61.7,567,22,18,222,45,3241,312,Mobile,USA
USR006579,251.5,0.4,6.2,5.0,2.1,39.3,67,25,19,48,15,1195,167,Mobile,Australia
USR006580,58.4,1.2,2.3,30.0,1.3,28.5,30,5,21,239,58,279,101,Mobile,Australia
USR006581,62.4,5.2,19.0,25.5,5.6,23.7,28,41,33,460,83,1352,205,Desktop,UK
USR006582,23.6,4.1,3.5,7.8,30.7,43.0,203,9,37,330,93,271,266,Mobile,India
USR006583,74.3,2.6,8.2,105.6,4.4,51.8,146,23,73,380,4,909,54,Mobile,Australia
USR006584,135.1,0.4,2.2,92.8,7.5,60.1,304,4,80,473,97,2734,54,Mobile,UK
USR006585,174.1,10.9,1.6,74.8,32.5,45.0,382,14,19,464,97,1720,115,Mobile,Japan
USR006586,23.9,4.5,2.5,10.7,2.3,34.6,195,40,56,461,70,1661,37,Mobile,India
USR006587,20.8,1.7,20.1,8.4,3.2,92.5,137,48,85,319,46,537,221,Mobile,USA
USR006588,78.2,3.6,7.7,44.4,16.1,71.3,281,4,12,418,22,607,57,Mobile,Australia
USR006589,8.0,3.0,9.4,27.6,1.3,80.6,391,26,77,179,35,981,276,Desktop,India
USR006590,28.1,11.0,19.4,28.9,10.6,45.7,135,15,11,475,33,2564,1,Mobile,UK
USR006591,24.5,4.8,12.8,89.9,0.7,26.1,529,18,18,399,47,2682,240,Mobile,Brazil
USR006592,63.3,0.8,8.3,18.8,7.6,54.9,1,36,39,9,34,3250,84,Mobile,India
USR006593,9.0,0.3,18.3,77.4,11.7,58.6,64,21,80,203,45,1758,249,Desktop,Brazil
USR006594,7.4,1.8,4.6,130.1,3.6,34.0,16,22,37,235,3,1239,206,Mobile,Australia
USR006595,15.6,4.8,9.9,0.6,6.9,69.8,68,24,81,148,12,3568,122,Mobile,Germany
USR006596,64.1,8.8,2.4,61.4,5.9,94.1,523,0,65,22,4,1067,272,Mobile,USA
USR006597,13.2,4.5,7.1,91.2,13.7,81.1,230,21,74,88,70,1916,283,Desktop,Brazil
USR006598,69.9,9.3,6.8,33.7,8.7,96.7,35,13,60,304,26,2239,322,Mobile,Australia
USR006599,18.4,8.0,3.6,137.2,3.7,32.1,72,12,69,460,60,2396,111,Desktop,Australia
USR006600,15.4,21.1,2.0,13.1,3.1,73.0,5,12,80,385,49,3329,136,Mobile,UK
USR006601,189.3,8.3,3.1,116.2,3.5,31.9,14,15,40,66,34,3602,277,Mobile,Brazil
USR006602,9.2,6.0,3.9,74.7,45.7,89.3,406,3,38,389,59,1131,342,Mobile,Australia
USR006603,10.3,2.9,6.6,83.5,0.6,55.6,95,8,97,141,96,1379,229,Tablet,Australia
USR006604,67.8,0.7,13.7,38.6,1.8,74.9,227,49,93,59,37,2816,236,Desktop,Germany
USR006605,174.4,0.3,10.9,20.7,5.1,78.7,300,45,82,218,15,2124,287,Desktop,UK
USR006606,155.2,16.0,1.5,83.9,1.2,70.1,56,46,16,23,81,2910,102,Mobile,USA
USR006607,64.6,1.9,3.3,31.7,15.2,81.0,38,34,56,314,64,1131,196,Mobile,Australia
USR006608,8.8,1.9,0.6,44.0,0.1,91.5,339,32,66,36,99,2985,232,Mobile,UK
USR006609,71.4,2.4,25.4,82.6,18.1,71.2,72,0,74,380,77,1359,216,Mobile,Germany
USR006610,21.2,19.9,4.6,4.4,2.4,85.9,58,47,69,436,89,1177,148,Mobile,UK
USR006611,48.3,1.6,4.4,4.6,5.5,67.9,79,18,57,252,28,2163,308,Desktop,Brazil
USR006612,72.1,3.3,4.4,9.8,8.0,34.3,58,17,86,398,84,1383,67,Desktop,India
USR006613,3.5,3.4,7.6,23.3,3.4,71.6,445,10,72,376,77,1936,134,Tablet,Germany
USR006614,98.1,0.8,3.2,180.7,20.9,66.2,72,30,61,262,92,1592,23,Mobile,India
USR006615,100.4,15.4,0.3,33.8,6.9,95.8,488,11,1,59,2,3379,60,Mobile,UK
USR006616,10.3,15.5,2.9,19.1,25.0,87.6,70,25,56,450,73,3618,325,Mobile,India
USR006617,21.7,1.2,13.2,21.0,0.7,86.6,86,18,13,256,66,1624,71,Desktop,Australia
USR006618,56.9,12.2,13.6,2.0,9.8,62.4,809,20,94,192,12,3051,156,Mobile,Japan
USR006619,28.0,1.0,1.4,70.3,4.6,75.6,107,43,39,141,56,448,225,Mobile,Japan
USR006620,9.3,2.0,11.2,94.4,2.4,26.5,262,27,8,180,30,3543,253,Mobile,India
USR006621,53.2,3.0,9.2,48.9,0.1,24.6,142,45,6,368,49,1986,115,Mobile,Australia
USR006622,35.1,0.2,0.6,1.0,1.6,48.7,37,25,1,261,99,1670,25,Desktop,Japan
USR006623,124.8,4.6,3.8,10.5,4.5,71.0,289,38,72,309,59,1537,292,Tablet,UK
USR006624,229.2,6.2,8.3,18.4,6.9,50.6,195,14,19,302,54,490,29,Mobile,Japan
USR006625,3.2,2.7,2.3,70.4,5.2,36.8,378,5,66,45,80,1465,333,Desktop,India
USR006626,185.6,6.8,3.1,195.3,16.7,62.5,8,21,95,438,33,985,104,Mobile,Germany
USR006627,10.6,0.2,7.3,1.2,1.1,69.8,656,28,74,413,52,995,187,Tablet,Japan
USR006628,18.4,6.5,0.3,57.7,13.6,78.0,193,22,20,366,4,2511,345,Mobile,Brazil
USR006629,112.9,2.6,1.1,29.2,12.6,26.1,763,3,9,293,85,3071,63,Desktop,Australia
USR006630,15.2,3.8,20.9,68.8,14.0,53.2,105,12,30,29,67,1742,286,Mobile,Brazil
USR006631,56.4,1.5,8.0,48.3,22.2,74.5,41,22,3,86,54,2685,92,Desktop,Brazil
USR006632,83.5,0.9,0.9,2.0,5.6,85.3,903,13,48,30,73,2275,193,Desktop,Australia
USR006633,12.6,10.6,0.2,69.3,4.4,63.7,55,0,55,237,32,2353,232,Mobile,Brazil
USR006634,50.4,3.0,4.1,63.5,15.5,72.3,253,24,57,120,9,1263,180,Mobile,India
USR006635,27.9,4.9,8.0,103.4,1.1,77.5,440,31,79,290,74,1059,351,Mobile,India
USR006636,44.5,5.2,0.0,131.8,5.3,26.4,67,23,30,340,45,1928,262,Mobile,USA
USR006637,27.8,7.6,12.2,65.1,0.2,55.8,98,16,54,131,25,938,275,Mobile,Australia
USR006638,55.2,2.3,5.7,15.9,3.7,73.9,539,18,23,438,87,1009,229,Desktop,Brazil
USR006639,10.5,8.5,5.8,211.2,5.2,80.4,475,7,34,456,64,1137,153,Mobile,USA
USR006640,123.0,0.8,22.4,50.7,8.1,23.6,443,33,15,149,79,2795,243,Desktop,India
USR006641,90.2,6.9,2.5,0.7,3.1,80.8,111,31,39,377,81,487,341,Mobile,Germany
USR006642,108.4,5.7,3.6,14.6,9.5,61.0,42,33,13,481,6,2985,162,Mobile,India
USR006643,33.9,10.2,4.2,57.4,9.2,58.2,14,3,27,85,42,2033,297,Mobile,India
USR006644,41.6,11.1,1.0,2.5,12.9,84.7,670,4,95,413,49,3594,212,Desktop,Australia
USR006645,18.7,2.3,11.1,63.6,5.3,41.1,131,44,93,121,48,3570,245,Desktop,Japan
USR006646,123.1,0.2,3.9,84.3,1.3,33.4,247,21,75,201,39,2349,294,Mobile,Australia
USR006647,14.9,5.7,6.9,120.6,8.0,34.9,39,29,39,320,53,2564,317,Mobile,USA
USR006648,82.5,2.0,0.7,45.4,1.2,53.6,309,11,87,482,81,2872,358,Mobile,Brazil
USR006649,63.1,0.3,3.5,42.0,1.4,24.7,175,8,30,186,88,268,313,Mobile,USA
USR006650,59.9,1.5,5.3,41.6,11.0,50.2,45,19,10,490,28,2609,81,Desktop,Brazil
USR006651,77.4,2.8,9.9,52.7,3.4,27.5,93,48,84,247,85,2029,290,Mobile,Japan
USR006652,5.9,1.5,15.1,42.5,6.3,79.6,173,34,27,47,94,1289,254,Mobile,UK
USR006653,2.8,4.0,3.6,80.3,0.7,46.5,249,12,53,263,55,3138,264,Mobile,Australia
USR006654,189.2,3.4,2.9,53.8,3.6,30.0,42,28,29,61,6,3620,168,Mobile,USA
USR006655,22.4,0.0,0.8,39.6,5.3,92.3,71,7,80,14,30,3039,91,Desktop,India
USR006656,85.9,5.3,5.3,6.3,17.2,85.8,169,8,31,77,6,930,45,Mobile,India
USR006657,34.0,26.8,0.2,7.8,1.2,43.5,272,26,37,50,67,3201,231,Desktop,Brazil
USR006658,35.3,1.8,1.4,37.3,3.9,44.4,15,9,38,385,52,2513,238,Desktop,Australia
USR006659,107.4,4.6,5.8,68.6,6.8,79.1,183,29,60,123,15,72,167,Desktop,Germany
USR006660,146.1,2.1,16.4,43.3,15.0,82.9,83,9,86,485,37,3607,209,Mobile,USA
USR006661,23.8,1.1,5.3,101.9,2.0,83.0,8,20,20,53,77,607,339,Mobile,India
USR006662,1.0,2.4,4.3,27.9,10.3,98.6,32,35,84,124,14,2698,184,Mobile,Brazil
USR006663,109.0,12.0,4.9,3.1,4.1,90.7,436,42,85,394,15,3648,136,Mobile,Australia
USR006664,22.0,6.1,0.9,37.7,29.8,65.8,50,20,14,313,25,1509,280,Mobile,Germany
USR006665,24.7,1.1,6.6,29.9,16.8,45.5,20,44,0,464,28,3497,137,Mobile,Japan
USR006666,51.8,3.9,8.9,7.3,13.5,43.2,120,2,32,51,43,3321,357,Desktop,India
USR006667,92.8,5.9,1.3,20.9,1.2,24.0,258,7,27,96,10,2364,337,Desktop,Germany
USR006668,62.7,1.6,4.5,11.5,54.4,31.9,272,28,74,253,1,1885,149,Mobile,UK
USR006669,21.3,7.0,6.4,320.4,2.0,61.6,463,36,86,478,68,902,163,Mobile,Germany
USR006670,48.0,12.2,0.1,98.9,3.7,23.2,11,49,63,436,95,2160,144,Mobile,Germany
USR006671,138.8,0.2,1.8,12.3,29.1,63.8,48,39,43,480,61,3301,227,Tablet,India
USR006672,79.9,11.9,10.3,20.8,9.9,23.5,503,12,25,131,45,2701,27,Mobile,Brazil
USR006673,482.0,8.0,3.6,20.6,11.9,46.5,286,37,46,7,22,895,107,Mobile,USA
USR006674,91.5,1.2,7.1,18.6,6.4,92.3,178,20,23,282,21,2920,305,Mobile,UK
USR006675,222.8,2.5,9.9,82.6,1.0,96.8,336,42,92,304,65,3067,326,Mobile,Australia
USR006676,37.2,0.6,11.2,20.1,19.0,97.6,400,37,71,483,63,1196,247,Desktop,UK
USR006677,154.8,16.1,0.3,16.1,1.3,64.5,15,3,87,398,88,676,263,Mobile,India
USR006678,174.6,17.5,16.8,46.1,10.6,33.5,33,11,23,106,19,1604,85,Mobile,Germany
USR006679,10.0,0.3,1.3,3.9,16.9,47.8,66,15,35,338,78,102,218,Mobile,Brazil
USR006680,18.9,2.3,5.4,25.1,10.8,57.4,358,26,58,242,69,1424,195,Desktop,Japan
USR006681,21.6,2.7,10.2,73.6,39.4,55.1,160,21,65,225,57,3110,241,Mobile,Australia
USR006682,17.0,3.2,0.5,194.6,2.0,87.8,202,6,97,196,47,1545,121,Mobile,USA
USR006683,1.2,8.1,3.9,59.8,6.1,24.4,121,43,2,349,2,3259,4,Tablet,Australia
USR006684,7.7,1.6,1.5,2.9,7.7,23.3,1,13,60,200,2,101,101,Mobile,USA
USR006685,21.3,2.1,0.4,37.6,9.6,90.2,457,31,47,461,16,431,343,Mobile,Germany
USR006686,2.3,3.6,3.3,44.9,3.1,33.1,302,9,21,459,79,3552,31,Mobile,Brazil
USR006687,157.2,0.6,17.6,4.7,1.8,50.8,40,15,8,208,71,3487,333,Mobile,UK
USR006688,155.9,1.4,12.0,28.6,6.4,36.5,369,45,71,234,79,3455,114,Mobile,Japan
USR006689,32.1,2.5,2.1,14.1,4.0,94.0,100,12,73,9,41,3611,122,Mobile,Australia
USR006690,132.8,2.4,9.7,26.0,3.5,77.7,213,3,50,20,92,2935,138,Mobile,India
USR006691,96.2,13.8,0.4,24.7,6.5,53.4,332,27,84,208,27,1942,88,Mobile,India
USR006692,9.3,2.3,4.2,18.5,5.0,20.5,411,28,93,399,76,3307,225,Mobile,Australia
USR006693,6.6,0.5,32.6,5.5,14.9,89.5,9,47,68,87,43,1459,274,Mobile,Germany
USR006694,143.9,10.6,15.8,56.4,8.1,31.2,31,47,81,0,72,939,137,Tablet,UK
USR006695,46.0,4.8,4.5,0.1,3.3,66.7,66,36,56,317,38,538,174,Desktop,Germany
USR006696,94.0,0.4,1.6,21.3,15.0,62.8,304,0,46,462,66,1017,131,Mobile,UK
USR006697,60.4,4.6,1.9,61.3,17.7,72.1,266,11,41,227,72,3405,214,Mobile,Brazil
USR006698,50.1,1.6,7.2,47.4,5.2,98.3,82,10,12,241,79,1651,19,Mobile,Brazil
USR006699,59.4,2.5,1.4,36.2,12.1,39.4,48,39,55,143,3,903,208,Tablet,Germany
USR006700,4.5,0.6,5.9,25.1,2.7,31.8,305,43,72,113,4,542,70,Desktop,India
USR006701,171.5,6.5,2.8,13.3,1.1,20.3,59,39,62,74,64,2951,135,Mobile,UK
USR006702,46.3,0.9,3.0,9.5,5.8,47.0,61,10,3,234,58,819,301,Mobile,India
USR006703,44.1,4.1,9.2,10.0,14.5,89.0,324,26,33,96,87,1695,128,Desktop,Brazil
USR006704,157.3,12.5,6.9,8.9,0.8,87.7,446,33,25,87,46,2253,155,Tablet,USA
USR006705,25.9,3.2,3.5,2.7,13.6,95.8,19,27,1,366,82,2383,49,Desktop,USA
USR006706,19.3,3.2,9.0,49.3,12.5,92.5,13,4,66,241,22,3471,356,Tablet,India
USR006707,17.0,1.1,1.1,54.2,19.7,91.0,197,15,77,240,95,1386,117,Mobile,Japan
USR006708,1.0,1.5,3.6,10.6,10.4,36.6,80,6,92,250,8,580,121,Mobile,Germany
USR006709,28.4,4.2,6.3,31.7,4.4,73.1,111,3,34,22,77,1264,112,Tablet,Japan
USR006710,29.8,0.1,1.7,40.4,17.4,65.0,158,24,73,227,17,1774,38,Desktop,India
USR006711,57.2,0.8,12.6,46.7,53.0,24.7,71,22,25,102,52,3192,74,Mobile,UK
USR006712,55.2,6.5,7.3,113.2,7.0,64.1,163,5,43,370,52,344,344,Mobile,Brazil
USR006713,1.0,7.6,42.9,4.9,0.6,61.1,173,7,86,135,25,2828,195,Mobile,UK
USR006714,44.2,11.6,4.4,19.6,17.0,42.3,96,19,44,454,7,1351,278,Mobile,Germany
USR006715,10.6,11.6,2.4,82.3,0.2,76.7,43,20,50,318,21,700,208,Desktop,UK
USR006716,20.2,0.8,6.6,34.7,8.7,90.5,185,29,42,113,23,3181,64,Mobile,Germany
USR006717,20.5,0.9,1.7,72.6,5.7,41.9,546,11,7,281,0,1506,32,Mobile,Germany
USR006718,27.1,24.9,7.2,93.8,11.0,99.0,117,25,35,232,92,568,26,Mobile,Germany
USR006719,227.8,0.3,1.7,83.8,12.8,59.4,27,30,80,152,11,352,121,Mobile,USA
USR006720,14.3,1.3,0.5,17.4,1.8,88.7,799,26,50,479,19,894,146,Desktop,USA
USR006721,111.9,1.8,6.7,4.3,2.7,28.0,275,46,44,218,18,2592,82,Mobile,UK
USR006722,36.8,19.0,2.1,108.5,12.5,67.9,30,48,6,102,74,2310,92,Mobile,Germany
USR006723,158.2,2.2,0.4,73.6,4.7,68.7,79,1,1,212,18,1697,191,Mobile,Japan
USR006724,20.6,2.2,9.6,0.5,35.4,76.0,24,46,47,402,71,3534,159,Mobile,UK
USR006725,75.1,0.3,1.7,36.2,22.4,37.5,576,44,12,252,1,1725,315,Mobile,UK
USR006726,10.1,9.3,2.2,93.6,3.1,90.9,279,0,42,370,55,958,292,Mobile,Australia
USR006727,114.7,1.1,12.6,190.8,17.0,38.2,244,15,46,262,76,2709,11,Mobile,Japan
USR006728,24.8,3.9,5.6,88.0,51.5,33.5,130,25,63,236,46,1668,272,Mobile,UK
USR006729,40.6,2.1,4.0,85.2,20.9,31.5,11,35,29,17,55,3030,153,Desktop,India
USR006730,13.6,0.9,11.0,41.6,11.5,63.1,4,26,21,476,15,116,255,Desktop,UK
USR006731,9.5,9.2,5.0,9.1,18.1,29.4,317,40,35,209,88,1456,330,Mobile,UK
USR006732,62.5,4.8,3.5,5.2,14.9,55.5,51,10,40,370,2,134,345,Tablet,Germany
USR006733,30.3,13.1,22.9,125.2,7.9,52.0,47,1,81,64,72,974,136,Mobile,Brazil
USR006734,18.4,4.8,4.7,48.4,10.7,38.4,338,24,80,398,76,1306,292,Mobile,UK
USR006735,10.7,3.8,29.3,5.9,17.1,47.5,102,9,23,342,89,1405,203,Tablet,Germany
USR006736,89.3,1.0,8.8,5.8,9.6,92.9,222,15,11,314,37,1136,314,Desktop,India
USR006737,183.9,1.1,3.5,21.1,9.9,60.6,58,37,43,401,28,3165,224,Mobile,Brazil
USR006738,115.3,7.4,5.8,72.0,5.6,46.2,119,36,90,376,7,1074,283,Mobile,Japan
USR006739,66.3,8.6,27.4,51.8,8.2,31.3,79,41,39,236,70,420,17,Desktop,Germany
USR006740,9.3,4.8,25.0,70.2,4.0,48.0,319,8,8,458,59,3114,57,Desktop,India
USR006741,138.9,19.1,0.5,13.5,19.3,20.8,98,13,66,128,55,906,26,Mobile,USA
USR006742,97.8,9.4,0.4,36.5,10.2,29.2,81,17,58,73,63,2730,200,Mobile,UK
USR006743,15.0,0.7,1.5,148.0,0.0,50.2,163,6,12,484,73,2808,199,Mobile,Japan
USR006744,92.1,0.4,14.1,12.0,3.0,60.2,193,42,97,222,73,3594,261,Mobile,UK
USR006745,190.6,1.1,3.8,28.3,6.3,58.9,27,3,9,44,63,3317,361,Mobile,Brazil
USR006746,10.3,0.5,26.5,16.6,14.1,27.3,305,36,57,164,75,2766,62,Mobile,India
USR006747,5.0,0.8,2.2,87.4,2.6,85.4,264,42,53,404,55,1883,186,Mobile,Japan
USR006748,72.4,1.8,4.5,24.8,9.2,37.7,79,42,52,332,26,1257,189,Mobile,Germany
USR006749,14.2,4.6,5.2,23.3,11.7,46.2,236,16,73,405,34,1516,363,Mobile,Germany
USR006750,194.8,3.4,5.3,40.8,22.4,48.6,120,0,77,499,13,52,279,Desktop,India
USR006751,9.1,5.9,10.5,95.0,4.0,30.5,28,18,7,36,64,1648,153,Mobile,USA
USR006752,49.9,13.7,0.5,128.1,27.6,34.2,24,16,51,39,4,3470,29,Mobile,USA
USR006753,41.2,1.5,9.4,49.5,3.3,90.9,314,12,76,236,73,1335,311,Mobile,USA
USR006754,77.5,0.1,1.5,19.1,13.9,57.2,14,5,11,293,99,2771,84,Mobile,Japan
USR006755,128.8,11.6,16.7,69.1,2.0,34.0,149,11,25,452,97,1435,97,Mobile,Germany
USR006756,26.6,1.7,3.3,224.6,14.4,26.0,27,22,31,199,71,206,183,Mobile,India
USR006757,82.6,3.7,0.6,104.2,3.0,95.1,351,26,78,124,64,2188,191,Desktop,USA
USR006758,12.7,15.8,9.9,29.9,9.5,27.3,111,33,29,165,58,3148,38,Tablet,Germany
USR006759,157.4,3.3,0.3,208.9,5.5,98.5,75,37,60,271,98,1591,264,Mobile,UK
USR006760,3.7,5.9,2.2,67.1,7.0,72.3,4,4,35,421,38,3193,203,Mobile,Australia
USR006761,109.3,4.0,4.8,36.1,9.3,67.5,493,3,87,264,48,395,58,Mobile,India
USR006762,6.4,0.2,4.3,21.5,6.3,89.8,462,0,63,366,59,3231,207,Mobile,UK
USR006763,9.9,1.1,5.6,121.2,4.9,68.9,141,22,38,204,46,256,116,Mobile,India
USR006764,118.2,4.2,7.5,10.1,10.4,89.4,111,31,99,448,53,2566,106,Tablet,Japan
USR006765,95.1,13.8,0.6,14.4,12.8,95.9,211,29,39,169,73,806,304,Desktop,Brazil
USR006766,21.7,0.3,13.2,80.6,1.1,86.9,315,20,40,138,1,3041,341,Mobile,UK
USR006767,29.7,4.1,8.9,11.4,7.6,32.6,47,48,22,87,53,3617,148,Mobile,USA
USR006768,12.5,0.9,14.6,51.2,24.3,59.1,106,25,33,447,30,3002,221,Mobile,Germany
USR006769,31.1,1.2,3.5,42.0,2.3,30.2,195,15,38,192,57,2312,67,Desktop,India
USR006770,42.1,0.0,1.3,35.3,18.6,80.3,105,34,95,428,99,2962,342,Desktop,Australia
USR006771,49.6,4.8,5.1,56.9,11.6,52.7,189,42,60,213,14,3126,227,Mobile,Brazil
USR006772,82.5,14.8,0.6,82.1,5.4,28.6,43,32,39,351,17,792,263,Mobile,Japan
USR006773,45.1,1.5,5.8,3.3,1.1,83.0,62,49,9,414,10,2660,35,Mobile,UK
USR006774,26.4,0.1,2.2,30.6,30.3,93.7,79,39,93,161,68,672,318,Desktop,UK
USR006775,26.8,3.7,17.8,131.5,0.7,65.5,243,42,97,64,28,1290,183,Mobile,USA
USR006776,32.8,1.9,5.0,61.1,2.8,55.1,184,44,98,385,34,1407,120,Mobile,USA
USR006777,62.3,9.4,1.5,72.9,1.7,46.9,27,8,84,361,52,739,27,Mobile,India
USR006778,56.6,6.9,16.1,0.2,15.6,65.2,504,26,23,357,82,2190,339,Mobile,USA
USR006779,33.0,5.6,10.8,32.9,1.3,78.9,567,35,13,397,37,32,157,Mobile,USA
USR006780,84.7,10.1,9.8,7.5,7.9,28.1,34,3,77,114,55,223,59,Desktop,Japan
USR006781,82.7,0.9,8.9,64.2,19.6,96.7,421,16,14,384,87,440,308,Desktop,Brazil
USR006782,11.7,0.5,20.9,26.6,5.6,62.5,1242,33,54,361,7,676,323,Mobile,Japan
USR006783,100.8,1.9,2.5,31.7,3.3,21.2,37,10,62,6,42,618,232,Mobile,Brazil
USR006784,19.3,3.0,5.6,20.2,18.0,26.7,768,8,38,37,95,3306,359,Mobile,Japan
USR006785,13.0,1.4,12.7,22.3,25.7,30.8,173,24,79,431,24,1727,102,Mobile,India
USR006786,45.8,20.5,3.2,32.2,23.1,87.5,447,16,33,305,16,401,165,Mobile,India
USR006787,59.9,12.1,14.1,39.2,1.0,35.1,190,1,89,317,16,849,113,Desktop,Germany
USR006788,132.2,0.7,23.2,52.0,25.0,66.6,179,39,86,354,17,2166,190,Mobile,Brazil
USR006789,11.6,1.9,4.5,103.8,12.0,34.2,531,32,48,236,47,799,356,Mobile,UK
USR006790,66.0,5.5,2.4,4.7,30.3,55.7,378,0,46,462,96,2842,346,Mobile,Germany
USR006791,75.4,7.6,1.6,45.2,6.1,85.7,44,8,0,344,70,2240,125,Mobile,Australia
USR006792,72.8,2.3,6.8,93.9,5.1,31.7,8,10,59,1,70,3371,191,Mobile,Germany
USR006793,88.7,5.2,6.8,106.3,3.8,85.1,192,48,92,170,96,1637,169,Mobile,Brazil
USR006794,52.9,20.5,16.4,32.7,2.9,40.8,546,34,94,50,59,1653,79,Mobile,Australia
USR006795,3.0,2.4,8.5,11.6,15.7,68.9,393,6,8,117,44,1999,240,Mobile,UK
USR006796,15.0,1.3,10.9,11.1,7.7,42.7,368,4,67,242,2,2660,325,Mobile,Australia
USR006797,88.8,13.3,3.6,0.6,5.7,82.9,79,35,37,454,86,529,8,Mobile,Australia
USR006798,182.7,3.5,5.2,61.9,0.8,73.8,232,4,5,393,8,2978,82,Tablet,Brazil
USR006799,130.6,6.7,25.2,20.6,7.7,84.5,40,31,55,435,19,2974,286,Desktop,Germany
USR006800,11.8,3.2,7.4,0.1,2.1,64.4,199,34,81,474,38,3577,60,Mobile,Brazil
USR006801,61.0,2.5,2.3,53.2,24.3,59.0,179,36,87,358,87,2105,356,Mobile,India
USR006802,77.9,0.1,2.7,15.2,0.2,40.1,9,47,50,366,42,2018,34,Desktop,USA
USR006803,66.0,1.9,1.5,53.1,10.3,23.4,219,5,83,491,3,1728,3,Mobile,Australia
USR006804,10.9,0.3,3.1,57.9,6.5,85.3,571,23,38,119,82,1240,359,Tablet,Brazil
USR006805,71.8,5.7,0.3,76.0,15.9,54.9,517,12,98,195,42,1529,133,Mobile,USA
USR006806,6.5,2.0,3.0,17.6,3.1,27.7,206,26,96,123,16,1624,172,Mobile,India
USR006807,8.3,25.4,3.0,31.4,0.8,76.2,174,28,78,330,71,2156,301,Mobile,Japan
USR006808,2.7,6.4,7.2,354.4,12.0,24.4,236,8,53,147,56,2202,345,Desktop,Brazil
USR006809,41.4,0.4,10.7,35.7,35.4,87.1,332,41,75,138,40,750,196,Mobile,USA
USR006810,128.3,8.8,2.3,70.4,4.7,99.6,12,5,47,231,56,3335,201,Mobile,UK
USR006811,91.4,1.1,2.1,52.9,7.7,35.5,106,12,47,180,45,1893,24,Desktop,UK
USR006812,10.9,2.0,10.6,48.6,1.1,41.0,635,41,26,76,7,956,78,Mobile,Australia
USR006813,127.3,14.3,2.1,26.4,11.0,49.0,8,46,63,17,69,2293,50,Mobile,Australia
USR006814,77.0,3.3,5.4,24.2,7.5,52.8,72,45,2,307,24,3310,188,Mobile,Brazil
USR006815,21.5,1.7,4.8,18.3,8.1,58.9,80,8,24,187,41,472,29,Mobile,UK
USR006816,31.5,10.0,19.0,136.8,1.0,72.4,564,33,93,309,16,2902,122,Tablet,India
USR006817,4.8,6.5,0.1,51.6,35.9,32.8,255,13,10,450,53,3155,10,Mobile,Australia
USR006818,65.1,4.8,3.6,27.4,6.1,47.1,219,8,72,126,53,3042,285,Mobile,Japan
USR006819,104.5,2.4,16.8,5.2,5.7,36.9,402,40,70,397,20,3246,204,Mobile,India
USR006820,10.2,4.5,4.8,41.3,8.5,25.8,186,46,68,170,2,1621,131,Mobile,Brazil
USR006821,54.4,1.2,0.5,3.9,4.4,63.0,550,49,53,128,27,758,251,Mobile,India
USR006822,7.1,3.5,0.9,14.6,15.0,40.8,12,20,29,122,41,188,151,Mobile,Germany
USR006823,192.7,0.8,1.6,46.1,3.8,69.7,136,0,66,457,67,799,49,Tablet,Brazil
USR006824,78.2,9.7,0.2,9.6,6.9,44.1,67,8,83,147,1,1290,272,Mobile,Brazil
USR006825,20.4,14.6,7.5,10.4,6.2,91.6,157,38,5,230,76,575,149,Mobile,USA
USR006826,28.2,16.6,7.1,47.5,3.3,88.1,145,40,8,412,32,110,74,Mobile,Germany
USR006827,242.9,1.8,11.8,21.8,7.5,70.0,17,32,82,65,77,1780,94,Mobile,Germany
USR006828,28.6,1.2,1.3,32.1,23.8,63.7,194,41,92,38,55,488,326,Mobile,Australia
USR006829,23.0,7.1,2.3,306.6,27.8,61.4,264,31,12,143,85,1136,5,Mobile,UK
USR006830,187.9,19.2,2.6,109.1,1.5,30.9,73,18,39,245,70,525,91,Mobile,USA
USR006831,114.6,12.0,3.0,209.5,2.5,57.7,2,35,89,157,49,1738,150,Mobile,Australia
USR006832,3.9,2.0,8.5,13.0,6.6,80.1,54,15,27,450,33,3409,260,Desktop,UK
USR006833,25.5,5.9,31.9,14.5,32.1,71.1,204,36,97,300,57,303,225,Mobile,Germany
USR006834,6.9,1.9,9.8,30.6,7.0,85.3,664,36,71,115,34,49,71,Mobile,India
USR006835,33.9,4.2,0.5,67.2,18.0,24.3,111,1,10,405,1,3374,192,Mobile,USA
USR006836,67.9,3.8,10.8,56.1,9.3,77.7,255,11,10,431,33,3287,317,Desktop,Germany
USR006837,69.1,3.5,2.0,32.2,3.9,89.8,35,38,10,320,97,1640,156,Desktop,Brazil
USR006838,52.0,15.8,5.6,30.0,1.4,59.7,413,38,0,412,82,1461,198,Mobile,Brazil
USR006839,10.6,4.8,5.5,23.7,0.1,37.1,523,48,85,356,66,2957,120,Mobile,USA
USR006840,1.1,2.1,0.3,25.8,14.8,28.3,67,32,16,268,79,1141,129,Desktop,UK
USR006841,79.2,4.8,1.7,46.1,5.7,31.3,117,21,95,474,76,548,148,Desktop,Japan
USR006842,3.1,3.0,0.0,36.2,17.9,21.8,601,43,20,258,72,1421,20,Mobile,Brazil
USR006843,4.9,1.9,2.7,120.5,1.5,38.9,47,2,99,241,47,1146,274,Tablet,Germany
USR006844,91.9,8.2,5.6,78.1,2.0,46.8,238,30,92,160,83,633,225,Mobile,Brazil
USR006845,5.2,2.5,5.0,71.9,7.6,31.4,452,35,28,460,51,2205,340,Desktop,Japan
USR006846,88.2,2.4,6.3,3.8,18.0,56.5,52,35,46,439,64,53,331,Desktop,UK
USR006847,83.2,0.1,17.8,128.2,9.7,78.1,120,23,89,63,16,2541,185,Mobile,UK
USR006848,57.6,19.4,3.1,29.8,8.7,99.6,268,36,4,399,98,208,83,Mobile,USA
USR006849,87.1,1.4,9.9,7.4,13.9,79.8,473,5,43,442,37,517,270,Mobile,India
USR006850,94.5,2.4,9.6,44.9,13.5,36.3,308,6,41,453,81,1346,71,Tablet,UK
USR006851,70.0,0.3,2.7,50.9,18.9,30.3,340,6,96,23,29,1573,293,Mobile,Australia
USR006852,46.3,1.3,0.8,2.2,10.4,46.2,216,25,21,223,73,3074,113,Mobile,Australia
USR006853,64.9,4.0,0.1,58.7,3.7,45.5,36,18,20,307,51,1626,224,Desktop,Japan
USR006854,21.1,2.7,7.0,98.4,17.7,87.8,105,19,29,397,62,3427,221,Mobile,India
USR006855,39.0,4.5,7.3,103.7,10.4,39.2,305,34,24,391,50,3316,74,Mobile,Australia
USR006856,117.7,7.4,11.3,41.9,33.1,49.9,463,32,97,24,50,2737,218,Mobile,Brazil
USR006857,36.3,1.4,1.3,49.1,9.8,73.6,50,14,71,107,81,2248,187,Mobile,Japan
USR006858,217.4,4.5,7.8,9.8,66.6,35.8,120,16,11,54,83,1814,173,Desktop,India
USR006859,186.6,8.5,5.0,118.1,8.2,79.4,43,44,73,375,8,837,255,Desktop,Japan
USR006860,39.3,2.8,3.1,50.8,0.8,43.2,37,28,27,91,30,1171,35,Desktop,Australia
USR006861,24.5,6.7,4.1,3.0,29.9,73.9,524,19,56,462,79,760,15,Mobile,Brazil
USR006862,23.7,10.1,0.2,66.7,14.4,49.0,25,19,88,360,96,1932,193,Mobile,Japan
USR006863,83.8,0.6,8.1,39.9,16.4,85.2,139,10,68,295,57,676,84,Mobile,Japan
USR006864,119.6,0.3,2.3,17.2,34.6,89.2,332,0,27,65,43,3139,211,Mobile,India
USR006865,153.9,4.0,6.3,3.7,0.3,67.1,45,26,53,51,50,714,122,Mobile,Germany
USR006866,141.7,12.2,2.4,34.6,1.8,96.7,504,30,30,269,23,903,20,Mobile,USA
USR006867,11.0,1.3,1.4,13.9,6.7,84.8,95,44,26,86,0,2007,136,Mobile,Japan
USR006868,41.9,9.1,9.2,14.0,1.9,68.2,592,1,78,160,33,1734,120,Mobile,Japan
USR006869,50.8,15.0,6.5,14.0,5.9,44.9,98,3,19,389,16,1917,34,Mobile,UK
USR006870,42.1,14.9,1.6,5.5,12.3,59.1,197,12,45,189,51,411,96,Mobile,India
USR006871,266.0,1.8,0.9,40.7,2.6,28.5,45,1,61,498,84,2523,26,Mobile,Germany
USR006872,146.8,2.2,0.9,6.6,23.0,22.5,588,21,28,476,89,2491,81,Mobile,Japan
USR006873,81.1,14.0,3.9,100.9,6.2,39.2,439,43,57,143,63,94,91,Mobile,Australia
USR006874,116.7,0.6,11.3,5.2,0.1,33.0,131,13,89,256,90,1500,176,Mobile,Japan
USR006875,41.8,1.0,0.7,76.3,6.2,59.0,65,36,96,466,22,1649,240,Tablet,UK
USR006876,10.7,1.6,3.8,58.7,35.8,71.2,59,2,41,2,58,843,89,Mobile,Germany
USR006877,45.6,6.7,13.0,22.4,13.3,77.7,116,25,29,180,12,488,338,Mobile,Australia
USR006878,14.3,13.9,0.9,15.8,5.2,98.0,220,40,74,168,44,954,248,Desktop,Japan
USR006879,36.1,0.2,1.5,8.3,1.7,40.0,783,0,73,462,77,2603,1,Mobile,India
USR006880,3.7,2.7,2.9,1.5,6.0,83.7,66,43,99,247,68,1468,52,Mobile,Japan
USR006881,12.0,1.3,8.8,4.8,9.7,56.8,620,22,62,499,99,2489,238,Mobile,India
USR006882,91.1,10.8,0.2,5.4,6.7,49.1,107,8,51,256,38,2661,89,Mobile,USA
USR006883,230.2,2.2,13.3,31.1,58.5,49.4,183,36,35,303,78,2017,42,Mobile,Germany
USR006884,177.1,0.7,15.8,129.1,0.6,31.6,97,46,65,119,24,2205,45,Mobile,Japan
USR006885,91.5,9.7,3.7,50.8,20.4,53.3,333,9,36,69,39,630,63,Mobile,UK
USR006886,11.2,9.3,1.2,94.9,10.1,80.1,11,10,42,287,87,1809,353,Tablet,UK
USR006887,11.1,0.4,8.5,50.8,14.4,31.2,110,7,37,55,65,1177,284,Desktop,Japan
USR006888,55.9,1.8,0.6,12.6,3.0,38.6,234,30,73,219,85,273,100,Mobile,USA
USR006889,20.0,5.9,8.4,149.8,3.6,40.1,150,34,34,36,56,1973,75,Desktop,Australia
USR006890,15.5,4.8,11.9,68.7,12.9,61.7,19,42,47,54,74,1224,51,Mobile,Australia
USR006891,51.2,10.6,1.4,9.3,5.9,20.1,170,46,44,465,63,1548,230,Mobile,India
USR006892,3.0,2.5,1.8,50.8,28.4,87.1,108,30,89,5,33,2350,57,Mobile,UK
USR006893,83.0,7.4,0.3,28.7,0.3,52.9,77,6,83,16,69,2521,339,Desktop,Australia
USR006894,73.2,5.1,3.6,18.1,0.5,79.3,36,47,15,463,46,341,346,Mobile,UK
USR006895,50.7,6.4,1.4,27.2,6.1,48.0,71,35,76,104,99,2837,276,Mobile,UK
USR006896,47.0,14.5,1.5,67.2,5.8,69.2,79,24,64,234,13,3487,213,Tablet,Australia
USR006897,55.6,2.1,5.7,10.6,9.2,38.5,107,0,57,167,1,1099,363,Desktop,USA
USR006898,28.2,2.0,0.6,12.5,1.7,45.2,243,4,19,471,58,633,347,Mobile,Brazil
USR006899,73.4,0.2,2.1,16.0,18.7,37.3,283,8,15,18,32,2984,203,Mobile,India
USR006900,113.5,4.8,0.3,3.5,11.0,59.7,27,30,94,224,18,450,49,Tablet,Australia
USR006901,63.3,5.0,4.0,94.5,23.4,68.2,8,25,81,159,45,1489,301,Desktop,Germany
USR006902,13.2,10.3,9.2,0.6,0.1,55.3,306,14,79,440,47,2750,13,Mobile,Brazil
USR006903,34.4,14.3,3.5,27.4,2.6,60.7,63,17,77,190,47,2718,118,Mobile,Brazil
USR006904,19.2,0.3,5.1,35.9,10.1,62.0,291,28,58,345,3,2147,123,Desktop,Brazil
USR006905,23.0,0.6,2.0,33.2,2.5,91.2,301,13,31,181,56,904,352,Mobile,Japan
USR006906,66.0,1.0,3.5,24.5,4.4,95.2,212,45,68,277,20,2413,240,Mobile,Japan
USR006907,88.5,10.8,4.6,17.8,0.8,69.2,222,38,66,480,51,3229,69,Mobile,Australia
USR006908,93.0,1.4,5.4,58.3,2.2,94.6,39,17,21,208,0,882,146,Mobile,Japan
USR006909,2.6,16.3,0.7,9.9,25.3,79.8,60,17,71,83,16,1009,7,Mobile,Brazil
USR006910,22.9,2.4,8.4,25.2,12.0,53.5,7,30,21,137,5,941,283,Desktop,Brazil
USR006911,108.4,2.7,12.6,80.6,10.2,67.0,193,45,97,466,97,155,232,Mobile,USA
USR006912,3.7,0.0,7.5,63.2,21.5,60.7,82,43,91,260,4,895,208,Mobile,Japan
USR006913,39.5,2.7,20.2,51.3,3.0,46.4,340,0,18,421,58,1564,102,Mobile,USA
USR006914,31.3,0.2,7.9,67.4,10.5,36.9,19,7,91,384,42,2397,332,Mobile,Australia
USR006915,39.0,3.1,3.9,7.6,3.3,62.9,17,43,49,200,6,2546,23,Mobile,India
USR006916,105.1,0.2,2.0,70.1,1.0,31.1,310,22,26,156,11,2608,307,Mobile,UK
USR006917,28.5,2.5,20.3,58.6,6.6,67.9,548,0,8,316,63,2625,15,Mobile,Australia
USR006918,7.2,2.9,5.8,9.0,5.4,76.3,113,14,92,301,86,2597,184,Mobile,Germany
USR006919,70.9,0.1,1.1,13.8,2.0,72.0,471,7,85,136,76,2525,225,Mobile,Australia
USR006920,79.7,3.6,17.3,46.5,2.3,81.6,352,5,72,148,45,406,207,Mobile,UK
USR006921,104.2,1.2,12.8,82.8,18.8,68.7,539,31,94,54,68,2589,160,Desktop,USA
USR006922,30.2,0.9,5.2,179.7,3.7,47.0,7,15,30,25,54,3208,311,Desktop,USA
USR006923,34.0,3.6,1.8,52.5,3.1,85.8,299,46,37,335,63,754,360,Mobile,Japan
USR006924,177.6,2.2,0.2,3.4,4.3,59.4,71,32,23,131,75,2792,92,Mobile,USA
USR006925,29.9,1.0,8.8,76.6,26.1,99.1,136,30,89,97,48,3083,186,Mobile,USA
USR006926,13.8,0.4,1.0,34.4,20.9,53.6,77,22,72,437,14,408,210,Mobile,UK
USR006927,23.5,2.8,3.6,26.1,26.6,84.2,11,3,12,463,92,1800,90,Desktop,Japan
USR006928,32.1,2.6,8.2,14.5,4.5,55.9,18,6,16,98,16,2092,213,Mobile,Germany
USR006929,28.1,6.5,1.2,6.0,1.7,91.7,46,11,99,210,61,2585,149,Mobile,Brazil
USR006930,16.3,1.8,12.5,22.3,0.8,37.1,446,11,75,424,78,2666,302,Mobile,Brazil
USR006931,31.2,0.3,8.4,125.4,3.8,53.9,25,17,62,464,61,764,85,Mobile,USA
USR006932,22.3,0.7,6.7,36.1,16.0,56.7,155,1,68,160,69,3377,321,Mobile,Germany
USR006933,14.9,1.7,1.4,8.3,10.8,70.6,512,17,12,104,1,2264,331,Mobile,Japan
USR006934,29.4,0.4,2.3,115.4,0.3,72.4,235,8,78,416,48,3236,277,Tablet,UK
USR006935,103.8,10.6,0.6,41.2,10.4,80.9,249,37,28,132,95,2699,104,Desktop,Japan
USR006936,9.3,4.2,19.1,120.0,9.5,30.1,117,33,25,156,92,2774,209,Mobile,Australia
USR006937,8.2,6.8,4.9,1.7,3.0,72.6,1129,33,27,317,30,49,292,Mobile,Japan
USR006938,73.3,9.6,28.0,8.9,1.6,75.7,469,9,45,58,6,2543,314,Mobile,Australia
USR006939,44.2,0.7,3.9,6.3,7.4,68.2,33,31,26,337,29,2958,331,Desktop,USA
USR006940,32.2,3.1,13.8,132.0,2.4,47.0,263,37,31,151,16,2832,330,Mobile,Brazil
USR006941,15.8,2.9,9.0,31.6,2.5,52.2,159,1,52,198,2,3457,164,Mobile,Germany
USR006942,4.9,0.0,10.8,2.7,2.3,25.0,267,43,95,146,76,1805,157,Desktop,Australia
USR006943,31.6,10.0,19.1,47.7,28.7,80.9,62,23,73,405,26,344,137,Mobile,USA
USR006944,48.9,0.2,2.3,4.1,1.1,29.9,69,35,50,234,50,1241,18,Mobile,Germany
USR006945,12.3,28.5,0.9,255.4,0.8,43.1,458,45,59,206,45,329,291,Mobile,Germany
USR006946,9.1,16.4,7.6,54.0,2.2,58.4,351,17,84,363,18,545,287,Mobile,UK
USR006947,30.7,7.9,15.8,1.1,0.2,51.6,102,36,45,11,85,2423,169,Mobile,Australia
USR006948,3.9,9.7,1.7,55.5,21.8,70.9,555,24,97,171,13,851,193,Tablet,UK
USR006949,275.1,4.3,3.7,14.7,18.1,30.9,237,34,36,145,42,293,86,Mobile,Brazil
USR006950,9.9,1.6,3.0,95.8,9.8,54.0,63,9,97,167,32,481,299,Mobile,Brazil
USR006951,69.8,0.0,3.8,40.8,0.2,77.8,70,49,16,473,44,2632,248,Mobile,USA
USR006952,131.7,4.7,10.5,62.2,8.9,57.5,671,27,49,314,92,554,289,Mobile,UK
USR006953,11.2,2.0,13.1,21.8,8.8,47.4,101,16,97,112,29,76,115,Desktop,Brazil
USR006954,37.2,3.1,3.5,8.5,4.3,88.9,97,47,89,210,21,2555,192,Desktop,Brazil
USR006955,22.2,1.3,0.0,54.7,9.7,83.2,78,29,85,421,30,1884,123,Mobile,Germany
USR006956,35.0,3.0,2.9,0.3,17.7,96.1,103,44,34,174,0,3459,213,Mobile,Germany
USR006957,106.2,2.0,5.1,41.0,9.0,52.1,36,18,23,455,23,1325,290,Desktop,Germany
USR006958,56.6,2.6,20.9,49.8,24.9,84.4,278,12,37,342,84,1927,300,Mobile,Brazil
USR006959,1.3,3.9,2.0,37.2,23.5,98.8,114,9,59,168,88,2748,285,Mobile,Brazil
USR006960,32.9,6.6,1.8,42.1,0.9,94.3,715,17,7,431,85,2784,329,Mobile,UK
USR006961,8.2,5.9,11.5,117.3,8.6,64.4,70,5,27,442,63,1201,127,Mobile,India
USR006962,49.1,0.4,4.2,29.4,16.9,83.5,103,37,68,453,5,349,65,Mobile,Australia
USR006963,24.2,3.1,10.9,2.9,30.8,82.1,69,38,88,276,8,400,80,Desktop,UK
USR006964,5.5,6.9,4.4,30.7,0.1,97.5,172,48,58,326,70,2088,84,Mobile,Germany
USR006965,25.6,1.7,17.7,4.5,5.5,59.6,321,18,80,180,14,3491,359,Mobile,UK
USR006966,40.2,4.4,6.5,66.1,1.1,63.1,5,1,47,22,24,3056,123,Mobile,USA
USR006967,72.3,3.0,6.7,9.3,7.5,88.8,0,4,75,466,3,937,18,Mobile,USA
USR006968,202.5,1.5,0.4,56.4,32.0,80.3,529,33,0,104,6,2097,357,Desktop,USA
USR006969,84.7,11.7,3.2,129.2,0.1,70.2,354,9,67,213,30,414,155,Tablet,India
USR006970,10.2,4.4,2.5,0.6,11.5,73.8,105,19,75,326,76,1139,44,Mobile,India
USR006971,3.5,3.5,1.3,24.0,12.3,71.0,261,27,87,171,62,3432,109,Desktop,India
USR006972,38.7,1.7,2.1,39.0,34.0,46.4,33,9,76,236,61,955,189,Desktop,Japan
USR006973,17.8,3.2,3.5,54.4,9.3,81.2,184,26,37,320,81,2083,320,Mobile,UK
USR006974,77.0,0.3,1.3,66.0,18.9,85.4,132,40,36,16,16,2328,356,Mobile,Japan
USR006975,52.8,15.5,4.2,13.9,0.1,23.1,31,13,0,451,92,1958,84,Mobile,USA
USR006976,48.8,4.1,6.3,33.8,12.2,80.6,58,36,1,140,15,2127,41,Mobile,Japan
USR006977,11.2,5.5,7.4,19.5,2.3,98.1,96,27,96,456,3,3091,27,Desktop,Japan
USR006978,56.0,1.5,1.6,23.7,7.8,80.1,33,3,84,71,60,1981,298,Mobile,USA
USR006979,11.4,0.6,24.1,11.0,11.9,87.4,75,47,23,371,53,1537,12,Tablet,Germany
USR006980,19.6,0.1,6.1,19.4,4.0,35.7,537,43,40,67,63,3247,82,Mobile,Australia
USR006981,59.9,0.6,2.5,214.6,0.9,38.6,87,14,97,72,87,1560,82,Mobile,UK
USR006982,7.7,5.3,17.7,59.8,9.5,29.4,24,16,43,46,90,2648,169,Mobile,Brazil
USR006983,1.0,7.9,0.5,46.9,5.6,93.9,6,14,40,199,65,615,189,Mobile,Germany
USR006984,31.5,6.1,2.1,51.2,5.5,58.6,85,2,50,299,35,2930,142,Mobile,India
USR006985,70.9,0.1,3.6,10.4,8.0,78.0,16,7,63,171,1,1468,72,Desktop,Australia
USR006986,209.6,8.9,19.2,22.3,4.2,85.7,627,47,58,175,40,2981,202,Mobile,Brazil
USR006987,37.3,0.1,6.6,74.0,18.7,55.8,21,0,66,11,24,577,182,Mobile,UK
USR006988,58.5,2.9,22.7,8.0,5.2,54.7,244,26,75,315,34,2207,149,Mobile,USA
USR006989,60.2,5.5,0.6,53.5,8.4,31.3,250,41,97,275,24,3263,142,Mobile,Brazil
USR006990,47.3,10.4,7.0,47.0,12.7,89.0,586,26,12,413,43,2376,229,Mobile,Germany
USR006991,10.2,2.0,0.4,4.4,25.0,92.8,254,37,62,463,70,1057,233,Mobile,Australia
USR006992,5.0,5.2,0.1,1.3,15.7,44.8,172,19,75,269,96,1677,305,Mobile,Japan
USR006993,17.7,5.6,7.1,33.0,16.9,20.7,267,36,40,255,48,3311,355,Mobile,India
USR006994,29.9,11.8,11.2,58.1,10.3,47.2,26,21,25,359,37,237,360,Mobile,Brazil
USR006995,53.5,9.6,6.0,2.9,2.0,57.8,146,1,40,32,45,1092,64,Mobile,India
USR006996,25.1,9.7,1.7,14.2,9.6,46.0,34,10,68,385,47,1588,298,Mobile,Germany
USR006997,9.9,6.3,4.7,37.2,30.5,56.0,201,31,4,499,6,1328,280,Tablet,Japan
USR006998,11.0,4.4,5.4,41.7,8.3,65.7,410,6,70,147,74,611,236,Mobile,Brazil
USR006999,23.4,7.8,13.7,23.1,4.0,67.7,232,43,43,35,20,3562,169,Tablet,India
USR007000,47.7,4.5,1.4,137.5,3.9,30.0,58,7,49,339,84,2997,259,Mobile,UK
USR007001,25.2,11.1,16.6,227.0,39.1,51.7,391,21,33,453,21,2723,166,Mobile,Brazil
USR007002,24.6,2.1,0.3,60.5,8.6,97.1,65,29,24,357,70,2288,298,Desktop,Australia
USR007003,13.7,7.7,0.2,54.5,15.8,84.2,65,23,4,103,11,3356,228,Desktop,Germany
USR007004,93.7,0.2,4.8,6.1,12.6,88.8,229,3,60,119,38,3514,307,Mobile,UK
USR007005,143.8,7.1,6.7,46.6,3.2,48.3,177,6,53,157,35,148,0,Mobile,Australia
USR007006,20.5,5.5,3.8,25.3,8.3,20.3,165,3,32,107,16,2408,149,Mobile,Japan
USR007007,62.7,1.0,3.3,77.9,2.0,42.9,25,10,45,343,61,2814,84,Mobile,Australia
USR007008,59.8,4.6,6.1,236.6,39.8,26.4,144,48,39,168,59,1567,180,Mobile,Japan
USR007009,58.1,4.3,0.3,123.2,41.2,89.8,254,29,94,245,10,2787,238,Mobile,USA
USR007010,1.0,2.8,2.8,107.2,2.1,77.8,83,0,67,408,22,3163,96,Mobile,USA
USR007011,17.7,2.4,4.2,75.2,7.3,25.1,270,49,51,57,81,94,315,Tablet,Australia
USR007012,57.7,7.5,1.8,46.7,6.4,32.8,319,38,89,184,43,993,324,Mobile,Japan
USR007013,44.6,3.1,2.5,20.5,5.4,24.5,157,42,79,338,7,1692,148,Mobile,Germany
USR007014,30.3,17.5,4.7,29.0,7.8,35.6,182,5,10,389,69,210,360,Mobile,Japan
USR007015,2.7,1.9,8.5,6.0,0.9,89.6,191,28,47,328,2,2167,263,Mobile,UK
USR007016,14.3,3.1,13.2,10.7,3.7,71.1,33,44,16,190,11,3578,180,Tablet,USA
USR007017,66.3,16.6,15.1,10.3,1.9,34.8,152,2,91,455,11,1851,311,Mobile,UK
USR007018,3.4,0.9,17.3,32.4,21.4,34.1,109,26,36,293,56,3634,286,Mobile,Japan
USR007019,27.9,0.1,4.6,48.5,23.5,87.4,45,30,77,314,89,2268,275,Mobile,Australia
USR007020,4.2,6.9,7.2,35.4,14.5,47.1,138,2,19,494,72,2549,298,Desktop,Japan
USR007021,87.6,1.6,0.2,6.5,0.9,49.5,395,7,51,267,98,1374,151,Desktop,USA
USR007022,43.1,0.4,0.1,35.0,12.7,65.3,93,44,62,432,49,2530,11,Mobile,UK
USR007023,12.5,7.9,1.3,86.5,4.1,75.8,234,18,36,96,82,3542,321,Mobile,Brazil
USR007024,36.0,13.7,3.0,62.0,14.1,74.8,465,24,1,403,39,388,343,Mobile,India
USR007025,209.4,8.0,3.9,39.1,3.8,39.6,85,39,32,151,9,1415,103,Tablet,UK
USR007026,80.8,7.2,1.8,123.0,1.8,59.4,91,44,21,457,71,2150,80,Desktop,UK
USR007027,78.9,0.4,0.3,3.5,4.5,47.5,147,19,18,147,17,3077,188,Desktop,India
USR007028,39.8,5.8,4.4,6.1,0.3,88.4,91,42,68,285,77,1112,263,Mobile,UK
USR007029,70.0,3.4,0.6,6.4,18.2,68.8,96,5,88,448,55,1772,305,Mobile,Brazil
USR007030,84.5,2.0,3.8,28.2,14.2,82.9,367,20,70,391,46,2882,74,Mobile,Brazil
USR007031,60.4,1.8,7.8,31.1,4.7,89.0,66,10,6,85,45,3111,232,Mobile,Brazil
USR007032,94.2,8.5,14.9,10.7,6.7,89.8,234,20,17,459,11,2161,230,Mobile,India
USR007033,41.1,10.2,9.9,99.2,11.0,65.9,192,6,24,137,90,1319,276,Tablet,India
USR007034,89.3,11.7,1.0,31.7,7.1,88.7,265,36,27,397,19,670,237,Desktop,UK
USR007035,41.1,0.3,0.1,5.5,7.1,86.8,146,7,77,498,69,691,244,Desktop,Japan
USR007036,169.4,0.6,11.5,28.0,11.8,62.0,16,41,71,419,63,679,136,Mobile,Brazil
USR007037,35.0,0.4,6.4,17.8,4.7,60.3,24,20,78,440,8,117,227,Mobile,Germany
USR007038,1.1,4.0,4.8,20.8,6.7,61.3,101,45,87,442,31,551,277,Mobile,Germany
USR007039,29.4,21.2,0.1,50.0,6.0,80.0,176,19,81,287,36,2899,137,Mobile,Japan
USR007040,1.3,2.6,20.4,15.9,0.8,25.3,284,22,29,353,69,1106,245,Mobile,Germany
USR007041,21.7,3.6,6.8,97.2,3.8,43.7,91,42,55,336,59,1062,97,Mobile,UK
USR007042,112.9,1.9,11.1,14.4,3.0,51.9,81,17,46,71,64,2155,92,Desktop,India
USR007043,29.4,5.0,25.6,13.2,14.9,71.0,296,6,82,442,86,3097,157,Desktop,Australia
USR007044,1.2,0.4,6.1,1.9,12.9,91.2,43,18,28,358,5,2596,230,Mobile,USA
USR007045,5.0,2.7,0.0,10.1,18.9,69.5,50,8,37,352,26,718,123,Desktop,USA
USR007046,2.2,1.6,12.0,13.9,29.9,43.4,272,13,80,199,17,3448,224,Desktop,Germany
USR007047,6.6,1.9,6.2,44.0,12.4,51.1,15,45,14,158,30,1777,129,Mobile,USA
USR007048,96.6,5.6,3.3,37.9,13.8,20.1,91,44,67,181,48,2059,109,Mobile,Germany
USR007049,42.8,4.1,3.2,73.4,29.3,60.3,19,6,63,31,14,659,138,Desktop,Brazil
USR007050,44.6,1.7,3.9,132.3,18.7,84.5,0,19,91,347,89,1784,313,Mobile,Brazil
USR007051,26.6,0.3,4.3,13.4,11.6,37.0,294,38,14,202,99,2241,346,Desktop,USA
USR007052,35.6,1.6,13.8,225.9,15.0,68.2,65,20,96,129,53,645,352,Desktop,Germany
USR007053,221.9,9.8,2.0,36.7,9.1,30.3,76,24,79,425,72,1960,141,Mobile,Australia
USR007054,53.2,2.9,2.8,20.7,9.7,66.3,426,0,37,380,35,3441,11,Mobile,Japan
USR007055,187.5,9.6,5.4,33.3,22.5,25.5,148,16,78,166,87,2007,153,Desktop,Japan
USR007056,44.1,6.2,10.1,102.3,13.9,90.8,43,24,52,150,25,3028,210,Desktop,Germany
USR007057,15.5,5.5,15.0,40.9,3.0,88.7,134,12,69,456,66,3066,265,Mobile,Brazil
USR007058,54.4,0.6,0.3,13.0,13.9,70.7,137,38,65,140,29,1868,208,Mobile,India
USR007059,28.0,1.5,19.6,1.9,12.3,77.0,471,29,1,81,15,2261,63,Mobile,Brazil
USR007060,65.1,1.8,12.8,128.6,2.0,63.4,61,40,40,385,16,1165,175,Mobile,India
USR007061,4.1,4.5,4.3,16.4,2.1,24.4,83,21,67,492,44,2271,248,Mobile,Germany
USR007062,23.8,7.8,1.5,19.2,18.1,67.7,276,47,65,7,77,1319,337,Desktop,USA
USR007063,32.6,3.6,5.6,19.4,2.5,61.4,223,30,17,152,18,2986,144,Desktop,Germany
USR007064,17.4,4.4,1.2,52.5,55.6,56.3,138,49,42,315,14,702,96,Desktop,Australia
USR007065,175.5,0.5,18.3,15.8,4.2,88.0,55,41,82,124,68,2424,176,Mobile,Brazil
USR007066,41.6,3.0,1.4,62.9,19.9,37.7,85,1,79,154,98,3366,279,Tablet,UK
USR007067,17.8,1.1,6.6,14.1,0.2,41.2,138,5,80,149,82,3437,39,Desktop,UK
USR007068,165.0,3.5,1.3,21.3,2.8,89.0,263,38,48,61,39,885,358,Mobile,India
USR007069,112.5,14.4,0.2,93.1,12.6,92.0,52,4,39,17,95,1286,349,Mobile,India
USR007070,362.6,0.7,18.8,35.7,8.0,71.9,314,31,41,252,19,1775,192,Desktop,Japan
USR007071,125.1,2.6,2.8,21.5,0.5,43.2,66,3,78,388,65,3399,305,Tablet,UK
USR007072,71.4,3.9,4.3,82.0,23.8,84.1,84,31,0,432,93,1767,217,Mobile,India
USR007073,45.2,15.6,10.5,23.3,20.3,86.7,454,19,87,392,12,607,136,Mobile,Brazil
USR007074,5.2,10.1,5.2,16.9,5.3,61.3,2,38,47,221,42,2829,113,Mobile,Japan
USR007075,265.4,8.8,4.1,18.4,6.9,59.5,313,46,74,80,88,3419,343,Tablet,Germany
USR007076,2.0,15.4,5.3,45.9,11.4,73.4,791,35,99,351,70,2443,192,Desktop,Germany
USR007077,374.8,9.8,0.1,18.0,18.9,72.6,147,12,56,305,49,3075,248,Mobile,UK
USR007078,308.5,0.4,9.4,2.3,3.3,73.2,248,34,37,313,84,3206,129,Mobile,Australia
USR007079,56.4,1.7,3.6,1.3,3.6,77.0,465,29,42,98,22,183,272,Mobile,UK
USR007080,53.4,2.7,3.4,54.0,7.4,90.0,181,17,14,308,20,370,145,Tablet,USA
USR007081,77.9,5.1,0.0,44.2,4.5,20.3,38,19,18,238,94,2969,261,Mobile,UK
USR007082,28.8,5.1,2.7,29.1,0.6,92.4,128,38,60,105,16,430,335,Mobile,Japan
USR007083,133.4,9.4,0.4,44.2,8.3,79.7,3,32,52,169,46,2362,241,Mobile,India
USR007084,30.4,2.1,17.2,15.3,12.9,96.0,222,35,93,485,66,1630,360,Mobile,USA
USR007085,18.9,1.9,16.1,6.3,10.5,32.4,173,29,43,181,51,2917,305,Mobile,UK
USR007086,46.3,0.3,9.3,4.8,23.9,98.5,17,21,15,319,21,1639,108,Mobile,India
USR007087,32.4,1.1,2.7,10.1,12.6,75.5,200,6,93,312,33,3281,139,Mobile,Brazil
USR007088,9.8,5.9,1.1,137.3,6.8,63.6,50,43,8,437,39,3417,328,Mobile,India
USR007089,121.5,9.9,11.7,60.8,15.8,22.8,30,36,49,57,65,3022,319,Mobile,USA
USR007090,113.9,5.4,6.2,98.3,3.7,27.8,133,0,36,185,22,3599,291,Mobile,Japan
USR007091,72.5,1.1,19.3,70.4,0.9,74.0,33,44,58,454,48,3470,271,Desktop,Australia
USR007092,136.5,3.0,2.3,164.0,19.8,26.4,112,12,18,52,67,2006,263,Mobile,Brazil
USR007093,9.1,0.8,6.7,10.6,8.0,99.7,74,6,62,134,33,774,57,Mobile,Brazil
USR007094,30.4,3.1,0.6,17.8,37.6,58.2,10,41,64,467,51,394,83,Mobile,UK
USR007095,79.1,10.6,0.4,80.9,13.5,40.8,31,41,93,334,18,3269,127,Mobile,UK
USR007096,31.4,1.6,15.0,172.1,5.0,79.8,10,26,43,345,0,3340,332,Desktop,Japan
USR007097,91.0,1.6,4.2,76.7,18.7,55.1,49,30,48,180,59,759,115,Desktop,India
USR007098,175.8,19.9,17.4,4.1,55.4,61.5,216,15,68,100,52,1839,248,Mobile,Japan
USR007099,182.6,3.9,8.8,69.4,0.7,32.0,492,4,24,430,41,3239,238,Mobile,Japan
USR007100,13.5,2.3,3.0,27.7,7.9,51.5,113,45,76,482,26,2149,92,Mobile,USA
USR007101,6.1,4.2,3.9,48.3,1.9,45.4,108,15,75,181,83,2909,146,Mobile,Brazil
USR007102,18.8,5.6,5.6,32.1,19.0,72.6,68,11,98,315,23,951,213,Mobile,Germany
USR007103,29.2,0.2,0.1,32.5,2.8,32.9,163,49,19,435,42,1384,42,Mobile,UK
USR007104,141.2,2.7,9.3,50.6,3.0,33.3,506,10,49,142,51,705,334,Desktop,USA
USR007105,90.7,3.4,2.5,0.5,6.6,97.2,45,30,2,407,25,2213,87,Mobile,Japan
USR007106,5.0,0.9,8.5,8.8,3.2,28.7,76,34,67,191,29,475,309,Mobile,Brazil
USR007107,15.2,4.8,8.9,48.7,6.3,55.0,444,44,42,495,22,2785,61,Mobile,Japan
USR007108,24.8,3.4,20.0,15.4,14.0,63.3,400,48,14,267,45,2754,144,Tablet,USA
USR007109,13.3,3.7,10.9,15.0,0.5,31.2,252,49,36,414,11,3094,354,Mobile,UK
USR007110,140.7,4.3,7.2,29.3,8.6,99.8,131,15,59,15,60,2790,349,Desktop,Japan
USR007111,9.0,2.2,3.5,34.8,1.4,86.6,233,23,21,470,59,636,92,Mobile,USA
USR007112,12.8,20.9,5.6,3.0,1.3,30.0,100,44,8,127,1,1979,267,Mobile,Japan
USR007113,3.3,5.7,1.0,42.5,25.0,34.3,62,6,91,377,87,1416,80,Desktop,USA
USR007114,96.8,4.0,0.6,77.9,9.4,93.6,7,38,40,69,29,360,13,Mobile,UK
USR007115,18.3,4.0,4.2,24.6,6.4,72.8,770,20,39,60,62,1679,205,Mobile,Japan
USR007116,92.9,5.9,10.4,70.8,18.2,44.4,65,19,14,392,44,3101,321,Mobile,Brazil
USR007117,121.1,10.1,10.3,37.0,1.5,56.4,344,42,43,369,33,805,217,Desktop,USA
USR007118,30.9,9.2,3.3,0.6,0.2,43.2,71,19,53,14,32,2968,304,Mobile,Brazil
USR007119,37.6,0.8,7.1,19.1,13.0,86.1,440,42,17,370,24,2198,43,Mobile,Australia
USR007120,105.5,0.3,8.9,112.3,6.2,46.6,140,27,12,283,37,1255,226,Desktop,UK
USR007121,3.3,9.5,10.5,18.2,13.5,97.1,122,41,16,31,87,136,288,Mobile,India
USR007122,10.7,0.8,19.0,55.1,12.2,75.5,179,43,4,298,45,3206,132,Mobile,India
USR007123,74.7,3.5,9.8,96.0,12.8,27.6,99,0,8,241,84,2135,344,Desktop,Brazil
USR007124,22.9,6.5,11.0,4.7,2.7,80.2,231,32,65,171,84,788,189,Mobile,Germany
USR007125,64.5,0.4,0.2,49.5,14.1,72.4,21,31,85,178,20,699,297,Mobile,USA
USR007126,128.2,1.9,10.6,43.9,8.0,66.9,522,24,24,320,62,244,80,Desktop,Japan
USR007127,19.9,7.5,21.4,22.1,3.6,57.5,30,2,0,463,42,3135,200,Tablet,Germany
USR007128,18.7,5.2,5.5,47.0,18.6,81.4,448,2,83,21,72,2437,222,Mobile,India
USR007129,67.4,17.0,3.1,65.2,4.8,35.6,136,8,67,359,70,2029,303,Mobile,Japan
USR007130,55.5,4.6,4.0,4.0,4.6,48.0,233,32,12,368,93,2354,152,Desktop,Australia
USR007131,59.6,3.9,0.5,149.6,9.9,75.9,496,39,95,1,76,3178,14,Desktop,UK
USR007132,4.2,3.8,2.2,67.0,5.7,80.0,77,29,33,308,36,195,74,Mobile,UK
USR007133,18.9,0.2,4.2,2.9,9.6,93.5,199,17,25,200,29,2166,187,Tablet,Australia
USR007134,5.4,0.8,7.9,32.5,3.6,20.1,344,2,68,156,59,1508,311,Desktop,Australia
USR007135,77.6,10.4,5.5,43.2,2.2,55.8,25,30,47,291,45,392,288,Desktop,Brazil
USR007136,25.4,13.8,7.8,0.7,18.9,80.0,66,43,58,31,40,970,313,Mobile,Australia
USR007137,74.6,1.8,8.6,4.8,2.7,73.2,63,2,27,166,3,1120,64,Desktop,Japan
USR007138,42.1,5.6,26.8,54.9,2.7,27.0,16,35,29,278,61,595,169,Desktop,Australia
USR007139,25.1,3.9,3.9,1.0,16.3,30.3,97,38,4,31,46,121,99,Mobile,Brazil
USR007140,12.7,2.6,3.2,44.3,0.9,71.9,642,10,7,494,15,409,340,Tablet,Australia
USR007141,48.7,2.1,11.3,3.3,1.5,29.9,194,3,76,469,67,856,308,Mobile,Germany
USR007142,41.6,0.5,8.6,11.6,5.0,93.7,309,22,28,349,26,3604,29,Mobile,Australia
USR007143,89.0,5.9,6.6,2.4,39.0,61.6,5,1,35,25,38,678,102,Mobile,Australia
USR007144,59.2,1.0,2.5,83.3,5.9,54.5,18,1,47,32,8,1414,44,Desktop,Australia
USR007145,44.7,5.0,0.3,49.7,23.2,48.6,26,1,7,131,18,187,285,Mobile,Brazil
USR007146,41.4,1.1,3.8,139.1,18.4,90.3,407,29,56,55,34,973,56,Mobile,Germany
USR007147,5.4,3.8,1.6,40.1,12.4,59.1,46,43,94,244,59,3551,52,Mobile,India
USR007148,378.1,7.9,6.4,9.4,23.3,53.7,41,25,25,412,71,342,199,Mobile,Australia
USR007149,10.6,0.8,4.0,15.8,10.4,39.5,168,22,75,218,97,3060,186,Mobile,Germany
USR007150,63.8,6.2,1.9,62.4,6.2,21.1,238,48,58,32,10,3067,93,Mobile,UK
USR007151,47.8,0.5,20.3,7.3,30.8,33.4,36,48,39,66,86,3472,250,Mobile,Brazil
USR007152,8.1,0.7,5.7,11.0,5.2,50.3,216,43,37,316,99,2205,12,Desktop,Japan
USR007153,115.7,1.8,1.5,75.7,20.7,26.5,6,21,61,11,16,1481,239,Mobile,UK
USR007154,87.9,20.2,7.7,110.5,6.5,21.9,67,2,58,236,21,2512,114,Mobile,Germany
USR007155,1.2,7.9,0.9,45.2,3.5,48.1,763,17,74,31,87,1886,157,Desktop,Australia
USR007156,33.9,0.9,1.6,35.1,14.3,55.4,114,48,89,83,56,1285,154,Mobile,Brazil
USR007157,39.0,4.9,3.1,83.7,16.2,98.6,260,19,88,400,52,2831,172,Desktop,Brazil
USR007158,51.2,2.1,10.8,43.3,27.5,70.5,61,1,81,161,20,228,132,Mobile,USA
USR007159,32.8,3.6,1.8,73.1,17.9,47.6,345,25,0,456,58,2555,55,Mobile,USA
USR007160,38.7,0.6,0.4,8.0,0.4,63.0,267,41,78,135,60,460,353,Desktop,UK
USR007161,15.2,3.1,6.0,98.4,4.6,30.9,62,29,45,262,78,477,141,Mobile,Japan
USR007162,64.3,4.3,1.8,72.7,27.3,38.7,142,45,30,45,93,1106,127,Mobile,Germany
USR007163,247.6,4.5,3.9,106.0,8.1,54.2,418,19,60,383,75,3549,63,Mobile,Germany
USR007164,232.7,2.0,3.9,0.3,13.8,23.0,297,3,24,264,60,679,29,Desktop,USA
USR007165,87.5,7.4,0.2,54.0,38.5,74.8,48,26,37,420,14,213,159,Mobile,UK
USR007166,1.0,15.8,10.3,18.5,22.6,21.5,201,44,45,96,44,1553,36,Tablet,USA
USR007167,139.9,4.3,1.1,75.0,11.0,44.6,746,30,11,151,68,3002,18,Desktop,UK
USR007168,21.0,6.5,4.3,12.6,0.0,75.4,246,35,6,282,53,2722,64,Desktop,Germany
USR007169,9.7,6.1,10.3,153.0,1.0,97.2,158,45,28,372,63,2961,192,Mobile,USA
USR007170,72.2,6.0,12.1,161.2,5.6,71.7,44,6,98,109,17,3197,46,Desktop,Australia
USR007171,5.7,6.6,6.5,26.2,11.5,34.9,352,40,97,307,61,869,146,Mobile,Australia
USR007172,9.9,23.8,4.7,59.2,11.3,93.0,658,24,81,210,63,1196,32,Mobile,UK
USR007173,9.4,1.8,11.5,6.9,8.8,74.7,6,26,27,328,54,2899,280,Mobile,Australia
USR007174,37.5,4.4,9.9,65.6,19.5,62.0,45,41,45,320,20,1704,355,Tablet,Germany
USR007175,61.5,7.9,4.2,8.7,15.7,40.4,78,1,16,105,15,980,207,Mobile,Japan
USR007176,132.3,2.3,20.9,1.9,24.4,66.8,175,32,26,269,83,1887,301,Mobile,India
USR007177,63.6,2.7,2.5,5.2,4.6,52.8,253,17,88,477,58,226,303,Mobile,Germany
USR007178,85.4,0.3,8.5,6.7,6.3,68.5,29,23,60,119,26,3081,213,Mobile,Australia
USR007179,52.7,2.7,5.6,33.4,1.0,77.5,172,46,19,355,57,2242,132,Desktop,India
USR007180,49.2,3.6,2.5,26.2,3.0,84.6,180,45,69,491,6,318,47,Mobile,Germany
USR007181,64.8,1.3,23.4,38.7,1.5,24.4,767,46,52,417,77,680,117,Mobile,Brazil
USR007182,42.6,4.2,7.7,13.4,5.7,23.7,48,37,40,10,34,1098,79,Mobile,India
USR007183,31.3,0.5,3.7,18.7,9.1,55.0,37,30,35,126,72,951,306,Tablet,Germany
USR007184,31.4,1.8,9.1,13.5,6.4,30.9,262,8,47,279,74,2744,22,Mobile,Australia
USR007185,26.6,2.0,0.4,64.1,16.3,99.1,85,34,19,110,79,613,103,Desktop,India
USR007186,66.8,12.4,1.7,12.4,23.7,30.8,127,44,51,112,61,2431,99,Desktop,Germany
USR007187,22.8,5.7,0.2,65.2,0.8,41.2,424,26,91,325,6,3364,219,Mobile,UK
USR007188,178.2,3.0,2.0,195.8,9.0,98.4,70,25,61,384,89,2616,113,Mobile,USA
USR007189,3.9,5.0,15.0,66.6,14.3,29.9,139,37,88,130,82,2633,326,Tablet,UK
USR007190,15.2,0.5,10.1,35.5,10.6,56.3,208,48,37,301,54,3239,252,Mobile,Australia
USR007191,69.4,5.6,32.6,26.5,0.4,65.8,9,32,71,101,80,972,43,Mobile,India
USR007192,5.5,1.3,1.2,186.7,4.2,26.5,153,4,40,441,56,2372,212,Desktop,Australia
USR007193,176.4,7.2,7.0,0.7,14.4,43.0,148,24,45,118,27,1200,11,Mobile,Japan
USR007194,74.3,8.9,0.5,272.9,6.2,45.2,250,24,60,434,53,1837,173,Mobile,Brazil
USR007195,64.4,1.2,21.2,16.5,11.2,94.3,85,28,2,288,25,1078,4,Tablet,India
USR007196,2.9,1.8,0.5,23.1,6.5,64.8,104,45,75,313,52,322,54,Mobile,USA
USR007197,30.5,11.9,0.7,129.4,27.4,52.6,622,29,60,125,31,2911,162,Mobile,Australia
USR007198,89.7,17.6,9.6,13.0,4.9,67.5,120,25,3,229,15,466,313,Mobile,USA
USR007199,68.3,10.7,1.3,5.8,5.7,80.6,210,15,52,60,59,519,38,Mobile,Japan
USR007200,66.4,5.2,3.9,22.0,24.2,52.4,142,23,51,307,74,1320,143,Mobile,Australia
USR007201,67.6,17.3,3.9,48.4,38.1,89.4,86,15,74,282,67,1711,75,Desktop,Japan
USR007202,4.4,5.8,4.1,49.1,3.6,64.2,170,0,74,358,19,1505,28,Mobile,Australia
USR007203,67.1,6.9,7.8,91.5,43.0,33.1,257,9,93,447,21,174,293,Tablet,Australia
USR007204,33.7,0.5,7.3,73.4,4.0,58.4,36,43,2,497,0,2803,315,Mobile,Brazil
USR007205,67.6,9.6,13.1,31.9,3.1,38.5,463,45,82,135,66,2955,231,Mobile,India
USR007206,1.8,0.4,3.5,8.6,2.8,96.6,678,17,44,313,82,1056,24,Desktop,Japan
USR007207,26.6,1.1,16.8,18.5,16.9,32.0,95,1,15,48,50,1774,59,Mobile,Germany
USR007208,3.3,4.3,13.8,34.8,17.0,56.2,76,26,88,203,23,2245,272,Mobile,UK
USR007209,21.5,4.7,2.6,42.3,4.8,51.2,37,1,77,378,8,3148,55,Mobile,Australia
USR007210,4.5,1.7,1.8,0.5,7.2,43.9,359,0,22,127,63,558,98,Tablet,UK
USR007211,4.7,3.8,3.6,6.9,0.3,29.0,751,9,21,378,59,1108,328,Mobile,India
USR007212,11.9,1.2,1.1,151.8,2.6,94.8,90,16,61,17,25,186,340,Mobile,USA
USR007213,136.4,2.0,3.0,5.5,5.6,27.7,94,25,11,396,33,1835,3,Desktop,UK
USR007214,142.7,19.8,0.1,135.6,13.7,55.8,153,10,18,166,58,218,134,Mobile,Japan
USR007215,35.3,5.0,2.3,24.0,10.5,20.6,45,7,27,270,40,3637,267,Mobile,UK
USR007216,13.7,0.0,16.8,16.0,6.2,61.8,89,41,32,197,90,3424,122,Mobile,Australia
USR007217,119.3,0.7,8.0,49.4,12.4,66.9,23,11,67,235,2,2469,273,Mobile,India
USR007218,91.9,4.8,11.9,39.4,3.8,98.3,396,44,72,151,75,3097,313,Mobile,USA
USR007219,67.5,3.0,1.9,99.3,11.7,43.8,158,11,55,393,25,1930,251,Desktop,Brazil
USR007220,19.3,0.6,11.0,39.8,0.8,41.9,186,45,4,296,19,1669,302,Desktop,UK
USR007221,30.7,4.7,7.0,25.1,0.2,79.7,91,5,51,182,24,2042,277,Mobile,India
USR007222,30.0,4.5,0.2,27.2,26.9,34.8,145,9,73,302,61,2057,49,Desktop,UK
USR007223,154.1,1.5,8.8,26.9,1.7,54.9,505,17,71,73,86,1133,206,Mobile,Brazil
USR007224,33.4,1.0,5.8,35.3,3.2,62.5,122,14,48,179,18,3564,80,Mobile,USA
USR007225,20.7,4.0,7.9,21.7,5.6,30.3,109,17,22,208,0,1988,230,Mobile,India
USR007226,34.1,1.0,0.6,16.5,5.6,34.3,800,43,87,144,37,875,314,Mobile,Japan
USR007227,11.8,2.2,1.3,118.5,18.3,98.5,66,38,88,240,51,3072,44,Mobile,India
USR007228,73.8,0.8,18.1,36.6,5.5,87.1,22,4,20,54,46,3317,321,Mobile,India
USR007229,47.6,2.9,2.4,122.9,6.1,67.7,54,8,30,330,97,3623,123,Mobile,UK
USR007230,5.0,2.2,1.6,135.9,6.1,83.5,70,0,25,352,30,532,338,Mobile,Germany
USR007231,85.7,1.0,1.9,7.1,16.4,72.0,49,25,49,468,71,2636,114,Mobile,USA
USR007232,55.7,12.3,19.0,21.8,2.5,40.5,483,1,64,481,20,3331,288,Mobile,Brazil
USR007233,36.4,1.5,1.2,27.1,13.4,78.5,34,20,93,308,13,188,237,Mobile,USA
USR007234,44.9,6.3,6.8,12.3,0.3,33.0,352,7,57,77,44,2633,132,Mobile,Japan
USR007235,28.3,3.0,2.5,17.2,5.1,44.9,204,38,5,336,5,1920,134,Mobile,Japan
USR007236,3.6,1.4,10.8,50.2,3.3,27.7,23,32,39,449,81,2918,270,Mobile,Japan
USR007237,51.4,0.5,5.9,43.2,5.9,67.3,39,3,39,1,34,3214,11,Mobile,Australia
USR007238,18.8,4.4,1.9,82.7,20.7,41.3,396,7,62,82,43,1158,290,Mobile,India
USR007239,6.7,3.7,1.5,30.9,7.2,88.0,292,27,37,334,93,2409,65,Mobile,Japan
USR007240,18.4,2.6,0.5,36.4,7.0,50.4,12,48,33,373,45,279,189,Mobile,Australia
USR007241,1.0,9.2,0.9,66.4,3.5,83.4,349,42,47,450,3,458,52,Desktop,Brazil
USR007242,151.5,0.9,9.4,63.7,6.7,89.4,396,32,28,382,26,2725,363,Mobile,USA
USR007243,44.3,2.8,21.9,30.2,9.0,89.6,161,49,71,102,27,253,40,Mobile,USA
USR007244,54.2,8.3,1.8,80.5,5.8,73.2,236,24,96,113,5,2554,334,Mobile,UK
USR007245,15.7,3.9,7.0,80.4,9.8,27.2,368,47,59,244,49,515,349,Mobile,Germany
USR007246,95.8,16.6,3.4,19.9,6.0,27.1,66,33,39,199,94,823,307,Mobile,Brazil
USR007247,48.6,4.7,4.6,6.7,21.7,50.9,135,44,93,404,54,2007,351,Mobile,Australia
USR007248,59.8,14.7,4.4,24.7,21.1,20.1,459,16,58,171,70,165,39,Mobile,Australia
USR007249,17.1,1.3,14.9,45.3,0.6,26.0,41,31,86,141,88,1279,330,Mobile,USA
USR007250,34.1,2.3,1.0,120.9,16.5,68.7,289,25,46,247,21,2545,239,Mobile,Germany
USR007251,154.8,0.3,4.1,45.5,6.4,48.7,39,29,83,484,44,2431,342,Mobile,Japan
USR007252,92.9,6.7,0.2,66.9,18.2,48.0,97,26,22,249,75,2848,16,Mobile,Japan
USR007253,5.3,3.3,1.8,11.7,12.3,94.1,619,5,5,287,15,1072,242,Mobile,Japan
USR007254,22.0,12.4,22.6,10.2,10.5,45.8,86,26,82,372,25,715,64,Mobile,Japan
USR007255,11.1,7.6,2.6,31.1,0.8,37.1,68,39,72,153,99,1554,18,Mobile,India
USR007256,37.3,4.9,3.8,19.3,5.7,51.5,60,12,23,372,64,1326,14,Mobile,India
USR007257,142.5,3.1,18.3,17.5,3.2,39.5,226,17,7,131,52,2029,256,Desktop,UK
USR007258,80.2,2.7,2.6,36.0,10.7,85.2,366,33,53,483,19,1618,113,Mobile,Brazil
USR007259,9.6,11.7,6.3,36.9,0.6,50.9,15,33,67,301,72,142,218,Mobile,USA
USR007260,15.8,1.3,10.4,94.6,4.7,30.2,235,4,87,45,54,494,141,Mobile,Australia
USR007261,36.5,3.1,4.6,58.3,9.4,89.1,123,39,67,496,68,1850,112,Mobile,USA
USR007262,103.9,4.9,11.4,3.7,9.9,72.0,393,48,72,378,75,1938,40,Mobile,Australia
USR007263,10.5,14.7,2.4,6.4,14.6,74.4,251,39,58,333,45,2409,321,Mobile,Brazil
USR007264,92.6,13.1,10.5,102.8,0.0,47.1,143,40,9,262,11,558,131,Mobile,India
USR007265,22.7,1.0,5.1,0.6,0.3,23.1,78,31,90,26,4,1456,90,Mobile,Germany
USR007266,11.1,0.2,2.0,29.7,2.6,43.2,248,9,16,462,61,1500,18,Mobile,Japan
USR007267,19.5,4.1,0.2,58.0,12.3,37.9,24,45,48,327,32,666,149,Mobile,India
USR007268,104.2,1.9,12.3,206.2,10.0,65.6,57,25,30,26,2,3639,44,Desktop,Japan
USR007269,7.0,3.9,3.6,11.2,20.1,76.5,116,6,38,342,86,362,312,Mobile,Brazil
USR007270,78.6,6.7,3.0,51.9,5.2,98.9,267,39,51,309,70,193,63,Mobile,Germany
USR007271,10.8,12.4,1.0,6.3,1.6,87.0,177,28,94,60,75,2608,322,Desktop,Brazil
USR007272,5.6,0.7,8.8,15.9,0.1,44.3,232,17,91,170,53,199,31,Mobile,USA
USR007273,61.6,0.9,3.3,13.0,12.2,85.5,110,6,4,343,51,1856,251,Mobile,USA
USR007274,5.8,3.0,7.4,58.5,12.0,36.3,2,42,20,316,5,395,117,Desktop,USA
USR007275,74.9,2.0,0.6,145.8,4.5,60.5,113,14,10,145,82,2957,162,Tablet,UK
USR007276,13.4,7.6,0.2,12.5,21.8,26.2,924,0,82,384,87,1367,363,Mobile,Japan
USR007277,64.4,3.6,0.1,41.4,20.3,56.0,183,45,98,416,60,514,127,Mobile,Japan
USR007278,239.7,1.0,3.2,173.7,0.6,24.9,78,24,17,267,68,3385,246,Tablet,Brazil
USR007279,20.6,0.6,0.1,93.7,24.6,87.1,59,2,57,369,74,540,5,Tablet,Brazil
USR007280,15.2,1.4,2.9,51.8,0.1,69.2,225,47,54,88,14,1299,276,Mobile,India
USR007281,12.7,9.6,0.3,18.3,3.6,31.4,93,46,2,284,73,471,345,Mobile,Australia
USR007282,27.4,8.7,3.3,1.5,8.7,52.7,24,15,18,203,48,1897,93,Mobile,Australia
USR007283,26.4,8.8,3.8,190.3,16.0,40.2,1,12,11,245,44,1484,147,Desktop,Brazil
USR007284,11.6,2.0,5.7,40.0,3.3,26.0,218,49,46,313,1,1303,17,Mobile,Australia
USR007285,1.3,2.2,12.0,11.0,5.4,70.1,51,48,42,32,16,473,190,Desktop,Brazil
USR007286,88.8,2.1,0.1,22.5,13.1,99.8,294,48,70,389,82,1295,54,Mobile,India
USR007287,1.0,1.3,6.0,150.0,1.3,35.7,47,8,82,260,56,759,14,Mobile,Brazil
USR007288,30.9,9.9,1.8,7.4,7.2,89.3,13,43,48,54,75,2365,47,Mobile,Brazil
USR007289,45.5,14.4,3.8,220.1,11.3,80.1,687,39,86,214,11,1380,191,Mobile,UK
USR007290,43.6,0.1,1.9,1.9,8.5,72.0,364,32,93,265,10,1220,130,Tablet,USA
USR007291,162.4,0.8,18.9,46.2,8.8,62.1,203,29,22,363,97,723,252,Desktop,India
USR007292,53.2,1.6,7.4,27.3,6.1,39.8,183,1,18,329,65,3077,216,Tablet,Japan
USR007293,302.8,18.3,0.8,28.2,4.8,21.9,218,46,67,322,6,2600,3,Desktop,UK
USR007294,61.0,7.6,3.7,31.4,13.0,67.8,241,29,56,255,87,2198,254,Desktop,Japan
USR007295,259.5,4.2,0.7,11.8,6.4,88.9,140,49,75,95,45,3278,233,Tablet,UK
USR007296,62.2,15.2,2.5,8.2,5.2,51.7,360,39,55,202,57,1209,329,Mobile,Japan
USR007297,136.0,1.5,3.0,47.9,0.2,93.9,108,48,51,29,97,2434,324,Tablet,India
USR007298,1.0,2.1,5.7,9.4,13.3,28.5,34,17,60,250,65,3294,229,Desktop,Japan
USR007299,46.7,5.2,5.7,74.3,13.2,88.6,408,8,28,46,5,3257,136,Mobile,USA
USR007300,14.0,1.5,4.5,46.3,11.1,81.0,37,0,86,308,7,1404,142,Mobile,UK
USR007301,62.3,8.4,0.4,14.8,1.1,100.0,160,23,61,19,67,2988,74,Mobile,Australia
USR007302,76.2,8.5,6.7,82.7,15.9,97.1,214,37,5,129,25,2669,96,Mobile,Brazil
USR007303,161.3,9.5,1.9,4.1,15.0,45.3,310,16,11,404,91,599,336,Mobile,USA
USR007304,175.9,3.5,1.6,1.0,21.0,27.1,47,24,90,441,96,2732,312,Mobile,USA
USR007305,41.4,3.6,1.7,29.1,8.7,92.7,27,32,79,321,98,507,159,Mobile,Germany
USR007306,25.2,5.0,7.5,58.5,3.6,60.4,9,12,65,289,2,69,189,Mobile,Germany
USR007307,83.3,1.2,1.1,0.4,4.0,40.6,681,37,93,433,73,1020,269,Tablet,USA
USR007308,47.4,0.5,6.0,15.5,1.1,20.9,6,6,36,156,76,1545,325,Desktop,Australia
USR007309,11.4,13.2,2.8,11.0,5.5,52.6,107,21,27,75,0,3324,167,Mobile,UK
USR007310,36.7,4.8,0.0,55.4,6.9,87.8,96,38,6,207,35,118,208,Mobile,Japan
USR007311,164.0,3.2,5.8,35.2,2.4,88.9,21,29,56,460,9,3463,118,Mobile,Australia
USR007312,95.5,4.1,1.0,43.2,2.3,73.3,333,33,4,166,51,1529,284,Desktop,Brazil
USR007313,49.3,2.2,7.2,46.7,6.7,68.8,157,14,51,271,31,1225,7,Desktop,India
USR007314,32.9,15.3,6.5,25.5,14.1,78.9,12,39,8,151,36,2009,42,Desktop,Brazil
USR007315,42.9,4.6,16.8,131.0,2.2,89.4,362,4,70,117,62,1945,126,Mobile,India
USR007316,115.0,7.8,13.9,41.9,13.6,65.1,61,18,75,8,12,2060,141,Mobile,USA
USR007317,46.2,1.7,5.5,17.1,25.4,44.0,0,9,98,420,11,1534,91,Mobile,USA
USR007318,26.7,1.2,1.4,8.2,7.2,37.9,59,6,79,189,58,683,174,Desktop,USA
USR007319,204.5,10.7,14.6,90.5,1.0,52.9,161,21,86,245,70,468,125,Mobile,Brazil
USR007320,5.5,22.5,1.5,28.6,9.9,66.9,152,13,32,122,4,1395,98,Mobile,India
USR007321,14.7,12.1,12.6,3.7,7.9,44.6,75,23,55,232,8,3173,224,Desktop,Germany
USR007322,26.2,0.7,13.5,68.5,0.1,58.3,37,42,30,381,20,1931,158,Mobile,USA
USR007323,10.3,2.1,13.6,3.1,17.9,20.4,4,16,77,385,12,968,284,Mobile,India
USR007324,7.4,6.3,1.9,110.7,0.1,73.5,81,12,87,131,17,1977,149,Desktop,Australia
USR007325,41.0,2.6,1.0,18.9,8.6,86.8,75,23,17,95,46,2711,111,Tablet,Japan
USR007326,279.8,0.0,6.0,68.4,4.2,66.4,154,33,0,344,33,279,196,Mobile,Japan
USR007327,20.1,6.9,2.1,97.0,3.8,22.6,11,26,53,496,75,2854,290,Mobile,India
USR007328,15.8,4.4,16.0,96.2,15.7,96.3,82,3,63,216,50,412,201,Mobile,Japan
USR007329,20.8,1.9,21.7,29.0,8.7,92.3,271,21,88,248,83,1356,213,Tablet,Japan
USR007330,173.3,12.2,3.0,12.0,10.7,42.9,698,34,26,72,6,3437,341,Mobile,Australia
USR007331,56.3,7.9,2.0,50.7,30.9,41.8,294,8,48,70,10,2891,223,Tablet,Germany
USR007332,123.7,1.3,13.0,12.6,9.5,65.5,44,6,65,311,39,3232,53,Mobile,Australia
USR007333,7.5,6.2,3.8,23.9,0.6,67.2,38,44,63,150,19,1141,21,Tablet,India
USR007334,18.8,10.7,1.5,15.4,0.6,75.3,462,19,18,38,43,1626,277,Desktop,Japan
USR007335,6.6,0.1,11.9,14.2,19.8,73.3,63,9,86,363,33,1104,251,Mobile,India
USR007336,34.0,6.6,14.6,19.6,18.7,34.0,274,35,99,267,82,2602,360,Mobile,Australia
USR007337,52.7,5.4,0.5,185.9,0.7,76.8,33,1,73,443,85,1034,83,Tablet,Australia
USR007338,2.3,3.0,9.0,32.8,14.0,42.0,230,16,1,15,70,2101,299,Mobile,Japan
USR007339,72.0,5.7,2.2,14.4,14.6,79.0,886,27,40,295,40,3381,258,Mobile,UK
USR007340,28.5,0.2,3.1,31.0,1.4,32.8,136,31,33,387,24,539,295,Mobile,Germany
USR007341,109.7,0.0,17.3,0.0,7.0,91.4,108,15,25,120,19,1074,120,Desktop,Australia
USR007342,38.6,28.5,1.8,76.6,15.0,90.5,685,48,10,296,10,449,354,Tablet,Australia
USR007343,149.7,3.5,0.5,25.1,0.8,65.0,557,1,81,253,81,368,96,Mobile,Japan
USR007344,29.1,7.1,0.8,115.9,5.4,43.6,654,16,77,121,2,2489,82,Mobile,Australia
USR007345,34.5,2.6,4.8,19.1,6.8,35.3,83,14,88,1,70,3440,69,Mobile,Brazil
USR007346,18.8,7.3,19.0,47.2,7.5,99.9,167,45,93,25,55,2721,6,Mobile,India
USR007347,85.6,0.1,2.8,15.0,6.1,89.3,62,23,59,169,17,1317,245,Desktop,Japan
USR007348,16.1,2.2,12.7,100.6,5.4,35.4,46,22,66,475,44,2077,139,Mobile,India
USR007349,10.3,7.3,2.5,1.5,5.3,75.2,779,49,78,285,99,2537,209,Mobile,Australia
USR007350,2.6,14.4,14.6,137.5,18.7,98.6,665,45,8,317,47,2248,148,Mobile,Brazil
USR007351,177.0,2.4,7.4,36.1,16.2,75.3,111,2,37,431,39,1527,78,Mobile,Australia
USR007352,47.6,9.1,0.3,2.0,14.9,51.0,1,21,69,56,74,2735,104,Mobile,UK
USR007353,43.6,2.2,6.6,11.7,14.0,54.6,135,14,24,461,24,1061,15,Mobile,USA
USR007354,3.9,4.1,5.3,51.2,10.8,63.6,138,17,35,276,24,591,3,Desktop,Brazil
USR007355,50.0,0.4,0.2,9.8,0.1,83.7,98,8,63,344,9,325,228,Desktop,Australia
USR007356,23.9,31.5,4.9,5.9,58.6,26.2,4,49,3,36,33,2711,62,Mobile,India
USR007357,164.5,4.4,2.9,30.5,10.4,30.0,150,36,24,449,54,3029,12,Mobile,Japan
USR007358,17.9,1.1,7.3,7.1,37.4,85.3,131,26,12,338,66,3342,181,Mobile,Japan
USR007359,18.4,1.1,24.6,90.7,8.5,90.9,578,7,65,426,78,684,79,Mobile,UK
USR007360,178.8,0.4,2.2,13.6,2.7,44.6,76,29,74,16,48,1804,308,Mobile,UK
USR007361,69.3,1.9,42.1,50.3,5.8,60.1,120,13,55,419,0,1135,286,Tablet,USA
USR007362,14.1,1.9,3.0,25.8,19.4,75.7,307,1,52,27,45,2977,360,Mobile,Brazil
USR007363,5.3,1.5,7.6,6.6,51.5,71.4,219,23,61,171,61,1661,277,Tablet,USA
USR007364,5.3,10.8,11.9,27.2,10.5,25.3,242,48,93,376,78,3628,83,Mobile,Germany
USR007365,8.8,2.4,8.5,68.0,8.1,99.6,42,22,89,473,89,3212,253,Mobile,UK
USR007366,89.4,0.7,6.3,78.4,18.0,66.8,140,20,78,98,77,698,131,Mobile,UK
USR007367,21.9,4.7,6.8,90.2,0.7,64.2,43,49,89,132,66,2517,56,Desktop,India
USR007368,346.4,8.9,5.2,34.7,13.7,94.2,91,44,76,401,89,2815,117,Mobile,Brazil
USR007369,5.3,5.4,12.5,8.7,29.8,92.0,181,9,53,495,33,1919,301,Mobile,Australia
USR007370,69.0,4.6,1.7,13.4,0.6,44.0,82,27,40,265,95,1005,58,Mobile,Germany
USR007371,7.1,3.0,11.5,79.7,0.8,77.4,103,0,38,133,70,3622,110,Mobile,UK
USR007372,69.0,3.1,4.5,1.2,1.4,92.9,222,11,70,214,3,3385,302,Mobile,Germany
USR007373,74.7,7.6,4.6,28.2,23.7,37.3,144,30,28,176,32,3354,136,Mobile,Japan
USR007374,14.1,0.6,6.0,38.9,0.5,34.7,330,25,0,270,5,1882,202,Mobile,Australia
USR007375,38.3,0.9,4.8,8.6,5.4,93.4,50,31,31,473,93,2859,314,Tablet,UK
USR007376,3.6,16.4,6.5,7.2,1.0,62.0,311,24,69,257,65,3544,177,Mobile,Japan
USR007377,202.5,1.7,1.6,43.6,0.3,50.1,591,1,47,4,33,3004,363,Mobile,India
USR007378,44.3,12.7,3.9,72.4,26.2,96.1,44,33,84,118,17,1151,309,Desktop,Australia
USR007379,26.4,3.2,0.2,137.9,11.8,22.6,37,20,68,309,72,1864,106,Mobile,Germany
USR007380,56.5,3.7,6.6,50.1,1.3,55.3,143,12,69,88,99,1876,140,Desktop,Germany
USR007381,99.2,2.5,4.1,96.1,12.8,75.8,239,40,67,308,87,2957,22,Desktop,USA
USR007382,4.1,0.7,4.3,13.3,6.2,27.9,315,4,10,461,44,1749,276,Desktop,Germany
USR007383,27.1,17.3,21.8,108.7,5.6,51.9,66,3,57,429,72,3373,263,Mobile,Australia
USR007384,62.7,1.9,2.2,57.2,4.0,90.4,591,34,35,183,93,616,55,Mobile,Australia
USR007385,50.4,1.4,9.3,59.2,7.6,51.8,59,5,76,402,66,70,121,Tablet,USA
USR007386,1.4,5.0,0.9,0.8,8.6,86.8,168,9,74,112,31,2838,168,Mobile,USA
USR007387,174.5,3.8,11.3,99.9,19.7,44.3,127,7,71,296,37,3610,58,Tablet,Australia
USR007388,140.6,1.4,7.9,11.6,15.2,73.1,394,9,87,43,49,1613,72,Desktop,UK
USR007389,92.0,3.3,0.4,180.2,2.1,62.2,355,39,84,15,92,2047,165,Desktop,Japan
USR007390,77.3,6.4,2.9,123.6,18.1,97.4,191,25,5,375,76,3649,277,Desktop,Australia
USR007391,34.9,7.6,3.9,19.0,0.8,90.3,6,42,73,445,31,1040,172,Mobile,India
USR007392,1.7,2.7,0.7,94.0,13.9,76.6,207,41,67,182,77,1757,226,Desktop,India
USR007393,12.7,1.1,10.3,0.6,10.4,48.3,284,46,57,104,26,294,172,Mobile,UK
USR007394,78.1,0.1,7.0,19.1,4.4,52.6,118,10,50,146,91,1218,144,Tablet,Brazil
USR007395,29.5,10.3,8.6,19.1,22.0,59.9,497,29,26,486,57,1851,64,Mobile,India
USR007396,172.3,10.9,12.7,9.8,7.1,56.1,230,18,42,405,76,2769,30,Mobile,Germany
USR007397,69.8,6.6,0.3,22.3,2.7,22.4,119,31,80,443,73,3327,70,Mobile,USA
USR007398,3.3,0.1,3.0,14.3,28.9,43.3,70,17,71,410,69,3041,316,Mobile,India
USR007399,4.6,9.3,10.0,27.5,45.1,83.7,519,49,15,418,81,1797,25,Mobile,USA
USR007400,1.9,1.8,5.4,100.8,12.4,87.5,48,2,38,444,33,909,72,Mobile,UK
USR007401,33.7,0.4,1.0,33.2,6.2,59.2,130,27,57,99,27,726,312,Mobile,USA
USR007402,86.3,1.8,7.2,59.6,25.2,49.9,251,9,25,192,37,3245,90,Mobile,Australia
USR007403,71.1,0.9,4.4,20.8,3.6,44.5,37,24,17,362,29,3448,181,Desktop,USA
USR007404,7.1,3.4,24.1,3.3,0.4,99.8,84,4,31,6,80,2572,321,Mobile,Germany
USR007405,30.8,2.4,6.8,17.7,0.3,32.8,270,36,7,492,64,2790,29,Mobile,Germany
USR007406,82.3,8.0,1.5,52.8,19.6,84.5,302,35,88,164,90,1786,335,Mobile,Japan
USR007407,32.8,2.1,0.7,168.4,11.6,49.0,434,32,56,443,57,3031,68,Mobile,Australia
USR007408,5.2,2.8,2.2,9.9,3.9,47.7,22,40,55,154,6,1543,72,Mobile,USA
USR007409,41.1,0.5,1.1,20.4,21.4,40.9,340,36,32,120,32,239,201,Mobile,UK
USR007410,88.5,5.2,5.5,16.6,45.0,47.0,229,7,87,366,20,331,341,Mobile,Japan
USR007411,38.1,13.1,2.0,78.1,2.0,73.2,20,43,96,57,30,203,350,Mobile,India
USR007412,4.2,9.3,7.4,7.9,7.0,92.5,317,34,23,361,78,1704,320,Mobile,Japan
USR007413,28.5,2.0,10.4,57.8,8.3,93.1,114,38,10,188,73,1988,9,Tablet,UK
USR007414,40.7,4.4,0.8,14.1,18.5,51.4,91,11,29,292,37,3069,358,Mobile,UK
USR007415,6.1,2.2,19.0,33.7,6.8,33.9,346,5,31,277,80,3376,107,Mobile,Germany
USR007416,64.9,22.4,8.0,79.5,34.5,71.4,443,47,18,352,53,2279,195,Desktop,USA
USR007417,63.8,1.0,11.8,30.5,10.2,43.1,32,26,94,221,45,978,64,Desktop,UK
USR007418,82.0,6.9,26.2,15.8,18.0,84.7,166,47,30,195,15,3235,105,Mobile,India
USR007419,67.2,0.4,3.7,256.6,1.0,61.2,304,15,28,448,2,2907,240,Mobile,Brazil
USR007420,89.4,6.3,12.1,100.6,0.5,53.3,276,28,88,396,45,2028,98,Desktop,USA
USR007421,35.5,2.0,9.5,2.7,0.8,56.1,32,16,30,339,47,1759,205,Mobile,Brazil
USR007422,29.8,8.0,6.9,19.9,8.5,37.3,58,40,16,402,5,1614,276,Desktop,UK
USR007423,50.4,5.6,1.1,9.9,1.7,60.6,201,30,89,236,70,412,83,Desktop,Brazil
USR007424,11.9,3.4,6.8,142.8,13.7,50.6,210,0,31,275,68,2993,364,Tablet,Brazil
USR007425,43.6,4.0,6.6,31.9,43.7,97.5,82,17,14,374,17,1120,314,Desktop,India
USR007426,2.8,1.6,3.1,56.1,1.4,91.6,254,48,69,274,50,505,121,Mobile,Brazil
USR007427,216.0,2.7,2.3,0.2,17.6,36.5,157,20,70,323,14,3532,6,Mobile,Japan
USR007428,24.8,1.4,8.9,7.9,11.1,27.3,28,18,28,176,23,1306,136,Mobile,Japan
USR007429,8.8,23.6,30.2,0.6,3.9,29.2,100,33,16,191,6,1229,175,Mobile,UK
USR007430,49.4,3.3,3.6,74.6,42.3,75.5,59,6,58,253,63,3087,123,Mobile,Japan
USR007431,65.6,9.2,8.3,21.4,12.8,45.2,76,30,42,444,65,549,331,Mobile,Japan
USR007432,86.2,0.8,0.8,6.4,4.9,45.2,8,1,85,95,53,2098,50,Mobile,Australia
USR007433,4.8,0.8,2.4,99.3,4.6,21.4,312,37,74,217,29,1191,159,Tablet,UK
USR007434,4.4,6.3,6.7,44.8,5.3,85.9,68,30,35,156,72,2328,305,Mobile,Australia
USR007435,130.0,5.1,10.7,20.2,1.9,96.8,178,37,49,204,8,909,315,Desktop,India
USR007436,48.8,6.7,5.3,26.3,15.2,80.8,317,22,44,67,70,2563,345,Mobile,Australia
USR007437,40.9,3.4,0.1,48.7,12.0,28.2,37,3,39,188,93,971,245,Mobile,Japan
USR007438,137.3,13.4,0.7,2.3,1.2,67.6,47,23,59,443,84,3601,67,Tablet,India
USR007439,56.2,8.5,16.1,17.0,4.3,59.3,332,16,83,247,70,3257,350,Tablet,Germany
USR007440,4.3,11.1,9.2,117.3,0.1,65.4,395,25,8,154,80,2542,306,Mobile,Germany
USR007441,33.4,1.2,3.6,40.7,0.2,99.5,667,7,67,230,66,2396,292,Mobile,USA
USR007442,17.3,1.1,10.9,10.2,0.5,20.2,76,15,77,31,16,2212,88,Desktop,India
USR007443,31.7,3.2,5.0,17.8,3.2,31.9,97,4,55,27,15,3088,160,Tablet,Brazil
USR007444,41.3,10.5,4.3,15.3,1.4,78.9,18,34,8,277,82,3204,177,Desktop,Japan
USR007445,96.7,6.5,9.4,47.0,15.0,36.9,179,7,42,455,4,919,304,Mobile,USA
USR007446,118.9,7.4,13.4,46.1,5.7,90.7,325,20,65,93,7,2904,182,Mobile,India
USR007447,12.6,3.9,3.6,57.2,10.1,87.4,64,22,27,362,8,3649,101,Mobile,USA
USR007448,64.3,2.0,12.5,104.9,27.0,70.4,113,28,73,482,88,771,79,Mobile,Brazil
USR007449,28.7,10.0,8.3,17.5,5.3,72.7,308,20,1,97,91,3581,111,Desktop,Germany
USR007450,7.0,2.6,0.2,82.1,14.5,31.9,164,4,22,142,67,504,314,Mobile,USA
USR007451,217.4,3.5,14.5,137.8,2.0,74.6,225,47,98,87,28,3201,206,Tablet,India
USR007452,71.7,1.0,2.2,54.8,20.6,84.5,104,15,61,111,63,2943,262,Desktop,India
USR007453,4.6,4.1,0.2,59.6,7.0,32.7,571,40,40,394,63,2539,49,Mobile,Brazil
USR007454,105.5,3.7,3.9,65.4,10.5,85.5,231,31,44,82,36,42,100,Mobile,Germany
USR007455,28.4,10.3,0.1,9.6,3.8,50.7,54,19,95,156,29,3039,75,Mobile,Germany
USR007456,159.1,1.5,3.4,72.7,22.9,20.8,188,20,74,231,26,2194,214,Mobile,Japan
USR007457,86.6,2.2,6.4,74.3,4.3,33.3,61,37,95,477,24,1257,207,Mobile,Australia
USR007458,26.8,6.2,0.6,17.3,13.1,64.7,57,24,46,414,28,927,249,Mobile,UK
USR007459,6.2,0.2,2.1,61.9,0.4,36.5,54,44,12,30,88,2412,286,Mobile,Japan
USR007460,252.3,13.0,1.1,139.4,20.0,63.0,93,47,82,399,30,2709,42,Mobile,UK
USR007461,18.2,0.9,5.7,22.3,3.8,37.5,61,24,81,43,62,3266,144,Mobile,Germany
USR007462,123.0,1.9,33.0,5.2,8.0,34.4,47,20,24,7,31,3461,30,Mobile,Brazil
USR007463,3.0,8.5,3.5,69.0,13.9,53.7,115,44,97,3,61,2665,291,Mobile,Japan
USR007464,75.6,10.8,25.4,5.0,15.9,69.5,210,7,11,231,71,334,31,Desktop,Japan
USR007465,73.5,4.2,20.1,111.9,3.6,99.6,146,11,16,212,17,991,215,Mobile,Brazil
USR007466,19.8,1.4,3.0,91.1,15.7,49.8,191,16,23,29,23,3447,316,Mobile,Australia
USR007467,3.6,2.8,8.1,44.2,21.2,90.5,322,44,72,351,24,944,89,Mobile,Brazil
USR007468,110.9,5.9,2.6,59.4,41.6,34.2,80,9,72,337,66,3318,39,Mobile,India
USR007469,8.3,8.4,0.6,12.8,30.0,38.8,93,45,25,456,57,949,214,Mobile,Brazil
USR007470,74.0,2.2,4.0,18.1,7.1,74.4,124,45,94,80,42,2085,41,Mobile,Japan
USR007471,68.4,2.1,13.8,46.5,15.0,91.4,292,41,28,206,87,3408,11,Desktop,Japan
USR007472,6.0,4.4,0.3,40.8,6.8,20.1,238,18,66,458,90,1849,187,Desktop,Germany
USR007473,219.2,1.4,0.2,48.6,16.5,85.8,52,11,66,486,79,723,17,Tablet,UK
USR007474,28.9,2.3,1.1,33.6,4.3,85.9,133,21,98,452,80,487,33,Mobile,Brazil
USR007475,4.2,2.8,1.7,7.1,3.1,50.8,434,19,80,180,72,3540,313,Mobile,Germany
USR007476,14.5,0.6,0.4,12.9,16.3,55.3,58,29,41,20,55,787,116,Mobile,UK
USR007477,17.1,0.5,8.9,375.0,17.4,44.6,120,38,91,87,36,3204,363,Desktop,Brazil
USR007478,35.3,0.6,8.6,55.4,0.2,78.5,5,29,5,220,63,3570,97,Mobile,Brazil
USR007479,80.9,0.3,5.6,66.0,3.6,93.7,280,40,39,161,84,1711,311,Mobile,UK
USR007480,182.3,2.8,2.5,30.9,9.5,90.6,200,4,25,466,81,2254,38,Desktop,India
USR007481,26.0,4.7,11.3,62.8,9.5,94.8,124,31,95,306,66,93,7,Desktop,Japan
USR007482,48.7,1.3,5.7,49.8,13.0,48.2,37,25,27,399,75,334,152,Mobile,Japan
USR007483,50.0,9.7,0.0,50.5,28.1,49.6,35,42,53,383,57,3145,201,Tablet,USA
USR007484,1.0,1.6,11.9,11.5,3.5,98.8,50,8,93,81,36,991,172,Mobile,Germany
USR007485,1.4,1.6,4.7,10.8,7.4,34.9,44,30,95,412,39,267,212,Mobile,Japan
USR007486,10.5,8.4,3.3,82.8,10.4,83.5,52,3,45,91,9,2251,201,Desktop,UK
USR007487,39.9,0.2,8.7,38.6,10.7,25.0,185,27,28,21,21,3351,39,Mobile,Germany
USR007488,138.8,5.3,1.3,21.8,15.1,84.7,197,36,2,148,62,2182,105,Mobile,India
USR007489,20.8,1.5,0.8,1.8,25.2,47.4,400,8,86,5,80,3557,15,Mobile,India
USR007490,284.5,0.9,0.3,68.3,10.0,52.7,99,13,32,123,28,1636,16,Mobile,Australia
USR007491,121.8,1.9,17.2,37.4,0.7,36.0,66,9,70,402,33,1992,140,Mobile,India
USR007492,84.9,0.9,1.8,5.4,22.0,97.8,86,14,54,182,42,282,262,Desktop,Australia
USR007493,36.0,0.4,15.4,0.1,13.6,43.8,122,30,25,56,65,3393,256,Mobile,UK
USR007494,76.0,0.5,2.9,15.5,0.8,81.1,58,5,82,91,51,925,151,Mobile,UK
USR007495,29.9,1.6,4.1,8.5,22.7,96.7,10,8,43,29,12,998,71,Mobile,UK
USR007496,41.6,3.1,6.1,22.3,2.0,74.6,178,32,30,492,87,2202,37,Mobile,USA
USR007497,6.0,1.6,9.0,57.7,1.9,84.0,257,12,16,187,72,1202,105,Tablet,Australia
USR007498,4.6,16.1,18.0,28.7,7.2,99.5,36,26,7,323,9,1133,285,Tablet,Germany
USR007499,22.0,19.4,33.2,42.6,6.1,76.2,212,32,99,342,44,1070,324,Mobile,India
USR007500,2.0,5.8,7.5,12.4,24.1,46.3,240,41,51,34,90,2479,187,Mobile,Germany
USR007501,102.7,4.4,3.0,3.4,10.5,65.5,15,42,51,487,46,3190,298,Tablet,India
USR007502,4.0,2.9,18.0,5.9,11.8,65.7,87,15,29,13,43,3165,278,Mobile,Australia
USR007503,1.0,6.1,6.1,154.8,13.5,39.9,286,2,6,327,93,3438,259,Mobile,USA
USR007504,25.4,6.6,2.0,8.3,1.4,43.7,49,40,47,260,73,2077,241,Desktop,Japan
USR007505,35.7,13.8,4.3,22.0,9.7,77.3,7,17,42,306,26,2633,124,Desktop,Australia
USR007506,144.3,3.9,4.3,28.8,14.7,92.8,501,16,0,361,28,3039,248,Mobile,Australia
USR007507,64.4,3.5,3.7,11.0,4.9,97.9,29,43,78,66,71,2166,142,Mobile,Japan
USR007508,102.8,5.9,20.3,14.1,8.6,63.3,21,15,34,96,76,2589,203,Desktop,India
USR007509,116.2,0.1,12.6,4.3,32.6,43.0,79,23,96,162,9,2929,302,Mobile,Germany
USR007510,19.3,13.6,4.5,1.1,14.0,60.2,70,1,37,7,63,81,221,Mobile,Japan
USR007511,7.8,3.9,6.2,21.4,9.9,56.3,15,17,24,171,74,2719,33,Mobile,UK
USR007512,1.4,0.6,6.7,110.5,2.6,49.4,104,8,50,294,54,2451,305,Tablet,UK
USR007513,121.8,3.4,8.3,68.6,24.9,47.0,259,26,48,338,26,739,101,Mobile,UK
USR007514,1.0,7.3,12.7,27.6,2.0,38.8,23,11,72,288,80,2210,155,Desktop,Australia
USR007515,26.7,0.2,6.6,119.3,5.2,88.6,149,7,9,273,19,3121,215,Mobile,Brazil
USR007516,103.7,3.5,0.3,12.8,48.6,69.2,181,19,5,139,8,3095,233,Mobile,Brazil
USR007517,3.0,9.6,9.7,1.7,4.1,29.2,428,0,32,486,74,670,320,Mobile,India
USR007518,110.3,6.7,2.2,102.1,6.1,23.7,482,41,17,243,46,301,50,Mobile,Australia
USR007519,16.0,1.0,2.9,204.9,8.0,43.6,78,25,20,207,45,2135,139,Mobile,USA
USR007520,6.1,16.6,1.1,75.2,3.5,69.0,38,20,97,40,38,2412,357,Tablet,Germany
USR007521,47.0,1.1,6.2,64.4,1.4,55.2,40,22,24,44,54,3382,348,Mobile,Japan
USR007522,71.0,9.9,13.1,25.2,8.4,40.4,19,29,99,216,25,2216,221,Mobile,UK
USR007523,38.4,1.2,0.4,54.4,16.8,63.0,652,44,99,118,9,636,236,Desktop,UK
USR007524,40.2,12.5,19.2,79.1,0.9,78.0,99,41,3,159,13,2185,181,Mobile,India
USR007525,3.7,3.8,6.5,0.7,3.0,42.1,124,17,32,476,96,3091,273,Mobile,Germany
USR007526,47.2,1.0,9.9,71.0,1.1,98.1,286,1,52,271,97,1036,287,Desktop,Germany
USR007527,16.4,3.9,1.1,13.0,47.1,23.7,261,27,50,123,20,2901,220,Mobile,USA
USR007528,21.2,10.2,3.8,80.2,30.2,63.8,464,1,66,326,70,2318,273,Mobile,Japan
USR007529,41.1,3.0,3.8,5.7,3.9,66.0,22,3,47,150,36,876,200,Desktop,Germany
USR007530,31.4,0.3,2.1,91.7,10.9,87.5,426,10,24,158,26,2442,255,Mobile,USA
USR007531,108.4,3.9,8.2,71.3,20.1,30.9,81,9,60,379,64,979,7,Mobile,India
USR007532,175.5,0.4,6.7,70.3,1.9,64.2,111,44,35,206,30,1846,232,Mobile,Germany
USR007533,25.2,0.3,3.7,51.3,6.2,27.0,135,13,42,284,48,3644,317,Mobile,UK
USR007534,9.1,2.4,10.3,51.6,4.4,62.3,65,6,42,56,97,1121,158,Mobile,UK
USR007535,16.3,0.8,6.7,31.5,13.6,34.8,125,20,1,72,85,598,180,Mobile,USA
USR007536,14.1,2.3,7.9,24.7,2.3,35.7,189,25,85,275,96,762,263,Mobile,UK
USR007537,57.1,3.2,8.6,5.3,0.5,64.6,49,23,42,143,0,1161,214,Mobile,Germany
USR007538,11.4,8.2,2.6,81.4,5.9,23.4,1465,20,69,499,31,3557,335,Mobile,USA
USR007539,74.2,2.6,11.0,16.1,3.0,39.4,62,22,77,232,70,2029,15,Mobile,India
USR007540,24.8,2.0,3.8,32.1,12.1,29.2,157,45,27,292,56,2930,143,Mobile,Japan
USR007541,96.5,5.4,8.4,17.5,15.2,66.2,421,49,26,290,29,938,105,Desktop,Australia
USR007542,84.1,0.4,8.3,53.7,37.2,28.4,131,28,40,355,73,2850,26,Desktop,Japan
USR007543,151.6,5.9,6.6,138.2,7.9,60.0,164,15,88,321,63,1248,1,Mobile,USA
USR007544,116.2,9.1,0.6,55.1,6.5,22.0,166,30,52,468,90,1882,314,Mobile,Brazil
USR007545,14.5,0.8,2.2,26.5,5.8,25.6,82,6,99,14,5,3383,13,Mobile,Germany
USR007546,29.6,1.1,1.2,41.7,3.1,87.3,424,13,70,494,20,2056,169,Tablet,India
USR007547,13.8,10.9,0.7,199.8,10.6,43.3,450,29,61,252,30,2441,84,Mobile,Japan
USR007548,66.6,0.8,20.3,3.6,0.8,56.3,7,6,12,370,72,472,34,Mobile,USA
USR007549,29.2,5.3,5.9,9.9,5.2,48.9,76,47,76,420,26,1347,41,Mobile,Germany
USR007550,52.0,0.6,2.3,91.7,3.7,49.6,161,26,80,176,97,2893,348,Desktop,Australia
USR007551,188.6,22.5,2.8,103.7,19.6,84.0,321,38,67,253,98,1071,271,Mobile,India
USR007552,25.6,3.2,0.7,113.7,22.2,51.4,362,46,72,88,71,2005,127,Mobile,Germany
USR007553,60.6,2.0,0.9,34.9,2.0,24.1,64,42,29,40,70,1453,162,Mobile,India
USR007554,5.2,1.8,0.8,6.9,1.1,48.9,104,38,71,59,91,655,3,Mobile,Germany
USR007555,113.9,13.4,3.6,11.3,10.8,36.3,225,12,79,431,42,1704,184,Mobile,Japan
USR007556,73.3,0.5,1.7,23.9,13.8,30.2,182,0,97,256,84,2714,13,Mobile,USA
USR007557,27.7,14.6,0.6,85.1,3.9,98.5,86,18,75,271,86,3020,73,Mobile,USA
USR007558,78.0,1.6,3.2,6.7,15.6,79.4,275,39,61,74,23,2303,46,Mobile,India
USR007559,13.6,1.5,6.5,29.5,9.5,47.4,206,24,66,148,95,715,361,Mobile,Brazil
USR007560,7.4,1.7,17.1,18.6,5.3,44.1,194,29,65,388,83,3289,360,Mobile,Australia
USR007561,12.9,0.8,0.7,49.4,26.8,61.8,25,45,29,213,76,1979,198,Tablet,USA
USR007562,48.4,5.1,5.9,85.5,29.6,75.8,74,31,12,231,62,132,279,Desktop,India
USR007563,31.5,8.9,7.9,315.3,11.9,68.8,400,34,56,43,50,752,26,Mobile,Brazil
USR007564,154.0,9.0,4.5,41.1,0.3,81.6,161,36,85,310,77,979,137,Mobile,Germany
USR007565,42.7,5.3,16.0,40.4,16.4,50.3,369,16,0,96,5,1454,270,Tablet,USA
USR007566,4.5,1.7,3.5,64.3,35.0,97.2,277,6,32,124,34,3605,288,Mobile,India
USR007567,22.2,0.2,0.1,7.0,3.3,69.3,104,6,52,140,38,1267,325,Mobile,Australia
USR007568,66.4,6.3,2.5,9.8,3.8,81.8,407,45,8,235,56,3016,332,Mobile,Germany
USR007569,4.5,4.4,2.9,32.2,6.0,49.3,268,7,18,43,34,3420,17,Tablet,India
USR007570,42.1,8.0,10.6,28.7,2.6,34.3,250,26,68,248,55,2328,129,Mobile,Japan
USR007571,85.6,5.8,25.7,55.3,7.3,51.7,330,13,86,165,35,1445,75,Tablet,Brazil
USR007572,54.2,5.5,2.6,50.7,58.5,36.5,160,47,60,168,90,766,86,Tablet,Brazil
USR007573,141.3,4.7,0.6,16.9,1.1,59.9,593,31,86,453,14,2266,242,Mobile,India
USR007574,135.3,2.4,11.4,15.7,9.3,85.8,15,43,0,17,66,912,41,Mobile,Germany
USR007575,56.1,0.4,3.8,18.9,0.9,99.5,53,27,42,359,32,172,238,Mobile,Brazil
USR007576,217.1,1.1,2.2,31.6,0.0,50.4,240,14,5,429,21,1847,109,Mobile,Germany
USR007577,59.8,2.5,1.4,0.4,3.8,70.2,60,13,0,218,51,2763,21,Mobile,Germany
USR007578,35.3,0.3,2.4,144.3,14.4,96.8,246,39,0,104,58,3454,301,Mobile,Japan
USR007579,160.1,8.4,1.6,20.4,3.3,56.9,57,24,8,274,34,3262,138,Mobile,UK
USR007580,40.0,8.5,1.0,27.7,2.8,52.0,865,46,28,343,52,3101,58,Mobile,Japan
USR007581,8.7,14.7,4.5,67.0,8.5,65.2,462,14,75,138,32,67,4,Mobile,Australia
USR007582,115.4,7.3,13.6,43.6,0.3,93.4,105,2,5,229,79,3484,282,Mobile,Japan
USR007583,202.3,5.6,12.5,164.4,14.6,57.7,18,43,74,228,12,1269,178,Mobile,India
USR007584,2.0,1.9,4.5,24.7,0.8,49.0,28,43,90,432,64,1677,217,Mobile,Brazil
USR007585,136.6,3.1,10.2,28.8,5.0,30.5,708,25,14,136,43,945,45,Tablet,India
USR007586,4.3,6.3,2.7,22.1,14.1,52.9,231,23,89,11,50,3506,307,Desktop,Japan
USR007587,6.1,4.7,29.8,9.8,4.7,76.6,93,46,89,184,32,376,330,Desktop,Japan
USR007588,119.7,2.2,1.4,109.3,1.8,76.9,248,1,63,281,86,263,35,Mobile,Germany
USR007589,18.7,7.7,1.3,0.8,19.8,22.7,97,4,0,336,42,1245,260,Mobile,Australia
USR007590,102.4,1.1,6.3,10.9,11.5,48.1,237,41,76,466,9,1115,146,Mobile,USA
USR007591,36.3,2.6,0.0,137.5,10.1,93.8,457,42,27,446,92,1434,164,Mobile,UK
USR007592,13.1,0.6,2.4,30.7,0.5,89.5,72,32,11,142,74,1987,180,Mobile,India
USR007593,40.3,5.6,9.9,30.8,8.3,88.6,88,15,42,338,86,292,4,Mobile,USA
USR007594,31.0,5.1,7.0,25.0,3.7,92.6,13,1,12,358,60,2147,23,Mobile,Japan
USR007595,28.4,2.5,9.7,43.1,31.0,62.1,112,30,43,151,3,2660,202,Desktop,Australia
USR007596,57.3,2.7,5.4,61.0,1.4,67.8,121,26,33,498,21,886,192,Mobile,India
USR007597,66.8,0.5,5.3,46.3,5.7,72.3,296,27,36,179,89,2141,284,Tablet,Brazil
USR007598,70.0,10.8,2.3,6.9,14.8,55.8,523,36,57,106,90,2492,34,Mobile,Australia
USR007599,89.2,6.6,11.2,75.6,5.1,36.7,264,9,65,257,30,1015,81,Desktop,Australia
USR007600,142.5,1.8,0.8,115.9,1.0,64.3,298,32,1,397,43,3297,50,Mobile,USA
USR007601,46.8,1.2,8.5,11.5,14.0,93.5,127,13,38,363,82,564,221,Mobile,Australia
USR007602,20.8,0.5,7.5,76.7,21.1,94.5,24,16,6,307,85,1638,6,Mobile,Brazil
USR007603,93.4,1.0,26.2,95.0,1.5,36.2,317,29,52,183,35,3433,187,Mobile,Brazil
USR007604,18.9,2.0,7.9,56.1,19.6,41.1,236,36,82,238,28,2784,251,Mobile,Japan
USR007605,24.6,2.6,13.2,83.3,5.6,92.8,11,42,96,14,64,2271,339,Mobile,Japan
USR007606,22.2,11.1,1.6,50.7,7.9,56.5,389,34,84,293,29,2959,165,Mobile,Japan
USR007607,50.9,1.6,3.3,122.5,2.1,64.2,41,48,35,477,45,3012,179,Mobile,India
USR007608,76.6,4.8,3.7,68.9,4.9,97.2,99,14,50,203,56,1248,230,Mobile,Australia
USR007609,4.9,0.6,2.2,9.0,0.7,42.6,691,3,76,30,7,1204,95,Mobile,Brazil
USR007610,224.1,4.7,4.8,11.3,3.3,78.0,219,37,2,327,25,1094,319,Mobile,Japan
USR007611,38.1,1.3,1.8,70.6,8.6,72.4,789,31,85,314,74,2328,212,Mobile,Germany
USR007612,49.6,2.9,0.3,59.3,17.1,33.4,106,41,85,99,80,220,142,Mobile,USA
USR007613,173.4,0.0,24.9,12.4,43.3,88.1,214,12,16,33,13,3595,184,Mobile,Japan
USR007614,87.5,0.2,7.8,86.6,1.8,52.2,68,4,1,494,87,2072,44,Mobile,India
USR007615,34.2,0.9,20.5,16.5,1.2,79.5,713,19,92,466,16,780,209,Mobile,Australia
USR007616,140.8,10.1,4.5,4.6,28.4,42.4,39,3,83,101,62,461,362,Mobile,Japan
USR007617,82.0,8.8,7.0,54.9,0.2,69.3,200,8,39,237,8,2992,134,Mobile,USA
USR007618,26.4,1.6,18.8,137.4,48.7,38.9,255,48,43,466,19,231,312,Mobile,India
USR007619,8.5,1.8,4.0,119.5,10.3,73.5,121,41,68,273,96,956,195,Mobile,India
USR007620,29.9,0.3,0.7,0.1,1.6,99.5,12,15,72,211,53,1951,38,Mobile,India
USR007621,3.1,2.0,8.3,18.1,0.1,52.4,431,22,46,226,16,501,138,Mobile,UK
USR007622,13.3,2.9,12.0,62.1,1.6,25.9,136,18,33,5,1,824,163,Desktop,Germany
USR007623,40.1,1.3,8.3,31.1,3.7,41.0,828,48,58,336,60,2320,102,Mobile,India
USR007624,68.4,8.7,2.4,64.7,19.6,98.6,36,13,57,56,22,1483,21,Mobile,Japan
USR007625,48.2,7.5,3.6,36.5,24.4,66.5,146,49,63,221,81,1921,176,Mobile,Brazil
USR007626,20.2,3.6,3.9,19.4,9.8,52.7,593,16,8,174,40,118,343,Desktop,Australia
USR007627,34.6,1.1,0.9,29.4,17.8,87.4,412,0,41,331,22,1809,254,Mobile,Brazil
USR007628,71.0,2.7,2.8,104.6,4.6,38.8,235,5,84,206,19,2079,341,Desktop,Australia
USR007629,23.1,0.1,17.2,77.1,12.5,96.9,136,19,60,63,25,690,192,Mobile,Germany
USR007630,30.4,3.3,17.5,11.3,5.9,56.6,92,36,16,120,81,1163,176,Mobile,UK
USR007631,19.9,7.9,0.8,78.3,4.3,96.6,246,7,86,388,70,285,287,Desktop,Brazil
USR007632,17.6,0.7,15.5,116.4,3.6,81.3,5,49,21,175,41,3422,108,Mobile,Japan
USR007633,1.0,1.6,5.8,153.1,7.4,83.8,293,3,60,373,38,3175,325,Desktop,India
USR007634,123.2,0.4,6.0,74.1,1.4,85.5,180,13,79,465,75,2073,255,Tablet,India
USR007635,1.0,1.1,1.1,34.9,4.3,37.0,99,29,56,269,56,1463,333,Desktop,India
USR007636,9.8,13.0,9.1,29.6,14.3,35.7,38,5,89,357,38,1107,300,Mobile,Japan
USR007637,64.2,1.9,6.9,72.8,1.2,91.8,192,15,55,99,92,387,184,Mobile,USA
USR007638,31.8,1.5,7.0,8.0,3.3,39.1,845,19,39,121,30,2953,123,Mobile,Japan
USR007639,139.6,5.5,1.0,12.2,7.9,57.3,202,25,16,169,78,758,251,Mobile,UK
USR007640,80.6,1.3,2.5,3.7,3.5,94.5,325,18,23,366,60,2815,152,Mobile,Australia
USR007641,143.6,1.8,12.4,8.8,3.3,26.0,374,42,89,381,20,1718,358,Mobile,Brazil
USR007642,32.3,3.1,9.4,65.6,5.2,23.5,96,33,30,170,10,2254,253,Tablet,USA
USR007643,14.9,0.1,3.8,137.9,38.7,92.2,89,4,55,475,68,167,59,Mobile,Brazil
USR007644,220.3,7.2,9.4,28.4,4.5,36.9,93,16,47,178,37,1323,179,Mobile,Brazil
USR007645,126.3,1.4,0.9,46.3,4.6,45.5,231,13,95,40,53,1692,175,Mobile,Japan
USR007646,78.5,8.0,7.0,71.0,17.6,63.5,0,35,41,209,26,242,358,Mobile,Australia
USR007647,6.6,1.2,11.1,77.5,5.8,57.6,385,22,60,154,77,1173,175,Mobile,USA
USR007648,71.2,0.3,1.6,29.4,1.8,83.8,39,18,32,170,58,3323,114,Mobile,UK
USR007649,9.9,1.8,21.4,28.3,15.1,20.5,424,11,81,222,50,1355,141,Tablet,India
USR007650,121.8,4.1,36.4,16.4,15.2,60.8,8,21,45,368,93,3343,334,Mobile,UK
USR007651,49.9,1.5,0.2,4.0,4.2,23.6,66,27,11,218,31,2506,137,Desktop,Brazil
USR007652,307.8,11.4,29.6,11.8,33.9,46.1,39,3,73,245,17,2708,224,Mobile,USA
USR007653,53.1,2.6,3.5,4.1,10.7,73.9,196,14,0,368,71,692,301,Mobile,UK
USR007654,88.2,0.4,8.8,71.2,0.0,59.1,275,47,79,185,34,901,129,Mobile,USA
USR007655,46.1,10.8,0.6,60.5,0.1,26.1,2,49,74,479,81,1723,328,Tablet,Japan
USR007656,17.6,14.8,5.4,50.9,28.2,83.1,1226,13,75,202,35,320,104,Mobile,USA
USR007657,39.3,0.0,23.9,0.9,5.3,57.3,232,27,51,48,55,187,174,Mobile,USA
USR007658,1.3,6.6,5.8,79.3,66.7,51.0,405,38,57,54,7,2177,242,Mobile,Germany
USR007659,42.8,12.4,5.7,64.7,1.7,34.8,107,38,54,388,68,1191,83,Mobile,Brazil
USR007660,28.5,2.5,9.4,51.7,1.2,61.3,10,4,86,217,23,2055,53,Desktop,India
USR007661,14.6,2.2,0.9,36.2,7.6,59.2,119,47,36,344,98,1323,291,Mobile,Australia
USR007662,12.7,5.1,35.8,27.4,5.7,87.1,21,24,2,311,5,2512,240,Mobile,Australia
USR007663,134.3,4.3,2.4,97.5,53.3,65.5,266,0,16,39,11,1413,266,Mobile,Japan
USR007664,15.9,2.7,4.8,6.1,19.9,94.7,69,22,94,165,3,770,259,Mobile,USA
USR007665,15.9,13.3,3.3,1.6,5.7,32.9,199,0,45,101,46,858,312,Mobile,Australia
USR007666,39.8,18.5,22.5,80.6,1.5,33.5,158,41,90,468,11,292,43,Mobile,UK
USR007667,43.2,0.8,14.3,16.3,7.6,33.9,248,22,62,252,53,2535,212,Desktop,UK
USR007668,62.2,1.4,2.8,56.9,0.3,34.1,122,39,21,56,75,2085,301,Tablet,UK
USR007669,31.6,12.4,3.9,40.9,0.0,89.9,78,19,57,80,36,1369,242,Mobile,Brazil
USR007670,43.0,26.5,7.1,7.5,8.8,82.7,84,11,19,293,34,3597,314,Mobile,UK
USR007671,55.6,5.2,5.2,76.6,8.4,71.3,172,24,81,219,16,1420,161,Mobile,UK
USR007672,19.2,0.2,2.8,52.7,45.1,29.7,165,6,61,455,63,1337,326,Mobile,USA
USR007673,13.7,4.2,3.1,31.8,4.7,77.4,124,35,99,345,36,1071,67,Mobile,Japan
USR007674,13.1,5.3,7.9,46.1,9.4,57.3,316,11,91,113,14,2543,172,Desktop,UK
USR007675,18.3,2.4,8.8,155.9,2.8,39.6,102,24,4,355,74,3024,9,Desktop,India
USR007676,20.9,3.4,8.9,29.0,8.7,78.5,16,5,20,18,95,3248,248,Tablet,USA
USR007677,81.2,5.4,23.7,197.6,21.5,52.8,144,15,78,242,73,2362,15,Desktop,India
USR007678,17.2,11.4,7.4,50.8,3.5,34.7,150,2,86,185,92,3501,97,Mobile,Germany
USR007679,14.7,2.2,7.4,40.9,5.2,98.2,41,3,7,213,92,1871,237,Mobile,India
USR007680,185.8,29.3,6.7,23.9,0.1,41.8,463,34,70,12,42,2838,340,Mobile,UK
USR007681,36.1,7.9,3.1,29.3,0.8,45.5,397,17,36,407,9,1321,57,Mobile,UK
USR007682,7.4,4.3,1.4,11.2,14.2,49.4,492,22,30,179,14,2949,355,Mobile,Japan
USR007683,46.8,7.8,14.2,20.6,23.3,82.7,596,13,24,491,85,333,361,Mobile,Japan
USR007684,17.9,0.1,4.7,1.2,1.8,71.4,87,10,81,166,79,3156,140,Desktop,India
USR007685,33.5,1.5,13.5,42.4,1.3,23.4,23,39,61,301,62,3252,124,Mobile,Brazil
USR007686,105.3,4.1,6.3,20.5,0.9,52.3,538,12,19,348,90,455,129,Mobile,Japan
USR007687,253.9,1.3,0.0,23.2,4.1,33.0,392,32,60,49,64,1148,308,Mobile,Australia
USR007688,161.5,0.4,1.1,97.6,1.7,83.2,163,11,54,49,82,57,336,Mobile,Brazil
USR007689,1.5,5.5,23.6,2.3,4.4,47.1,57,5,71,88,62,2020,354,Mobile,UK
USR007690,43.3,1.6,3.6,38.5,0.6,93.9,384,5,41,352,39,1148,233,Desktop,Australia
USR007691,62.6,7.7,3.5,25.4,8.4,34.4,386,37,51,388,45,196,343,Mobile,Japan
USR007692,66.5,5.3,3.0,27.5,1.3,95.1,140,20,18,317,15,894,193,Desktop,Japan
USR007693,4.4,8.3,0.5,9.3,1.5,42.3,192,47,28,264,10,780,200,Desktop,Brazil
USR007694,64.1,4.4,8.4,57.4,34.0,76.1,109,33,25,99,64,503,308,Tablet,USA
USR007695,21.9,3.4,13.5,6.7,14.3,60.2,87,17,83,290,76,356,343,Desktop,Japan
USR007696,57.7,14.5,9.5,25.6,1.3,67.4,506,33,86,413,39,2892,289,Mobile,Australia
USR007697,57.3,4.1,5.5,107.0,3.9,51.2,15,40,60,370,28,3531,346,Mobile,Germany
USR007698,132.9,1.7,0.9,18.8,2.7,40.2,197,32,90,187,82,2512,43,Tablet,UK
USR007699,65.4,1.8,8.5,4.6,2.0,25.2,299,9,7,223,66,397,120,Mobile,Germany
USR007700,72.9,0.4,2.9,47.3,5.0,87.7,270,27,65,399,35,616,50,Mobile,UK
USR007701,238.1,0.4,17.7,122.3,1.1,52.3,66,43,61,17,98,2936,211,Mobile,Germany
USR007702,61.5,14.8,1.6,106.0,0.3,91.4,100,35,84,342,79,3503,214,Desktop,UK
USR007703,47.2,2.8,0.4,0.8,5.7,85.2,338,21,82,317,90,1458,247,Mobile,Japan
USR007704,36.4,9.1,1.0,92.6,10.7,76.8,468,42,64,73,55,46,259,Mobile,USA
USR007705,14.3,8.3,19.1,39.2,25.8,94.2,62,47,83,483,79,3282,282,Mobile,Australia
USR007706,14.3,4.0,15.5,35.9,5.6,21.1,178,0,13,213,36,804,308,Tablet,Germany
USR007707,48.3,1.7,4.7,64.7,2.6,65.4,259,6,80,416,98,830,94,Mobile,USA
USR007708,44.2,4.9,10.1,44.5,59.6,32.9,156,18,78,282,51,1731,244,Mobile,Germany
USR007709,37.6,8.7,7.9,24.6,1.5,69.3,83,44,28,155,17,1739,197,Mobile,Brazil
USR007710,54.5,7.2,7.4,36.2,6.5,26.6,105,8,25,420,44,464,167,Desktop,India
USR007711,41.0,5.1,2.2,110.8,0.4,69.5,121,6,44,487,90,77,202,Mobile,USA
USR007712,58.3,2.7,4.3,62.1,0.3,81.0,29,42,22,206,56,2339,278,Mobile,Germany
USR007713,241.8,0.6,12.8,2.0,7.2,68.4,116,3,5,197,31,3210,44,Mobile,UK
USR007714,38.5,10.7,17.6,64.3,37.3,52.3,514,40,42,234,13,1624,203,Desktop,India
USR007715,63.3,8.8,3.1,33.7,10.2,46.1,20,44,82,30,83,3051,206,Desktop,Australia
USR007716,130.9,8.5,1.1,119.8,2.3,37.7,329,22,66,478,90,1910,10,Mobile,Germany
USR007717,42.9,1.5,8.3,100.5,44.9,57.8,50,5,14,453,88,2223,205,Mobile,Brazil
USR007718,23.6,2.6,11.6,18.8,26.7,88.3,48,45,17,1,26,1838,97,Mobile,India
USR007719,93.0,1.7,14.7,15.5,10.6,42.9,327,17,61,124,27,1016,11,Mobile,Australia
USR007720,1.0,0.7,2.7,131.1,23.8,98.7,253,19,7,348,58,1414,251,Mobile,Australia
USR007721,24.7,3.5,19.1,33.1,4.3,85.6,126,27,55,496,13,192,330,Mobile,India
USR007722,15.9,14.6,16.6,81.5,6.0,72.3,36,39,79,447,37,1403,268,Mobile,USA
USR007723,49.8,6.8,2.3,88.5,10.2,47.7,170,6,75,109,18,476,148,Tablet,UK
USR007724,59.3,0.3,4.4,17.8,4.6,45.7,6,37,61,480,83,3621,304,Mobile,Australia
USR007725,30.8,2.3,0.9,21.5,14.1,43.7,42,21,26,325,11,167,234,Mobile,Brazil
USR007726,24.1,0.8,9.8,44.2,14.7,83.9,148,32,66,37,66,435,151,Mobile,India
USR007727,28.5,2.3,0.4,38.2,7.6,91.8,436,2,98,371,72,223,359,Desktop,Japan
USR007728,12.2,3.4,2.9,12.3,0.0,48.8,56,48,42,52,90,765,138,Mobile,Japan
USR007729,44.0,5.2,2.3,51.5,6.0,95.0,307,21,36,89,0,853,230,Mobile,Australia
USR007730,9.0,11.4,7.4,25.3,43.9,51.0,61,5,17,194,2,869,313,Mobile,UK
USR007731,9.8,8.3,7.6,47.6,44.1,74.0,383,44,76,16,78,1520,205,Mobile,Japan
USR007732,44.0,0.7,1.3,42.0,9.5,66.0,340,32,27,409,12,3457,349,Mobile,India
USR007733,6.0,3.0,5.6,21.8,14.3,28.5,49,32,0,196,4,933,170,Desktop,UK
USR007734,17.2,5.5,10.0,28.6,19.2,26.4,151,22,95,180,2,2131,100,Mobile,Australia
USR007735,18.8,1.8,3.5,8.1,10.9,86.6,421,5,94,173,44,2899,176,Mobile,USA
USR007736,62.6,13.9,7.8,62.6,10.7,74.8,423,2,59,415,73,1796,312,Mobile,USA
USR007737,1.0,4.4,6.9,19.0,0.0,31.0,116,49,0,408,3,1279,88,Mobile,USA
USR007738,57.1,0.1,0.9,133.6,17.7,92.3,298,10,10,79,0,214,7,Mobile,UK
USR007739,117.8,4.0,22.8,18.0,2.3,62.7,2,39,55,237,88,1932,235,Mobile,Australia
USR007740,14.0,4.6,2.2,9.4,1.2,57.9,239,47,49,223,81,3372,91,Mobile,USA
USR007741,98.4,1.2,5.2,2.7,1.0,52.9,96,27,91,477,35,1795,331,Mobile,Australia
USR007742,79.5,2.8,0.0,5.0,5.9,36.8,92,0,23,483,93,2229,131,Mobile,Brazil
USR007743,36.0,2.6,2.2,73.7,6.1,67.3,154,10,67,479,78,1570,341,Mobile,Australia
USR007744,104.3,0.2,1.1,13.7,2.3,86.3,31,27,42,423,95,1902,276,Mobile,Germany
USR007745,130.4,1.4,9.4,30.9,13.0,20.0,24,15,59,125,48,3220,338,Mobile,USA
USR007746,8.9,15.0,1.8,56.0,10.9,96.3,87,47,78,469,71,3032,228,Mobile,USA
USR007747,98.7,3.1,12.4,13.0,2.5,72.2,393,2,54,270,54,3570,148,Mobile,Japan
USR007748,22.9,0.7,1.2,28.2,0.1,75.9,766,16,75,63,84,2398,0,Desktop,Germany
USR007749,68.5,1.7,0.3,10.4,1.8,81.3,578,30,4,459,24,2676,86,Desktop,UK
USR007750,33.0,7.1,1.3,70.1,7.7,35.1,353,35,31,187,35,2170,219,Mobile,Japan
USR007751,13.1,1.0,7.1,17.1,7.8,27.4,91,45,70,114,83,1204,92,Desktop,India
USR007752,22.5,6.8,1.4,63.4,2.6,23.3,153,35,91,388,57,3180,26,Mobile,India
USR007753,71.1,2.1,0.3,35.2,11.4,59.8,392,1,58,302,44,283,334,Desktop,Brazil
USR007754,50.1,7.0,25.9,13.5,10.9,88.2,219,15,10,159,70,2183,127,Mobile,Germany
USR007755,52.5,6.4,28.2,4.9,26.0,99.9,382,43,11,252,78,1136,171,Mobile,India
USR007756,97.2,1.6,13.0,37.1,5.4,57.1,258,6,30,462,49,2694,339,Desktop,Australia
USR007757,88.7,3.7,6.2,11.3,3.9,52.9,289,30,90,143,22,1848,163,Mobile,UK
USR007758,14.2,10.0,8.8,79.5,48.0,96.0,373,7,10,423,31,1644,42,Desktop,UK
USR007759,23.3,7.8,35.9,55.1,9.4,77.5,0,38,55,144,42,165,173,Mobile,Germany
USR007760,9.7,4.9,6.2,3.9,3.5,26.6,175,0,78,254,25,1749,335,Desktop,Brazil
USR007761,41.4,0.7,1.4,3.7,22.6,35.0,251,16,60,396,78,1340,260,Desktop,Germany
USR007762,11.0,2.2,10.7,32.0,20.1,29.8,145,35,37,498,80,880,57,Desktop,Australia
USR007763,6.6,1.1,25.9,16.7,3.5,85.7,365,38,64,427,20,1961,311,Tablet,India
USR007764,74.6,3.6,6.8,0.1,4.3,55.0,77,10,99,142,21,2226,153,Desktop,Brazil
USR007765,135.2,0.3,4.3,17.8,3.9,92.6,83,47,51,265,86,1797,183,Mobile,India
USR007766,145.8,5.5,13.5,167.0,4.3,44.8,6,32,60,120,16,1151,181,Mobile,UK
USR007767,58.8,1.0,2.9,21.2,6.8,55.1,294,28,55,362,65,3111,207,Desktop,Japan
USR007768,21.8,4.2,8.5,36.1,3.5,33.6,455,14,35,279,81,1529,312,Desktop,Japan
USR007769,37.7,0.3,45.1,83.3,10.0,57.7,91,8,81,406,88,2098,258,Tablet,Australia
USR007770,279.1,0.3,7.6,38.2,3.8,74.4,35,14,23,82,0,2046,306,Mobile,UK
USR007771,75.6,1.6,3.4,80.2,6.1,48.6,82,16,0,204,63,2535,288,Mobile,UK
USR007772,42.5,3.7,1.6,25.2,1.6,71.3,24,12,67,333,27,3349,98,Mobile,India
USR007773,20.5,3.8,4.5,47.8,0.9,20.3,613,18,89,374,21,2009,273,Mobile,UK
USR007774,1.0,11.9,0.9,125.3,19.5,26.8,372,23,97,361,25,3607,318,Mobile,Japan
USR007775,94.2,2.0,2.5,135.2,4.4,91.5,1,27,7,30,28,2309,172,Mobile,Australia
USR007776,74.3,7.2,34.9,22.7,0.2,69.4,29,10,45,108,44,1136,11,Desktop,Brazil
USR007777,20.6,3.9,39.6,12.7,16.3,54.0,232,10,60,279,69,1983,319,Mobile,India
USR007778,78.2,1.1,5.2,72.0,11.7,38.9,444,8,15,475,45,3372,221,Mobile,India
USR007779,30.8,1.5,23.5,259.3,14.4,23.0,57,29,11,286,37,2543,151,Mobile,Brazil
USR007780,41.3,1.3,6.3,32.0,37.0,76.9,417,44,85,241,16,1404,71,Mobile,UK
USR007781,78.0,1.4,0.4,101.2,12.1,33.2,80,0,88,298,5,2159,210,Mobile,Japan
USR007782,17.5,11.0,22.6,83.7,4.1,84.4,90,14,33,280,27,1415,330,Mobile,Germany
USR007783,23.8,0.5,1.4,147.6,3.6,93.7,186,24,94,243,90,1231,151,Mobile,USA
USR007784,150.9,9.1,1.3,169.3,1.4,58.7,331,27,32,166,84,847,150,Tablet,India
USR007785,26.4,0.3,1.5,81.7,0.7,81.7,418,9,73,224,30,242,361,Mobile,UK
USR007786,1.0,11.8,5.3,61.9,0.2,75.4,140,7,16,499,90,1201,293,Mobile,UK
USR007787,22.7,1.6,2.5,3.6,5.2,22.3,88,4,63,170,75,1537,29,Desktop,UK
USR007788,143.3,1.1,2.9,2.2,2.6,85.8,132,42,76,37,81,3634,218,Mobile,India
USR007789,60.3,1.3,0.7,60.7,1.2,26.8,249,13,94,102,56,1765,146,Mobile,India
USR007790,16.8,3.3,13.4,51.8,5.6,83.4,514,26,45,20,78,2696,121,Mobile,Japan
USR007791,74.6,3.1,24.6,5.3,21.9,89.3,216,13,29,467,71,1632,157,Desktop,UK
USR007792,52.0,7.1,7.2,23.8,0.6,75.0,51,30,91,8,82,962,57,Mobile,Japan
USR007793,30.1,2.4,2.9,4.9,1.8,34.6,0,22,21,166,34,2187,222,Mobile,UK
USR007794,46.3,3.8,5.4,66.1,5.8,55.5,465,32,71,29,17,1503,154,Tablet,UK
USR007795,27.9,0.3,9.5,28.1,1.9,43.6,124,27,61,222,21,310,163,Mobile,Australia
USR007796,28.9,5.4,17.6,101.6,9.6,76.7,191,30,51,196,97,2733,137,Mobile,Australia
USR007797,4.2,3.1,12.4,3.4,16.9,32.8,63,49,4,208,66,701,115,Desktop,Brazil
USR007798,42.1,8.9,3.5,32.0,17.2,32.2,123,34,84,74,65,1675,297,Mobile,Japan
USR007799,65.6,3.1,3.1,4.3,13.3,65.5,300,49,44,461,15,1276,118,Mobile,Germany
USR007800,33.5,1.3,5.3,46.4,35.4,71.5,638,8,21,313,38,189,78,Mobile,USA
USR007801,109.0,3.3,10.6,11.9,0.7,69.0,186,10,12,482,84,202,145,Desktop,Germany
USR007802,15.9,0.2,3.5,34.0,0.1,77.9,480,31,26,127,58,36,307,Desktop,Germany
USR007803,73.6,8.7,9.2,260.3,1.2,99.9,328,23,96,381,60,1270,19,Mobile,Australia
USR007804,12.1,14.5,2.8,95.2,44.8,38.0,1001,11,40,484,19,913,13,Desktop,Australia
USR007805,30.3,5.1,1.0,88.2,28.8,59.9,37,23,17,488,52,2428,309,Mobile,USA
USR007806,18.9,8.4,0.4,6.3,12.7,28.0,141,38,19,113,11,238,192,Mobile,Japan
USR007807,16.3,3.9,2.9,100.1,14.4,54.6,120,26,95,211,34,632,256,Mobile,UK
USR007808,27.1,4.4,3.4,23.1,13.6,21.5,69,34,81,27,43,1511,118,Desktop,Brazil
USR007809,17.5,20.7,26.4,111.4,25.5,98.7,40,49,5,27,58,2178,270,Mobile,Japan
USR007810,54.3,3.8,8.4,127.1,0.5,35.0,178,20,67,208,34,2182,104,Tablet,Japan
USR007811,82.7,7.6,1.3,47.0,1.0,91.4,190,46,18,462,15,2673,82,Mobile,USA
USR007812,105.8,3.9,14.6,1.7,19.5,21.5,183,25,7,432,80,559,163,Desktop,Australia
USR007813,28.6,0.6,9.5,7.3,5.0,36.3,335,2,8,434,46,875,266,Mobile,USA
USR007814,82.2,6.2,0.8,135.3,11.7,73.4,60,10,81,452,93,3078,247,Desktop,Australia
USR007815,20.8,6.7,4.0,11.3,14.7,52.9,153,26,61,71,65,295,292,Mobile,Brazil
USR007816,38.5,4.0,4.7,2.5,4.9,93.1,25,36,3,65,41,2101,210,Mobile,Brazil
USR007817,3.2,3.1,4.2,54.2,2.9,69.0,239,49,83,401,16,895,354,Mobile,India
USR007818,31.3,1.3,0.2,1.5,9.1,59.2,44,28,3,333,37,170,200,Mobile,India
USR007819,14.8,10.1,5.8,147.4,1.4,31.5,319,11,76,154,43,2430,86,Mobile,UK
USR007820,103.2,13.1,2.8,3.4,0.4,74.6,51,9,28,434,51,2319,132,Mobile,Japan
USR007821,30.7,6.3,0.8,173.9,1.7,29.3,106,20,16,115,81,3307,324,Tablet,Australia
USR007822,10.3,3.3,10.0,12.4,7.3,58.0,212,36,20,370,54,194,241,Mobile,USA
USR007823,113.0,8.2,10.7,66.6,1.8,94.1,30,38,77,442,71,2600,224,Desktop,Brazil
USR007824,96.1,1.7,26.6,17.7,7.8,24.8,564,22,28,474,66,1877,187,Mobile,Japan
USR007825,5.2,16.7,13.2,6.0,9.4,95.4,130,45,77,488,27,2454,217,Mobile,Australia
USR007826,209.5,3.4,5.2,46.8,1.9,74.4,370,38,25,265,93,2078,47,Mobile,Brazil
USR007827,43.7,2.4,2.1,116.4,9.1,44.3,69,13,60,463,66,1106,158,Desktop,UK
USR007828,33.7,0.6,4.2,44.8,7.0,90.5,242,15,91,22,42,824,184,Tablet,Japan
USR007829,54.5,3.6,1.9,66.8,0.7,47.5,346,43,87,369,55,1778,279,Mobile,USA
USR007830,80.8,4.2,5.8,136.0,6.8,57.8,124,37,47,360,77,1125,77,Tablet,UK
USR007831,33.8,7.4,16.1,60.1,4.8,78.1,43,2,89,289,14,1762,70,Desktop,Brazil
USR007832,40.3,0.9,1.6,27.2,2.7,94.4,63,36,62,127,27,2107,13,Mobile,Australia
USR007833,38.7,4.3,7.8,1.3,1.1,40.0,164,30,61,91,25,1279,208,Mobile,Brazil
USR007834,4.2,4.6,8.6,7.0,0.5,36.0,299,14,2,253,31,1818,316,Tablet,Brazil
USR007835,88.2,8.0,1.9,4.1,2.1,36.1,25,9,50,51,28,309,210,Mobile,Australia
USR007836,57.5,1.6,2.3,100.3,6.0,64.2,44,11,3,432,17,65,26,Mobile,UK
USR007837,88.2,0.3,0.4,2.8,11.6,22.6,110,26,34,364,5,3481,271,Mobile,India
USR007838,12.5,6.2,3.4,30.0,4.4,37.4,15,6,89,330,90,212,4,Mobile,USA
USR007839,38.9,7.1,0.4,49.6,19.5,91.3,83,18,19,191,59,1925,198,Mobile,Germany
USR007840,52.6,5.1,23.2,7.4,7.1,29.8,79,9,66,77,41,2210,236,Mobile,UK
USR007841,39.2,0.6,2.6,9.5,2.3,59.0,24,29,57,308,42,2800,309,Mobile,Germany
USR007842,48.4,2.1,0.0,25.7,23.1,29.6,400,20,62,383,89,1453,288,Tablet,Germany
USR007843,7.5,1.6,7.7,9.0,12.0,45.2,305,30,79,371,83,852,222,Desktop,Brazil
USR007844,41.0,3.8,9.8,77.3,3.1,98.8,295,34,82,307,89,383,322,Mobile,Australia
USR007845,29.4,7.6,7.7,0.3,5.3,70.4,883,26,21,84,89,578,187,Mobile,USA
USR007846,1.0,1.7,15.4,119.6,9.4,22.8,196,28,74,329,43,771,291,Mobile,Brazil
USR007847,41.9,7.2,0.5,52.3,0.0,84.8,10,49,42,485,6,1167,101,Mobile,USA
USR007848,7.8,6.3,0.3,105.2,10.5,97.5,582,36,70,495,73,2264,51,Desktop,UK
USR007849,17.0,2.3,1.8,54.9,0.3,55.1,209,0,66,225,84,1537,195,Mobile,Japan
USR007850,3.0,1.3,7.3,83.6,23.4,72.6,5,35,63,117,51,3590,30,Mobile,Germany
USR007851,5.4,1.1,5.8,72.9,0.4,81.7,381,7,10,106,61,3392,253,Tablet,Japan
USR007852,10.0,18.6,7.4,8.3,6.3,43.3,223,33,80,109,73,1909,172,Desktop,Brazil
USR007853,88.6,16.4,4.6,9.2,7.3,68.0,46,5,77,165,99,3274,299,Mobile,UK
USR007854,62.6,2.7,10.0,45.6,3.6,85.7,387,11,1,16,57,3292,5,Mobile,Australia
USR007855,19.2,7.7,1.8,6.8,20.3,64.2,77,46,9,114,72,646,155,Desktop,India
USR007856,71.9,1.3,4.9,44.4,3.3,56.7,110,14,61,357,86,1206,94,Desktop,Brazil
USR007857,29.9,16.5,7.6,56.7,6.1,94.7,261,30,43,488,46,3002,151,Mobile,Australia
USR007858,37.9,2.9,4.5,35.5,26.5,27.9,177,36,70,498,64,1694,104,Mobile,UK
USR007859,78.8,5.5,13.9,93.2,12.5,56.1,785,8,48,225,33,301,228,Mobile,Germany
USR007860,5.2,0.3,2.4,109.8,7.5,24.0,462,13,47,346,13,2838,325,Desktop,Australia
USR007861,77.1,3.7,0.6,166.1,18.3,26.1,141,1,53,92,97,1144,149,Desktop,Australia
USR007862,36.1,1.4,16.1,60.6,15.7,89.0,278,39,80,99,54,2226,201,Mobile,Australia
USR007863,24.7,1.1,0.3,127.7,5.1,26.0,4,18,28,373,16,2809,167,Mobile,Germany
USR007864,164.2,1.2,2.5,59.9,10.7,54.9,145,19,33,484,59,3322,286,Mobile,USA
USR007865,11.1,0.2,4.4,22.5,4.4,64.2,73,41,30,476,51,2895,272,Desktop,USA
USR007866,1.4,1.0,0.3,56.1,43.2,95.5,114,20,27,226,82,870,189,Desktop,India
USR007867,12.0,0.2,1.3,0.2,11.2,27.9,63,19,68,412,87,3005,16,Tablet,Germany
USR007868,134.6,3.6,17.6,188.1,8.0,64.3,796,36,62,321,37,3588,356,Mobile,Germany
USR007869,34.3,3.0,4.3,6.4,3.2,73.2,22,22,29,92,42,1767,24,Mobile,Japan
USR007870,20.1,2.6,9.1,151.1,0.8,58.1,21,8,31,2,66,432,307,Desktop,UK
USR007871,33.7,1.5,7.0,3.8,5.7,59.8,0,31,56,188,36,1374,66,Desktop,India
USR007872,53.0,0.9,2.5,28.5,6.4,26.8,240,16,13,418,37,1490,182,Mobile,India
USR007873,47.3,8.4,15.0,49.5,12.2,72.8,309,10,13,51,83,733,78,Mobile,Australia
USR007874,23.5,10.5,2.1,28.4,1.6,65.5,25,0,36,355,28,127,310,Mobile,Germany
USR007875,41.8,0.7,0.2,60.7,21.3,63.5,32,31,52,48,91,2308,167,Mobile,UK
USR007876,25.6,0.4,8.0,39.8,38.0,90.0,634,3,6,319,1,2302,190,Mobile,UK
USR007877,281.6,1.9,12.1,30.9,42.5,69.2,79,10,22,276,92,3022,167,Mobile,USA
USR007878,30.6,7.2,5.2,108.8,5.5,27.2,33,29,78,381,53,2914,91,Mobile,UK
USR007879,86.0,2.6,4.8,152.3,20.0,49.6,391,10,65,243,31,3643,111,Mobile,Brazil
USR007880,1.5,7.8,1.2,72.3,8.5,95.2,60,3,92,53,31,779,320,Mobile,India
USR007881,112.3,0.2,3.9,84.3,10.1,83.2,126,7,90,294,16,1097,174,Mobile,UK
USR007882,4.4,3.3,11.2,2.5,21.6,56.9,301,4,73,295,5,2157,230,Mobile,Brazil
USR007883,10.0,0.4,0.4,263.7,3.1,29.9,122,49,96,24,80,3111,261,Mobile,Japan
USR007884,43.2,2.6,4.5,2.6,0.0,71.2,78,46,4,404,71,1058,53,Mobile,USA
USR007885,87.7,3.8,6.0,9.2,7.2,61.4,376,5,9,60,37,886,319,Mobile,USA
USR007886,134.5,0.1,1.5,40.1,2.3,52.2,54,19,4,139,57,1653,131,Mobile,Australia
USR007887,155.1,7.1,3.3,209.2,6.1,89.6,9,4,79,15,13,2448,270,Desktop,UK
USR007888,14.7,2.4,13.6,15.0,1.0,42.6,667,46,42,94,72,1754,19,Mobile,UK
USR007889,57.2,1.8,2.5,35.4,3.5,24.9,312,3,79,121,2,2873,308,Mobile,UK
USR007890,18.7,3.3,18.8,9.8,8.3,97.9,21,32,77,7,45,3241,303,Mobile,UK
USR007891,90.0,1.4,1.4,0.5,2.1,74.9,109,45,57,52,77,2344,86,Mobile,USA
USR007892,23.5,8.2,6.6,3.9,1.8,76.2,110,5,94,246,31,2483,148,Mobile,Germany
USR007893,36.0,2.5,2.3,26.0,2.4,47.2,44,25,90,351,8,1341,88,Mobile,Brazil
USR007894,93.4,1.4,0.1,30.6,2.7,63.1,103,38,9,368,34,3095,233,Desktop,UK
USR007895,110.3,3.4,5.8,5.6,0.2,89.6,27,43,3,481,44,1828,117,Mobile,UK
USR007896,18.2,4.7,7.6,69.8,16.7,67.7,315,22,93,435,62,1602,284,Tablet,India
USR007897,299.8,3.7,15.3,60.0,6.3,55.4,175,15,56,477,55,2236,41,Mobile,India
USR007898,107.0,5.0,1.7,4.3,1.4,64.2,37,8,30,441,72,2711,79,Mobile,Japan
USR007899,31.5,11.5,8.6,134.6,16.6,84.7,688,22,76,419,99,983,257,Desktop,Japan
USR007900,22.7,1.1,12.7,4.0,17.9,32.9,325,29,25,248,89,789,288,Desktop,Japan
USR007901,33.2,11.0,16.5,36.0,17.7,79.0,53,38,87,426,16,3147,229,Mobile,Australia
USR007902,195.8,0.5,4.0,27.7,5.7,52.9,242,1,54,26,5,3006,235,Mobile,UK
USR007903,93.4,3.2,0.5,72.5,5.5,99.2,57,6,77,8,60,553,347,Desktop,Germany
USR007904,15.6,1.6,4.8,38.4,23.2,49.7,13,31,22,391,41,298,90,Desktop,Japan
USR007905,1.0,0.3,0.9,43.2,9.1,32.9,149,42,47,434,1,2887,157,Mobile,USA
USR007906,49.3,3.7,0.5,18.4,10.2,49.8,161,25,5,177,97,939,325,Mobile,Japan
USR007907,41.5,7.0,3.1,5.4,3.3,47.1,212,4,16,445,90,2786,47,Mobile,Japan
USR007908,2.2,1.6,3.7,46.4,15.0,52.5,695,39,72,47,38,1417,110,Tablet,Japan
USR007909,1.0,3.0,17.7,5.9,5.3,77.9,201,7,41,269,75,441,219,Mobile,UK
USR007910,22.0,4.0,11.5,16.1,16.1,41.4,177,26,25,410,7,1914,190,Desktop,Brazil
USR007911,42.4,3.9,16.5,35.0,10.5,23.3,150,48,76,390,28,697,46,Desktop,Australia
USR007912,164.3,2.0,3.3,22.9,11.7,42.3,11,27,62,350,40,3241,114,Desktop,India
USR007913,106.8,1.5,0.4,119.8,6.4,72.1,127,49,60,175,0,1835,203,Desktop,Australia
USR007914,25.2,2.3,34.5,1.6,0.0,68.0,62,29,65,110,3,1994,13,Mobile,Brazil
USR007915,1.7,0.1,0.5,20.1,13.1,76.1,473,43,94,314,33,401,348,Desktop,USA
USR007916,56.7,1.8,1.9,110.9,1.5,34.0,177,20,2,417,36,1850,174,Mobile,Japan
USR007917,23.9,12.6,7.0,9.2,2.5,91.1,45,18,57,374,8,1978,230,Desktop,UK
USR007918,90.0,2.7,2.5,35.7,0.6,35.8,118,4,0,346,19,3452,337,Mobile,UK
USR007919,7.3,0.4,7.5,88.7,8.6,31.0,54,9,8,325,13,1406,208,Mobile,Brazil
USR007920,11.6,28.5,4.0,25.1,40.0,59.6,100,37,33,396,52,664,201,Mobile,USA
USR007921,52.5,2.8,2.6,13.5,12.2,69.0,18,33,12,181,59,2907,263,Mobile,UK
USR007922,75.6,0.6,1.7,31.0,7.8,45.9,183,22,30,73,44,1656,209,Mobile,Japan
USR007923,97.9,1.1,8.9,7.3,17.7,85.3,133,38,98,475,75,3392,352,Mobile,USA
USR007924,1.7,4.7,8.7,83.8,50.5,38.3,155,21,64,102,2,1675,150,Desktop,Australia
USR007925,157.9,7.8,0.4,3.5,4.5,31.8,107,32,89,1,86,3439,173,Mobile,Japan
USR007926,95.5,0.0,10.9,41.8,8.8,62.9,38,31,87,56,71,1547,117,Mobile,USA
USR007927,51.0,0.5,3.7,64.3,12.3,96.8,93,37,4,102,84,2768,264,Desktop,Japan
USR007928,60.7,9.1,28.9,8.5,36.8,56.2,143,21,93,490,32,2384,334,Desktop,Japan
USR007929,109.2,0.9,2.5,14.4,6.8,83.7,70,31,39,3,99,368,324,Mobile,UK
USR007930,84.8,8.2,1.5,55.8,27.3,68.6,83,2,70,251,7,1171,272,Mobile,Brazil
USR007931,122.2,4.0,29.0,32.2,20.5,86.7,248,31,45,342,22,1444,254,Mobile,Australia
USR007932,53.4,3.4,2.6,41.1,0.9,37.2,47,20,39,267,7,2161,323,Mobile,Australia
USR007933,5.1,14.2,9.6,12.8,4.8,63.9,210,31,79,278,44,981,179,Mobile,USA
USR007934,10.3,10.1,5.5,20.9,14.2,94.5,158,27,61,211,26,3280,173,Desktop,Brazil
USR007935,44.1,1.1,8.4,12.6,30.2,97.7,278,43,89,488,37,2178,149,Mobile,Australia
USR007936,8.4,0.4,4.4,13.7,1.1,74.1,1,40,87,247,27,2724,60,Desktop,India
USR007937,111.3,14.2,6.7,77.7,2.1,60.2,77,21,22,376,85,3469,348,Desktop,Brazil
USR007938,9.8,1.1,11.4,63.0,47.7,74.3,597,26,2,268,4,915,242,Mobile,UK
USR007939,76.8,3.4,0.2,36.8,4.7,57.9,12,48,46,57,66,271,157,Mobile,Japan
USR007940,39.9,5.9,21.5,4.1,6.7,40.6,126,2,97,350,57,145,53,Mobile,India
USR007941,4.4,12.3,2.6,61.7,3.6,86.2,214,1,48,478,10,328,208,Desktop,Germany
USR007942,50.8,8.5,18.1,25.7,18.8,72.3,5,17,13,54,70,554,113,Mobile,Brazil
USR007943,113.2,5.0,11.8,75.8,23.7,79.0,149,23,30,220,66,690,220,Mobile,India
USR007944,9.2,1.3,11.0,19.6,4.3,20.2,598,46,49,371,85,3570,13,Mobile,Germany
USR007945,15.4,11.2,3.7,46.0,0.4,55.3,37,18,2,244,32,1400,235,Mobile,Australia
USR007946,211.4,3.7,5.3,13.4,1.5,87.1,74,42,23,304,60,2652,236,Desktop,Japan
USR007947,36.4,1.4,3.5,9.4,5.4,58.5,101,33,96,196,27,42,44,Mobile,Japan
USR007948,22.0,3.1,13.6,20.6,0.2,82.1,224,13,87,112,51,229,137,Mobile,Japan
USR007949,43.3,4.4,14.1,2.3,6.0,62.1,67,23,16,224,97,1807,307,Mobile,Australia
USR007950,14.7,1.0,7.7,1.8,16.8,86.5,90,29,89,295,69,260,91,Desktop,USA
USR007951,45.4,1.9,18.0,35.2,15.4,61.1,255,13,44,403,99,915,110,Mobile,Japan
USR007952,92.2,6.2,3.5,57.2,51.0,73.1,24,19,41,218,85,832,163,Mobile,UK
USR007953,7.8,0.3,0.5,30.2,6.6,87.7,150,36,70,189,59,540,225,Desktop,USA
USR007954,1.0,14.9,3.5,2.9,9.8,27.9,203,33,86,330,95,1361,186,Mobile,Japan
USR007955,58.3,10.5,4.5,19.7,1.4,87.0,46,5,19,213,73,2562,265,Mobile,India
USR007956,46.7,0.5,18.3,93.0,16.4,32.3,573,22,70,100,36,2140,114,Mobile,Brazil
USR007957,23.1,3.8,4.0,88.3,10.5,72.0,22,10,78,277,49,2354,185,Mobile,USA
USR007958,2.4,3.3,21.1,36.9,25.0,37.7,183,10,92,309,7,2438,282,Desktop,Australia
USR007959,85.4,5.1,5.4,50.5,14.0,66.4,84,26,71,382,13,3241,247,Mobile,UK
USR007960,26.4,11.8,17.8,96.6,4.7,48.6,439,16,71,160,37,673,319,Mobile,India
USR007961,29.7,3.2,7.0,14.7,1.7,48.6,183,16,97,150,41,461,153,Mobile,India
USR007962,57.6,2.8,1.3,6.6,11.7,42.1,314,46,78,56,82,3203,56,Desktop,UK
USR007963,19.2,5.4,2.1,33.5,11.5,23.6,93,33,12,57,34,169,33,Mobile,Japan
USR007964,12.5,13.3,0.2,17.9,12.1,56.5,144,26,62,100,30,945,321,Tablet,UK
USR007965,112.7,2.0,44.4,13.7,6.1,74.9,26,40,69,274,19,2529,228,Mobile,Germany
USR007966,112.6,15.3,1.9,17.9,8.8,81.2,74,25,11,122,42,2367,253,Mobile,Japan
USR007967,219.5,0.1,7.7,7.4,3.5,44.6,135,17,93,438,73,3062,352,Mobile,UK
USR007968,145.6,2.7,0.6,29.5,34.2,45.0,763,6,50,436,41,1344,84,Mobile,UK
USR007969,28.4,0.6,3.0,3.8,15.9,32.6,15,10,32,306,46,1298,250,Mobile,Brazil
USR007970,14.5,2.1,29.7,66.1,0.8,83.6,276,20,51,332,58,1353,114,Mobile,USA
USR007971,47.5,4.1,3.1,14.2,8.8,44.8,242,14,30,47,25,1664,150,Mobile,UK
USR007972,1.2,1.1,1.4,32.5,0.9,54.9,641,27,40,67,65,3250,301,Desktop,Brazil
USR007973,41.7,11.4,7.3,53.0,10.2,51.4,437,47,92,430,55,509,20,Mobile,India
USR007974,38.0,0.4,18.3,79.3,4.0,40.7,3,36,56,439,12,834,86,Mobile,USA
USR007975,49.0,12.5,2.8,100.0,38.0,77.0,401,7,50,60,1,3151,269,Desktop,USA
USR007976,30.7,3.5,0.3,13.7,0.2,66.8,139,33,99,168,77,2924,327,Mobile,Japan
USR007977,15.5,0.7,12.1,19.1,19.3,95.9,63,27,51,341,65,3415,58,Mobile,Japan
USR007978,40.7,1.2,12.3,14.6,5.7,58.4,46,44,11,198,91,1719,211,Mobile,UK
USR007979,13.4,4.9,3.8,65.2,4.1,55.0,50,18,82,60,23,1092,56,Desktop,Australia
USR007980,1.0,6.8,12.2,14.8,8.0,40.4,498,0,2,20,76,140,151,Desktop,USA
USR007981,6.5,12.8,2.1,4.1,6.5,95.9,33,14,31,402,30,2820,165,Tablet,Japan
USR007982,7.9,1.7,4.7,32.2,6.3,87.3,280,6,21,466,27,2889,180,Tablet,UK
USR007983,28.1,7.7,7.1,100.6,9.5,80.3,36,4,40,366,26,366,221,Mobile,India
USR007984,163.7,11.5,4.0,105.1,6.5,86.8,20,15,13,103,69,1834,110,Mobile,Brazil
USR007985,1.9,3.0,3.1,41.6,21.8,89.0,195,25,62,80,10,1775,342,Mobile,Germany
USR007986,9.1,7.2,14.4,0.8,1.2,58.0,335,35,71,251,74,502,293,Mobile,USA
USR007987,12.5,13.0,3.5,4.5,8.4,39.0,160,42,52,278,32,1895,188,Mobile,Japan
USR007988,111.5,2.5,17.4,28.4,4.9,21.8,78,19,60,285,97,719,171,Mobile,Germany
USR007989,1.8,5.4,12.0,40.5,9.8,73.8,20,14,77,238,8,414,136,Mobile,Brazil
USR007990,41.1,6.8,9.6,67.7,1.5,23.6,150,48,33,210,20,2480,17,Mobile,UK
USR007991,148.4,2.3,2.2,7.5,15.1,82.0,93,26,82,357,83,3549,294,Tablet,Australia
USR007992,2.0,15.8,3.9,47.4,5.7,20.3,241,33,68,234,41,741,222,Desktop,Brazil
USR007993,60.2,1.2,1.0,43.6,0.3,28.7,372,11,99,122,74,890,145,Desktop,India
USR007994,52.4,1.2,4.8,5.8,1.1,65.6,83,10,83,454,2,3139,160,Desktop,Australia
USR007995,101.7,3.7,15.6,215.4,2.3,28.7,928,12,22,456,53,535,63,Mobile,Germany
USR007996,17.1,9.2,2.4,56.3,8.3,44.8,108,48,4,297,66,596,63,Mobile,Germany
USR007997,28.1,3.3,5.3,10.8,9.9,26.4,110,39,93,8,95,2514,35,Mobile,Germany
USR007998,37.5,4.4,1.4,49.8,7.1,98.8,568,41,46,463,26,1101,196,Mobile,Japan
USR007999,10.4,2.1,0.6,10.8,5.6,27.6,28,39,58,273,64,2665,141,Mobile,Australia
USR008000,34.9,10.5,3.9,9.6,28.2,54.4,23,14,21,50,76,2643,270,Mobile,UK
USR008001,44.1,1.9,13.0,6.0,12.8,37.7,88,22,53,186,94,1496,164,Mobile,Germany
USR008002,17.2,2.1,8.9,113.8,18.8,45.0,475,48,15,40,24,2452,330,Mobile,USA
USR008003,51.4,27.6,7.4,0.8,5.7,49.4,450,12,32,87,47,2646,217,Mobile,UK
USR008004,52.2,7.4,17.6,62.5,3.0,32.1,22,9,16,333,74,1519,267,Tablet,Germany
USR008005,42.2,0.2,4.0,165.2,20.8,53.6,18,37,81,307,68,3238,328,Mobile,UK
USR008006,150.6,1.1,14.3,6.5,12.5,89.2,70,8,91,59,38,1399,166,Mobile,UK
USR008007,93.4,1.7,5.4,30.6,15.3,43.1,94,20,51,310,55,2089,218,Desktop,Australia
USR008008,136.7,2.4,8.8,22.4,17.3,63.7,811,18,67,437,19,3184,330,Mobile,Germany
USR008009,51.8,0.6,2.5,1.0,6.1,63.5,123,5,72,292,27,174,334,Mobile,Germany
USR008010,7.9,1.9,2.4,41.3,8.4,44.2,34,17,40,445,49,2969,155,Mobile,Brazil
USR008011,89.4,4.0,1.0,30.2,16.0,69.4,128,12,68,19,9,2415,283,Tablet,USA
USR008012,86.2,1.7,11.4,96.0,1.0,32.5,158,46,76,130,15,2886,72,Mobile,Australia
USR008013,8.9,1.3,6.3,21.7,4.1,93.4,253,9,82,418,84,3244,113,Mobile,Germany
USR008014,14.9,6.4,19.5,81.9,12.0,89.3,7,27,13,150,22,1710,351,Mobile,Japan
USR008015,2.8,9.7,1.9,34.5,0.4,72.9,166,41,29,362,73,1111,105,Desktop,UK
USR008016,10.6,2.3,23.0,54.4,13.4,45.2,116,1,19,420,4,1839,120,Mobile,Brazil
USR008017,28.4,2.0,20.1,143.3,10.1,27.9,70,18,87,202,9,2280,316,Mobile,UK
USR008018,25.6,5.6,7.6,25.6,5.4,57.6,12,6,66,340,40,1850,72,Mobile,Australia
USR008019,46.0,0.2,8.0,34.5,10.6,70.9,210,49,62,262,27,880,119,Mobile,Germany
USR008020,54.1,5.3,0.4,46.7,10.1,99.1,608,21,37,165,3,3128,178,Mobile,USA
USR008021,5.4,1.8,15.2,18.5,0.3,99.6,428,37,38,161,77,3291,175,Desktop,Brazil
USR008022,99.1,12.3,0.7,10.1,5.2,92.7,85,20,9,91,91,3180,131,Tablet,Brazil
USR008023,38.6,4.9,1.1,286.5,31.2,42.1,424,7,6,90,29,3192,66,Desktop,Germany
USR008024,24.6,6.0,11.0,30.2,19.2,45.4,37,34,58,302,55,275,294,Mobile,Japan
USR008025,127.6,1.7,7.3,89.5,1.1,89.7,94,21,0,221,61,858,113,Desktop,Japan
USR008026,115.7,11.0,2.2,59.4,0.5,73.9,32,1,21,75,51,3423,32,Mobile,Brazil
USR008027,49.3,0.3,10.0,108.5,9.2,88.3,606,19,99,7,92,2117,149,Mobile,USA
USR008028,255.9,2.3,9.0,7.5,12.8,68.5,111,34,85,448,41,770,52,Mobile,Australia
USR008029,14.9,1.4,4.3,0.7,4.1,80.4,516,34,52,112,6,1198,82,Desktop,Brazil
USR008030,63.9,0.3,17.3,97.2,3.2,42.4,317,16,9,336,28,1242,329,Mobile,India
USR008031,109.2,8.5,10.5,35.7,13.4,74.6,179,44,61,410,14,42,244,Mobile,India
USR008032,22.1,2.8,5.7,15.3,7.6,44.1,543,12,51,143,27,866,186,Mobile,UK
USR008033,142.6,7.4,0.1,13.0,3.1,93.0,66,23,73,143,10,1038,101,Mobile,Germany
USR008034,109.8,15.4,1.8,93.4,47.0,69.2,99,45,52,115,51,721,292,Mobile,UK
USR008035,61.2,13.7,5.4,85.0,15.2,79.8,76,10,51,433,88,996,0,Mobile,Australia
USR008036,58.0,11.4,3.8,4.7,3.2,73.6,219,0,70,117,38,605,29,Mobile,Japan
USR008037,5.7,3.5,8.3,45.0,5.6,58.2,407,44,1,162,33,2804,293,Mobile,Australia
USR008038,12.0,8.6,7.1,61.7,9.5,49.8,475,26,56,91,35,277,60,Desktop,UK
USR008039,33.4,15.9,7.4,73.6,1.1,89.8,1113,40,21,431,79,389,176,Desktop,Brazil
USR008040,71.5,3.8,14.3,22.9,1.2,46.5,236,47,91,88,77,2292,26,Mobile,UK
USR008041,38.9,3.1,3.5,70.0,11.7,38.9,310,9,77,177,27,927,4,Mobile,India
USR008042,7.2,3.5,6.7,73.3,6.5,21.7,269,26,30,306,54,2155,11,Mobile,India
USR008043,15.3,6.3,2.1,32.8,2.2,85.0,18,6,47,112,60,2937,46,Desktop,Brazil
USR008044,18.9,0.2,9.3,93.5,24.4,86.1,125,22,70,103,28,193,67,Desktop,Japan
USR008045,134.8,0.5,12.8,19.8,15.5,47.5,48,49,14,356,33,1012,53,Mobile,USA
USR008046,83.3,13.6,5.9,153.0,34.7,84.9,105,17,23,55,62,3322,282,Tablet,Japan
USR008047,8.7,17.9,1.9,92.7,4.9,73.0,52,4,3,207,9,2136,302,Mobile,Brazil
USR008048,16.0,7.7,3.2,29.2,25.3,78.5,11,47,67,182,61,1478,57,Desktop,Japan
USR008049,15.1,0.7,10.3,4.2,11.6,21.1,99,40,26,199,80,3618,183,Desktop,USA
USR008050,143.1,15.6,3.1,42.2,5.7,31.6,12,15,5,386,11,1058,4,Desktop,Japan
USR008051,14.3,4.2,7.5,3.1,36.4,67.1,38,33,69,316,34,1924,332,Mobile,Japan
USR008052,46.9,3.5,7.0,45.9,10.3,62.9,132,4,61,224,35,3030,6,Mobile,Brazil
USR008053,45.1,5.3,1.4,10.0,12.1,92.4,20,8,48,344,58,1381,64,Mobile,Germany
USR008054,59.8,0.6,1.1,73.9,14.2,51.9,221,33,7,439,7,850,145,Desktop,Australia
USR008055,28.7,2.3,0.2,0.5,16.2,37.6,195,18,28,432,73,618,345,Mobile,India
USR008056,14.8,6.0,1.6,88.6,2.4,29.1,467,39,58,464,59,1393,296,Mobile,Australia
USR008057,18.7,7.9,10.6,33.5,27.9,76.5,35,6,90,294,38,2318,191,Mobile,Japan
USR008058,41.9,18.9,2.2,47.5,1.0,26.8,13,2,0,104,99,1187,268,Desktop,USA
USR008059,34.4,3.2,3.9,44.1,9.1,83.2,145,27,1,297,33,2740,281,Mobile,Australia
USR008060,69.3,0.4,2.0,89.1,0.4,87.7,33,4,82,283,33,40,295,Mobile,Brazil
USR008061,110.5,0.4,0.3,66.2,2.2,20.2,95,39,33,38,63,925,8,Mobile,Australia
USR008062,55.1,3.1,1.2,10.4,5.6,79.7,1,16,24,392,95,3259,191,Mobile,Brazil
USR008063,162.4,9.9,4.7,172.6,19.0,68.7,200,37,51,351,69,3201,120,Mobile,Australia
USR008064,43.5,0.9,17.9,143.1,0.2,76.5,164,25,56,278,20,3111,314,Mobile,Australia
USR008065,65.2,9.5,0.3,86.9,3.3,31.5,111,39,56,56,17,262,283,Mobile,India
USR008066,58.2,3.3,6.0,4.1,28.3,23.9,4,29,75,55,90,1039,13,Mobile,Brazil
USR008067,81.7,4.3,11.7,117.4,17.3,36.3,131,44,49,348,94,495,11,Mobile,Brazil
USR008068,14.7,0.1,5.3,17.1,2.4,23.9,278,1,47,399,31,832,120,Desktop,Germany
USR008069,63.9,1.3,4.3,47.0,11.5,58.8,298,0,5,432,93,2293,343,Mobile,UK
USR008070,72.6,2.4,1.0,17.6,0.5,53.0,310,4,21,118,66,1368,138,Mobile,Brazil
USR008071,23.0,5.9,10.4,81.5,18.8,64.2,14,37,95,3,14,1735,11,Mobile,UK
USR008072,56.0,2.4,6.9,15.1,7.3,70.1,172,16,52,158,61,2850,354,Mobile,Japan
USR008073,81.1,5.2,8.1,29.0,3.5,51.5,115,49,23,390,25,3064,26,Tablet,Brazil
USR008074,26.3,1.4,3.5,68.4,16.6,27.4,316,26,12,91,11,1338,310,Mobile,UK
USR008075,98.2,1.3,8.0,28.7,24.6,84.8,968,47,86,28,72,3196,179,Tablet,India
USR008076,149.1,4.5,4.5,23.8,20.1,88.9,181,41,1,201,30,806,235,Desktop,Australia
USR008077,40.7,0.8,4.6,55.6,4.2,80.5,58,14,46,92,66,1783,53,Mobile,UK
USR008078,125.7,3.0,10.6,22.6,7.6,25.0,280,12,58,17,98,3111,172,Mobile,USA
USR008079,33.2,0.2,0.1,61.2,2.6,25.3,70,17,54,207,10,1650,105,Mobile,Japan
USR008080,12.8,8.7,6.2,51.0,3.1,93.6,52,32,14,48,51,2013,103,Tablet,India
USR008081,92.7,2.4,10.4,22.4,11.5,24.2,18,11,69,228,50,1140,176,Mobile,Germany
USR008082,50.7,15.2,0.1,180.3,0.6,61.0,3,39,76,160,47,2012,190,Mobile,Brazil
USR008083,55.8,6.6,1.7,39.9,1.4,51.0,67,32,91,420,73,318,294,Mobile,Brazil
USR008084,70.1,18.0,18.3,74.5,10.8,28.6,159,8,97,468,57,2564,81,Mobile,Germany
USR008085,147.6,4.6,1.2,118.2,5.2,50.6,510,20,2,496,87,1681,226,Mobile,Brazil
USR008086,45.8,10.8,12.1,157.0,6.1,88.8,231,32,48,244,59,46,199,Mobile,Brazil
USR008087,90.6,5.5,3.5,27.6,0.1,41.8,466,21,82,426,98,776,122,Mobile,Japan
USR008088,1.5,2.5,0.5,30.8,10.9,65.2,372,10,45,118,38,3422,74,Mobile,Brazil
USR008089,257.9,0.4,7.5,87.0,2.8,47.3,239,27,47,163,31,1206,42,Tablet,India
USR008090,174.2,2.1,15.0,34.7,12.1,44.2,116,35,30,78,79,2083,83,Tablet,Australia
USR008091,16.4,0.7,14.0,74.6,1.7,44.7,449,28,58,396,27,2620,170,Mobile,Brazil
USR008092,55.1,7.6,4.9,67.8,1.3,33.3,475,43,28,155,96,1085,19,Mobile,India
USR008093,37.1,4.0,6.2,62.8,4.8,37.7,98,13,3,115,10,1850,167,Mobile,Germany
USR008094,90.1,1.3,9.2,40.9,2.4,30.3,233,33,46,268,89,2785,322,Mobile,Germany
USR008095,53.5,0.6,4.7,33.1,21.1,47.6,140,47,44,297,9,2440,19,Desktop,Australia
USR008096,37.5,11.3,20.7,29.4,4.2,28.8,19,27,47,122,89,2119,56,Mobile,USA
USR008097,188.1,2.0,9.7,54.6,3.9,24.2,187,12,99,401,71,282,1,Mobile,USA
USR008098,15.3,4.4,0.4,54.4,6.0,28.9,52,6,0,157,23,2968,147,Mobile,Australia
USR008099,24.4,1.4,0.5,184.0,10.6,38.0,478,41,55,230,60,789,172,Mobile,Brazil
USR008100,19.8,22.0,4.7,16.8,3.3,77.0,960,21,10,396,60,434,326,Mobile,Australia
USR008101,56.8,1.9,18.8,38.2,52.2,42.7,82,25,95,418,80,812,347,Mobile,India
USR008102,25.4,7.0,0.5,15.5,13.4,43.9,155,23,4,437,99,3396,193,Mobile,USA
USR008103,17.4,5.3,18.8,84.4,24.3,55.8,67,17,4,243,96,33,68,Tablet,India
USR008104,14.5,1.4,6.3,2.1,1.7,50.7,844,40,10,297,2,2552,91,Desktop,Germany
USR008105,188.4,4.4,7.3,16.2,1.1,66.4,302,18,5,378,97,2423,330,Mobile,Australia
USR008106,35.2,6.7,14.9,23.0,7.4,49.9,125,42,82,320,84,3421,104,Mobile,UK
USR008107,16.7,3.3,0.1,23.3,17.0,46.0,472,32,26,59,45,2906,113,Desktop,Japan
USR008108,58.2,0.9,0.2,129.9,17.4,80.2,7,33,99,203,52,868,158,Tablet,India
USR008109,36.1,8.6,5.3,45.2,15.6,75.8,37,23,27,336,27,2527,253,Desktop,UK
USR008110,36.4,5.6,7.4,41.3,0.6,52.7,317,17,68,2,97,121,328,Mobile,India
USR008111,461.2,4.4,0.3,137.3,1.5,84.2,57,15,64,282,62,180,231,Tablet,Japan
USR008112,23.9,3.4,1.4,61.6,0.2,33.4,260,11,49,453,41,2940,47,Mobile,USA
USR008113,20.8,0.2,0.6,29.5,18.7,38.7,53,30,96,445,74,3089,3,Mobile,Germany
USR008114,3.8,10.1,8.7,105.8,2.5,55.9,7,23,32,409,18,1021,126,Mobile,Japan
USR008115,49.8,0.9,3.1,0.3,23.4,85.6,79,0,74,169,9,1961,2,Desktop,India
USR008116,28.7,6.3,2.4,109.9,12.0,92.7,196,23,42,334,89,3394,309,Mobile,Australia
USR008117,2.4,0.2,11.9,45.4,0.4,76.1,231,40,20,341,40,1268,299,Mobile,Brazil
USR008118,130.7,18.5,0.6,27.0,2.5,98.3,129,12,38,167,68,2688,4,Mobile,UK
USR008119,40.3,3.9,5.9,4.8,6.6,57.5,725,22,27,371,23,1268,170,Mobile,USA
USR008120,7.0,7.7,5.1,58.3,4.7,93.2,198,21,57,412,16,1419,293,Mobile,Brazil
USR008121,18.0,4.1,12.1,17.7,7.7,23.6,47,24,45,392,77,280,273,Mobile,USA
USR008122,31.4,8.5,0.2,2.6,8.6,27.6,260,40,55,242,38,3089,211,Desktop,Australia
USR008123,84.3,1.1,0.4,12.1,4.2,26.1,137,26,36,93,56,3017,112,Mobile,UK
USR008124,119.7,1.7,15.5,10.3,21.4,37.2,176,39,68,123,59,1746,343,Mobile,Brazil
USR008125,233.2,15.3,1.6,36.8,1.9,37.4,327,2,14,384,18,2008,86,Mobile,India
USR008126,34.2,8.9,4.3,21.4,10.1,79.8,246,9,36,53,70,1327,79,Mobile,UK
USR008127,209.3,6.6,3.5,25.2,19.8,100.0,10,14,1,234,14,3000,50,Tablet,Germany
USR008128,38.7,4.4,26.9,40.3,8.5,21.9,156,13,12,439,81,1493,33,Mobile,Australia
USR008129,64.6,9.6,5.5,58.4,3.7,48.8,0,20,51,87,45,1667,165,Mobile,Japan
USR008130,23.9,2.1,13.1,19.5,16.2,52.6,19,28,36,132,81,2187,172,Mobile,UK
USR008131,7.3,5.5,4.7,1.6,7.6,39.3,182,36,90,10,96,577,137,Mobile,USA
USR008132,186.4,4.3,14.3,65.2,11.4,21.5,144,13,13,360,5,3341,209,Mobile,Brazil
USR008133,6.3,0.8,19.1,22.9,7.2,47.3,76,39,0,215,14,2086,341,Tablet,Australia
USR008134,33.1,11.8,20.5,8.6,1.3,32.0,119,46,15,242,82,1509,262,Mobile,Japan
USR008135,10.5,1.1,9.3,13.9,4.6,55.8,39,18,72,218,68,84,202,Mobile,Brazil
USR008136,63.0,24.6,19.3,21.1,1.7,90.0,98,44,83,287,74,1476,77,Desktop,India
USR008137,58.5,7.6,3.2,56.2,21.6,26.2,586,30,40,454,80,3220,143,Mobile,USA
USR008138,34.2,1.2,6.8,19.1,6.7,39.6,89,49,88,57,12,2401,66,Mobile,Germany
USR008139,5.3,28.4,16.7,73.6,36.1,28.1,163,20,16,326,19,1354,100,Mobile,India
USR008140,167.7,8.7,0.5,2.8,5.6,61.2,6,49,95,149,97,798,356,Mobile,Germany
USR008141,23.1,5.8,8.8,10.7,6.5,79.8,130,2,18,140,74,112,210,Mobile,India
USR008142,67.8,3.9,0.2,44.1,0.5,96.5,689,2,53,137,36,890,335,Mobile,Brazil
USR008143,32.5,1.3,0.6,5.9,3.6,42.0,738,18,10,376,76,2191,217,Mobile,USA
USR008144,119.5,4.0,0.2,198.8,7.7,64.2,230,43,71,466,24,2971,152,Mobile,UK
USR008145,23.4,10.5,5.1,20.3,2.8,47.3,100,34,30,411,74,2688,217,Mobile,Brazil
USR008146,2.3,0.3,3.3,2.1,4.5,88.8,3,24,68,9,45,515,71,Mobile,India
USR008147,84.5,0.8,2.3,37.4,2.7,68.0,68,22,62,35,39,1311,287,Mobile,UK
USR008148,57.2,8.2,3.7,55.7,4.0,42.8,73,12,55,257,19,388,330,Mobile,Australia
USR008149,1.6,14.5,0.8,37.2,3.3,82.7,86,46,0,196,86,994,173,Mobile,Germany
USR008150,103.8,28.4,13.8,175.0,3.4,53.7,111,2,12,62,2,1411,341,Mobile,UK
USR008151,73.3,7.4,0.8,0.0,8.1,95.5,1,8,93,417,33,736,106,Mobile,India
USR008152,74.9,2.6,4.2,34.9,15.1,69.6,99,26,8,70,50,3322,351,Desktop,India
USR008153,4.9,1.2,1.1,31.3,0.0,42.8,67,21,74,271,88,2794,224,Mobile,Germany
USR008154,57.7,3.1,15.9,15.6,5.4,22.2,95,12,42,118,53,3642,16,Mobile,UK
USR008155,7.2,2.6,26.2,0.1,11.1,95.3,17,12,8,59,50,2930,128,Mobile,UK
USR008156,31.2,0.7,14.9,80.1,8.9,76.9,179,20,55,110,94,275,108,Desktop,Australia
USR008157,8.8,0.7,11.1,15.4,32.3,54.3,401,41,40,66,50,784,140,Desktop,Australia
USR008158,134.3,2.8,20.1,7.7,17.4,43.2,5,3,67,468,11,3211,313,Mobile,Brazil
USR008159,4.4,0.2,11.4,22.1,28.7,51.0,146,46,8,481,5,3545,93,Mobile,USA
USR008160,12.4,3.7,3.8,119.7,5.3,87.5,103,37,99,481,76,3257,351,Mobile,UK
USR008161,1.0,3.0,3.5,46.2,17.2,29.2,96,48,25,127,79,2811,273,Mobile,Japan
USR008162,62.1,9.0,8.9,211.0,10.2,86.3,381,34,3,374,34,1297,161,Desktop,USA
USR008163,35.5,4.4,5.2,66.4,4.8,35.7,225,3,33,114,17,1168,364,Mobile,India
USR008164,9.6,5.8,10.3,8.2,1.5,58.7,0,5,94,262,31,1893,11,Desktop,UK
USR008165,8.5,4.9,5.3,8.6,1.1,60.2,233,9,91,254,68,2806,340,Mobile,UK
USR008166,14.7,5.9,0.3,20.2,8.4,45.5,291,38,68,441,28,1454,5,Mobile,Japan
USR008167,15.4,15.6,0.6,40.7,6.8,64.4,103,9,1,494,34,2319,266,Mobile,Germany
USR008168,6.8,0.4,6.2,20.2,5.8,98.0,3,0,8,383,93,1509,192,Mobile,Brazil
USR008169,15.0,8.5,1.5,18.3,2.0,66.9,117,48,31,387,24,1929,59,Mobile,Brazil
USR008170,79.1,21.1,3.6,101.6,7.4,96.4,118,32,40,137,27,1825,25,Tablet,UK
USR008171,54.5,17.6,0.4,24.0,9.4,58.3,367,27,5,154,45,1505,123,Mobile,Japan
USR008172,39.6,7.5,11.3,1.5,10.6,75.1,243,34,10,59,79,3241,118,Desktop,Australia
USR008173,18.8,7.1,0.1,33.5,1.9,62.5,97,6,68,239,54,464,64,Mobile,USA
USR008174,15.2,6.3,14.7,12.9,3.7,31.5,28,9,49,255,5,2245,270,Tablet,Brazil
USR008175,53.7,2.5,3.1,109.9,12.9,90.8,77,6,47,5,80,2514,17,Mobile,Brazil
USR008176,28.3,1.4,2.9,15.9,9.7,94.7,6,26,76,429,29,2231,239,Mobile,UK
USR008177,16.4,3.4,5.9,16.8,0.6,97.7,15,17,40,81,36,1781,247,Mobile,Germany
USR008178,26.0,1.5,1.9,9.9,15.4,77.2,160,31,8,233,47,672,141,Mobile,Germany
USR008179,1.0,0.4,10.4,37.2,7.8,35.7,148,28,65,107,37,1464,336,Desktop,Australia
USR008180,16.2,2.5,1.4,0.3,13.9,93.1,274,14,93,330,36,3500,206,Mobile,USA
USR008181,69.6,1.0,13.4,105.1,8.1,91.6,141,22,10,214,26,1723,23,Mobile,UK
USR008182,212.4,2.7,2.8,21.2,22.5,82.5,46,15,13,414,23,2651,148,Mobile,UK
USR008183,111.8,0.2,6.8,185.8,2.0,54.0,70,30,55,8,71,3203,82,Mobile,USA
USR008184,44.2,6.0,0.7,66.0,0.7,71.8,461,12,20,76,56,3459,202,Mobile,Australia
USR008185,6.8,3.5,7.0,25.5,8.6,96.6,310,15,96,256,30,2917,247,Mobile,Brazil
USR008186,97.5,0.4,10.6,34.9,43.1,89.4,122,31,94,140,68,3643,310,Mobile,USA
USR008187,32.4,4.7,3.0,21.2,3.8,67.3,57,45,59,194,28,37,129,Mobile,Brazil
USR008188,2.3,0.0,2.2,34.7,0.6,71.4,174,17,53,151,73,341,273,Mobile,Australia
USR008189,17.9,12.4,3.6,78.1,1.2,96.0,173,18,58,73,8,3016,350,Desktop,UK
USR008190,27.7,0.5,10.0,25.5,0.4,72.3,234,16,8,439,61,790,34,Mobile,UK
USR008191,15.8,1.3,0.4,17.9,2.9,58.0,222,22,66,261,34,95,341,Tablet,USA
USR008192,34.8,10.9,0.2,72.7,5.1,94.2,316,33,50,82,98,462,248,Mobile,Brazil
USR008193,6.7,2.0,9.2,65.4,15.4,58.8,135,41,79,452,88,3615,208,Mobile,UK
USR008194,21.2,10.2,1.3,183.2,0.1,96.1,21,47,77,180,6,2355,265,Mobile,UK
USR008195,13.8,11.0,0.7,62.2,8.2,86.6,560,37,6,245,3,3247,210,Mobile,Japan
USR008196,20.8,5.7,1.8,1.1,0.1,37.5,561,36,35,93,8,136,157,Desktop,India
USR008197,50.4,1.8,2.2,38.9,9.1,58.1,209,35,91,483,99,3624,86,Desktop,Australia
USR008198,40.3,6.8,18.6,17.2,4.6,80.9,186,41,76,457,19,382,200,Mobile,Germany
USR008199,16.8,3.5,22.9,55.9,4.5,80.7,221,4,73,410,92,2180,177,Desktop,Australia
USR008200,20.6,9.0,11.6,7.0,4.0,52.9,221,6,13,155,64,1203,41,Mobile,India
USR008201,111.7,1.6,0.4,5.3,1.7,43.7,916,26,73,287,86,2829,274,Mobile,UK
USR008202,85.4,0.4,2.9,15.4,20.5,99.6,17,35,44,143,71,244,57,Mobile,UK
USR008203,25.5,1.1,6.8,1.1,2.3,85.8,100,39,70,245,27,1433,6,Mobile,Germany
USR008204,153.4,1.0,0.9,5.8,10.8,76.1,101,23,23,454,78,3566,11,Desktop,Australia
USR008205,120.0,1.0,3.0,7.7,14.9,97.6,36,20,38,300,94,3463,226,Tablet,USA
USR008206,92.2,5.8,10.6,7.7,0.2,68.1,29,18,48,461,64,1863,234,Mobile,USA
USR008207,159.9,1.7,1.7,65.1,5.2,44.3,65,5,25,181,9,2377,63,Mobile,Australia
USR008208,20.3,2.7,1.7,57.2,16.5,87.3,166,16,33,499,36,2730,139,Mobile,Brazil
USR008209,7.3,8.6,4.9,2.3,5.8,39.6,111,5,21,128,5,504,88,Desktop,Brazil
USR008210,106.9,1.5,11.3,225.0,4.2,62.6,102,38,90,498,92,1005,165,Tablet,India
USR008211,6.6,3.2,11.2,6.4,0.3,63.6,59,21,61,360,72,2132,100,Mobile,India
USR008212,42.6,8.3,8.3,47.7,0.1,35.7,265,33,76,300,10,2673,284,Mobile,USA
USR008213,26.6,1.2,4.1,10.5,23.8,54.1,10,14,31,53,64,418,40,Desktop,USA
USR008214,126.8,18.7,0.9,14.1,2.3,76.6,271,15,19,476,28,3130,135,Desktop,Germany
USR008215,44.8,6.0,0.8,10.4,2.4,61.1,110,7,28,321,13,713,273,Mobile,India
USR008216,204.0,1.0,2.7,26.2,38.6,38.8,207,11,65,68,12,1210,99,Mobile,Germany
USR008217,17.4,2.4,10.8,56.2,8.6,46.3,893,37,1,229,63,2766,16,Desktop,Brazil
USR008218,62.1,8.7,9.2,3.0,4.7,36.8,119,29,36,161,10,2479,236,Desktop,Germany
USR008219,44.2,2.6,2.1,25.6,0.4,98.0,11,31,83,45,56,769,7,Desktop,USA
USR008220,16.5,4.7,0.9,83.5,20.4,63.8,115,36,10,227,1,364,76,Mobile,USA
USR008221,70.6,0.7,5.3,14.6,10.5,21.5,31,1,34,23,41,3241,39,Tablet,Japan
USR008222,39.2,6.6,18.8,93.3,1.3,30.2,27,12,81,460,14,2125,197,Mobile,Australia
USR008223,215.0,10.4,2.8,40.2,14.5,31.6,10,23,43,403,5,632,183,Mobile,Brazil
USR008224,88.8,15.9,3.3,139.8,18.1,56.5,21,48,38,386,29,2622,251,Mobile,UK
USR008225,15.6,0.8,0.1,55.0,4.7,92.7,96,2,27,373,44,1543,231,Mobile,Germany
USR008226,75.4,0.7,0.6,114.0,32.6,50.2,153,20,4,121,17,505,130,Desktop,Germany
USR008227,154.2,0.2,7.3,50.1,8.9,29.1,96,21,99,466,42,2012,167,Mobile,Brazil
USR008228,72.7,2.6,19.0,199.1,12.7,49.1,192,5,19,189,32,323,155,Mobile,Brazil
USR008229,11.3,8.7,0.9,5.6,23.4,76.0,116,2,16,385,28,2430,159,Mobile,USA
USR008230,27.6,1.6,0.8,15.9,7.0,47.7,64,31,31,286,3,379,85,Tablet,UK
USR008231,1.2,8.7,19.8,8.3,5.0,61.9,28,23,42,181,29,1818,34,Mobile,India
USR008232,62.5,4.2,10.6,127.8,14.6,75.8,100,8,5,183,61,915,273,Mobile,Germany
USR008233,11.5,1.6,4.4,0.6,2.0,60.1,143,38,40,256,21,1458,352,Desktop,Brazil
USR008234,39.7,1.0,0.3,41.9,1.7,78.3,448,17,22,363,91,1495,71,Mobile,Australia
USR008235,10.5,0.1,5.0,1.0,10.8,51.4,202,8,36,267,31,437,226,Desktop,Japan
USR008236,89.4,5.1,18.3,26.5,1.3,37.0,249,41,50,152,66,2626,238,Mobile,India
USR008237,18.6,0.2,27.3,40.8,42.7,35.1,180,46,79,334,34,3457,95,Mobile,UK
USR008238,25.6,8.9,5.3,42.6,10.1,54.5,114,25,69,485,89,3004,8,Desktop,India
USR008239,36.4,2.7,2.4,15.5,15.5,31.8,144,48,74,337,61,2464,31,Mobile,Brazil
USR008240,29.9,0.2,0.1,48.1,17.2,54.4,519,11,9,45,9,3584,25,Tablet,Japan
USR008241,68.2,2.9,2.7,6.6,2.4,51.3,161,13,37,241,84,2932,129,Mobile,UK
USR008242,21.8,2.1,8.5,12.3,5.9,34.0,29,2,17,462,12,2558,30,Mobile,Australia
USR008243,9.8,4.8,2.4,69.6,2.1,26.2,89,21,40,85,56,1411,242,Mobile,USA
USR008244,12.8,0.6,11.6,34.9,0.4,80.5,61,43,51,236,57,1914,189,Mobile,USA
USR008245,7.2,7.2,9.9,15.8,7.6,57.8,11,13,40,328,87,2667,294,Mobile,UK
USR008246,70.1,2.5,2.5,138.9,3.6,25.8,20,39,42,175,0,1464,335,Mobile,Brazil
USR008247,43.2,0.8,7.2,51.5,25.9,41.1,3,40,73,364,10,2552,289,Mobile,Australia
USR008248,18.0,0.3,3.3,2.4,22.3,50.5,31,41,70,172,55,3083,227,Mobile,USA
USR008249,11.9,4.4,4.2,71.0,5.8,82.1,118,10,42,3,25,1172,5,Mobile,UK
USR008250,31.0,2.1,0.5,148.1,6.1,84.4,833,31,74,8,96,1723,167,Mobile,Brazil
USR008251,81.3,2.9,10.5,67.5,6.3,78.0,1,38,73,131,61,982,240,Mobile,Japan
USR008252,9.7,0.7,0.3,6.3,0.1,56.1,81,4,15,379,27,1127,197,Mobile,UK
USR008253,55.4,4.9,8.1,40.0,3.0,42.3,90,21,61,253,76,3020,296,Mobile,UK
USR008254,29.6,9.2,13.9,20.7,0.3,76.9,19,45,65,337,78,1765,214,Mobile,Australia
USR008255,25.8,2.1,10.7,53.1,23.0,43.4,19,18,18,72,21,2302,341,Mobile,UK
USR008256,37.9,5.2,13.2,3.1,18.1,39.8,12,48,74,214,26,1189,257,Mobile,USA
USR008257,87.2,2.1,8.2,30.8,4.3,24.4,401,36,99,243,34,1518,44,Tablet,India
USR008258,53.8,1.2,7.8,127.5,4.8,85.8,461,43,4,207,95,3014,85,Mobile,Japan
USR008259,4.3,1.4,4.0,37.4,15.7,88.6,74,7,83,115,0,318,355,Tablet,Germany
USR008260,14.9,1.5,2.6,80.0,0.1,20.9,145,8,18,263,12,2374,110,Mobile,Brazil
USR008261,13.1,0.1,0.1,194.4,15.9,27.6,155,10,72,141,55,549,69,Mobile,Germany
USR008262,39.4,4.4,8.1,130.4,0.3,30.7,134,16,46,336,2,954,289,Mobile,UK
USR008263,19.7,9.0,4.1,28.3,6.0,94.3,17,2,89,234,25,2318,199,Mobile,Australia
USR008264,19.9,1.8,7.9,39.4,8.6,84.6,597,26,70,255,59,2681,75,Mobile,Brazil
USR008265,98.7,9.5,7.4,3.0,11.7,88.6,24,11,78,260,27,2069,279,Mobile,Japan
USR008266,40.7,12.6,3.1,63.5,22.2,94.1,121,43,17,184,89,1444,350,Mobile,Australia
USR008267,140.4,2.8,1.3,90.4,2.6,23.2,590,24,60,169,11,1116,302,Mobile,Australia
USR008268,194.9,0.8,3.3,95.2,1.6,25.3,44,34,78,444,36,113,240,Mobile,India
USR008269,1.9,0.5,0.4,162.5,10.4,80.0,83,28,10,65,12,1792,182,Tablet,Japan
USR008270,56.5,3.9,2.9,148.1,10.6,28.0,184,43,82,373,70,2674,109,Mobile,UK
USR008271,91.8,0.4,4.5,51.0,3.0,88.3,526,33,29,4,70,855,270,Desktop,UK
USR008272,94.2,4.0,12.8,29.1,15.5,39.2,270,23,4,407,1,2680,236,Mobile,Germany
USR008273,49.8,1.8,3.1,46.9,19.5,68.7,101,36,17,490,49,569,45,Mobile,India
USR008274,28.5,1.5,5.8,97.3,0.8,78.8,182,34,59,95,70,3345,191,Mobile,India
USR008275,6.9,0.4,2.8,7.4,15.2,59.5,148,21,72,255,63,3260,340,Mobile,Australia
USR008276,60.2,0.4,1.4,19.6,16.1,48.8,287,32,59,108,68,1455,154,Mobile,UK
USR008277,85.4,0.1,10.3,19.1,6.9,81.5,28,5,95,79,23,2611,176,Mobile,UK
USR008278,21.1,2.4,12.0,3.3,11.0,41.6,685,10,11,161,4,1212,283,Mobile,Germany
USR008279,10.2,7.5,2.3,27.5,15.1,92.0,79,25,4,134,49,3202,293,Mobile,Brazil
USR008280,82.3,12.7,0.5,46.3,26.6,70.3,201,7,75,498,17,2476,207,Desktop,Germany
USR008281,5.6,8.0,3.0,68.8,18.5,84.9,20,37,85,125,94,2915,107,Mobile,Germany
USR008282,115.7,1.3,1.0,47.5,21.5,87.3,123,0,34,62,11,1540,56,Mobile,India
USR008283,16.0,5.4,0.1,92.2,5.1,53.2,110,20,94,498,29,1630,306,Mobile,USA
USR008284,4.9,2.3,5.5,168.3,11.1,45.8,201,49,50,291,10,1728,3,Mobile,Brazil
USR008285,27.7,7.4,2.5,91.3,24.9,37.9,986,13,59,175,56,3069,302,Mobile,Brazil
USR008286,5.0,3.0,14.0,206.1,4.4,24.2,54,16,79,412,62,1405,191,Mobile,Japan
USR008287,66.8,7.1,34.0,105.2,0.8,28.5,9,19,99,369,34,3133,300,Mobile,USA
USR008288,5.5,12.3,19.8,28.2,11.3,24.7,62,7,33,481,9,1844,321,Mobile,India
USR008289,1.9,4.5,1.5,85.8,1.5,28.6,742,29,47,279,76,3609,210,Desktop,Japan
USR008290,13.5,6.2,4.8,8.6,13.4,67.0,112,37,27,169,17,2942,298,Mobile,USA
USR008291,67.2,0.7,7.5,114.2,1.8,42.0,111,39,22,161,67,1504,362,Mobile,Australia
USR008292,56.8,1.7,15.2,54.6,17.4,70.5,37,1,39,314,54,2587,325,Mobile,USA
USR008293,11.9,9.1,2.6,131.0,29.7,93.8,63,26,71,404,69,2838,249,Mobile,Japan
USR008294,38.5,2.6,6.2,72.6,4.1,36.6,44,47,75,281,49,520,348,Desktop,Germany
USR008295,23.4,7.6,6.6,6.6,11.7,40.8,254,44,87,393,70,540,187,Mobile,Japan
USR008296,16.1,0.4,0.1,73.7,3.3,96.4,22,7,84,322,60,552,256,Mobile,Australia
USR008297,3.6,0.5,12.7,6.9,0.1,54.2,23,48,14,364,31,2326,163,Mobile,Germany
USR008298,12.1,5.7,3.3,41.1,1.0,71.1,93,12,11,42,55,439,237,Mobile,USA
USR008299,1.0,0.2,17.5,19.6,13.3,84.5,70,7,44,489,22,2617,195,Mobile,Australia
USR008300,3.3,4.1,5.4,25.6,1.9,71.3,164,6,36,383,85,2308,239,Desktop,USA
USR008301,108.7,1.0,1.9,42.4,6.3,66.9,409,9,36,475,75,894,215,Desktop,Australia
USR008302,90.0,0.3,5.9,21.5,0.7,61.1,315,6,8,138,76,1226,161,Mobile,UK
USR008303,8.4,3.9,2.6,52.1,4.4,25.9,178,12,12,366,75,1479,28,Mobile,USA
USR008304,68.2,8.6,2.0,10.7,10.8,20.2,119,14,87,360,9,735,19,Mobile,Germany
USR008305,120.8,6.6,3.3,90.3,1.6,22.7,28,40,55,347,90,2081,175,Mobile,Germany
USR008306,8.4,8.1,14.8,87.5,15.8,76.1,150,20,39,299,18,2695,186,Desktop,USA
USR008307,133.2,3.6,11.5,27.2,4.7,74.8,294,11,26,110,96,3335,131,Mobile,India
USR008308,14.0,0.7,3.7,12.0,1.0,48.7,108,8,11,216,35,2934,4,Mobile,Japan
USR008309,93.4,0.7,7.5,2.4,10.5,59.7,279,28,13,226,31,1040,148,Desktop,Germany
USR008310,106.4,0.9,4.4,11.9,6.1,60.8,188,33,96,377,90,607,330,Tablet,India
USR008311,57.2,0.3,11.7,36.6,19.6,37.7,107,43,98,123,72,2154,259,Mobile,Brazil
USR008312,21.5,27.8,0.7,130.4,4.5,32.5,420,32,57,255,71,1267,347,Desktop,Germany
USR008313,5.1,5.0,0.1,109.6,16.2,68.6,46,13,1,74,91,3175,189,Mobile,Japan
USR008314,9.2,0.0,5.8,43.1,9.3,97.0,14,26,28,162,57,1672,127,Tablet,Germany
USR008315,127.1,2.2,2.9,106.6,10.1,34.5,167,22,60,271,92,833,165,Desktop,India
USR008316,61.0,1.5,3.6,47.9,8.1,29.2,6,3,94,358,85,3224,46,Mobile,USA
USR008317,61.6,0.2,15.9,38.3,6.5,38.1,30,0,42,375,24,1124,25,Mobile,USA
USR008318,13.6,0.7,1.0,15.4,4.7,59.7,292,21,98,84,4,1521,86,Mobile,Germany
USR008319,131.0,8.1,20.5,2.2,23.5,71.5,70,14,54,432,44,804,180,Mobile,Japan
USR008320,46.5,2.7,8.8,31.3,3.6,45.4,31,36,88,363,9,757,79,Mobile,Japan
USR008321,87.0,25.9,10.8,15.7,12.5,40.4,113,3,80,64,75,2298,222,Tablet,Japan
USR008322,114.8,1.0,1.6,5.2,6.0,91.0,263,12,30,65,60,2551,271,Mobile,India
USR008323,164.5,10.4,1.6,57.9,3.0,99.1,6,0,37,266,44,3016,93,Mobile,UK
USR008324,57.0,1.9,1.0,30.6,0.3,43.3,92,49,70,290,93,276,201,Desktop,Brazil
USR008325,21.2,8.6,9.6,27.9,5.3,42.4,26,21,72,427,48,447,347,Mobile,India
USR008326,66.1,2.4,12.3,21.8,39.7,78.8,24,25,34,58,10,44,291,Desktop,Brazil
USR008327,266.7,0.4,0.7,84.1,9.3,25.2,583,8,14,161,5,3378,148,Desktop,Germany
USR008328,142.1,0.9,0.2,20.4,16.5,56.7,114,27,63,154,80,2719,231,Mobile,Germany
USR008329,1.6,9.0,7.4,41.9,13.5,48.7,115,0,27,148,9,3139,19,Mobile,Germany
USR008330,22.9,4.1,0.1,2.5,4.7,84.1,262,28,97,355,21,290,109,Tablet,Germany
USR008331,43.3,0.4,0.4,1.3,0.8,84.5,176,4,76,424,36,2868,293,Mobile,Germany
USR008332,13.2,2.6,2.6,14.9,14.1,43.3,85,49,44,410,3,3617,336,Tablet,USA
USR008333,50.1,0.6,3.9,21.7,4.1,61.5,136,12,41,419,87,2137,320,Desktop,Australia
USR008334,105.2,1.7,19.6,142.7,1.0,91.5,118,27,58,238,19,1904,26,Desktop,USA
USR008335,216.1,7.5,11.3,102.2,0.2,45.7,17,13,57,472,62,1262,336,Desktop,Brazil
USR008336,27.6,7.2,0.9,59.7,0.7,73.9,5,34,6,79,36,441,255,Mobile,Brazil
USR008337,95.5,8.5,8.4,24.4,0.0,98.0,26,7,96,278,21,3075,349,Mobile,India
USR008338,193.1,19.3,2.2,44.2,9.0,84.3,207,45,42,151,32,228,67,Mobile,India
USR008339,67.4,1.1,1.0,25.8,5.1,75.7,154,29,57,100,92,3473,318,Tablet,India
USR008340,1.0,11.2,4.6,91.9,2.4,61.3,202,38,68,106,58,256,247,Tablet,Australia
USR008341,4.5,0.7,9.4,62.5,1.5,63.0,47,2,27,401,17,1219,283,Mobile,India
USR008342,49.2,13.3,3.2,1.0,22.4,58.6,97,9,28,96,80,1088,231,Mobile,Brazil
USR008343,194.4,8.7,1.8,45.7,0.4,24.3,132,33,50,70,66,1969,176,Mobile,Brazil
USR008344,7.6,7.1,1.6,25.5,14.2,88.2,1170,16,16,477,56,1550,56,Mobile,Japan
USR008345,80.0,0.6,0.8,160.8,15.3,62.5,54,41,6,496,22,2633,36,Desktop,Australia
USR008346,69.1,5.8,9.9,0.8,7.0,41.2,78,37,35,484,79,3193,76,Desktop,Germany
USR008347,8.6,3.4,7.4,28.2,22.4,92.3,61,33,98,408,65,3143,127,Mobile,Australia
USR008348,57.8,1.7,11.6,75.9,6.9,67.3,1,42,97,7,43,194,290,Tablet,Australia
USR008349,7.5,0.8,5.1,13.5,0.1,32.6,332,38,90,109,76,746,15,Desktop,India
USR008350,50.5,0.5,8.3,31.4,8.7,28.9,79,46,75,48,75,1441,85,Desktop,Japan
USR008351,11.1,0.6,5.1,26.2,2.1,20.9,4,4,5,490,44,730,224,Desktop,USA
USR008352,208.1,1.8,1.6,86.9,4.3,93.6,123,11,1,393,85,1467,68,Tablet,Brazil
USR008353,96.7,21.3,3.5,69.5,4.7,74.0,6,11,67,71,71,2603,181,Mobile,UK
USR008354,169.8,5.4,0.6,77.1,8.8,32.1,204,37,59,466,30,841,299,Mobile,Germany
USR008355,140.1,11.5,6.1,36.4,9.9,46.7,127,43,91,102,63,1065,163,Tablet,UK
USR008356,2.1,14.3,5.4,72.5,2.7,50.0,9,14,76,173,46,283,60,Mobile,Germany
USR008357,97.9,2.2,2.3,30.8,23.7,45.1,315,12,17,86,91,1275,262,Mobile,Germany
USR008358,52.6,0.1,1.2,19.1,1.9,47.2,44,49,94,10,35,1576,133,Mobile,Germany
USR008359,39.8,6.8,41.3,180.5,13.4,43.3,107,43,38,349,28,361,193,Mobile,Australia
USR008360,19.2,3.2,6.6,51.6,1.9,84.1,229,14,74,23,32,749,236,Mobile,India
USR008361,46.3,4.7,4.2,11.3,2.2,39.4,480,1,49,316,62,1364,117,Desktop,Japan
USR008362,107.8,16.6,5.6,60.0,5.4,20.2,221,14,54,451,83,1178,190,Tablet,Australia
USR008363,32.7,5.1,0.0,17.9,6.5,39.0,264,41,87,330,46,2005,209,Desktop,UK
USR008364,70.0,2.4,1.4,134.0,24.3,67.1,158,8,93,299,68,1102,190,Mobile,USA
USR008365,63.0,0.4,7.9,23.8,24.0,51.9,752,24,99,297,26,1396,234,Mobile,India
USR008366,36.7,3.6,24.7,22.6,12.6,83.9,97,7,34,261,66,3189,180,Mobile,UK
USR008367,52.5,1.3,2.0,58.3,34.1,24.1,200,18,54,305,89,1212,249,Mobile,Japan
USR008368,63.4,7.2,8.9,180.4,6.0,75.4,5,16,75,29,2,3273,346,Desktop,Germany
USR008369,46.7,8.9,2.1,15.5,10.7,40.0,184,15,45,232,14,968,45,Mobile,Japan
USR008370,32.5,29.7,0.5,64.1,10.5,47.0,90,16,12,97,71,1055,182,Desktop,Brazil
USR008371,5.1,1.8,15.3,21.7,26.9,68.5,4,8,50,312,44,281,157,Mobile,Germany
USR008372,54.7,1.1,11.5,28.6,4.4,92.6,0,38,68,489,33,131,2,Tablet,India
USR008373,382.3,8.7,17.0,33.2,14.9,26.5,59,39,89,97,78,2711,216,Desktop,Brazil
USR008374,6.7,4.8,3.5,6.0,22.6,32.5,404,8,3,69,3,2664,86,Mobile,USA
USR008375,102.4,6.1,3.2,101.2,1.9,82.3,561,42,76,486,72,1168,41,Mobile,Germany
USR008376,3.6,1.3,14.4,20.8,13.6,73.2,28,27,9,229,26,2537,101,Mobile,India
USR008377,4.3,0.4,3.1,47.7,21.0,39.7,377,9,81,69,35,1709,324,Mobile,Japan
USR008378,223.5,1.2,0.6,97.0,1.8,41.3,126,49,70,196,76,1712,303,Mobile,Australia
USR008379,97.8,1.7,10.5,7.2,2.6,32.5,513,41,13,104,91,1122,145,Mobile,Japan
USR008380,2.1,4.4,3.1,109.0,31.6,70.8,155,36,52,127,35,566,310,Mobile,Japan
USR008381,175.4,3.4,7.1,7.0,25.9,94.1,123,34,32,162,10,1097,182,Desktop,Brazil
USR008382,28.1,2.9,17.0,13.0,33.8,27.0,521,35,96,377,18,3339,336,Mobile,Australia
USR008383,17.6,4.2,0.6,2.6,4.4,81.4,24,35,79,445,74,3101,301,Mobile,Germany
USR008384,66.7,2.7,2.0,47.0,5.6,35.7,10,15,65,32,8,3373,138,Mobile,USA
USR008385,92.8,2.0,1.6,26.1,13.2,57.7,178,13,57,122,84,640,93,Mobile,Brazil
USR008386,337.7,1.9,1.4,128.8,28.3,32.9,4,10,9,169,21,2350,1,Desktop,USA
USR008387,24.6,3.9,33.6,20.3,9.2,95.7,97,25,50,149,65,2008,32,Mobile,UK
USR008388,195.2,2.6,6.8,16.8,6.6,75.2,244,36,98,450,64,1565,249,Mobile,Germany
USR008389,36.5,0.6,3.3,5.1,4.5,90.2,303,38,51,136,35,1449,28,Mobile,USA
USR008390,68.8,10.4,2.0,3.6,20.5,72.9,159,12,73,313,35,540,103,Mobile,Germany
USR008391,6.6,8.1,3.5,91.2,7.4,34.7,51,2,6,438,99,953,343,Mobile,Germany
USR008392,95.4,6.4,5.6,42.4,6.1,66.7,474,32,99,88,14,3464,303,Mobile,Brazil
USR008393,17.3,10.5,38.0,3.1,1.3,43.6,159,11,80,265,89,1342,177,Mobile,Australia
USR008394,77.5,4.8,4.9,22.1,6.1,85.0,43,23,45,451,0,1188,128,Mobile,Japan
USR008395,57.1,2.7,7.3,15.8,7.6,30.9,297,45,63,111,23,2667,205,Mobile,Japan
USR008396,20.8,0.2,10.8,47.4,0.7,46.9,66,1,79,299,32,3291,211,Desktop,Germany
USR008397,22.6,10.3,17.2,62.1,9.0,85.0,77,41,73,305,39,2318,100,Tablet,India
USR008398,8.6,2.4,0.9,21.7,0.4,84.1,168,35,94,466,60,2763,30,Desktop,USA
USR008399,2.5,2.9,7.5,0.1,2.1,83.4,63,46,58,206,52,1987,92,Mobile,Australia
USR008400,46.8,11.7,6.6,18.1,12.3,98.3,234,47,12,44,95,3026,271,Mobile,Brazil
USR008401,38.0,9.1,13.4,83.4,18.6,26.3,186,41,47,307,62,952,360,Mobile,India
USR008402,82.7,2.3,4.4,0.0,1.4,20.7,421,25,7,377,76,113,363,Desktop,Australia
USR008403,33.0,12.0,8.8,100.7,4.6,70.0,28,20,23,155,56,2445,246,Desktop,Brazil
USR008404,124.7,2.0,9.1,19.4,9.8,98.2,83,1,60,78,81,3278,56,Mobile,India
USR008405,127.2,2.2,12.8,12.5,9.3,68.6,31,36,66,194,14,1627,93,Desktop,Japan
USR008406,254.4,1.9,4.4,17.8,1.8,87.1,1271,15,81,170,67,2505,97,Mobile,India
USR008407,23.0,7.1,2.0,33.0,3.1,22.9,336,4,4,229,25,3025,200,Mobile,Brazil
USR008408,156.8,11.2,0.2,12.5,5.5,70.5,419,14,32,162,90,2583,345,Mobile,UK
USR008409,2.9,11.4,7.3,30.5,6.8,59.4,27,14,42,246,3,482,35,Desktop,USA
USR008410,72.6,0.8,9.1,6.9,1.2,87.9,413,39,80,55,45,1566,91,Mobile,Australia
USR008411,49.2,5.1,14.4,80.0,11.7,88.3,267,12,42,217,3,2050,341,Desktop,UK
USR008412,60.5,1.8,7.2,148.4,6.1,92.5,302,25,83,13,26,2921,316,Mobile,Germany
USR008413,34.5,1.8,3.6,196.7,1.5,25.1,38,33,79,254,98,3189,265,Mobile,Japan
USR008414,64.4,1.2,4.3,12.9,1.9,90.0,166,12,70,180,84,3178,329,Mobile,UK
USR008415,70.6,1.3,16.2,35.0,11.8,50.0,259,41,46,111,0,124,323,Mobile,Japan
USR008416,51.7,1.7,7.1,20.1,3.0,31.7,55,21,71,31,8,3369,134,Mobile,UK
USR008417,175.8,4.3,3.5,78.9,25.7,86.5,54,17,61,293,96,1440,175,Mobile,Australia
USR008418,23.1,2.8,4.1,80.4,4.1,62.7,80,48,79,73,85,3593,205,Mobile,Brazil
USR008419,49.1,1.7,5.4,67.8,14.6,98.2,23,16,63,372,77,580,199,Mobile,USA
USR008420,61.7,3.8,6.2,40.9,0.7,35.4,78,37,42,92,73,3499,193,Mobile,Brazil
USR008421,16.6,3.9,7.5,16.7,6.9,35.7,25,17,78,231,13,2242,238,Mobile,India
USR008422,96.2,0.6,25.1,121.9,4.8,22.8,275,28,57,31,85,2791,175,Mobile,Brazil
USR008423,94.0,0.3,4.8,46.8,28.0,23.5,91,6,1,244,87,1917,233,Tablet,Brazil
USR008424,1.7,7.9,29.1,10.9,10.6,90.1,75,1,60,284,44,1053,123,Desktop,Brazil
USR008425,135.5,4.8,23.2,38.7,19.3,50.4,143,8,40,429,86,750,231,Mobile,Japan
USR008426,32.5,0.8,11.0,44.3,6.0,62.0,134,1,10,341,71,3540,136,Mobile,Germany
USR008427,107.4,9.7,3.5,16.4,1.4,49.5,107,21,58,132,53,514,45,Mobile,Germany
USR008428,172.6,0.9,1.7,31.6,1.2,86.0,659,1,31,276,68,2838,199,Mobile,UK
USR008429,15.9,5.0,1.7,18.1,3.8,82.0,353,48,41,184,50,297,21,Mobile,Japan
USR008430,52.5,7.5,1.7,16.6,16.2,23.9,298,34,63,379,65,3004,164,Mobile,Australia
USR008431,3.8,0.0,12.3,89.9,0.4,73.5,152,13,64,138,88,392,31,Mobile,Australia
USR008432,82.2,1.1,0.1,6.5,15.1,39.0,55,35,76,451,15,561,278,Mobile,Japan
USR008433,28.0,6.4,9.7,9.3,0.9,48.7,113,9,49,150,55,952,175,Desktop,UK
USR008434,130.8,0.6,1.6,11.2,13.2,58.9,153,26,69,389,91,2438,126,Desktop,India
USR008435,169.3,0.2,1.8,54.5,18.8,57.3,222,22,5,244,29,968,66,Desktop,Australia
USR008436,85.9,6.4,11.7,49.3,19.2,56.6,316,34,48,92,61,2808,28,Desktop,Germany
USR008437,159.7,10.5,7.6,74.9,3.8,75.0,19,41,5,120,18,3366,77,Mobile,USA
USR008438,141.0,5.7,3.9,17.8,4.8,70.7,109,12,90,266,96,1332,57,Mobile,Japan
USR008439,84.8,9.5,12.9,33.9,1.9,27.9,0,15,88,355,63,3241,267,Mobile,USA
USR008440,14.2,8.5,8.4,5.9,3.9,28.0,621,20,94,269,69,120,253,Mobile,USA
USR008441,17.0,1.5,5.4,26.6,15.2,75.3,634,29,12,90,6,1242,28,Tablet,Brazil
USR008442,3.2,4.3,4.5,29.0,0.6,69.9,34,40,23,225,92,1108,72,Mobile,UK
USR008443,19.1,10.0,24.3,11.2,18.4,52.5,126,14,20,175,37,2302,202,Mobile,Japan
USR008444,47.5,0.9,11.0,128.0,9.5,53.8,268,30,38,10,44,3128,325,Mobile,Brazil
USR008445,3.9,0.2,10.0,0.0,44.7,40.6,48,39,79,273,89,423,52,Desktop,Japan
USR008446,60.6,18.1,0.2,207.6,37.0,42.4,4,25,70,242,59,3063,344,Mobile,UK
USR008447,19.4,1.6,4.0,4.9,1.2,29.1,227,25,49,436,41,1662,32,Mobile,India
USR008448,79.5,13.2,1.4,31.2,22.5,79.8,7,26,37,434,53,2955,269,Mobile,Germany
USR008449,60.1,0.9,3.5,31.8,18.2,87.1,379,6,40,111,21,2888,223,Desktop,USA
USR008450,27.4,1.9,15.3,49.8,3.1,76.9,238,29,92,90,9,90,5,Mobile,Brazil
USR008451,75.3,2.2,4.5,17.1,5.3,21.9,245,8,1,475,86,3012,219,Desktop,Japan
USR008452,17.0,0.7,3.4,34.2,12.5,50.8,375,10,85,487,0,2119,285,Mobile,Japan
USR008453,4.4,14.1,6.7,83.3,1.4,98.3,185,26,56,116,0,1559,105,Mobile,India
USR008454,24.4,12.2,3.3,34.0,4.6,50.7,566,49,6,64,80,2028,110,Mobile,USA
USR008455,20.9,2.7,27.0,11.3,0.7,21.5,617,40,5,499,92,1412,178,Mobile,India
USR008456,65.0,6.6,4.8,91.6,7.1,97.2,105,1,96,60,2,3265,283,Mobile,India
USR008457,18.2,2.6,0.8,20.6,0.5,57.7,429,4,33,23,71,1891,125,Mobile,Germany
USR008458,16.4,3.6,3.8,5.1,0.2,90.1,477,1,45,256,38,1633,155,Mobile,India
USR008459,17.3,5.8,1.0,3.9,6.2,97.7,5,0,20,207,29,460,211,Mobile,USA
USR008460,36.1,0.3,7.9,27.9,13.5,59.1,197,13,87,491,50,3107,364,Tablet,Japan
USR008461,2.1,7.2,4.9,51.8,11.8,34.2,52,18,6,10,99,2961,181,Mobile,Brazil
USR008462,91.0,0.9,3.8,46.4,9.6,69.5,174,28,72,215,36,1609,119,Tablet,Brazil
USR008463,41.2,0.9,15.9,37.0,0.5,41.1,53,3,4,144,94,263,290,Mobile,Brazil
USR008464,18.0,2.8,0.5,61.2,6.6,62.3,10,2,33,3,88,2810,328,Mobile,Brazil
USR008465,121.6,1.3,1.3,3.8,5.2,23.7,258,37,41,441,66,983,46,Mobile,USA
USR008466,75.0,18.7,0.9,24.2,22.3,41.1,375,26,52,409,88,2611,221,Mobile,Japan
USR008467,25.6,2.2,7.7,94.3,4.5,32.8,9,30,32,225,24,143,29,Mobile,USA
USR008468,34.2,3.3,10.0,65.0,4.5,31.5,135,12,9,122,37,3254,187,Mobile,USA
USR008469,146.3,2.5,2.2,18.8,6.4,45.3,121,37,33,324,71,1123,290,Desktop,Brazil
USR008470,1.9,4.1,0.3,73.5,0.0,69.4,45,3,37,442,0,363,153,Mobile,India
USR008471,92.8,0.4,13.9,7.0,15.2,82.5,83,7,69,426,5,2902,163,Tablet,Germany
USR008472,156.8,0.0,1.5,66.7,26.7,90.3,376,24,4,353,51,847,308,Mobile,India
USR008473,32.3,1.3,0.5,142.6,0.5,72.8,32,38,92,164,21,39,236,Mobile,Germany
USR008474,26.5,0.2,4.5,56.1,7.9,63.2,135,13,25,245,43,65,2,Mobile,USA
USR008475,12.7,3.4,6.5,50.1,3.6,56.0,272,39,78,309,72,2325,242,Mobile,Germany
USR008476,36.5,5.6,19.4,23.0,14.8,33.4,251,11,84,280,69,277,52,Mobile,Brazil
USR008477,115.5,1.8,4.0,4.7,16.6,28.4,118,48,81,380,35,757,163,Tablet,USA
USR008478,1.0,23.1,5.3,29.5,27.8,67.1,148,15,39,335,37,2934,38,Mobile,Brazil
USR008479,151.7,4.9,6.3,68.6,0.1,74.1,20,26,70,105,63,2916,216,Mobile,Germany
USR008480,181.1,1.6,0.6,17.8,41.8,45.4,96,42,86,424,1,325,17,Mobile,Germany
USR008481,11.4,2.0,0.4,4.2,12.2,35.3,256,48,13,460,23,1219,294,Mobile,Germany
USR008482,5.5,5.6,11.5,0.1,5.7,32.7,112,33,59,302,7,172,62,Mobile,Germany
USR008483,4.2,2.2,9.0,65.3,9.9,30.1,863,4,88,299,55,954,171,Mobile,UK
USR008484,8.5,5.3,3.0,23.2,2.8,82.9,640,41,92,263,7,2484,328,Mobile,UK
USR008485,43.4,1.8,0.0,127.1,10.6,83.0,500,24,37,19,94,3548,232,Desktop,Brazil
USR008486,34.1,2.3,2.0,65.7,3.1,37.4,206,2,16,416,12,3512,69,Mobile,UK
USR008487,74.3,2.9,6.5,1.4,7.5,93.3,60,49,60,416,99,3316,255,Mobile,Australia
USR008488,5.2,0.4,4.0,38.1,2.7,33.0,133,27,98,145,26,2966,279,Mobile,Japan
USR008489,71.2,2.3,6.3,12.2,0.0,61.5,18,12,66,384,3,3476,129,Desktop,USA
USR008490,99.4,5.1,19.2,23.0,4.2,31.6,205,26,37,143,86,3217,180,Mobile,UK
USR008491,1.3,0.3,4.9,39.5,18.8,39.3,274,8,6,338,16,3436,3,Mobile,UK
USR008492,143.0,5.1,7.2,2.1,1.1,64.9,333,47,36,252,2,3268,178,Mobile,Germany
USR008493,45.7,1.8,5.4,88.2,12.8,20.1,231,42,66,100,70,2870,193,Desktop,USA
USR008494,40.5,2.0,1.7,66.2,2.7,24.5,70,38,68,298,72,415,16,Mobile,USA
USR008495,23.6,1.7,1.2,113.9,7.2,78.8,13,7,39,244,41,1475,61,Mobile,USA
USR008496,19.4,12.6,11.2,104.1,6.2,24.9,573,46,38,111,47,1431,54,Desktop,UK
USR008497,63.9,2.9,5.3,34.0,2.7,87.5,92,21,4,122,70,2931,235,Mobile,Japan
USR008498,112.4,1.6,0.9,7.8,4.9,53.7,511,28,29,100,96,2902,192,Mobile,Germany
USR008499,94.4,7.7,4.9,62.4,14.0,95.6,67,2,49,162,64,2496,329,Mobile,Germany
USR008500,374.5,2.0,6.5,63.3,0.6,60.3,1017,12,81,93,19,3595,306,Mobile,USA
USR008501,23.4,5.7,0.4,10.3,6.0,50.1,123,49,99,24,25,3010,266,Mobile,Brazil
USR008502,14.1,10.6,1.4,124.2,0.5,72.3,185,33,38,311,66,375,179,Tablet,UK
USR008503,49.0,0.9,7.3,10.1,6.2,62.0,45,48,39,371,63,2099,191,Mobile,UK
USR008504,9.1,3.7,15.5,119.8,0.3,59.5,877,34,46,61,81,1173,297,Tablet,USA
USR008505,120.0,3.6,1.3,19.7,15.3,75.7,199,40,79,93,19,3071,142,Desktop,Brazil
USR008506,18.3,1.4,2.7,135.0,0.4,84.5,76,46,95,448,42,1262,350,Mobile,UK
USR008507,5.9,13.4,2.9,86.0,7.8,79.1,513,18,38,112,69,2056,351,Mobile,USA
USR008508,22.7,1.5,1.5,0.1,4.3,74.7,118,10,14,257,86,1773,179,Mobile,UK
USR008509,151.1,0.4,0.9,21.1,0.8,79.8,41,6,28,427,90,1636,356,Desktop,Japan
USR008510,13.6,4.9,1.5,107.8,20.1,74.6,104,34,88,121,6,2004,97,Mobile,UK
USR008511,29.9,7.9,25.6,57.7,0.4,37.1,288,38,32,109,36,3600,70,Desktop,UK
USR008512,27.1,2.4,3.0,7.6,17.0,38.5,6,38,34,150,94,1925,34,Mobile,Brazil
USR008513,49.2,32.1,3.1,17.0,11.8,24.3,262,20,1,288,74,1411,325,Mobile,India
USR008514,25.6,0.2,0.4,74.9,27.8,65.8,57,46,51,408,98,1261,166,Mobile,India
USR008515,37.9,6.6,4.4,60.7,25.3,96.3,185,39,2,58,20,2163,71,Mobile,Germany
USR008516,51.0,2.4,1.7,17.2,2.4,68.0,59,23,50,265,31,187,338,Mobile,Germany
USR008517,77.2,2.6,6.9,64.2,25.5,94.1,106,42,18,91,24,1520,130,Tablet,Brazil
USR008518,10.4,23.5,7.9,12.5,2.8,41.1,67,9,80,359,15,3449,90,Desktop,Germany
USR008519,1.3,8.9,0.8,17.2,12.3,51.0,67,22,67,301,77,265,279,Mobile,Germany
USR008520,210.8,1.9,1.4,5.9,0.8,95.4,501,48,13,429,63,600,191,Mobile,UK
USR008521,15.2,6.3,14.4,195.5,2.2,93.5,15,1,77,442,42,119,182,Desktop,Germany
USR008522,41.2,6.5,1.2,139.4,8.7,51.3,193,49,9,388,57,1742,123,Mobile,Japan
USR008523,78.1,1.3,1.7,0.2,36.8,92.4,359,46,17,301,63,328,306,Tablet,India
USR008524,14.7,5.8,9.8,17.5,17.7,48.1,2,24,17,23,87,1768,218,Mobile,Germany
USR008525,63.2,13.4,29.2,53.2,10.9,44.9,55,9,96,71,31,2047,197,Mobile,UK
USR008526,1.6,5.1,14.2,37.5,34.2,29.8,730,34,81,205,91,741,6,Mobile,Brazil
USR008527,97.1,9.0,3.6,11.7,13.1,65.9,28,42,44,5,73,1287,96,Tablet,India
USR008528,1.2,2.4,20.5,47.8,36.8,87.5,34,11,52,159,26,2877,340,Mobile,Australia
USR008529,109.4,3.8,1.7,117.3,23.4,29.4,210,24,98,239,99,2355,303,Desktop,Australia
USR008530,142.8,8.8,2.8,2.6,25.0,80.0,60,34,26,495,18,2422,244,Desktop,Brazil
USR008531,63.1,8.9,8.5,29.7,0.0,76.6,528,24,0,459,79,1716,8,Desktop,Australia
USR008532,1.0,2.4,1.8,3.2,7.2,62.8,0,9,55,442,73,2818,241,Mobile,India
USR008533,29.5,5.1,1.4,36.6,13.6,66.6,597,6,88,17,80,755,231,Desktop,Germany
USR008534,11.8,20.9,0.7,71.0,5.6,90.3,40,9,23,54,80,3262,132,Mobile,Japan
USR008535,37.1,6.9,20.6,42.1,4.0,98.6,317,22,57,325,52,2801,332,Mobile,Japan
USR008536,24.8,4.4,1.1,98.4,0.7,79.9,447,28,66,300,65,1324,290,Mobile,UK
USR008537,113.7,5.6,2.5,37.4,1.2,86.3,327,44,14,177,57,2200,103,Mobile,Australia
USR008538,41.2,6.9,1.2,6.1,5.1,38.2,226,45,60,19,65,2172,230,Desktop,Japan
USR008539,48.9,5.9,41.3,9.9,3.2,26.9,42,33,80,370,0,80,158,Mobile,UK
USR008540,45.2,0.9,7.3,12.8,26.8,61.8,60,15,32,345,76,1911,120,Mobile,Japan
USR008541,242.3,0.5,0.9,9.1,4.3,20.9,314,33,56,375,93,2707,194,Desktop,Australia
USR008542,77.4,5.2,9.6,21.3,4.7,40.0,35,9,14,286,28,1535,264,Mobile,Japan
USR008543,118.1,4.0,9.9,22.2,9.6,99.4,512,19,35,87,44,2093,151,Desktop,Brazil
USR008544,136.4,14.6,5.2,15.3,7.1,67.0,220,43,24,404,88,2217,133,Mobile,UK
USR008545,36.1,3.1,10.2,26.5,22.8,24.2,421,3,32,226,90,97,161,Desktop,UK
USR008546,16.7,4.2,33.3,81.9,6.6,77.0,18,14,98,372,94,1232,344,Mobile,Brazil
USR008547,198.8,5.1,5.5,36.4,26.2,62.8,283,29,69,14,1,502,215,Mobile,India
USR008548,28.2,10.7,10.9,51.5,3.3,82.9,117,25,93,398,7,2680,154,Mobile,UK
USR008549,18.7,5.7,7.9,50.3,17.5,61.1,341,49,98,268,85,2162,7,Tablet,India
USR008550,25.1,3.4,4.7,33.0,9.4,66.2,146,46,96,118,44,768,345,Mobile,India
USR008551,74.6,3.8,19.2,47.3,4.5,88.8,50,48,3,89,98,2428,160,Mobile,USA
USR008552,100.0,3.0,12.3,10.3,0.5,59.5,272,30,18,335,76,1795,91,Mobile,USA
USR008553,47.3,1.4,0.7,9.0,37.9,99.0,232,26,87,195,21,2545,160,Tablet,Japan
USR008554,23.9,7.5,0.2,36.2,12.9,75.5,1112,4,33,270,94,2968,268,Desktop,Australia
USR008555,33.7,5.8,4.5,16.8,8.6,48.9,17,34,71,406,47,1201,50,Tablet,India
USR008556,87.6,29.3,4.6,224.7,4.7,75.8,77,15,95,139,59,2369,202,Mobile,Germany
USR008557,146.4,2.2,2.6,3.6,17.9,73.8,216,43,21,229,44,1931,145,Mobile,Brazil
USR008558,45.5,7.4,2.6,2.8,4.8,45.6,708,15,14,181,25,3161,15,Mobile,Japan
USR008559,3.8,1.6,7.7,44.7,14.3,73.2,133,24,67,301,29,317,100,Desktop,Germany
USR008560,27.0,8.7,16.9,9.2,3.2,45.1,33,33,57,130,95,3544,329,Mobile,Brazil
USR008561,2.5,11.3,9.7,2.9,6.7,22.4,293,5,14,215,37,933,287,Mobile,USA
USR008562,44.7,2.0,0.9,41.5,23.9,90.3,39,41,39,107,55,682,142,Desktop,USA
USR008563,11.6,5.4,6.3,147.4,14.1,69.3,223,8,92,245,7,2724,60,Desktop,India
USR008564,69.8,1.0,1.1,34.6,2.2,67.8,57,19,33,465,44,202,262,Mobile,Australia
USR008565,40.6,1.4,0.8,114.3,23.6,92.8,229,48,46,376,95,945,338,Mobile,UK
USR008566,29.5,1.8,2.8,45.9,4.6,68.8,252,23,19,297,53,126,346,Mobile,India
USR008567,26.5,1.8,17.0,28.9,33.6,39.1,41,42,23,52,60,987,44,Mobile,Japan
USR008568,34.5,3.4,9.8,46.3,9.2,94.2,482,29,50,356,63,3304,111,Tablet,USA
USR008569,12.2,10.4,1.4,72.1,1.3,86.6,119,34,71,65,36,942,183,Mobile,Brazil
USR008570,101.5,4.5,3.4,22.2,0.9,44.7,62,19,59,478,36,1066,160,Mobile,Japan
USR008571,46.0,1.1,0.4,49.9,12.1,29.0,1688,12,73,284,19,3355,183,Mobile,UK
USR008572,28.6,0.3,5.7,326.4,0.3,67.7,573,25,18,25,10,3305,148,Desktop,UK
USR008573,46.5,0.5,0.5,57.2,16.7,35.7,368,1,61,128,96,2340,45,Mobile,Brazil
USR008574,201.4,3.8,2.1,8.6,4.9,82.5,7,0,1,253,28,787,353,Mobile,Japan
USR008575,96.4,6.5,2.0,13.1,7.3,75.6,623,34,42,41,97,2049,117,Mobile,Germany
USR008576,49.9,0.7,5.3,132.8,6.8,23.2,577,25,41,280,38,3100,88,Mobile,USA
USR008577,25.2,3.4,2.6,92.2,0.1,32.4,144,37,90,106,81,3095,224,Mobile,UK
USR008578,9.3,3.4,2.3,5.8,29.8,77.6,345,42,19,36,65,513,233,Mobile,Brazil
USR008579,2.6,0.8,2.1,31.5,17.1,72.7,698,32,93,477,47,2515,327,Desktop,UK
USR008580,54.8,0.8,1.3,192.0,2.4,50.4,43,30,34,430,4,3597,201,Mobile,Australia
USR008581,24.4,2.2,1.3,54.2,5.0,28.8,536,3,77,86,50,3342,65,Desktop,India
USR008582,61.4,6.6,3.7,79.7,20.3,33.6,542,10,57,345,90,2953,289,Mobile,UK
USR008583,64.1,0.9,12.3,21.4,9.1,81.0,57,22,84,468,75,88,102,Mobile,Germany
USR008584,15.5,3.1,5.8,1.3,11.4,61.5,79,0,16,95,28,2344,255,Desktop,India
USR008585,16.9,2.5,7.7,32.9,15.4,75.4,64,10,22,221,64,2798,93,Mobile,Brazil
USR008586,54.0,9.6,0.9,170.6,17.2,58.0,55,16,56,271,35,402,63,Mobile,USA
USR008587,101.2,3.9,0.0,32.1,11.6,75.6,324,42,74,116,28,2290,29,Mobile,Australia
USR008588,30.7,3.2,16.7,11.3,19.1,32.5,191,47,73,57,26,2145,1,Desktop,India
USR008589,7.8,1.1,3.1,21.3,4.9,90.4,148,16,71,181,10,2608,345,Mobile,Brazil
USR008590,29.6,1.7,14.8,13.9,6.4,92.6,115,5,15,213,95,1420,333,Desktop,USA
USR008591,30.9,19.8,2.9,25.6,9.0,59.4,321,6,94,98,84,2610,313,Mobile,USA
USR008592,7.6,16.0,0.6,62.8,25.9,33.1,24,1,2,272,82,3005,254,Mobile,UK
USR008593,74.7,5.0,3.6,55.0,4.1,35.8,230,24,69,8,5,2515,139,Mobile,Japan
USR008594,140.1,1.2,24.7,4.2,11.3,87.5,496,42,0,407,10,3502,309,Desktop,USA
USR008595,71.0,3.3,2.1,63.5,11.2,83.9,220,16,93,352,19,1101,165,Mobile,Australia
USR008596,50.1,0.8,4.3,5.7,14.8,80.9,63,8,83,330,74,2372,341,Mobile,India
USR008597,21.6,5.4,9.9,5.2,9.3,96.2,166,34,99,38,56,333,49,Tablet,Germany
USR008598,297.2,3.5,11.3,9.9,28.0,61.5,202,3,65,210,18,956,259,Mobile,India
USR008599,36.1,4.4,6.3,28.3,0.8,59.5,515,25,39,61,41,817,15,Desktop,Australia
USR008600,6.1,0.1,3.7,79.9,8.8,34.0,129,30,1,82,23,715,317,Desktop,Japan
USR008601,43.3,2.4,0.9,70.9,1.4,81.6,107,43,45,467,67,621,171,Mobile,India
USR008602,1.0,2.7,4.9,9.9,0.6,50.5,161,49,51,366,37,2891,62,Mobile,India
USR008603,34.7,0.1,3.7,1.6,8.0,67.9,66,19,74,494,6,2875,60,Tablet,Germany
USR008604,22.7,3.0,0.4,33.2,7.0,75.2,44,37,49,57,63,1163,109,Tablet,Germany
USR008605,9.1,2.4,1.8,20.4,3.0,66.4,150,38,99,188,12,1343,278,Mobile,UK
USR008606,39.8,0.8,1.5,18.8,1.3,79.9,227,33,30,494,11,61,3,Desktop,UK
USR008607,25.7,4.4,2.7,25.7,4.2,40.5,157,39,2,89,9,294,315,Mobile,Germany
USR008608,3.5,0.2,0.2,76.8,2.0,96.3,106,17,17,383,96,3595,42,Mobile,Japan
USR008609,21.4,4.4,12.0,44.8,14.7,82.5,2,42,56,499,92,1320,172,Tablet,India
USR008610,47.5,4.1,1.9,0.3,0.3,43.8,327,15,21,294,56,3643,126,Mobile,Japan
USR008611,50.6,4.1,3.3,22.5,19.2,21.7,15,2,3,15,58,863,107,Mobile,USA
USR008612,100.1,1.0,2.0,20.3,18.0,31.2,178,0,12,345,50,1912,234,Mobile,Brazil
USR008613,33.7,14.2,17.1,3.8,15.4,39.7,379,34,34,450,27,2234,9,Mobile,Brazil
USR008614,6.3,5.7,0.2,1.6,44.0,23.7,608,31,59,257,59,3369,253,Mobile,Japan
USR008615,10.8,3.2,4.7,1.6,4.7,32.7,420,38,32,14,41,2645,195,Mobile,Australia
USR008616,66.3,3.5,17.1,34.4,4.3,63.7,252,38,68,233,35,3126,70,Desktop,India
USR008617,47.5,6.2,10.7,24.8,1.1,70.3,7,20,98,316,80,723,284,Mobile,India
USR008618,158.3,2.4,1.4,10.9,2.2,84.0,15,20,95,430,26,3153,97,Mobile,Australia
USR008619,35.6,10.3,13.3,99.3,4.5,92.5,77,22,24,496,89,1816,155,Mobile,Brazil
USR008620,1.0,2.2,2.7,94.0,7.8,47.0,162,43,20,415,97,3449,27,Tablet,UK
USR008621,9.0,1.8,2.8,109.4,7.3,78.3,97,34,46,235,64,168,130,Desktop,USA
USR008622,24.3,1.5,1.3,82.6,9.7,91.2,276,1,6,438,73,3089,25,Mobile,USA
USR008623,151.8,16.7,16.3,45.4,14.8,45.8,259,23,15,79,81,3408,364,Tablet,Japan
USR008624,29.2,1.0,28.8,56.8,2.5,39.5,318,16,62,446,75,2700,249,Mobile,Germany
USR008625,12.4,10.5,12.5,1.0,22.9,68.6,764,4,72,319,33,320,69,Tablet,Brazil
USR008626,99.1,1.0,6.4,57.3,4.3,21.0,608,19,63,157,39,2133,358,Mobile,UK
USR008627,91.5,2.9,5.0,6.5,9.0,24.3,388,31,87,181,93,1578,238,Mobile,Australia
USR008628,6.7,6.1,4.5,17.0,0.3,33.4,113,5,96,170,69,2960,360,Desktop,Brazil
USR008629,36.0,1.5,4.9,8.1,8.1,77.7,76,39,90,18,43,224,359,Mobile,USA
USR008630,175.4,1.9,2.6,10.6,11.6,81.8,191,23,75,121,11,1992,206,Tablet,Germany
USR008631,94.8,0.6,18.9,0.5,0.5,70.5,2,22,54,310,4,2083,72,Mobile,India
USR008632,14.3,5.4,0.2,106.7,10.6,23.3,124,28,99,348,37,903,341,Mobile,UK
USR008633,95.6,4.8,7.0,109.5,15.9,83.4,59,8,55,491,67,1058,139,Mobile,Japan
USR008634,137.2,1.6,1.0,6.3,7.2,51.7,228,27,28,295,59,193,182,Mobile,UK
USR008635,83.8,1.3,11.8,5.8,2.5,86.5,215,4,28,42,36,3065,117,Mobile,India
USR008636,58.4,3.3,2.2,89.9,22.9,38.6,118,16,7,253,41,2184,136,Tablet,Brazil
USR008637,19.2,6.9,8.8,14.7,4.0,90.7,93,7,93,445,53,1019,280,Mobile,Japan
USR008638,15.7,3.2,0.6,139.5,2.9,32.2,71,36,27,454,22,2322,123,Mobile,Brazil
USR008639,246.8,1.0,4.1,5.5,20.9,49.8,229,33,89,398,26,1208,265,Desktop,Brazil
USR008640,49.3,2.0,12.3,92.1,2.1,91.1,440,13,82,2,1,3248,348,Mobile,India
USR008641,41.7,5.2,4.0,7.9,5.1,65.0,137,13,73,255,99,3619,357,Mobile,Japan
USR008642,141.4,16.2,14.3,27.5,23.1,31.9,211,20,12,167,43,2049,259,Desktop,India
USR008643,12.4,13.9,0.9,34.8,24.3,84.9,475,33,93,442,57,286,90,Mobile,USA
USR008644,112.8,5.7,18.7,18.1,3.6,28.0,172,45,85,324,36,1129,356,Mobile,Germany
USR008645,1.1,2.2,4.1,13.9,2.3,78.1,86,14,37,200,46,3415,335,Mobile,Germany
USR008646,32.2,1.8,6.3,25.2,0.6,87.7,7,19,99,276,2,2627,246,Mobile,UK
USR008647,53.4,2.1,14.6,5.0,10.0,99.8,943,3,19,277,72,2173,146,Mobile,India
USR008648,22.6,0.2,0.7,19.8,24.7,25.0,178,12,86,353,58,2134,295,Desktop,Germany
USR008649,46.1,0.5,0.7,167.8,26.8,91.2,69,26,9,28,80,802,270,Mobile,Germany
USR008650,19.0,7.7,15.2,28.4,28.2,75.7,237,32,28,382,52,1345,124,Mobile,Australia
USR008651,71.2,3.6,0.3,0.3,0.7,99.4,331,13,47,200,55,1619,231,Mobile,Brazil
USR008652,32.1,8.8,8.4,19.9,13.1,54.5,152,20,4,62,93,2373,322,Mobile,Germany
USR008653,56.2,3.7,3.8,48.0,8.8,42.1,204,4,19,365,35,146,8,Desktop,USA
USR008654,143.8,9.1,6.2,40.2,7.7,71.9,33,21,58,487,97,2826,220,Desktop,Japan
USR008655,154.9,3.0,5.6,44.9,1.3,66.1,135,34,69,365,2,167,113,Mobile,India
USR008656,43.4,10.9,12.2,48.2,1.5,72.9,54,34,32,357,71,1694,107,Mobile,Brazil
USR008657,23.3,4.1,3.0,48.4,2.8,76.2,143,1,86,354,19,3496,331,Tablet,USA
USR008658,42.4,2.9,8.4,83.4,0.9,67.6,24,9,41,215,7,1457,83,Desktop,India
USR008659,52.3,2.6,4.4,118.9,0.7,21.4,52,44,94,446,45,2402,244,Tablet,Australia
USR008660,106.6,18.3,2.2,32.2,21.8,66.7,138,1,78,423,97,2531,307,Desktop,Australia
USR008661,181.8,6.1,8.7,91.0,12.5,28.3,126,11,12,50,97,1423,72,Desktop,USA
USR008662,108.1,3.8,5.8,36.4,20.4,24.2,39,17,33,289,79,2884,188,Mobile,Brazil
USR008663,188.4,0.3,7.0,52.3,10.1,95.2,58,17,70,419,63,2311,168,Mobile,Germany
USR008664,134.0,0.0,9.3,92.5,1.6,84.1,52,10,50,112,16,301,194,Mobile,UK
USR008665,114.5,2.0,1.2,69.7,4.9,79.7,476,21,65,258,45,762,157,Desktop,USA
USR008666,37.0,14.5,8.2,28.3,9.9,90.2,318,1,95,210,89,3071,285,Mobile,India
USR008667,22.1,3.9,0.2,1.0,2.9,46.0,438,48,18,9,28,1098,176,Mobile,Japan
USR008668,92.8,11.1,5.6,28.8,3.4,71.0,292,36,25,186,38,3604,17,Desktop,USA
USR008669,52.3,3.7,3.0,32.4,2.2,20.0,178,22,74,337,54,2782,297,Tablet,UK
USR008670,113.0,0.0,4.0,38.7,2.1,31.7,302,37,39,361,34,1053,335,Mobile,India
USR008671,39.1,14.9,9.0,2.4,1.1,64.9,124,1,77,331,24,1862,87,Tablet,UK
USR008672,44.2,3.2,17.6,22.1,3.1,72.0,90,47,98,71,62,2734,224,Mobile,USA
USR008673,20.0,0.6,1.5,8.0,5.1,41.3,78,16,62,323,83,571,294,Mobile,India
USR008674,16.4,1.1,2.5,20.5,0.6,38.3,36,7,43,354,52,3133,16,Mobile,Japan
USR008675,66.1,4.2,22.2,2.9,3.1,53.3,97,21,67,148,96,3128,347,Desktop,India
USR008676,17.7,17.0,19.8,0.7,0.5,26.6,43,6,70,103,63,2406,299,Mobile,USA
USR008677,18.1,1.5,2.9,3.0,15.2,81.9,177,2,35,366,2,3379,190,Mobile,India
USR008678,7.3,10.2,3.9,58.6,0.5,87.6,41,29,34,98,17,354,65,Mobile,UK
USR008679,188.5,1.5,4.7,88.9,1.3,51.4,1022,6,46,76,37,2809,291,Mobile,Brazil
USR008680,9.0,4.4,8.3,63.3,10.2,21.4,316,47,49,196,65,1720,224,Mobile,UK
USR008681,4.5,5.3,2.0,26.5,2.8,39.0,130,6,7,291,73,3108,202,Mobile,USA
USR008682,65.9,0.0,2.7,0.9,26.7,31.9,291,0,10,487,12,2378,268,Tablet,USA
USR008683,17.6,2.7,9.4,26.8,8.8,85.5,10,16,11,192,0,1621,364,Mobile,Japan
USR008684,138.3,3.4,0.7,24.6,25.8,95.5,124,16,32,20,55,1892,189,Desktop,Germany
USR008685,11.6,3.9,4.7,5.4,3.1,72.1,444,25,91,360,27,1664,44,Mobile,Germany
USR008686,14.3,0.9,2.9,59.6,12.8,92.9,24,47,57,59,65,1820,174,Mobile,Australia
USR008687,41.3,13.9,6.5,15.1,7.3,67.4,28,17,77,463,44,96,83,Mobile,USA
USR008688,102.1,0.3,3.9,12.2,9.8,31.0,11,31,88,161,24,2576,238,Desktop,UK
USR008689,143.1,1.1,0.8,55.3,2.6,59.2,396,21,65,417,52,3502,28,Mobile,USA
USR008690,143.7,2.3,1.1,119.0,12.5,73.3,18,28,48,167,3,1636,276,Mobile,Australia
USR008691,62.2,4.5,1.8,18.3,2.1,82.4,71,49,14,252,53,182,348,Mobile,Germany
USR008692,4.5,9.5,0.2,35.8,0.9,37.8,163,32,80,396,72,3040,301,Mobile,UK
USR008693,141.7,3.3,0.2,106.3,34.5,85.5,383,29,92,193,61,2897,163,Mobile,Japan
USR008694,36.1,1.6,1.9,12.4,23.2,99.3,158,10,36,129,57,2061,181,Desktop,Australia
USR008695,14.3,2.5,6.7,2.0,22.4,25.8,62,49,12,462,60,2061,86,Desktop,Australia
USR008696,3.1,0.8,1.5,43.8,1.6,43.2,103,13,64,381,91,2702,304,Mobile,Australia
USR008697,4.2,7.7,12.8,35.3,3.6,75.9,26,43,75,328,31,2402,288,Mobile,Japan
USR008698,27.0,8.5,1.2,32.1,10.0,61.6,1054,16,25,73,16,3055,102,Mobile,Brazil
USR008699,28.2,1.4,2.3,72.5,30.8,65.0,58,44,41,246,99,716,230,Mobile,Australia
USR008700,33.1,5.1,1.0,65.4,1.7,51.5,319,41,92,444,58,1293,191,Mobile,India
USR008701,1.0,1.1,30.0,27.6,17.5,86.4,268,23,33,89,15,3304,192,Mobile,Japan
USR008702,16.3,5.0,2.0,43.3,2.0,36.2,179,49,8,343,54,625,270,Mobile,UK
USR008703,15.6,6.3,1.6,7.1,1.9,80.8,113,11,44,123,28,1060,21,Desktop,Germany
USR008704,53.9,0.7,18.6,163.0,5.9,75.3,48,26,36,291,45,1205,130,Mobile,India
USR008705,31.1,3.1,4.4,19.5,9.7,85.6,495,20,7,452,41,2926,173,Mobile,Brazil
USR008706,298.0,3.1,2.4,39.2,11.2,59.7,187,40,6,257,67,2585,137,Mobile,UK
USR008707,7.1,0.7,5.6,218.1,9.6,37.8,58,24,65,44,35,2305,0,Desktop,Germany
USR008708,26.9,6.8,4.2,262.1,1.0,81.1,79,13,25,358,2,751,286,Tablet,USA
USR008709,72.7,5.0,6.3,14.8,5.5,79.5,504,28,27,448,48,3016,289,Mobile,Japan
USR008710,6.6,1.6,2.0,0.7,2.9,67.3,84,47,2,214,40,1009,34,Mobile,India
USR008711,86.3,2.1,12.6,16.5,2.0,48.0,8,25,64,383,35,3005,360,Mobile,UK
USR008712,8.6,3.7,2.2,11.0,24.8,28.4,76,11,86,259,83,1710,306,Mobile,Japan
USR008713,10.9,4.1,4.2,81.2,18.7,73.3,380,11,40,183,50,3191,126,Mobile,Germany
USR008714,9.6,16.4,0.1,128.3,1.0,46.7,713,3,94,241,14,555,36,Mobile,USA
USR008715,87.1,3.3,5.4,6.3,7.4,33.8,93,44,6,318,2,3500,128,Mobile,Germany
USR008716,11.6,5.1,8.3,50.7,4.2,47.7,17,23,47,449,68,236,72,Tablet,Japan
USR008717,125.6,0.1,0.8,33.7,19.7,39.8,160,6,26,212,85,1007,235,Mobile,India
USR008718,210.6,9.6,1.3,25.7,0.3,59.6,186,29,77,450,10,1725,178,Desktop,Brazil
USR008719,142.8,7.5,31.5,44.1,1.4,28.2,89,21,3,476,35,625,64,Mobile,Germany
USR008720,63.7,5.8,2.4,1.6,6.7,42.3,200,33,11,235,94,2947,225,Mobile,Brazil
USR008721,63.1,2.8,1.0,245.2,3.0,72.1,393,9,75,181,53,406,297,Tablet,Japan
USR008722,15.8,0.9,3.1,2.0,11.5,47.1,511,10,87,137,41,3412,287,Mobile,Germany
USR008723,37.0,8.8,9.4,13.2,46.8,31.9,60,40,39,142,7,2866,125,Mobile,USA
USR008724,82.2,8.1,9.8,37.1,40.0,52.0,122,27,48,468,38,572,321,Mobile,USA
USR008725,70.9,6.6,0.7,13.6,0.4,40.3,693,9,72,46,94,245,90,Desktop,UK
USR008726,130.9,4.2,9.0,8.1,18.0,48.3,452,12,15,41,23,735,86,Desktop,Brazil
USR008727,38.6,16.9,2.6,169.2,14.0,82.8,243,45,82,337,80,126,151,Mobile,Brazil
USR008728,1.0,11.7,2.7,353.7,21.1,81.9,62,42,69,88,82,3575,132,Desktop,UK
USR008729,22.9,3.9,7.9,39.9,1.1,91.4,369,33,62,170,37,378,28,Tablet,USA
USR008730,22.8,9.0,1.7,55.1,2.8,56.8,36,16,97,305,74,1775,355,Tablet,Brazil
USR008731,180.9,14.9,1.6,64.3,4.8,48.9,163,16,57,85,41,1489,174,Mobile,UK
USR008732,88.7,3.6,1.6,11.4,3.1,87.0,121,2,19,353,84,791,174,Tablet,USA
USR008733,2.7,5.0,0.8,37.1,3.9,53.3,81,43,87,355,85,1074,258,Mobile,UK
USR008734,13.9,0.3,8.9,136.0,9.9,94.4,115,26,50,38,73,2816,217,Desktop,UK
USR008735,123.3,0.9,3.5,6.0,6.8,34.6,548,43,99,226,40,276,107,Mobile,Japan
USR008736,165.4,2.2,13.1,100.7,5.3,61.9,23,16,24,41,98,2913,286,Mobile,Germany
USR008737,35.4,7.4,3.1,201.9,43.4,61.9,187,21,94,205,45,3089,286,Mobile,Germany
USR008738,305.1,8.0,1.0,8.4,13.5,71.6,133,7,82,430,74,1025,22,Mobile,UK
USR008739,85.8,5.4,2.6,9.7,1.8,44.9,143,26,47,357,54,3290,222,Mobile,Japan
USR008740,55.3,4.9,6.4,11.6,4.1,91.9,23,21,42,449,55,2972,47,Desktop,Germany
USR008741,6.2,4.0,5.3,34.1,1.1,62.4,464,19,40,100,93,3104,252,Mobile,Brazil
USR008742,33.2,2.7,9.1,21.1,0.9,20.6,9,0,2,366,71,916,18,Mobile,Japan
USR008743,29.2,0.1,1.9,199.6,13.7,55.4,249,1,99,443,36,1618,0,Mobile,Australia
USR008744,21.4,3.0,21.6,33.5,1.2,73.5,153,11,49,310,61,1919,288,Mobile,Germany
USR008745,38.2,4.7,5.8,28.2,0.4,53.8,117,35,92,385,75,1125,134,Mobile,Brazil
USR008746,32.9,3.7,3.5,129.3,6.9,70.9,354,47,83,286,34,2285,353,Mobile,India
USR008747,64.0,0.3,6.5,82.1,12.7,28.7,246,29,84,248,6,1345,28,Mobile,Germany
USR008748,234.0,0.5,8.2,39.7,14.9,88.7,126,36,9,313,52,642,136,Mobile,Brazil
USR008749,4.1,3.3,4.6,120.3,0.8,41.0,17,19,76,5,13,997,291,Desktop,USA
USR008750,28.2,3.7,14.7,49.4,0.7,28.6,435,16,9,330,36,626,250,Mobile,Japan
USR008751,6.1,1.7,0.8,141.0,21.3,27.2,296,30,83,282,99,549,23,Mobile,USA
USR008752,56.1,9.4,4.5,86.5,4.5,79.7,281,47,32,359,56,2514,212,Desktop,Australia
USR008753,21.4,9.8,4.2,128.9,35.1,83.5,148,2,96,481,78,2309,77,Desktop,USA
USR008754,123.3,1.1,3.2,4.5,12.6,60.5,301,36,67,112,46,104,360,Mobile,USA
USR008755,215.3,0.4,12.4,44.0,10.1,20.5,268,2,8,373,21,2831,282,Desktop,Australia
USR008756,201.6,7.4,1.5,3.6,10.4,51.6,121,0,86,79,19,177,90,Mobile,UK
USR008757,1.8,4.3,2.9,240.0,1.6,96.9,501,22,47,207,13,2491,353,Mobile,Japan
USR008758,104.1,0.9,1.5,7.4,27.6,35.4,9,5,49,176,47,774,134,Mobile,Germany
USR008759,119.0,5.8,2.5,82.6,10.1,55.3,95,34,92,186,33,254,87,Mobile,UK
USR008760,81.7,9.4,14.4,2.3,9.1,24.8,588,49,46,206,67,189,65,Mobile,Germany
USR008761,28.6,2.2,21.0,183.5,5.6,23.2,29,48,84,290,53,3511,300,Tablet,Australia
USR008762,76.0,14.4,6.1,34.3,2.6,73.0,143,37,83,436,40,3446,185,Mobile,USA
USR008763,3.6,3.5,3.3,5.2,0.5,87.7,114,37,93,353,38,686,208,Tablet,Japan
USR008764,5.4,3.5,1.9,17.7,1.8,45.8,397,26,95,299,43,3170,293,Mobile,USA
USR008765,6.0,1.7,4.7,113.0,23.6,37.2,405,8,72,493,58,1207,120,Mobile,Germany
USR008766,75.7,0.6,3.1,9.7,2.8,99.5,55,23,58,72,17,737,145,Mobile,Japan
USR008767,40.5,2.1,2.9,58.3,1.0,23.4,33,11,90,350,38,814,311,Mobile,Germany
USR008768,23.4,1.8,2.8,45.6,13.6,35.8,94,24,65,235,55,2588,102,Mobile,Japan
USR008769,31.2,10.6,6.9,15.4,1.4,81.5,313,42,46,425,0,989,131,Mobile,Japan
USR008770,12.5,5.7,6.3,11.8,2.5,71.3,2,32,13,227,63,2282,86,Mobile,Japan
USR008771,77.5,2.6,2.1,51.7,25.7,41.5,194,42,26,385,30,2799,118,Mobile,Japan
USR008772,1.0,2.7,11.8,23.7,1.6,98.8,94,29,2,110,95,3361,210,Desktop,India
USR008773,1.5,9.1,0.4,29.6,12.5,24.5,329,21,69,283,49,2748,113,Mobile,India
USR008774,50.4,0.7,0.9,20.1,10.5,89.1,149,4,16,342,64,3323,131,Desktop,Japan
USR008775,2.9,3.9,1.6,128.7,7.3,32.7,327,34,41,100,93,2819,302,Tablet,Germany
USR008776,14.3,0.4,21.9,85.2,3.1,24.1,143,45,2,288,28,2520,107,Mobile,Germany
USR008777,59.7,8.9,17.7,56.3,6.2,45.6,108,2,70,303,57,1643,22,Mobile,Brazil
USR008778,120.3,4.8,2.2,58.6,15.7,54.6,224,15,19,297,22,2330,112,Mobile,UK
USR008779,16.7,1.7,7.2,49.6,5.4,71.1,99,37,6,226,93,3495,194,Mobile,UK
USR008780,24.3,9.0,6.1,20.6,6.5,96.2,225,11,67,450,46,3291,281,Desktop,Brazil
USR008781,50.6,0.7,5.9,174.0,31.8,76.7,198,12,22,167,84,473,338,Desktop,Brazil
USR008782,6.6,2.9,13.7,136.4,9.0,30.7,357,20,28,484,74,3258,332,Mobile,Brazil
USR008783,132.7,3.7,12.5,5.9,15.2,69.6,79,11,0,155,69,130,330,Desktop,India
USR008784,3.9,2.5,2.8,19.8,5.9,53.0,92,2,23,165,14,2142,169,Mobile,India
USR008785,105.2,0.8,1.4,7.8,2.7,25.3,61,11,41,255,92,1525,6,Mobile,India
USR008786,76.8,16.0,5.8,38.9,3.6,24.2,209,21,48,25,1,3586,126,Mobile,Brazil
USR008787,34.1,3.1,8.9,1.3,1.0,98.7,252,20,68,30,19,1617,35,Mobile,Japan
USR008788,128.2,2.5,3.0,46.0,11.1,30.6,25,41,69,194,89,676,262,Tablet,Germany
USR008789,124.2,2.6,9.0,27.9,13.9,30.8,20,14,21,18,26,2536,24,Mobile,UK
USR008790,11.1,7.0,1.7,136.5,0.7,75.0,211,38,60,186,8,1123,73,Mobile,USA
USR008791,154.4,7.3,4.7,49.3,1.7,65.5,28,4,7,354,12,1171,312,Mobile,USA
USR008792,58.5,7.2,2.3,24.3,16.6,34.6,63,25,9,230,28,1900,306,Desktop,Japan
USR008793,42.8,4.6,2.1,30.4,0.1,59.1,220,42,45,92,4,3358,94,Desktop,India
USR008794,45.0,11.5,2.0,4.4,1.8,95.0,78,43,21,325,56,2697,7,Mobile,USA
USR008795,68.3,0.3,24.8,2.5,0.6,47.5,860,12,93,404,53,707,185,Mobile,Japan
USR008796,134.4,1.2,0.3,19.4,5.6,62.1,338,18,16,213,55,3301,309,Mobile,UK
USR008797,80.1,6.0,0.0,3.5,14.5,81.5,193,12,86,59,48,3259,37,Desktop,UK
USR008798,9.3,10.5,7.6,63.1,3.6,78.6,106,44,57,439,39,2669,175,Mobile,Germany
USR008799,69.2,1.4,3.0,8.0,15.4,78.5,59,27,73,238,91,685,228,Tablet,Brazil
USR008800,29.6,0.0,26.8,35.9,10.0,53.5,103,42,80,380,6,256,78,Mobile,Japan
USR008801,32.6,1.1,13.4,68.4,16.8,43.2,110,27,87,373,1,1523,68,Mobile,India
USR008802,3.3,8.2,9.5,107.5,0.5,77.3,51,43,31,240,6,2901,305,Mobile,Australia
USR008803,260.1,6.0,7.6,49.4,1.9,94.0,171,3,97,493,0,1081,256,Desktop,India
USR008804,2.2,4.5,14.6,172.3,4.1,41.6,60,34,1,83,13,793,134,Mobile,Brazil
USR008805,19.2,13.3,12.3,7.2,15.1,37.7,257,31,48,130,94,2327,355,Mobile,Australia
USR008806,49.1,2.1,27.0,91.0,7.2,33.5,8,47,9,223,21,514,286,Tablet,Australia
USR008807,45.0,2.4,3.6,121.3,0.4,37.2,250,35,45,263,3,1945,242,Mobile,India
USR008808,4.0,1.1,5.7,17.8,0.3,94.6,490,43,71,195,6,1766,155,Mobile,Brazil
USR008809,2.8,1.1,6.9,6.1,13.1,72.9,79,19,85,138,84,905,232,Mobile,Australia
USR008810,6.2,8.8,3.1,22.7,9.9,74.8,493,0,40,362,40,751,111,Desktop,Australia
USR008811,37.7,3.8,15.2,22.8,0.7,49.8,942,4,50,242,43,2628,121,Mobile,Australia
USR008812,29.2,10.4,0.7,45.3,1.4,68.4,363,25,86,311,46,397,50,Desktop,Germany
USR008813,145.9,1.9,2.3,15.9,9.7,40.2,41,23,11,328,36,1767,57,Mobile,UK
USR008814,163.2,3.2,1.1,31.6,7.4,37.7,167,1,99,181,39,1460,133,Mobile,Germany
USR008815,100.4,2.4,0.9,7.4,8.1,20.5,10,34,69,58,4,1164,111,Mobile,Japan
USR008816,163.9,1.7,7.7,139.1,4.3,24.8,284,45,1,35,67,3298,150,Mobile,Germany
USR008817,17.1,1.3,3.1,49.1,4.7,36.8,479,28,88,150,18,3204,330,Mobile,Germany
USR008818,26.1,20.3,21.1,28.9,10.8,98.5,911,44,2,234,86,2371,256,Desktop,Brazil
USR008819,52.0,1.2,21.8,55.6,4.5,62.2,592,37,92,285,47,1446,230,Mobile,Australia
USR008820,75.1,3.7,6.0,52.4,1.7,97.9,83,47,5,51,32,1637,150,Mobile,Brazil
USR008821,1.3,7.3,1.1,1.3,5.8,89.0,53,23,94,249,43,3486,60,Desktop,USA
USR008822,50.0,0.8,1.7,11.9,0.3,98.0,157,38,56,70,11,2001,354,Mobile,India
USR008823,79.9,9.2,2.9,13.8,18.0,47.0,47,18,39,130,70,3646,364,Mobile,Japan
USR008824,12.5,2.8,4.9,38.1,16.3,89.6,117,31,96,420,52,1857,132,Mobile,Brazil
USR008825,102.6,10.3,9.9,33.8,14.5,97.4,236,14,15,458,76,954,249,Mobile,Germany
USR008826,31.3,0.7,20.0,3.4,12.1,95.5,297,49,31,202,52,723,9,Mobile,USA
USR008827,92.3,14.7,16.5,22.0,0.2,85.3,214,42,67,192,74,618,139,Mobile,Brazil
USR008828,119.4,2.2,0.3,31.5,4.7,26.3,227,34,74,296,8,749,304,Mobile,UK
USR008829,10.3,11.7,30.7,39.5,10.9,57.2,197,23,93,203,89,650,17,Mobile,Germany
USR008830,17.2,0.9,8.2,67.0,3.8,60.3,377,2,63,403,66,1119,223,Mobile,Japan
USR008831,26.7,8.0,4.3,80.0,1.0,72.1,29,0,31,215,96,2636,246,Desktop,Germany
USR008832,2.6,1.5,10.2,2.4,5.2,36.7,268,37,2,297,83,3503,264,Mobile,UK
USR008833,6.4,0.4,8.8,80.5,2.6,94.5,32,2,11,451,50,902,152,Mobile,Japan
USR008834,80.6,0.2,10.4,1.0,18.3,90.5,376,23,15,248,87,2630,110,Mobile,India
USR008835,33.2,8.6,14.5,107.5,1.1,39.6,48,18,26,94,63,3555,3,Mobile,USA
USR008836,76.2,1.2,17.2,4.2,3.4,81.4,32,26,4,244,87,40,130,Mobile,UK
USR008837,91.5,1.6,28.3,6.7,8.0,25.0,137,4,1,494,57,2632,282,Mobile,India
USR008838,111.3,4.1,29.5,13.6,3.0,93.5,817,45,14,454,70,791,34,Mobile,UK
USR008839,42.2,2.3,0.7,6.5,3.8,68.0,2,48,34,177,7,1612,184,Mobile,USA
USR008840,33.7,1.9,27.7,5.4,17.3,75.9,40,48,63,382,10,2826,44,Tablet,USA
USR008841,46.4,4.3,3.1,48.8,3.4,71.3,926,36,38,219,6,3444,210,Mobile,India
USR008842,13.0,2.6,10.6,138.1,14.1,37.6,21,17,65,289,96,1609,301,Tablet,Australia
USR008843,75.5,1.7,0.7,62.8,22.6,44.6,78,28,59,169,40,3335,11,Mobile,Australia
USR008844,5.3,6.2,12.5,17.8,29.4,38.1,418,10,49,385,50,367,292,Mobile,Australia
USR008845,182.7,1.9,25.8,26.9,14.8,72.5,281,10,55,489,33,2398,29,Mobile,USA
USR008846,50.2,6.3,25.2,28.2,4.9,91.7,268,39,6,334,0,1043,171,Mobile,Japan
USR008847,7.1,1.1,1.4,42.7,7.4,35.0,229,48,47,497,88,1368,248,Mobile,Germany
USR008848,47.8,0.2,2.5,107.6,11.5,75.7,284,3,68,73,94,1576,280,Desktop,Australia
USR008849,182.6,1.6,7.7,10.3,11.5,52.9,178,11,95,268,15,2977,59,Mobile,India
USR008850,19.6,4.7,9.1,22.9,0.5,63.6,210,15,3,474,21,934,242,Desktop,UK
USR008851,43.3,16.7,5.5,9.8,9.1,80.5,95,16,88,327,99,2193,348,Mobile,Brazil
USR008852,64.0,7.2,4.8,1.8,8.5,50.7,315,21,2,473,37,248,215,Mobile,UK
USR008853,180.6,1.4,0.2,341.0,3.8,95.2,453,37,5,210,35,2382,65,Mobile,India
USR008854,14.8,2.5,1.2,5.6,5.1,58.3,205,29,61,386,44,1018,356,Mobile,Japan
USR008855,110.4,4.2,5.0,13.6,20.7,44.7,10,28,37,411,17,1865,155,Mobile,Japan
USR008856,33.4,4.3,0.5,36.6,0.0,49.1,157,29,83,39,76,2242,52,Mobile,Japan
USR008857,13.1,0.7,11.7,1.2,13.0,88.8,23,35,24,130,36,3226,161,Desktop,Japan
USR008858,21.9,6.7,0.7,15.5,14.2,23.5,248,13,96,141,72,588,25,Mobile,Germany
USR008859,73.4,7.8,24.6,22.8,5.0,99.4,127,25,53,143,86,1539,194,Mobile,Japan
USR008860,59.1,4.7,2.0,14.5,0.8,85.0,165,8,55,114,63,3242,129,Mobile,USA
USR008861,30.5,8.5,21.8,18.2,28.1,53.5,52,38,30,349,93,3287,63,Mobile,India
USR008862,45.5,3.6,2.7,31.1,0.5,98.1,507,30,58,434,7,2154,305,Mobile,Germany
USR008863,25.3,3.4,2.9,10.0,5.2,57.3,5,17,13,374,39,590,242,Mobile,Germany
USR008864,24.9,8.2,5.9,97.4,4.2,97.2,235,5,90,343,69,958,122,Desktop,USA
USR008865,10.7,4.7,0.5,92.7,11.0,40.6,231,45,56,492,63,1107,10,Mobile,Germany
USR008866,52.1,2.0,3.4,51.1,0.8,37.3,211,10,96,241,98,1920,306,Mobile,Australia
USR008867,8.2,2.6,2.4,44.7,16.8,37.9,174,21,75,64,85,1389,9,Mobile,Germany
USR008868,27.5,1.9,11.3,67.3,24.7,21.6,206,37,97,182,18,2353,52,Mobile,USA
USR008869,29.9,0.7,4.2,13.8,10.7,33.3,38,33,49,225,6,1152,144,Desktop,Japan
USR008870,79.7,10.7,2.9,3.3,2.0,50.1,10,2,53,380,68,1327,265,Mobile,Brazil
USR008871,45.5,6.2,9.8,87.8,11.9,46.0,18,4,58,14,61,1791,116,Desktop,Japan
USR008872,111.5,0.2,2.1,130.4,4.5,95.7,634,10,90,462,57,2203,184,Mobile,USA
USR008873,104.5,10.1,0.1,100.2,7.3,41.0,186,3,36,119,88,2229,298,Desktop,India
USR008874,114.2,18.2,3.9,17.7,16.0,74.7,49,34,55,247,59,841,272,Mobile,Germany
USR008875,8.9,9.3,16.2,127.9,3.3,28.0,88,7,92,271,12,1210,200,Mobile,USA
USR008876,7.3,0.1,12.4,32.6,12.7,77.5,62,24,47,147,33,2361,341,Mobile,UK
USR008877,25.2,2.5,1.4,33.9,17.8,55.9,210,26,52,51,14,3383,165,Mobile,Japan
USR008878,90.3,9.2,1.1,163.8,3.2,37.5,71,1,35,131,6,2837,103,Desktop,Germany
USR008879,65.3,8.1,3.4,2.8,2.3,33.9,356,11,3,245,12,518,117,Desktop,UK
USR008880,3.8,2.3,1.8,25.5,29.9,28.5,640,1,46,103,4,3637,311,Tablet,India
USR008881,16.7,0.9,13.9,35.8,27.6,46.1,238,48,59,329,12,657,209,Mobile,UK
USR008882,11.4,12.5,6.1,76.5,1.1,93.3,4,45,5,403,55,1090,196,Mobile,UK
USR008883,48.8,32.1,2.5,2.3,17.2,62.4,117,30,80,89,14,2098,72,Mobile,Germany
USR008884,16.8,3.0,3.4,20.5,2.8,32.3,18,25,47,171,92,2146,264,Mobile,UK
USR008885,18.5,1.1,10.6,48.9,9.3,65.2,255,47,49,68,80,1643,257,Mobile,Germany
USR008886,121.3,3.3,3.2,79.4,0.8,60.7,192,35,93,397,34,3194,190,Mobile,Brazil
USR008887,22.5,1.4,5.6,62.4,8.9,30.1,51,12,66,380,52,1070,264,Mobile,Brazil
USR008888,3.5,3.8,4.8,6.4,20.4,52.4,110,48,14,300,86,3398,113,Tablet,Germany
USR008889,10.1,7.7,2.2,23.7,13.0,58.7,46,48,14,493,91,2710,10,Mobile,Australia
USR008890,127.1,4.0,1.9,15.3,11.4,94.5,113,43,83,382,38,2609,224,Tablet,Germany
USR008891,64.6,18.2,10.3,46.1,3.4,32.0,86,41,48,41,5,3091,41,Desktop,USA
USR008892,95.4,0.5,0.9,29.9,20.3,99.5,38,49,36,471,70,2390,97,Mobile,Japan
USR008893,139.8,1.0,2.6,111.3,18.9,34.0,864,17,16,86,54,3518,17,Mobile,Germany
USR008894,31.8,2.7,1.0,0.2,1.7,58.4,372,41,41,115,8,2377,70,Tablet,Japan
USR008895,140.5,5.2,0.0,90.2,5.9,28.3,36,48,65,320,40,412,185,Desktop,UK
USR008896,23.5,1.6,6.6,216.4,5.6,79.8,184,15,16,423,74,2534,265,Tablet,India
USR008897,175.4,0.0,7.5,31.5,13.6,32.0,83,24,31,417,61,3606,356,Mobile,Brazil
USR008898,78.7,5.9,6.8,41.9,3.0,63.9,181,20,23,226,84,3275,337,Desktop,Japan
USR008899,5.6,1.3,11.0,43.7,26.4,73.0,87,45,58,452,73,113,279,Mobile,USA
USR008900,56.8,2.5,10.7,61.3,28.8,29.0,139,19,22,276,63,2461,336,Mobile,UK
USR008901,48.5,2.1,11.7,30.8,8.2,24.7,724,17,22,357,38,3287,126,Tablet,Australia
USR008902,101.4,6.9,15.1,11.7,2.4,50.2,122,37,34,30,6,3197,162,Tablet,Germany
USR008903,50.3,4.9,0.4,19.0,56.2,21.3,258,36,41,257,11,464,348,Tablet,India
USR008904,251.3,7.7,23.0,18.3,0.9,94.8,445,18,67,111,35,2236,14,Mobile,India
USR008905,65.0,8.9,4.0,27.2,5.4,92.1,117,8,87,359,75,1708,210,Desktop,Australia
USR008906,71.4,15.9,3.0,21.8,2.6,31.2,72,1,25,471,2,3135,3,Desktop,Brazil
USR008907,19.5,5.4,5.4,73.6,4.8,77.6,18,36,40,178,39,3183,361,Mobile,Japan
USR008908,46.8,14.0,3.8,109.9,5.5,29.2,179,28,90,27,59,569,246,Tablet,India
USR008909,58.8,0.2,2.2,91.8,7.6,71.2,0,22,41,79,31,487,87,Mobile,Brazil
USR008910,9.3,13.0,2.8,145.7,41.4,29.1,285,13,12,316,34,1228,231,Tablet,Australia
USR008911,47.5,2.6,0.6,291.6,0.7,32.8,221,36,84,389,71,3435,191,Mobile,Brazil
USR008912,114.3,0.3,4.6,20.6,9.4,48.4,41,29,96,439,6,3612,156,Desktop,UK
USR008913,19.5,4.7,2.2,8.9,54.1,89.1,259,12,45,118,61,3447,60,Desktop,UK
USR008914,207.2,2.7,0.6,4.3,1.1,70.4,767,41,13,264,10,2726,231,Mobile,Australia
USR008915,173.9,6.2,30.0,39.7,15.8,30.5,36,5,36,47,13,2169,67,Mobile,UK
USR008916,37.9,2.0,3.6,94.0,16.4,52.8,334,15,21,476,68,2880,121,Mobile,Australia
USR008917,91.3,0.4,4.4,21.7,32.9,61.0,45,12,13,233,50,1192,255,Mobile,UK
USR008918,24.2,5.3,1.2,8.7,7.4,96.9,158,45,70,264,11,2350,179,Mobile,India
USR008919,25.8,0.1,0.7,57.0,2.9,39.9,78,46,37,154,17,1506,345,Mobile,India
USR008920,2.9,5.8,7.8,57.9,23.8,44.8,56,4,45,475,39,1112,193,Mobile,USA
USR008921,24.6,3.9,0.9,21.3,18.2,79.4,286,45,41,392,33,970,310,Desktop,USA
USR008922,10.7,0.2,3.4,68.8,8.3,89.7,140,0,15,419,7,3433,118,Mobile,Germany
USR008923,14.1,3.3,3.2,3.0,22.2,54.7,26,1,95,105,79,1887,162,Desktop,India
USR008924,36.5,9.4,10.9,1.7,9.7,61.7,105,31,35,330,37,1764,117,Mobile,India
USR008925,1.0,2.2,8.8,51.0,1.4,30.3,98,48,57,229,33,3180,109,Mobile,USA
USR008926,61.1,0.1,1.4,8.0,2.0,63.7,316,47,47,176,17,2105,225,Desktop,Germany
USR008927,15.0,6.5,1.6,3.8,2.3,95.2,160,22,32,481,75,2119,207,Mobile,Australia
USR008928,167.4,1.1,1.5,10.4,5.4,93.7,842,24,69,385,83,470,192,Mobile,Japan
USR008929,61.6,7.8,3.6,70.8,20.2,81.2,333,42,88,255,93,2510,263,Mobile,UK
USR008930,12.4,3.0,1.4,233.5,0.7,46.1,334,22,63,444,87,2196,168,Mobile,USA
USR008931,147.6,1.2,1.8,4.7,0.6,68.7,11,35,98,80,22,403,94,Desktop,USA
USR008932,127.0,0.7,18.4,37.3,12.6,50.9,5,7,12,491,88,2705,161,Mobile,Japan
USR008933,67.6,10.0,5.7,87.1,6.0,20.8,524,38,99,369,95,2676,364,Mobile,Japan
USR008934,29.6,4.1,5.6,3.8,21.0,68.8,100,28,77,221,51,908,53,Mobile,Australia
USR008935,2.2,11.5,2.4,12.5,18.8,50.4,180,11,98,2,69,61,82,Mobile,USA
USR008936,118.2,0.2,12.3,53.1,0.7,79.7,332,29,85,158,46,524,126,Mobile,Japan
USR008937,29.4,0.3,6.2,0.9,6.1,80.1,90,45,81,236,60,3476,362,Mobile,Brazil
USR008938,54.7,5.8,6.0,21.9,4.9,81.8,63,26,13,201,49,1414,69,Desktop,UK
USR008939,13.0,9.3,11.7,24.3,16.6,81.8,85,40,8,9,28,3631,185,Desktop,UK
USR008940,17.3,2.1,0.0,23.7,4.4,99.0,144,1,30,490,18,894,362,Mobile,USA
USR008941,58.6,8.1,1.7,170.3,19.0,34.8,4,13,1,280,73,222,105,Desktop,Brazil
USR008942,51.0,9.7,3.3,13.3,29.8,57.6,84,18,36,475,22,3187,227,Desktop,Australia
USR008943,93.0,6.1,6.8,44.3,0.6,58.3,495,11,70,431,10,2859,328,Mobile,USA
USR008944,22.8,3.2,2.7,16.2,1.7,86.0,95,1,61,78,60,3365,7,Mobile,Brazil
USR008945,71.2,5.8,2.3,118.0,1.2,61.4,100,32,25,399,2,2127,257,Desktop,Australia
USR008946,111.0,6.9,9.8,49.5,5.6,21.9,683,18,59,337,93,112,266,Mobile,Brazil
USR008947,47.7,8.6,12.9,7.3,2.0,89.0,7,29,60,454,44,2251,73,Desktop,Australia
USR008948,9.2,4.8,2.8,27.6,1.8,78.1,430,45,51,198,76,1791,210,Desktop,Japan
USR008949,8.1,0.6,8.0,39.1,21.6,51.8,486,22,48,470,46,1136,187,Mobile,Germany
USR008950,46.6,8.5,7.1,100.9,3.2,85.8,65,19,33,309,15,1960,146,Mobile,Germany
USR008951,91.1,2.0,8.8,113.6,12.8,76.8,93,46,60,190,10,1446,177,Desktop,India
USR008952,26.6,2.5,1.6,4.7,9.1,76.1,39,22,42,431,52,814,298,Tablet,Australia
USR008953,120.8,4.9,1.2,99.0,16.8,32.5,294,16,77,241,47,1586,272,Mobile,UK
USR008954,130.3,1.4,1.2,7.3,5.2,62.1,90,31,12,286,27,1112,260,Mobile,USA
USR008955,50.0,0.0,39.7,32.8,13.1,91.8,245,24,40,337,76,745,232,Mobile,Australia
USR008956,78.9,1.6,10.4,85.1,1.4,49.9,4,18,30,253,58,2627,173,Mobile,Japan
USR008957,5.1,5.2,0.8,23.0,8.2,65.0,45,4,38,463,85,1625,320,Mobile,USA
USR008958,41.6,2.6,6.9,30.1,24.3,61.1,264,10,29,168,28,2886,115,Desktop,Japan
USR008959,137.5,3.0,8.4,147.2,1.9,43.1,48,24,28,294,18,947,102,Mobile,India
USR008960,58.6,0.3,6.0,0.9,17.9,22.7,447,5,38,270,77,3486,135,Mobile,Australia
USR008961,13.4,1.6,10.5,85.0,2.6,28.4,509,24,91,85,44,61,138,Mobile,Japan
USR008962,260.6,7.8,0.3,23.1,0.8,31.3,259,19,94,311,12,1782,7,Mobile,Japan
USR008963,107.4,6.0,1.2,96.9,18.6,69.0,394,5,13,318,97,1811,296,Mobile,USA
USR008964,83.8,0.3,11.5,2.2,28.1,26.1,233,22,99,101,88,1324,154,Desktop,India
USR008965,56.1,10.9,3.4,2.1,5.6,25.0,121,7,48,198,30,2448,348,Mobile,Japan
USR008966,49.4,6.4,4.9,56.6,10.4,46.6,89,22,86,45,32,189,282,Mobile,Germany
USR008967,74.1,10.0,18.4,75.2,0.0,92.4,526,49,77,337,83,1548,116,Mobile,India
USR008968,11.3,3.8,6.0,65.4,9.6,85.3,102,17,66,271,59,676,62,Mobile,India
USR008969,59.0,1.4,1.7,22.8,9.6,72.9,195,28,25,285,63,2871,124,Desktop,Germany
USR008970,43.3,3.9,2.0,24.6,2.6,90.9,468,33,52,166,4,93,70,Mobile,India
USR008971,13.8,4.1,2.4,69.9,4.0,71.9,211,8,30,404,77,2910,339,Mobile,Germany
USR008972,62.3,2.7,1.3,5.2,7.7,63.9,197,36,43,393,63,819,115,Mobile,Australia
USR008973,222.4,3.3,16.5,30.9,11.6,34.8,210,17,24,218,60,95,231,Mobile,USA
USR008974,18.2,8.3,2.1,206.5,2.2,66.5,10,44,18,347,84,2349,3,Tablet,USA
USR008975,7.7,3.1,6.3,23.5,8.7,96.8,469,35,31,275,68,279,246,Mobile,Brazil
USR008976,49.7,0.2,6.0,28.4,17.5,48.5,162,33,61,19,69,2061,308,Mobile,USA
USR008977,45.2,1.3,0.1,113.3,33.6,87.0,41,20,17,246,71,653,174,Mobile,Germany
USR008978,66.4,13.6,1.2,45.4,12.3,24.7,114,14,85,255,25,1252,28,Mobile,Brazil
USR008979,21.0,10.4,17.7,61.8,28.0,56.0,363,18,48,211,54,2085,309,Desktop,UK
USR008980,58.3,12.5,9.4,227.1,14.3,73.9,156,42,62,208,51,3166,272,Mobile,USA
USR008981,17.3,5.8,11.6,86.9,1.2,54.8,141,1,45,372,32,2862,102,Desktop,Australia
USR008982,57.1,2.0,5.3,75.4,19.1,46.4,48,37,6,88,14,474,330,Mobile,Japan
USR008983,25.7,1.1,9.1,3.0,12.6,39.0,42,20,2,288,85,1717,323,Mobile,Germany
USR008984,13.6,5.5,11.3,19.9,11.2,33.8,142,22,93,135,68,262,172,Mobile,India
USR008985,30.0,11.4,2.8,8.3,3.5,50.9,189,14,51,215,57,2063,360,Mobile,USA
USR008986,5.7,1.6,13.4,148.8,6.9,52.8,18,48,17,44,62,2055,216,Mobile,India
USR008987,83.3,4.3,7.8,15.4,8.1,88.0,138,44,82,97,62,3093,360,Mobile,UK
USR008988,62.7,2.0,4.2,21.0,10.1,87.0,607,18,84,449,85,77,345,Desktop,Brazil
USR008989,10.7,1.0,1.7,7.6,12.2,86.6,272,24,90,239,51,2268,141,Mobile,UK
USR008990,34.8,0.9,5.2,180.1,6.0,99.9,538,22,37,372,3,126,15,Mobile,India
USR008991,88.8,4.3,1.3,10.5,0.7,31.4,715,31,0,448,84,2361,42,Desktop,USA
USR008992,31.1,2.5,0.5,42.9,5.7,23.9,100,16,2,185,14,954,307,Tablet,India
USR008993,33.0,0.2,5.9,106.3,4.7,82.5,153,8,43,119,12,1047,114,Desktop,Australia
USR008994,45.4,0.3,8.3,13.1,3.0,29.9,114,13,26,354,4,3311,10,Mobile,Japan
USR008995,138.1,2.1,3.2,14.4,15.7,56.2,150,6,5,459,27,2731,199,Mobile,India
USR008996,132.4,24.2,7.8,27.3,1.6,56.6,127,46,86,315,72,580,259,Mobile,India
USR008997,5.4,0.6,6.6,2.8,20.7,22.8,368,6,32,414,1,3139,351,Mobile,Japan
USR008998,43.8,2.8,7.4,22.0,9.0,65.9,25,16,76,275,58,194,205,Mobile,USA
USR008999,2.0,3.4,5.9,7.8,2.6,49.6,56,26,75,132,12,1863,333,Mobile,India
USR009000,74.5,1.5,28.7,82.3,7.9,43.1,48,7,97,489,28,239,268,Mobile,Japan
USR009001,13.7,5.1,23.2,3.5,0.7,88.1,72,28,86,96,4,1241,289,Mobile,India
USR009002,112.5,2.5,7.0,3.1,6.1,99.3,45,34,90,359,23,999,85,Mobile,Brazil
USR009003,128.4,10.2,6.5,3.9,4.3,61.4,684,41,36,227,0,1685,172,Desktop,Germany
USR009004,67.9,3.4,1.5,33.1,1.8,47.7,138,27,45,273,29,3160,260,Mobile,Germany
USR009005,80.1,4.4,3.9,18.6,9.7,30.0,122,29,56,49,97,1244,121,Desktop,India
USR009006,46.0,5.4,12.0,46.6,4.1,36.2,123,41,30,96,33,2728,66,Mobile,UK
USR009007,64.6,10.8,4.5,18.2,9.9,24.8,195,14,75,191,31,1561,225,Mobile,USA
USR009008,86.0,2.2,2.9,6.8,19.3,77.0,159,28,37,340,8,2861,82,Desktop,Australia
USR009009,131.2,0.4,11.1,82.1,3.3,87.8,167,28,85,95,48,3021,351,Desktop,India
USR009010,69.5,0.9,14.2,30.5,9.5,78.1,153,26,40,124,66,767,81,Mobile,USA
USR009011,150.4,4.2,2.6,9.2,11.1,50.5,21,34,67,381,12,162,161,Mobile,Australia
USR009012,11.5,5.9,10.7,188.3,16.7,46.2,383,9,95,450,58,2117,29,Desktop,Germany
USR009013,139.3,14.8,6.5,27.0,5.3,51.4,114,33,90,352,39,1625,192,Mobile,India
USR009014,33.0,5.4,6.6,33.5,20.4,34.0,167,13,38,29,57,1384,29,Mobile,UK
USR009015,31.9,2.3,30.1,112.8,29.7,37.3,151,19,39,322,87,2705,44,Mobile,Germany
USR009016,42.7,1.6,2.3,5.7,2.3,74.7,114,20,69,474,4,2143,256,Mobile,Japan
USR009017,17.5,1.1,2.5,39.8,0.5,45.6,187,6,84,49,93,2916,235,Mobile,USA
USR009018,7.0,1.2,11.0,60.0,30.9,67.9,20,28,62,429,41,2027,301,Mobile,India
USR009019,1.0,1.8,1.7,91.8,7.4,78.6,230,37,19,32,63,3247,188,Mobile,Germany
USR009020,98.3,2.8,22.1,13.4,12.0,52.8,77,39,95,208,6,2577,84,Tablet,USA
USR009021,115.7,6.0,6.8,61.6,9.8,59.1,68,23,6,117,38,1653,286,Mobile,Brazil
USR009022,13.6,4.3,15.3,104.2,16.8,40.9,139,6,94,372,3,873,231,Mobile,Brazil
USR009023,68.4,4.6,1.6,105.2,8.7,27.0,5,7,92,151,55,3298,1,Mobile,USA
USR009024,48.7,1.2,4.3,107.5,0.5,50.7,373,43,96,210,54,2756,290,Mobile,UK
USR009025,77.8,2.1,5.8,6.8,6.0,90.0,172,22,97,29,29,2122,65,Mobile,India
USR009026,45.2,0.3,5.1,5.7,3.7,51.9,70,40,39,92,7,599,284,Mobile,India
USR009027,24.4,2.9,0.3,44.5,7.4,39.3,50,11,24,217,77,2098,82,Mobile,Australia
USR009028,7.6,5.4,4.6,26.8,16.2,82.3,48,24,84,443,14,945,252,Tablet,Australia
USR009029,40.4,4.0,3.2,2.5,0.2,75.8,9,22,56,423,23,1351,35,Desktop,India
USR009030,13.0,13.8,11.6,1.0,11.2,69.7,344,33,68,348,28,3034,356,Mobile,Germany
USR009031,30.9,7.4,1.0,22.8,18.9,20.3,235,11,72,207,98,760,270,Mobile,Germany
USR009032,29.9,1.0,13.9,104.3,4.8,66.4,18,32,68,170,20,2093,147,Mobile,Germany
USR009033,23.8,8.2,14.0,16.8,9.4,83.6,182,20,34,196,60,2247,189,Mobile,UK
USR009034,54.0,4.5,2.1,13.4,1.3,78.3,1892,11,61,269,83,2864,40,Mobile,Australia
USR009035,9.6,5.4,15.0,65.7,1.2,91.3,76,13,42,455,47,1561,200,Tablet,Australia
USR009036,65.3,6.2,3.7,20.5,4.1,21.6,235,1,26,474,14,2992,314,Desktop,India
USR009037,70.9,2.2,6.9,30.2,23.7,65.3,6,11,36,333,59,1540,346,Tablet,USA
USR009038,1.0,6.9,18.4,2.0,8.7,58.5,244,37,24,286,27,3079,12,Mobile,Australia
USR009039,99.4,1.0,2.9,93.0,3.8,78.4,238,27,21,345,37,3379,81,Mobile,USA
USR009040,201.0,2.0,3.2,41.5,6.0,92.9,8,41,0,439,32,1118,201,Desktop,USA
USR009041,1.6,9.0,10.2,49.0,13.6,82.1,235,39,58,442,2,1630,301,Mobile,Japan
USR009042,44.2,9.9,3.8,62.6,20.8,88.6,176,30,66,199,30,2115,126,Mobile,Germany
USR009043,43.7,3.9,3.9,120.4,26.2,25.8,28,23,25,340,81,399,87,Tablet,Japan
USR009044,1.0,0.6,3.4,57.7,12.1,21.3,943,44,18,393,26,1553,213,Mobile,Australia
USR009045,84.3,24.1,1.4,18.1,3.9,93.0,90,12,44,153,2,1625,61,Mobile,Germany
USR009046,100.7,0.3,6.7,26.4,2.3,31.3,66,15,16,369,4,3280,81,Desktop,Brazil
USR009047,6.7,3.1,1.6,16.3,19.9,63.1,4,17,56,354,62,833,341,Desktop,Brazil
USR009048,1.0,3.1,6.2,87.9,0.1,45.5,115,39,38,91,35,1503,277,Mobile,Japan
USR009049,25.4,6.2,0.7,15.0,3.3,54.9,168,4,44,314,72,2595,112,Mobile,Japan
USR009050,88.0,5.7,1.4,4.4,0.3,85.3,824,42,98,403,16,816,97,Mobile,USA
USR009051,180.8,4.4,12.8,12.6,11.8,71.3,220,49,5,426,44,637,246,Mobile,Australia
USR009052,25.2,4.2,4.4,64.8,11.5,92.6,60,34,28,431,75,2788,357,Mobile,Brazil
USR009053,95.1,1.4,5.9,88.3,20.8,97.4,208,48,73,428,39,3585,96,Desktop,India
USR009054,79.6,9.7,4.1,123.9,10.6,35.0,74,16,11,291,9,669,5,Mobile,Japan
USR009055,46.9,3.9,6.6,13.0,6.8,87.2,156,28,32,469,65,2310,170,Mobile,Brazil
USR009056,41.5,1.1,8.7,58.8,1.3,52.9,296,3,37,84,64,1612,299,Tablet,Australia
USR009057,80.0,3.8,2.1,77.5,9.5,92.3,163,48,71,294,80,2885,74,Mobile,UK
USR009058,112.7,4.3,1.2,56.5,34.4,92.2,248,47,82,407,96,1733,107,Mobile,Japan
USR009059,33.4,0.3,1.1,182.4,2.2,40.3,155,1,73,310,19,2296,295,Mobile,Germany
USR009060,5.8,0.6,10.1,45.5,17.3,37.1,50,47,83,350,80,2454,51,Desktop,UK
USR009061,1.0,14.9,0.3,168.8,0.7,47.8,39,25,86,51,41,2322,282,Mobile,Australia
USR009062,114.1,2.2,2.0,47.7,18.2,64.5,307,16,93,284,55,2684,271,Mobile,USA
USR009063,31.0,7.2,1.5,26.3,14.1,72.8,490,37,72,128,53,559,168,Mobile,Brazil
USR009064,52.1,1.2,4.0,45.3,1.5,50.3,148,24,99,480,17,1763,86,Tablet,Japan
USR009065,49.8,1.4,1.2,39.5,30.1,40.6,66,11,17,218,86,2966,248,Mobile,Brazil
USR009066,244.2,11.1,0.2,10.8,11.7,93.4,2,16,5,482,53,1486,12,Mobile,UK
USR009067,83.1,9.1,0.3,7.4,8.2,20.4,84,17,32,107,83,3105,52,Mobile,Japan
USR009068,34.3,8.0,1.4,52.4,2.4,20.2,135,49,55,110,30,2365,194,Mobile,Germany
USR009069,1.7,0.4,7.7,54.8,5.9,58.3,52,18,81,7,64,1519,110,Desktop,USA
USR009070,108.1,7.6,21.3,27.6,45.5,58.2,335,48,90,290,49,302,2,Tablet,Germany
USR009071,245.8,6.3,2.9,21.8,25.2,84.6,690,29,68,388,46,100,255,Mobile,Brazil
USR009072,12.1,4.2,3.1,58.7,10.7,69.7,95,33,46,94,1,2115,73,Mobile,Australia
USR009073,1.0,4.1,17.2,21.7,10.1,29.4,545,5,73,307,78,1707,114,Desktop,UK
USR009074,14.8,4.8,13.7,22.8,12.0,93.7,243,28,78,384,14,683,257,Mobile,USA
USR009075,23.9,12.7,2.4,167.7,1.3,53.7,130,15,32,394,88,2055,156,Mobile,Australia
USR009076,96.7,13.5,13.9,6.5,10.9,91.7,115,14,13,140,61,1535,240,Mobile,Brazil
USR009077,14.7,1.4,0.6,30.2,12.4,40.3,626,23,31,259,1,1290,267,Mobile,Australia
USR009078,70.1,4.6,11.3,6.9,17.1,49.4,153,36,59,436,35,2027,201,Mobile,Japan
USR009079,32.4,6.3,12.6,149.5,3.9,93.4,130,4,20,71,66,411,347,Mobile,Japan
USR009080,128.7,4.5,0.6,23.5,8.4,26.3,348,30,33,115,60,1314,74,Tablet,Japan
USR009081,16.3,5.5,3.4,4.9,18.7,74.8,97,9,5,358,27,3130,252,Mobile,Japan
USR009082,40.2,3.6,4.0,6.6,0.4,48.5,97,20,29,87,2,174,157,Mobile,Australia
USR009083,50.6,1.8,0.8,90.5,1.1,91.0,4,45,14,14,87,767,205,Mobile,Brazil
USR009084,7.4,11.3,0.2,14.8,2.2,75.7,170,15,22,276,58,1429,270,Mobile,Germany
USR009085,174.6,0.0,1.8,53.6,0.7,44.6,5,6,16,140,2,50,90,Desktop,Brazil
USR009086,166.0,1.8,3.6,1.4,0.7,89.5,315,39,70,335,29,1361,111,Tablet,USA
USR009087,79.9,14.9,3.7,19.2,0.7,95.0,133,0,69,455,94,3233,61,Mobile,UK
USR009088,28.0,2.6,14.5,4.5,1.8,22.1,241,12,49,68,86,2182,75,Mobile,Brazil
USR009089,14.2,8.3,0.8,8.0,2.1,85.2,87,15,87,413,81,585,236,Mobile,Germany
USR009090,7.6,2.9,25.7,163.2,4.7,70.0,77,28,24,89,30,3585,283,Mobile,India
USR009091,108.0,8.9,28.1,21.4,0.1,61.3,107,12,89,114,95,2825,257,Mobile,USA
USR009092,69.7,8.8,1.5,11.4,6.1,26.3,53,42,76,353,87,1313,21,Mobile,India
USR009093,29.6,2.6,11.6,135.9,17.2,72.7,345,19,41,296,6,2993,211,Desktop,USA
USR009094,49.1,1.4,1.6,60.8,12.6,53.1,182,16,19,252,87,557,345,Mobile,UK
USR009095,39.8,11.3,0.2,6.2,9.9,87.1,114,14,52,127,10,1051,182,Tablet,Germany
USR009096,149.5,3.6,0.7,106.8,3.3,53.2,26,45,10,224,60,3500,46,Desktop,Brazil
USR009097,97.9,3.2,4.4,0.3,10.1,26.7,2,42,71,383,30,3212,79,Desktop,Australia
USR009098,47.7,2.1,10.6,34.1,10.6,81.7,89,26,48,422,50,2807,287,Mobile,USA
USR009099,32.4,9.4,0.2,27.4,7.0,92.6,10,30,97,79,20,1319,301,Mobile,Germany
USR009100,47.5,0.8,3.0,21.2,13.6,61.4,44,41,79,486,62,1915,349,Desktop,Australia
USR009101,52.7,1.6,7.1,7.8,11.6,81.5,74,49,63,116,9,2192,73,Desktop,Australia
USR009102,161.3,2.7,1.1,37.7,16.8,57.0,49,34,2,75,94,1618,21,Mobile,UK
USR009103,33.0,3.3,14.0,19.3,2.4,91.6,188,47,55,240,51,379,281,Mobile,India
USR009104,37.3,5.1,2.5,18.5,0.7,74.8,127,35,38,16,34,335,296,Mobile,Brazil
USR009105,28.7,9.3,12.1,36.3,6.9,84.5,294,41,89,379,78,2806,8,Mobile,Australia
USR009106,10.2,2.5,2.6,25.7,4.4,27.3,0,44,42,456,11,2719,168,Desktop,India
USR009107,16.7,16.8,3.0,145.0,14.8,46.3,70,14,34,235,83,2291,107,Mobile,Japan
USR009108,35.1,0.3,15.3,144.1,4.2,47.0,134,48,33,385,42,596,116,Mobile,Germany
USR009109,189.6,3.4,2.2,36.3,1.2,46.8,498,2,93,33,55,2500,15,Mobile,UK
USR009110,59.7,8.9,2.6,15.4,5.0,75.2,50,4,74,112,90,971,206,Mobile,Brazil
USR009111,77.4,7.2,10.4,41.3,1.4,41.9,17,48,81,229,67,1370,9,Mobile,India
USR009112,12.8,0.7,6.0,72.3,11.2,84.7,116,5,99,332,46,3459,30,Mobile,UK
USR009113,51.3,3.4,2.0,42.0,0.5,23.9,128,9,37,140,64,1213,134,Desktop,Japan
USR009114,69.4,6.0,1.0,49.3,18.4,66.9,543,9,5,94,64,2503,18,Mobile,Brazil
USR009115,143.0,1.5,2.7,82.5,8.2,92.5,130,47,80,78,72,2061,349,Mobile,UK
USR009116,6.6,5.3,2.1,3.6,6.0,35.8,7,4,31,239,6,1706,230,Mobile,UK
USR009117,38.5,2.5,0.8,6.8,14.4,89.7,367,6,72,326,94,3574,25,Mobile,UK
USR009118,1.2,2.9,0.4,89.5,20.3,27.3,201,17,41,31,40,44,191,Tablet,Brazil
USR009119,153.8,0.3,22.0,55.1,1.8,27.3,24,42,51,298,67,2546,81,Mobile,India
USR009120,13.8,10.2,1.4,4.7,25.8,62.0,4,46,41,376,77,1303,163,Mobile,UK
USR009121,337.8,2.8,10.0,23.3,4.7,80.6,531,3,99,381,31,3373,257,Mobile,India
USR009122,161.3,0.4,0.4,5.1,7.2,39.9,211,31,81,369,99,816,349,Mobile,Germany
USR009123,13.8,6.5,2.0,185.0,0.7,60.4,66,14,48,108,96,2550,328,Mobile,India
USR009124,5.2,3.0,2.7,34.5,11.6,86.9,34,29,55,481,36,189,291,Mobile,Australia
USR009125,52.2,0.0,0.7,134.6,4.4,26.8,49,39,27,472,56,433,27,Mobile,USA
USR009126,28.9,0.9,3.7,18.1,15.7,29.3,187,19,60,217,4,1932,25,Tablet,Brazil
USR009127,272.7,1.2,5.1,15.9,18.2,37.7,305,34,57,402,61,3445,321,Mobile,Australia
USR009128,29.9,0.4,7.7,3.1,26.2,88.5,87,25,46,474,31,1277,165,Mobile,Brazil
USR009129,12.2,19.0,11.7,43.6,1.6,21.9,72,26,15,162,71,3097,45,Tablet,Brazil
USR009130,31.5,0.6,3.2,112.3,0.9,38.5,489,7,23,375,13,2058,279,Mobile,Brazil
USR009131,265.8,3.3,9.4,94.5,11.3,67.0,113,5,58,298,62,1431,248,Mobile,India
USR009132,23.8,0.2,1.0,91.4,16.1,41.8,430,11,26,426,90,3345,303,Mobile,USA
USR009133,1.0,13.2,3.2,1.2,9.8,99.4,222,10,85,84,55,2441,361,Mobile,USA
USR009134,391.8,1.7,0.6,2.6,12.1,74.2,204,24,91,426,7,1934,139,Mobile,USA
USR009135,29.1,8.3,21.8,14.3,0.0,37.3,424,46,33,199,52,2991,223,Mobile,India
USR009136,85.1,3.1,17.8,31.9,6.8,57.3,4,36,25,304,32,776,1,Desktop,Germany
USR009137,22.5,5.0,17.1,75.5,14.6,87.8,20,30,87,442,22,1495,259,Mobile,UK
USR009138,59.0,5.4,1.2,12.3,4.6,39.0,177,40,95,178,9,1097,39,Mobile,India
USR009139,50.9,4.1,4.4,79.6,2.4,56.0,72,9,79,96,63,3310,149,Tablet,Japan
USR009140,15.6,9.5,4.9,5.1,7.2,51.4,149,35,49,475,12,3074,36,Tablet,Brazil
USR009141,14.8,9.3,3.9,47.2,8.0,90.9,116,8,42,251,78,452,231,Mobile,India
USR009142,254.9,0.4,18.3,34.1,12.3,96.6,10,27,78,324,78,161,280,Mobile,Germany
USR009143,130.6,1.6,5.5,49.7,3.1,38.5,38,21,99,398,97,408,314,Mobile,India
USR009144,57.9,1.9,7.7,91.8,15.7,92.5,44,13,44,226,25,910,101,Tablet,Brazil
USR009145,101.0,7.5,12.1,42.6,3.0,67.8,476,6,8,310,54,1833,122,Desktop,Japan
USR009146,101.1,0.6,5.9,62.6,2.9,56.6,95,1,25,117,20,3060,125,Mobile,Brazil
USR009147,155.1,15.5,0.1,87.4,4.0,91.8,103,18,91,280,13,3420,318,Mobile,Japan
USR009148,236.9,4.1,11.9,11.3,5.4,94.3,82,24,11,314,81,1767,208,Tablet,USA
USR009149,17.7,3.5,3.1,38.4,7.4,61.7,25,17,89,270,89,1712,222,Tablet,India
USR009150,1.0,10.4,0.5,15.5,1.3,28.0,74,23,2,424,34,2241,37,Mobile,Brazil
USR009151,32.3,8.4,0.6,29.3,39.6,47.1,95,25,87,390,23,2511,304,Mobile,Germany
USR009152,73.5,8.6,11.5,45.3,8.9,20.9,591,13,64,341,36,521,4,Mobile,Australia
USR009153,78.0,8.6,13.2,9.9,35.5,65.2,298,32,25,445,60,2559,81,Mobile,India
USR009154,15.3,3.9,6.3,62.8,1.4,65.2,10,33,85,455,81,3402,315,Mobile,Brazil
USR009155,55.4,10.5,10.9,38.4,41.2,85.3,175,4,12,347,97,2253,300,Tablet,UK
USR009156,144.7,3.1,1.0,5.0,1.5,25.4,32,36,86,27,73,3118,77,Mobile,Japan
USR009157,160.5,5.5,0.9,131.0,7.6,36.4,362,44,50,185,48,2199,285,Mobile,UK
USR009158,8.0,6.8,6.7,26.5,10.4,25.3,339,0,34,323,80,2564,170,Mobile,USA
USR009159,143.3,5.1,12.6,59.0,14.2,86.3,67,37,55,208,87,2056,190,Mobile,UK
USR009160,25.2,0.6,1.0,102.4,2.1,78.5,277,15,2,447,83,1460,165,Mobile,Brazil
USR009161,40.6,0.3,1.3,155.8,5.7,80.8,172,8,95,431,6,1493,5,Mobile,Australia
USR009162,57.1,1.2,9.5,18.3,0.6,39.9,374,31,55,499,6,1068,251,Mobile,Australia
USR009163,21.6,14.7,8.1,71.8,0.2,69.8,204,22,66,399,88,185,241,Desktop,USA
USR009164,68.9,0.2,6.1,91.8,6.2,68.6,202,20,91,472,19,435,213,Mobile,UK
USR009165,21.9,18.7,6.9,97.2,5.0,97.4,347,27,3,187,60,2678,256,Mobile,USA
USR009166,29.3,0.2,1.4,22.1,2.4,99.4,362,12,60,265,40,3491,288,Mobile,India
USR009167,9.2,4.6,5.7,42.5,17.0,61.7,800,4,41,473,86,699,245,Tablet,Japan
USR009168,16.6,8.1,4.0,61.1,13.2,86.6,370,24,98,287,96,1104,274,Desktop,USA
USR009169,15.4,15.8,3.9,101.8,6.9,27.8,84,28,60,257,20,1894,337,Mobile,Germany
USR009170,79.4,4.0,7.8,32.4,6.2,44.0,417,34,86,204,56,2580,80,Desktop,India
USR009171,135.2,2.3,11.1,69.3,9.3,78.1,163,21,87,35,67,100,225,Mobile,USA
USR009172,67.4,8.1,3.7,58.7,37.2,32.7,78,48,15,223,9,2511,190,Mobile,Brazil
USR009173,40.5,6.4,9.7,3.2,4.9,93.7,142,34,69,496,70,1960,281,Mobile,Australia
USR009174,2.0,14.5,1.6,94.0,18.6,91.2,198,35,99,416,20,247,21,Mobile,Brazil
USR009175,114.3,1.9,37.7,43.4,2.7,53.5,120,0,44,110,80,2831,165,Mobile,Australia
USR009176,85.4,5.6,2.4,43.3,19.6,73.9,74,24,27,456,66,3648,10,Mobile,Brazil
USR009177,120.4,0.5,5.9,45.7,1.3,38.0,61,0,88,177,57,870,82,Desktop,Germany
USR009178,155.5,6.3,5.6,17.0,1.7,32.5,42,16,76,394,57,2011,81,Mobile,Japan
USR009179,7.7,1.8,3.7,186.8,3.0,83.8,114,13,27,372,24,434,319,Mobile,Germany
USR009180,13.9,4.6,0.9,133.5,4.6,61.6,291,25,31,165,12,3550,205,Mobile,Brazil
USR009181,47.9,0.5,8.0,96.1,17.2,24.8,241,26,67,211,42,3603,223,Mobile,Germany
USR009182,96.2,1.5,2.0,5.9,2.8,73.4,242,25,64,364,61,925,74,Desktop,Japan
USR009183,119.1,0.1,11.3,11.5,9.4,85.3,1256,28,59,90,63,1267,190,Mobile,Brazil
USR009184,6.0,5.5,11.0,57.1,7.4,67.0,338,10,45,220,97,2818,120,Mobile,Japan
USR009185,67.7,0.7,12.3,10.2,9.6,94.4,498,35,87,386,95,487,261,Mobile,Germany
USR009186,16.5,2.8,7.0,22.7,2.7,34.5,167,23,25,360,19,2268,186,Mobile,Germany
USR009187,106.0,7.6,27.3,13.8,3.9,21.9,63,45,35,191,56,3241,336,Desktop,India
USR009188,114.8,3.2,12.0,42.3,18.6,41.3,137,30,95,149,64,3074,255,Desktop,Japan
USR009189,4.2,1.5,20.1,4.4,18.4,66.3,29,20,34,322,97,2342,5,Mobile,UK
USR009190,527.9,3.5,3.1,7.2,0.9,22.3,28,11,72,147,65,518,241,Mobile,Japan
USR009191,6.5,2.5,31.4,8.9,12.4,35.5,427,17,69,373,94,3212,303,Mobile,Brazil
USR009192,20.5,4.4,5.8,138.2,4.8,79.3,14,1,74,372,69,1977,157,Desktop,UK
USR009193,35.5,2.2,6.1,14.1,8.0,51.6,475,22,1,206,39,1508,79,Mobile,India
USR009194,3.8,5.1,5.1,3.3,7.4,75.9,343,19,28,484,29,2467,47,Mobile,Brazil
USR009195,48.9,6.1,9.4,39.7,0.8,91.4,111,24,72,251,50,2139,250,Mobile,Australia
USR009196,47.0,2.7,0.9,35.9,5.7,86.8,142,31,58,299,16,671,70,Desktop,Germany
USR009197,14.1,0.6,1.1,3.2,37.9,28.8,196,9,68,273,88,2397,86,Desktop,Japan
USR009198,70.0,1.7,22.9,180.6,21.0,48.0,239,36,7,443,8,3055,279,Mobile,Brazil
USR009199,19.7,3.3,0.6,15.5,6.9,47.8,24,49,37,344,26,566,7,Mobile,Germany
USR009200,256.5,5.4,3.0,52.9,7.7,59.5,350,28,42,352,37,1389,143,Mobile,Japan
USR009201,82.5,4.5,1.8,4.3,19.0,48.5,216,29,4,64,37,1789,58,Tablet,Germany
USR009202,88.5,10.1,0.1,49.9,45.5,84.7,73,5,42,258,38,2097,326,Mobile,USA
USR009203,1.3,6.7,1.0,0.6,3.0,58.4,1,17,58,180,82,2698,352,Mobile,Germany
USR009204,115.0,7.9,5.6,2.6,14.8,57.9,194,8,14,405,35,3449,29,Mobile,India
USR009205,3.6,0.9,0.7,124.8,3.9,63.4,469,38,48,391,93,2217,320,Mobile,USA
USR009206,64.5,10.1,1.2,39.2,0.9,43.2,51,12,52,267,92,895,197,Mobile,Brazil
USR009207,64.0,8.4,0.7,69.9,18.3,59.9,61,31,22,396,93,2639,361,Tablet,Brazil
USR009208,44.5,0.2,1.3,92.6,19.2,66.2,179,42,34,152,72,2623,319,Mobile,India
USR009209,162.7,1.2,15.1,10.7,1.4,51.8,483,30,6,68,96,3576,196,Mobile,USA
USR009210,92.1,4.2,20.8,4.1,5.5,38.1,301,4,63,472,2,2422,209,Mobile,USA
USR009211,7.1,1.0,9.9,118.6,32.6,51.9,88,3,58,469,93,2224,119,Mobile,Germany
USR009212,132.9,2.7,7.0,2.3,15.0,88.5,55,44,43,423,40,1269,332,Mobile,USA
USR009213,32.9,16.8,12.0,27.3,0.8,30.3,354,1,30,491,17,1027,237,Mobile,Japan
USR009214,77.7,6.5,14.1,5.3,4.1,20.9,333,0,70,438,50,1569,43,Tablet,Brazil
USR009215,72.2,1.9,17.3,26.8,2.2,26.3,100,42,69,437,12,1740,105,Desktop,Brazil
USR009216,7.9,5.2,42.8,143.3,19.5,58.2,94,0,36,275,3,1389,250,Desktop,Germany
USR009217,1.3,6.5,4.7,97.1,28.7,75.0,111,46,31,92,25,898,275,Mobile,Japan
USR009218,41.1,3.2,12.1,172.3,8.9,88.1,89,20,92,48,16,731,86,Mobile,UK
USR009219,101.3,13.8,25.9,14.2,17.4,36.6,290,18,46,173,67,2576,339,Desktop,UK
USR009220,183.9,2.2,1.7,10.9,0.2,98.8,29,24,78,290,21,872,175,Mobile,Japan
USR009221,29.3,4.3,3.2,38.1,19.1,89.6,238,36,36,377,90,343,211,Desktop,India
USR009222,43.3,0.8,4.6,29.3,14.4,52.6,253,21,59,310,26,2786,265,Mobile,Germany
USR009223,106.2,2.3,0.0,6.4,7.0,47.6,29,46,13,76,32,1015,90,Mobile,Japan
USR009224,13.6,8.2,4.7,6.2,13.6,78.9,110,0,40,238,66,2132,148,Desktop,UK
USR009225,47.3,12.8,1.4,72.2,11.2,29.0,52,43,13,419,62,2553,11,Mobile,India
USR009226,12.9,0.3,21.6,10.8,5.6,50.1,359,17,54,123,70,940,37,Mobile,USA
USR009227,75.6,0.3,6.2,109.6,16.7,72.8,53,47,63,454,47,2546,140,Mobile,Brazil
USR009228,29.2,1.7,13.7,50.4,3.6,41.8,2,30,35,490,82,3337,124,Mobile,UK
USR009229,73.6,1.3,5.5,0.8,5.1,87.4,56,38,40,284,51,94,230,Mobile,Japan
USR009230,82.7,5.0,2.3,220.0,0.7,47.2,28,7,70,453,3,452,300,Mobile,Germany
USR009231,6.8,8.8,2.7,24.8,7.1,96.3,135,31,61,264,42,3432,320,Tablet,Brazil
USR009232,36.3,1.5,3.3,26.9,0.9,69.4,219,28,37,452,0,99,156,Mobile,Japan
USR009233,2.7,4.4,12.2,4.3,8.6,79.1,1,25,55,268,84,2517,351,Mobile,UK
USR009234,57.4,0.2,0.3,70.5,7.3,25.3,144,49,64,130,49,1084,201,Mobile,Japan
USR009235,54.9,32.1,0.7,65.2,14.7,21.0,25,14,94,268,97,2714,149,Mobile,Australia
USR009236,6.2,1.9,0.8,45.4,25.9,63.4,123,12,92,219,57,505,242,Mobile,India
USR009237,42.9,1.0,6.6,15.2,6.5,99.2,34,38,42,442,69,683,25,Desktop,India
USR009238,176.5,1.9,1.3,10.6,16.3,59.6,390,3,44,261,7,57,333,Mobile,Germany
USR009239,53.1,0.3,17.2,19.7,12.2,93.1,61,5,15,99,6,2439,353,Desktop,Japan
USR009240,20.1,2.8,0.2,87.7,20.3,41.7,133,21,93,4,28,3129,37,Mobile,UK
USR009241,54.4,8.9,5.3,41.1,4.2,24.9,4,42,0,44,33,3431,285,Mobile,Australia
USR009242,50.7,2.5,17.1,32.6,3.1,37.7,786,13,46,113,42,2787,113,Mobile,Australia
USR009243,74.3,0.8,6.8,31.5,2.5,79.1,219,46,75,8,16,135,237,Mobile,Brazil
USR009244,169.1,1.5,8.5,6.6,1.4,53.8,37,48,84,346,37,2996,288,Mobile,Germany
USR009245,40.1,36.2,29.9,63.1,3.3,36.5,297,49,79,373,77,1660,246,Desktop,Germany
USR009246,25.2,31.8,5.3,19.7,2.2,50.8,45,3,24,386,91,707,185,Mobile,Germany
USR009247,25.1,12.4,7.4,31.7,3.4,52.0,206,20,77,280,97,3551,331,Mobile,Australia
USR009248,357.0,16.2,3.9,13.2,15.5,38.2,10,41,99,180,90,528,260,Mobile,Japan
USR009249,36.4,17.5,6.7,59.0,8.9,37.9,299,9,8,467,72,2724,310,Mobile,Japan
USR009250,9.0,2.0,10.2,38.0,0.9,57.0,101,9,23,487,66,2216,139,Mobile,USA
USR009251,38.2,0.9,0.0,27.9,16.3,49.8,68,34,30,226,51,3647,315,Mobile,UK
USR009252,51.4,9.9,24.3,2.9,10.7,91.0,120,14,2,469,47,362,105,Mobile,Japan
USR009253,36.3,6.4,13.3,9.7,3.5,39.0,6,46,45,64,0,3245,102,Mobile,India
USR009254,63.7,2.7,0.5,29.5,3.5,93.4,154,25,86,253,27,2670,336,Desktop,Japan
USR009255,201.4,3.5,7.9,152.1,1.6,54.3,7,28,7,363,18,1550,24,Tablet,Brazil
USR009256,114.9,4.8,1.1,31.6,11.7,51.2,286,47,89,450,63,2055,40,Mobile,Germany
USR009257,70.3,0.5,1.3,60.4,27.6,98.3,122,35,49,242,89,800,247,Mobile,USA
USR009258,22.4,6.1,1.1,34.2,19.0,81.6,358,9,95,307,95,1577,234,Mobile,India
USR009259,9.4,1.0,0.5,12.3,17.2,99.3,910,4,35,180,79,1629,80,Mobile,UK
USR009260,28.5,0.9,6.9,56.2,3.0,64.4,161,22,5,226,28,2265,129,Mobile,USA
USR009261,31.5,13.6,0.3,61.1,5.6,93.1,158,6,47,476,60,1397,88,Mobile,Australia
USR009262,127.2,1.1,21.9,23.1,3.6,75.7,186,35,86,395,87,1115,231,Mobile,Australia
USR009263,4.4,5.0,7.2,60.8,8.3,100.0,393,6,24,29,31,2988,105,Mobile,Australia
USR009264,17.7,3.0,0.9,167.8,1.2,96.5,38,33,75,105,38,1636,260,Mobile,Japan
USR009265,3.0,3.2,8.4,39.0,0.5,44.6,122,30,1,285,79,2383,221,Mobile,Australia
USR009266,14.0,10.6,8.8,8.4,20.8,94.7,65,48,44,68,34,94,78,Mobile,Brazil
USR009267,1.0,1.8,3.6,5.0,7.1,89.8,35,37,96,340,79,61,220,Mobile,USA
USR009268,19.6,7.8,23.3,145.7,19.8,56.7,88,27,3,307,10,1044,298,Desktop,Australia
USR009269,39.1,5.7,4.2,24.6,17.9,41.6,128,37,65,320,75,3008,115,Tablet,India
USR009270,111.8,8.7,14.4,63.7,35.3,28.4,90,47,79,311,20,1190,172,Mobile,Japan
USR009271,56.4,18.2,8.0,88.7,19.4,37.7,18,3,74,154,75,2473,244,Mobile,USA
USR009272,85.6,5.5,5.2,96.5,1.9,63.2,209,25,91,135,22,392,243,Mobile,USA
USR009273,1.6,30.8,6.2,95.3,7.6,97.7,152,18,53,400,21,425,118,Mobile,Germany
USR009274,34.9,3.3,1.3,11.9,13.2,45.5,27,1,64,12,1,147,185,Mobile,Australia
USR009275,86.3,3.0,4.9,3.5,6.3,97.5,101,21,94,474,62,471,92,Mobile,Brazil
USR009276,14.9,0.2,14.5,22.6,1.0,65.4,410,24,22,409,56,2814,176,Desktop,USA
USR009277,67.2,6.1,9.9,36.2,3.2,65.0,90,44,15,271,0,2984,159,Mobile,UK
USR009278,7.3,6.9,0.3,114.6,4.6,24.6,70,20,46,62,99,1364,297,Mobile,Japan
USR009279,1.0,10.2,13.2,0.6,7.6,25.2,441,14,52,208,85,3221,268,Tablet,UK
USR009280,46.4,1.8,16.2,120.8,6.4,92.7,31,7,43,492,61,2864,357,Tablet,Brazil
USR009281,19.8,13.1,11.3,52.5,24.9,87.6,342,19,85,119,87,3259,314,Mobile,Australia
USR009282,49.6,6.6,2.7,10.6,2.2,36.0,12,20,44,350,37,2064,36,Tablet,Japan
USR009283,19.7,6.7,2.5,64.9,6.8,22.6,148,31,45,52,22,1535,326,Mobile,India
USR009284,79.0,1.2,8.6,1.2,5.9,42.9,332,15,81,167,26,1475,167,Tablet,Japan
USR009285,33.0,2.8,3.6,121.8,2.7,57.9,69,33,61,473,98,1848,50,Mobile,India
USR009286,34.3,2.7,15.4,40.5,34.0,96.2,369,12,31,78,13,1276,16,Desktop,Brazil
USR009287,26.5,8.2,2.0,10.6,12.7,63.0,19,38,27,413,87,2758,22,Mobile,Germany
USR009288,150.4,11.8,2.0,69.9,38.4,64.6,99,10,43,219,67,855,132,Mobile,India
USR009289,5.9,5.0,16.4,108.6,10.7,85.6,103,36,71,456,20,168,308,Mobile,Brazil
USR009290,26.6,1.5,0.8,29.8,3.9,60.3,86,13,59,417,86,1719,81,Tablet,UK
USR009291,5.8,0.2,6.7,174.3,2.7,49.1,271,23,73,481,21,3629,121,Desktop,Japan
USR009292,43.1,9.6,3.0,53.1,10.5,34.3,236,35,34,497,55,3278,259,Mobile,Brazil
USR009293,122.1,5.7,4.5,72.1,7.0,32.3,223,47,58,1,60,3217,165,Mobile,Brazil
USR009294,69.7,0.8,7.8,18.5,27.1,70.6,675,36,35,247,97,1908,327,Mobile,UK
USR009295,42.3,4.0,1.7,33.8,9.4,23.9,217,18,78,134,63,63,342,Mobile,USA
USR009296,110.7,2.9,5.3,5.8,5.5,42.7,28,46,47,380,11,2382,60,Desktop,India
USR009297,12.8,0.5,2.5,102.9,1.9,22.5,42,20,67,22,47,1871,308,Desktop,Australia
USR009298,20.0,33.4,7.9,35.3,9.7,69.5,79,25,58,308,23,3081,287,Mobile,India
USR009299,21.9,4.0,7.9,19.7,21.9,70.2,313,4,25,254,12,133,184,Mobile,UK
USR009300,66.1,0.8,4.0,18.9,17.9,61.8,435,32,54,487,12,2844,62,Mobile,Australia
USR009301,51.8,13.6,12.8,1.5,0.7,21.1,21,5,57,471,79,2989,152,Mobile,Brazil
USR009302,36.9,13.9,4.0,14.0,7.6,77.2,238,36,79,347,99,2019,347,Desktop,Germany
USR009303,15.0,1.0,9.9,12.3,4.7,92.3,379,9,59,121,15,2374,201,Mobile,Japan
USR009304,104.6,6.8,10.1,62.4,1.1,76.8,59,29,11,221,42,1163,333,Mobile,Germany
USR009305,50.4,12.0,22.3,67.8,16.6,26.9,12,8,45,171,10,185,362,Mobile,Germany
USR009306,16.8,2.3,1.0,29.9,20.3,55.1,11,1,5,24,88,201,29,Mobile,UK
USR009307,8.4,4.1,12.1,9.5,25.8,30.5,194,24,20,52,72,508,4,Mobile,India
USR009308,218.9,0.7,14.2,14.9,8.6,83.7,134,19,94,114,67,1802,166,Mobile,Brazil
USR009309,51.6,0.7,3.8,79.1,3.6,35.2,361,45,44,83,72,1977,202,Mobile,Germany
USR009310,92.1,3.1,10.6,5.0,3.3,71.9,81,41,16,261,82,526,307,Mobile,Germany
USR009311,12.5,5.4,2.7,123.3,36.5,90.8,114,48,78,472,70,959,143,Mobile,Germany
USR009312,33.4,1.7,11.6,37.1,20.0,57.7,31,37,3,287,35,2717,222,Mobile,India
USR009313,55.0,1.0,4.8,29.5,8.6,28.7,542,36,40,13,9,1078,351,Desktop,Japan
USR009314,20.9,4.1,21.3,55.8,4.6,63.2,395,34,1,244,42,3181,154,Mobile,USA
USR009315,4.0,0.9,24.2,2.5,9.0,41.3,16,24,9,179,46,3460,150,Mobile,Brazil
USR009316,49.6,1.4,8.1,256.0,4.6,88.8,138,0,91,195,53,2785,31,Desktop,India
USR009317,21.7,6.2,8.1,22.6,37.5,54.3,68,17,41,298,68,2700,156,Mobile,India
USR009318,54.4,4.3,3.5,61.7,28.8,59.2,13,40,2,410,0,3577,227,Desktop,Australia
USR009319,48.5,1.2,0.3,20.1,13.4,53.3,534,27,56,205,9,1467,337,Mobile,UK
USR009320,45.5,3.5,5.5,1.4,1.7,47.0,49,18,3,208,2,233,314,Desktop,Brazil
USR009321,3.9,6.9,9.1,6.0,2.0,55.7,606,7,49,110,79,1599,2,Desktop,Brazil
USR009322,32.8,22.5,12.4,16.2,11.7,23.8,61,38,37,429,85,1228,149,Mobile,Brazil
USR009323,27.0,6.6,17.5,68.1,0.3,43.0,740,5,35,54,40,655,26,Desktop,Brazil
USR009324,35.0,5.5,8.1,55.4,0.7,58.7,313,36,21,469,24,1590,101,Mobile,India
USR009325,51.6,9.3,7.0,150.8,3.1,51.1,371,20,41,444,63,1116,223,Mobile,Germany
USR009326,134.0,1.9,4.6,32.8,23.3,22.3,518,6,47,227,35,2653,76,Mobile,UK
USR009327,22.5,2.3,0.3,8.0,5.8,26.9,382,17,23,115,50,1469,73,Mobile,Australia
USR009328,48.2,1.6,2.6,22.7,19.1,62.4,297,37,22,71,70,947,275,Mobile,Japan
USR009329,25.0,0.8,2.3,9.8,6.9,52.4,418,21,93,484,18,3641,349,Desktop,UK
USR009330,15.2,0.6,2.6,24.3,9.4,97.8,133,46,40,76,77,1051,170,Mobile,UK
USR009331,152.7,1.9,10.4,19.0,30.6,61.4,448,24,15,244,83,1919,295,Mobile,Germany
USR009332,70.1,12.3,4.7,12.3,1.1,55.3,160,35,21,365,19,1189,130,Mobile,UK
USR009333,41.6,8.0,5.7,12.2,7.2,48.3,314,15,4,307,53,1179,234,Mobile,USA
USR009334,25.0,0.2,8.2,45.3,5.5,62.4,556,8,65,471,69,2245,282,Tablet,Japan
USR009335,96.3,2.6,7.6,46.7,2.1,53.2,385,23,7,406,5,957,262,Mobile,USA
USR009336,141.4,1.3,4.9,31.3,9.7,47.4,170,40,36,346,76,520,53,Mobile,Japan
USR009337,4.4,2.0,1.0,38.2,12.6,31.9,273,13,0,375,70,2911,183,Desktop,Australia
USR009338,24.8,0.1,1.7,25.9,3.3,43.2,141,30,64,322,51,2402,44,Desktop,UK
USR009339,2.2,0.5,1.6,7.9,7.3,34.2,45,13,10,115,13,2231,305,Mobile,USA
USR009340,13.4,0.1,1.9,97.2,17.0,46.8,81,40,62,306,76,1106,336,Mobile,USA
USR009341,38.6,0.9,8.3,33.3,5.8,28.8,105,46,1,118,45,2388,150,Mobile,Australia
USR009342,1.6,13.7,3.7,33.5,6.2,52.2,134,18,70,83,29,2226,240,Tablet,Australia
USR009343,2.4,1.4,1.2,23.3,2.5,88.5,205,13,7,439,11,2602,189,Mobile,Germany
USR009344,10.3,6.1,10.8,102.0,18.3,81.5,1,43,35,418,28,2130,319,Tablet,UK
USR009345,182.1,2.1,1.1,149.4,2.8,37.8,262,38,75,75,27,1589,253,Tablet,UK
USR009346,115.8,11.4,2.0,80.5,4.8,67.7,28,39,15,471,91,3114,216,Mobile,Australia
USR009347,35.5,10.8,4.5,24.9,35.8,97.0,65,2,13,430,59,2806,85,Mobile,Japan
USR009348,37.6,4.4,13.2,37.0,4.8,64.3,18,29,47,59,29,526,171,Desktop,Brazil
USR009349,48.9,1.2,4.5,4.2,7.4,59.0,74,37,61,325,26,1931,234,Mobile,India
USR009350,17.3,16.5,5.2,76.7,15.4,24.4,157,47,96,358,6,2554,91,Mobile,India
USR009351,37.8,16.2,10.6,97.3,4.0,37.6,161,48,42,54,45,2776,261,Mobile,Japan
USR009352,216.7,2.4,0.4,33.8,0.0,89.4,110,25,32,190,76,101,155,Mobile,Australia
USR009353,37.7,3.1,0.7,37.9,26.0,55.8,5,11,77,107,40,561,126,Tablet,Brazil
USR009354,5.8,3.5,8.9,62.3,1.4,38.7,229,42,2,211,70,3281,356,Mobile,UK
USR009355,12.6,0.5,5.8,38.9,9.8,32.1,16,28,90,90,24,1601,86,Mobile,USA
USR009356,7.3,1.5,2.5,3.0,16.2,68.8,150,49,98,38,44,3155,252,Mobile,Australia
USR009357,66.7,6.6,2.7,85.1,6.0,87.1,228,33,66,237,20,2611,67,Mobile,Japan
USR009358,181.2,2.3,10.2,19.0,3.2,20.9,337,28,19,314,16,2240,150,Tablet,UK
USR009359,23.4,20.1,16.8,55.7,0.6,91.2,255,43,55,0,68,3585,137,Mobile,Germany
USR009360,10.4,14.1,0.0,132.8,20.4,26.9,33,15,28,277,60,223,286,Desktop,UK
USR009361,23.7,8.6,8.8,48.5,3.8,93.8,89,38,94,57,18,3248,70,Mobile,Germany
USR009362,213.4,4.4,5.6,78.6,2.5,74.4,51,3,47,408,59,1018,322,Desktop,Australia
USR009363,57.1,4.7,0.1,2.2,1.7,90.5,9,32,39,483,87,2753,201,Mobile,India
USR009364,38.2,15.4,4.6,78.5,10.8,64.0,35,5,17,377,29,1000,229,Mobile,Brazil
USR009365,8.5,5.7,6.9,32.4,11.7,98.8,39,27,27,355,46,175,191,Mobile,Australia
USR009366,87.6,0.9,5.2,129.6,4.4,41.9,118,1,98,64,14,3209,104,Mobile,USA
USR009367,30.8,2.3,3.2,1.1,19.0,67.0,1,0,2,60,59,856,61,Mobile,UK
USR009368,33.2,3.5,3.6,5.1,4.9,21.9,209,39,23,84,48,1989,312,Mobile,India
USR009369,109.3,8.2,2.5,39.3,40.5,87.1,317,42,38,20,27,1613,331,Tablet,India
USR009370,20.8,3.8,9.7,36.3,6.9,30.8,114,6,3,273,13,168,177,Mobile,Brazil
USR009371,5.6,1.1,17.2,15.6,22.9,42.3,131,6,43,470,71,3309,45,Mobile,Australia
USR009372,35.2,2.3,5.8,75.2,62.3,40.2,596,32,98,22,31,2283,93,Mobile,Japan
USR009373,125.5,6.5,11.0,0.6,22.6,68.5,107,31,95,258,33,1085,18,Desktop,Australia
USR009374,35.1,0.9,13.9,34.5,2.3,29.2,474,42,88,201,6,2499,70,Mobile,Australia
USR009375,2.3,2.8,0.8,181.4,19.3,22.3,81,3,31,14,63,1241,201,Desktop,Australia
USR009376,121.3,3.1,11.5,3.6,4.8,88.8,109,43,60,122,65,1074,131,Mobile,USA
USR009377,25.0,1.9,4.4,56.6,45.6,44.4,107,43,89,162,50,1691,303,Desktop,Australia
USR009378,94.7,2.0,4.4,5.0,3.8,62.8,44,42,36,341,51,3288,34,Mobile,Australia
USR009379,95.5,0.7,0.4,62.4,29.9,26.1,350,6,76,396,76,1168,167,Mobile,Germany
USR009380,44.8,3.8,0.2,49.9,28.9,98.1,57,4,68,44,9,1912,323,Mobile,UK
USR009381,27.2,6.5,3.8,57.9,0.4,97.2,112,24,78,453,57,2406,92,Desktop,Japan
USR009382,32.7,0.4,3.1,73.6,23.2,27.4,30,34,47,187,99,1465,303,Desktop,India
USR009383,133.9,1.9,2.7,95.4,3.3,27.8,292,42,19,160,21,1497,75,Mobile,Japan
USR009384,26.6,6.9,4.0,4.9,15.1,26.6,1282,9,80,371,60,2306,256,Mobile,India
USR009385,4.5,0.8,0.4,36.9,1.5,38.2,41,27,26,82,18,3298,101,Mobile,UK
USR009386,147.0,8.9,4.4,210.4,30.0,22.9,44,39,44,459,42,2306,333,Mobile,India
USR009387,26.4,0.3,2.1,11.6,7.4,65.8,7,2,64,154,76,1249,327,Mobile,Japan
USR009388,48.5,0.3,4.5,141.7,15.7,26.6,184,22,48,168,31,1064,104,Mobile,Germany
USR009389,4.0,3.4,0.8,3.4,4.0,81.5,590,10,56,380,62,232,3,Mobile,Brazil
USR009390,128.6,5.5,2.7,6.7,1.2,84.4,335,47,65,90,38,225,92,Mobile,Australia
USR009391,15.3,9.6,7.4,23.7,6.1,76.4,6,42,80,72,23,1434,283,Mobile,Brazil
USR009392,145.8,9.3,8.8,41.2,5.3,68.6,486,13,43,432,85,1079,159,Mobile,Germany
USR009393,35.1,11.4,0.8,33.9,8.6,36.3,10,30,14,430,74,1171,143,Mobile,Japan
USR009394,49.4,0.5,2.6,167.8,11.0,35.6,78,30,76,493,24,2734,285,Mobile,UK
USR009395,78.3,5.7,6.7,65.2,3.2,52.8,59,28,18,187,23,152,317,Tablet,Germany
USR009396,45.0,2.9,3.2,65.6,13.2,45.9,371,28,71,431,76,475,342,Mobile,Japan
USR009397,60.1,4.4,0.5,3.2,36.5,70.9,47,21,10,86,18,2152,211,Desktop,Australia
USR009398,61.1,15.7,8.2,8.8,6.9,70.8,106,18,67,104,31,1549,362,Mobile,USA
USR009399,35.7,1.2,0.8,1.0,5.0,94.6,6,23,86,136,95,184,126,Mobile,Japan
USR009400,138.0,0.4,14.0,258.2,37.5,99.0,294,17,95,88,43,3273,199,Mobile,Germany
USR009401,123.5,5.3,9.1,6.8,42.0,45.0,422,39,65,461,17,1540,156,Mobile,Japan
USR009402,30.7,0.6,4.6,137.6,27.2,39.2,216,28,69,49,9,2265,88,Mobile,Brazil
USR009403,77.5,1.0,4.2,13.8,7.2,78.7,219,1,16,319,39,2520,15,Desktop,USA
USR009404,102.2,7.7,37.4,45.2,3.6,20.4,603,8,61,203,71,1289,192,Mobile,Brazil
USR009405,5.1,6.1,24.6,87.9,5.9,47.3,30,2,42,392,56,2491,42,Mobile,Germany
USR009406,164.8,0.7,6.3,11.5,10.1,80.6,540,41,59,54,29,835,191,Mobile,Brazil
USR009407,119.0,13.2,11.2,105.5,13.1,69.5,105,22,45,499,68,3265,83,Mobile,UK
USR009408,168.9,14.3,8.1,0.4,1.6,37.6,10,4,88,353,33,2551,28,Mobile,Australia
USR009409,69.0,6.8,4.7,49.2,5.8,43.5,376,13,9,271,17,473,85,Mobile,Germany
USR009410,66.2,0.5,0.3,28.6,52.6,90.7,320,29,73,171,98,2944,331,Tablet,USA
USR009411,19.1,5.5,1.1,95.3,7.6,54.3,105,15,40,296,0,1348,266,Mobile,Brazil
USR009412,8.8,10.0,9.5,151.7,1.2,52.1,126,48,30,12,56,342,342,Mobile,USA
USR009413,37.8,0.3,3.0,4.1,6.9,85.9,30,19,48,81,13,1984,323,Desktop,Germany
USR009414,3.2,6.6,8.2,24.3,4.6,72.7,151,27,1,433,49,1192,175,Mobile,USA
USR009415,25.2,4.6,2.1,54.9,4.4,36.0,142,26,28,477,41,68,124,Desktop,India
USR009416,27.4,5.8,3.9,87.0,2.7,70.5,110,2,8,237,88,3595,266,Mobile,Germany
USR009417,3.6,0.3,1.7,19.8,2.3,27.3,139,19,23,423,53,2281,305,Tablet,India
USR009418,13.6,6.7,4.6,62.4,48.9,37.7,17,14,30,375,41,2046,112,Mobile,Japan
USR009419,81.5,11.3,1.9,168.3,1.5,96.8,352,30,16,458,99,266,359,Mobile,Australia
USR009420,29.3,25.6,0.1,9.3,2.4,38.9,209,9,15,185,24,2768,146,Mobile,USA
USR009421,12.7,1.3,0.3,15.9,3.3,46.5,311,16,74,117,3,2764,70,Mobile,Australia
USR009422,218.5,1.6,0.1,15.4,18.5,72.6,46,25,28,179,1,95,64,Desktop,USA
USR009423,21.0,2.7,18.6,40.6,0.1,90.6,299,42,0,11,38,3261,349,Mobile,UK
USR009424,51.4,0.1,14.3,80.7,0.3,32.6,158,18,29,358,19,2344,229,Mobile,India
USR009425,252.4,13.2,23.0,106.3,6.2,94.0,22,10,31,145,18,3025,118,Mobile,Brazil
USR009426,1.3,5.3,3.0,23.1,6.1,66.5,129,34,22,441,74,1335,30,Mobile,Brazil
USR009427,82.5,3.2,1.3,8.7,19.3,46.8,22,32,39,494,43,1556,224,Desktop,Brazil
USR009428,160.5,3.2,11.5,60.0,5.5,94.2,654,34,31,442,27,1770,11,Mobile,Germany
USR009429,48.3,0.5,17.2,18.3,2.7,46.3,95,24,79,345,34,1431,75,Mobile,UK
USR009430,47.7,3.1,18.6,16.0,10.6,30.8,846,17,75,472,34,2501,87,Mobile,UK
USR009431,20.5,1.2,0.7,90.1,9.7,40.0,132,2,74,279,50,1253,112,Mobile,India
USR009432,222.0,6.6,16.1,28.2,9.4,59.1,269,29,91,110,65,1306,312,Desktop,India
USR009433,55.3,5.5,0.2,24.2,16.0,31.4,181,47,69,427,70,547,98,Mobile,Japan
USR009434,150.1,12.0,15.6,63.5,11.3,81.0,169,38,14,286,31,1887,133,Mobile,Brazil
USR009435,25.6,9.4,4.6,41.2,2.5,43.5,217,17,68,212,58,817,107,Desktop,Germany
USR009436,16.7,1.7,19.0,141.3,11.1,78.4,138,17,31,319,42,162,44,Desktop,Australia
USR009437,45.4,3.9,4.5,72.7,6.3,92.4,73,30,7,405,61,2372,297,Mobile,Germany
USR009438,78.6,0.3,3.8,8.9,22.7,84.7,38,19,0,120,46,2190,346,Mobile,USA
USR009439,44.6,3.4,1.8,28.0,2.6,38.4,330,25,7,8,66,2263,136,Mobile,India
USR009440,96.6,12.1,4.3,2.3,2.5,76.0,24,15,45,313,6,2250,273,Mobile,UK
USR009441,5.5,5.5,5.1,17.4,9.1,24.6,376,20,71,34,76,2439,71,Mobile,Germany
USR009442,19.9,13.4,3.9,2.2,5.6,85.6,216,13,89,50,46,364,174,Mobile,Germany
USR009443,258.9,6.3,21.4,0.3,5.3,65.7,451,3,26,398,4,964,169,Mobile,Japan
USR009444,64.7,3.7,0.0,49.5,6.3,56.5,0,5,71,126,9,89,151,Mobile,UK
USR009445,3.5,1.6,6.9,0.7,13.5,57.7,590,38,18,497,13,2591,208,Mobile,Australia
USR009446,80.5,0.4,17.5,14.7,3.2,70.8,27,15,64,444,19,2731,119,Mobile,Brazil
USR009447,41.5,1.1,0.6,93.3,21.4,30.4,25,34,43,37,98,1093,94,Mobile,USA
USR009448,18.7,8.9,10.7,25.5,8.2,69.9,417,33,0,22,4,69,112,Mobile,India
USR009449,79.4,3.2,2.5,13.6,3.6,71.4,50,9,61,65,85,3540,23,Mobile,India
USR009450,2.0,5.9,9.0,34.5,7.3,68.6,64,0,38,85,96,3217,70,Mobile,UK
USR009451,70.7,3.9,7.4,8.7,0.1,74.6,123,18,30,220,25,2296,215,Mobile,UK
USR009452,153.9,4.9,7.8,170.4,4.3,85.6,0,40,93,242,55,2286,364,Tablet,Germany
USR009453,28.4,3.4,1.8,52.1,7.0,36.3,200,18,44,130,7,2526,125,Desktop,USA
USR009454,147.5,5.0,14.0,10.0,15.6,50.6,340,46,68,481,41,480,271,Mobile,Japan
USR009455,1.0,9.3,6.5,303.3,2.5,62.5,420,44,88,13,50,2431,207,Mobile,UK
USR009456,98.3,3.6,7.6,5.8,9.9,55.9,179,49,0,153,2,3444,331,Mobile,Japan
USR009457,15.7,8.0,11.9,17.0,2.2,61.1,73,24,95,344,39,944,317,Mobile,USA
USR009458,57.2,5.7,12.5,30.7,27.0,99.0,9,33,20,118,2,1270,185,Mobile,USA
USR009459,100.8,4.0,1.6,1.8,2.7,73.7,141,33,85,284,92,1520,185,Tablet,Germany
USR009460,102.1,0.8,7.2,59.7,3.0,66.7,46,10,58,39,89,2398,307,Mobile,India
USR009461,15.4,1.2,17.3,65.2,25.1,37.5,281,3,40,390,73,2915,344,Mobile,Brazil
USR009462,93.1,1.7,1.0,141.7,36.9,85.3,481,31,73,213,77,1187,24,Desktop,Australia
USR009463,13.4,11.4,1.6,23.9,25.2,88.0,94,47,0,169,41,1799,107,Mobile,India
USR009464,68.6,3.1,0.7,22.0,7.4,68.7,281,30,13,172,89,785,307,Tablet,Brazil
USR009465,31.6,5.8,1.6,6.7,10.8,73.2,140,14,95,27,66,2863,268,Tablet,Germany
USR009466,215.3,4.0,0.8,82.6,25.5,81.4,10,41,54,116,53,486,269,Mobile,Brazil
USR009467,32.2,0.6,7.9,91.9,5.6,70.0,68,39,26,331,67,976,21,Desktop,India
USR009468,6.2,4.5,24.6,5.0,2.9,80.9,18,28,34,459,27,769,170,Desktop,Japan
USR009469,232.3,3.4,9.3,3.2,1.8,45.5,76,32,42,9,0,2560,146,Desktop,Japan
USR009470,132.1,2.4,0.9,123.8,1.5,44.8,488,2,2,436,43,109,302,Mobile,Japan
USR009471,57.3,0.4,0.9,2.3,8.0,86.5,65,37,54,208,96,1337,104,Mobile,India
USR009472,57.9,2.0,2.3,8.7,6.7,99.7,157,36,70,294,72,2027,193,Mobile,USA
USR009473,64.4,12.8,0.6,11.0,15.9,78.4,345,6,41,198,42,758,344,Mobile,Australia
USR009474,32.1,2.8,7.1,10.7,11.1,62.7,19,21,30,378,54,2620,172,Mobile,Japan
USR009475,16.4,6.4,9.9,74.6,9.1,83.8,30,5,75,234,35,1002,211,Mobile,Australia
USR009476,70.5,7.3,0.2,4.4,16.4,59.4,44,32,78,340,22,1315,330,Mobile,Germany
USR009477,129.8,6.2,1.7,92.3,5.0,73.8,403,33,19,247,99,2077,360,Mobile,Australia
USR009478,92.8,0.8,0.2,3.0,5.3,23.3,363,15,71,34,65,2276,178,Mobile,USA
USR009479,3.4,1.1,9.7,92.3,11.5,92.6,8,9,0,441,38,3192,326,Mobile,Japan
USR009480,16.4,9.3,4.2,182.4,0.1,36.3,195,18,20,33,56,3516,193,Desktop,USA
USR009481,56.6,8.5,10.6,90.8,31.7,50.9,112,32,31,336,30,1027,147,Mobile,Brazil
USR009482,35.0,15.7,4.3,13.9,5.9,88.3,205,44,25,61,64,1578,73,Mobile,Brazil
USR009483,1.8,2.3,1.0,109.0,18.1,40.6,52,40,74,112,19,608,10,Mobile,Brazil
USR009484,19.1,2.4,1.5,64.4,11.8,81.4,26,25,15,494,69,743,267,Mobile,Brazil
USR009485,71.6,0.4,3.3,46.8,6.0,86.3,569,42,81,449,75,2870,300,Mobile,Germany
USR009486,80.6,0.2,18.4,23.4,43.9,20.4,279,20,6,27,96,768,239,Mobile,USA
USR009487,31.2,3.9,3.7,0.0,13.4,48.3,362,35,66,170,84,55,88,Desktop,Brazil
USR009488,16.7,0.9,2.8,45.2,0.7,60.4,169,33,23,372,70,2624,245,Desktop,Germany
USR009489,47.0,2.5,1.3,89.5,23.4,50.6,347,25,3,24,29,971,287,Mobile,Germany
USR009490,16.7,2.5,13.0,56.4,7.3,40.6,102,30,15,92,61,2011,206,Mobile,Australia
USR009491,115.8,3.8,8.7,20.1,6.9,68.0,417,43,5,13,9,3291,17,Mobile,Germany
USR009492,130.4,0.9,22.1,12.8,1.7,42.4,195,46,98,290,93,1657,190,Mobile,Germany
USR009493,98.0,0.6,0.4,1.4,23.6,60.4,275,17,53,363,6,1179,48,Mobile,USA
USR009494,31.3,2.9,6.5,22.4,0.5,57.3,106,18,42,432,39,2016,42,Mobile,India
USR009495,109.1,5.7,4.0,14.0,6.3,93.5,208,20,73,208,46,1822,227,Mobile,India
USR009496,76.1,10.5,6.7,35.1,2.1,86.6,68,38,28,476,43,779,119,Mobile,Brazil
USR009497,27.7,0.1,16.3,19.1,18.9,93.9,33,16,58,195,57,2627,233,Desktop,Brazil
USR009498,82.8,3.6,4.1,12.1,25.8,89.6,152,30,59,79,94,2820,358,Desktop,USA
USR009499,94.2,2.2,1.7,5.8,0.4,20.6,264,24,30,210,86,1290,89,Mobile,USA
USR009500,85.4,0.9,16.2,11.6,21.7,98.9,404,16,89,463,4,1640,0,Tablet,Japan
USR009501,60.4,1.4,0.3,39.9,8.1,57.8,135,37,11,250,28,1278,117,Mobile,India
USR009502,23.0,1.2,0.9,47.0,4.7,78.6,116,27,16,360,97,2599,323,Mobile,UK
USR009503,78.8,5.1,5.8,59.3,2.2,40.4,694,3,8,249,92,1443,86,Mobile,India
USR009504,11.3,4.2,2.8,32.4,0.3,51.4,18,39,5,125,68,1058,46,Desktop,Germany
USR009505,23.8,1.8,3.7,113.3,0.9,32.6,31,45,83,172,80,2322,232,Tablet,Australia
USR009506,128.4,1.1,8.5,36.5,6.4,90.7,513,37,18,405,3,881,317,Mobile,India
USR009507,44.9,0.4,11.7,2.8,0.4,76.2,321,22,38,393,22,259,223,Mobile,Germany
USR009508,96.1,10.4,8.8,51.3,22.1,26.2,1177,41,1,352,70,3133,241,Desktop,Australia
USR009509,16.5,2.2,25.8,9.2,9.3,26.8,110,16,71,6,96,1748,145,Mobile,Australia
USR009510,33.5,4.7,10.0,150.4,8.3,53.9,229,16,33,199,36,2444,77,Mobile,USA
USR009511,127.2,9.9,1.4,101.1,15.4,97.0,588,26,57,136,77,1464,94,Mobile,India
USR009512,178.5,3.3,1.5,0.2,2.5,76.5,12,11,80,44,72,432,119,Desktop,Brazil
USR009513,49.2,3.7,2.1,136.1,9.8,37.2,198,25,8,156,80,3367,116,Desktop,Australia
USR009514,16.4,1.7,0.4,3.4,24.0,45.1,430,35,98,161,17,2510,341,Mobile,USA
USR009515,15.3,6.8,1.6,44.5,12.7,53.7,275,10,1,224,78,417,166,Mobile,Brazil
USR009516,66.7,12.4,10.6,58.4,5.8,88.0,115,16,77,294,22,2699,209,Mobile,Germany
USR009517,26.4,11.8,6.7,32.0,4.8,24.9,106,27,51,270,52,480,218,Desktop,Germany
USR009518,36.1,1.1,25.6,81.5,6.3,81.3,93,6,74,309,21,403,322,Tablet,Australia
USR009519,73.0,0.1,1.3,107.7,0.4,55.3,57,10,87,262,9,2043,300,Mobile,UK
USR009520,48.5,1.2,11.7,57.1,2.7,71.4,1316,34,21,116,72,2135,171,Desktop,Australia
USR009521,95.4,6.7,1.9,85.8,34.9,22.7,478,41,3,163,85,194,295,Mobile,UK
USR009522,11.3,1.2,1.7,34.3,14.4,66.5,27,13,7,12,39,1159,86,Tablet,Brazil
USR009523,1.7,1.6,10.8,1.9,1.4,33.4,257,16,62,41,23,2940,138,Tablet,Australia
USR009524,7.1,1.7,5.4,12.9,13.2,23.0,342,7,62,75,7,2075,294,Mobile,India
USR009525,47.3,6.7,10.4,68.0,8.2,43.0,200,30,70,177,34,1902,182,Tablet,Brazil
USR009526,12.0,7.1,23.6,88.8,1.9,70.6,554,32,32,465,58,608,80,Mobile,Germany
USR009527,17.4,1.9,0.7,76.7,1.0,78.5,18,44,87,464,55,2331,317,Tablet,Australia
USR009528,4.4,1.7,4.9,10.5,8.5,47.6,230,17,79,415,89,3369,291,Desktop,Japan
USR009529,12.3,4.9,7.0,60.7,18.4,82.0,600,16,12,298,85,1119,169,Mobile,Brazil
USR009530,35.4,1.1,16.0,70.2,10.0,27.1,57,40,10,135,7,1947,347,Mobile,Brazil
USR009531,74.9,0.5,4.6,33.1,9.1,39.0,24,47,3,139,38,812,249,Mobile,USA
USR009532,26.2,12.4,6.6,16.4,12.0,27.6,334,26,54,151,98,1084,336,Tablet,Germany
USR009533,17.6,15.7,6.0,43.9,9.3,87.2,81,4,91,77,2,2014,351,Mobile,Brazil
USR009534,42.2,4.7,1.1,27.7,26.7,45.8,183,36,10,328,67,2006,354,Mobile,India
USR009535,17.6,13.5,3.4,67.9,13.8,93.7,445,13,50,122,5,1878,356,Desktop,UK
USR009536,100.3,0.8,5.0,17.9,8.0,81.5,105,11,18,29,87,157,217,Mobile,Germany
USR009537,33.4,0.8,12.3,117.1,4.9,26.3,22,31,56,117,23,1039,83,Mobile,Germany
USR009538,29.0,4.9,5.3,55.1,12.0,51.6,49,43,77,330,36,1980,200,Mobile,Australia
USR009539,44.8,6.4,0.6,83.8,1.5,98.0,295,48,51,250,9,2065,135,Mobile,Australia
USR009540,2.4,2.3,22.2,13.3,11.5,46.2,53,1,82,71,63,2273,14,Mobile,Germany
USR009541,64.6,6.8,4.7,67.6,5.2,61.2,467,9,66,415,7,95,100,Mobile,Australia
USR009542,9.5,5.7,0.7,42.3,10.7,28.9,192,7,48,128,59,138,268,Mobile,Germany
USR009543,184.8,1.2,2.1,93.5,12.9,77.9,36,1,23,360,66,2738,264,Mobile,Brazil
USR009544,281.2,2.9,4.6,156.3,1.7,67.9,241,0,18,380,75,317,235,Tablet,USA
USR009545,229.9,21.9,11.9,34.6,1.7,83.3,91,24,98,320,9,851,28,Mobile,Germany
USR009546,8.2,2.0,8.3,26.8,40.0,87.0,118,4,52,231,85,100,183,Desktop,Germany
USR009547,12.9,1.1,7.7,12.2,15.3,43.5,23,30,80,289,67,1441,192,Mobile,USA
USR009548,19.6,1.0,3.8,20.0,30.9,90.8,15,48,51,322,54,1916,23,Mobile,Japan
USR009549,58.1,1.5,2.9,65.4,21.1,75.2,185,19,36,418,70,2765,210,Mobile,Brazil
USR009550,87.2,0.5,2.9,12.8,2.6,96.7,26,40,99,269,9,1388,174,Desktop,Australia
USR009551,143.9,1.0,1.6,7.7,15.7,68.0,125,21,41,71,35,61,268,Desktop,Japan
USR009552,62.1,6.3,20.7,1.8,8.4,30.9,17,31,99,481,14,3577,310,Mobile,Australia
USR009553,11.8,2.2,0.1,96.7,1.6,50.0,248,7,84,392,95,1246,164,Mobile,Brazil
USR009554,18.9,1.4,5.1,2.7,12.3,35.3,23,33,37,463,95,2652,145,Desktop,Japan
USR009555,5.1,4.4,2.5,64.4,36.0,25.8,535,35,60,111,81,248,27,Mobile,India
USR009556,31.7,9.0,3.5,65.0,1.1,90.6,225,41,30,46,18,222,226,Mobile,Australia
USR009557,4.8,7.5,5.0,9.0,6.5,32.1,125,24,27,346,58,354,103,Mobile,UK
USR009558,62.4,7.5,7.9,278.9,7.6,78.2,108,13,44,316,78,1057,364,Mobile,UK
USR009559,12.1,0.5,7.4,242.1,17.1,84.6,116,43,55,450,9,222,239,Mobile,Australia
USR009560,45.7,1.5,1.8,35.0,1.6,56.9,14,34,56,187,20,1523,99,Mobile,India
USR009561,20.0,3.4,6.9,30.4,5.1,93.0,462,31,82,14,19,403,326,Mobile,Brazil
USR009562,28.7,1.9,3.9,3.2,29.4,49.7,218,4,7,85,7,3281,214,Mobile,Japan
USR009563,80.9,7.9,0.8,35.4,6.4,98.4,13,3,88,124,0,506,306,Mobile,Japan
USR009564,11.8,19.1,0.6,82.9,18.2,47.7,154,43,17,3,26,2677,181,Desktop,USA
USR009565,22.1,0.3,6.6,24.5,3.7,50.2,131,1,42,196,93,2236,356,Mobile,Australia
USR009566,109.5,12.2,0.5,80.4,5.8,48.2,42,22,54,228,11,699,23,Mobile,Germany
USR009567,304.8,5.8,1.9,22.6,7.7,25.9,179,45,22,495,38,2823,188,Mobile,USA
USR009568,90.5,1.4,19.0,9.3,10.7,84.6,141,23,27,243,95,1785,212,Mobile,India
USR009569,11.2,6.0,17.8,108.9,10.5,41.3,64,43,64,472,88,1799,281,Mobile,Australia
USR009570,11.9,6.3,0.5,20.5,0.8,82.7,453,13,5,391,4,735,105,Mobile,Brazil
USR009571,39.8,1.9,11.4,29.6,3.8,78.1,110,36,79,368,84,1017,83,Mobile,Brazil
USR009572,39.9,15.9,27.0,93.7,1.2,23.0,121,8,43,316,87,1052,229,Mobile,Japan
USR009573,171.9,3.1,0.6,48.1,12.4,52.8,680,49,15,249,42,2479,127,Mobile,Australia
USR009574,10.2,3.2,5.4,32.3,4.7,24.2,163,40,38,416,60,740,124,Mobile,India
USR009575,1.0,1.0,6.8,11.0,6.3,51.6,118,33,91,289,17,1377,186,Desktop,USA
USR009576,174.3,4.4,6.6,136.1,7.4,47.8,432,37,1,242,3,40,258,Mobile,Japan
USR009577,60.2,11.7,4.1,29.5,1.4,27.9,200,19,71,294,49,2670,186,Mobile,UK
USR009578,136.1,0.2,11.5,47.8,27.9,21.5,175,22,45,157,2,3322,21,Mobile,Germany
USR009579,123.4,0.5,2.8,8.6,5.4,27.4,103,16,36,142,81,680,273,Mobile,UK
USR009580,39.6,1.1,9.3,45.9,1.0,86.3,157,43,9,469,59,3407,226,Mobile,Australia
USR009581,1.0,6.0,10.7,25.6,14.2,87.3,72,36,46,350,99,1448,272,Mobile,India
USR009582,37.0,6.7,1.3,21.8,4.8,31.1,34,38,61,34,43,602,15,Desktop,Germany
USR009583,19.3,8.0,17.3,118.9,8.7,26.4,8,28,80,262,42,2177,7,Mobile,Germany
USR009584,40.1,0.7,22.1,70.1,0.4,64.0,70,45,69,103,31,3534,269,Desktop,Germany
USR009585,80.4,8.3,24.0,84.0,7.3,71.2,87,29,98,269,17,2601,133,Desktop,Germany
USR009586,41.4,4.3,0.5,85.0,8.1,35.3,12,3,46,484,37,1674,256,Desktop,Germany
USR009587,3.4,15.3,12.2,235.3,6.8,45.8,33,15,63,341,48,1385,227,Mobile,Germany
USR009588,129.9,6.1,4.6,50.1,7.4,47.9,216,22,73,299,10,3101,206,Mobile,USA
USR009589,116.5,3.9,6.6,12.8,32.0,28.0,331,34,51,397,71,1788,261,Mobile,Germany
USR009590,117.1,0.7,4.4,162.0,12.5,94.5,15,24,58,204,83,1941,96,Mobile,India
USR009591,83.6,5.4,8.0,75.2,0.2,85.1,72,40,0,315,35,3626,123,Desktop,UK
USR009592,21.2,0.1,2.0,35.4,0.3,34.4,191,17,23,492,88,1062,222,Mobile,Germany
USR009593,21.7,1.0,1.7,38.9,2.9,67.2,305,10,54,403,7,853,315,Tablet,Australia
USR009594,2.9,12.8,8.9,1.3,4.6,42.8,20,4,62,250,82,1545,166,Mobile,Germany
USR009595,275.6,6.6,2.6,16.9,3.0,42.3,44,9,2,32,41,2361,35,Mobile,India
USR009596,108.1,1.8,2.3,38.6,1.4,31.8,460,18,26,136,36,2213,313,Mobile,UK
USR009597,44.3,0.3,13.3,100.2,1.9,54.1,4,37,46,10,61,350,330,Mobile,USA
USR009598,8.1,3.0,15.6,9.6,14.1,58.4,60,36,20,235,62,3512,312,Desktop,India
USR009599,14.3,1.6,9.2,29.2,0.1,28.4,267,39,73,498,79,2691,186,Desktop,Germany
USR009600,14.3,2.1,3.5,18.5,14.3,44.3,872,47,42,31,54,1117,298,Tablet,India
USR009601,32.1,0.1,11.7,36.2,6.6,43.1,44,34,99,348,26,3023,194,Desktop,India
USR009602,35.4,2.8,4.2,4.9,5.4,39.1,85,5,59,48,93,716,193,Mobile,Japan
USR009603,3.5,0.2,7.3,13.5,2.1,70.0,97,32,18,267,87,153,96,Desktop,USA
USR009604,35.0,4.7,7.7,22.5,4.2,47.9,366,13,43,187,12,2344,215,Mobile,Brazil
USR009605,38.3,14.2,3.7,3.6,1.0,50.3,7,21,11,322,29,2536,227,Tablet,UK
USR009606,86.8,1.1,4.0,33.4,1.0,36.1,226,2,52,306,80,2372,270,Mobile,UK
USR009607,87.2,3.4,0.0,0.7,9.7,91.7,386,25,2,272,16,1828,315,Mobile,UK
USR009608,5.4,7.3,1.5,20.8,4.7,48.1,326,48,66,204,46,1739,50,Mobile,India
USR009609,92.9,0.2,15.8,150.0,0.1,31.4,14,21,97,410,54,2065,205,Mobile,Japan
USR009610,81.3,1.4,2.3,19.2,0.7,41.3,198,38,41,259,0,1118,264,Desktop,India
USR009611,2.8,0.4,5.8,9.5,2.8,55.1,287,40,14,445,94,3441,326,Mobile,India
USR009612,83.8,2.1,0.0,181.2,0.1,59.0,461,13,23,461,44,1337,80,Mobile,Australia
USR009613,131.5,1.2,7.4,0.4,12.6,32.5,358,23,69,487,47,740,312,Mobile,Germany
USR009614,8.4,7.8,4.4,111.5,0.8,59.3,337,29,1,252,31,1429,322,Mobile,Germany
USR009615,50.1,4.1,22.4,2.6,7.9,94.5,147,44,24,272,18,2897,271,Mobile,India
USR009616,35.1,1.0,2.4,175.0,2.5,92.5,115,14,97,217,44,1202,277,Mobile,India
USR009617,148.3,14.2,8.3,21.9,12.6,49.2,7,44,71,178,4,2746,164,Mobile,UK
USR009618,73.1,3.2,5.7,76.5,8.6,25.4,332,43,67,397,71,1624,340,Mobile,Japan
USR009619,54.3,7.2,3.5,7.3,14.4,70.6,20,27,24,221,51,2862,40,Mobile,Australia
USR009620,43.7,3.4,3.0,5.4,10.9,39.0,15,26,58,326,8,199,236,Mobile,Australia
USR009621,5.4,9.4,0.2,4.3,4.1,62.0,23,8,80,337,7,165,193,Mobile,UK
USR009622,206.0,7.2,24.6,24.3,2.8,83.6,610,11,82,224,29,1431,45,Mobile,USA
USR009623,142.6,9.4,3.1,2.5,5.1,75.5,59,14,1,172,6,2099,96,Desktop,USA
USR009624,199.5,0.4,0.4,96.8,4.6,87.3,99,19,97,143,59,1790,194,Desktop,UK
USR009625,33.0,1.7,5.4,141.7,13.5,58.6,581,34,2,426,11,888,236,Mobile,UK
USR009626,72.4,17.5,6.5,10.8,21.6,84.6,7,20,33,471,93,2126,234,Desktop,Australia
USR009627,80.8,9.5,4.8,6.4,0.1,38.6,51,11,29,192,73,3126,159,Mobile,Brazil
USR009628,54.0,2.2,0.6,36.8,0.6,76.4,62,37,96,353,93,1069,70,Mobile,Germany
USR009629,33.8,2.5,4.0,17.4,2.1,46.1,7,43,68,479,48,1115,313,Desktop,Australia
USR009630,123.7,3.6,2.8,161.1,12.4,33.9,380,32,39,183,22,2470,193,Desktop,Australia
USR009631,111.7,19.4,20.2,9.2,8.7,96.9,233,5,22,64,18,1209,135,Mobile,Germany
USR009632,147.2,10.7,7.6,49.3,3.8,99.0,122,5,71,130,42,2513,89,Mobile,Brazil
USR009633,100.0,2.4,2.5,230.5,65.6,54.6,233,3,77,266,72,1627,180,Desktop,Japan
USR009634,5.5,2.6,12.0,9.4,14.3,40.0,44,45,22,364,16,785,67,Tablet,Japan
USR009635,25.4,0.7,6.5,82.3,4.2,63.9,30,27,42,293,28,2264,72,Mobile,Japan
USR009636,183.8,1.2,3.0,96.3,25.4,99.0,826,11,23,308,27,3463,156,Desktop,India
USR009637,37.9,1.9,3.2,5.2,9.8,31.7,30,26,98,437,84,2162,8,Tablet,USA
USR009638,105.8,4.4,0.2,163.0,4.4,67.1,56,19,55,18,73,928,361,Desktop,Germany
USR009639,37.3,0.4,3.0,50.9,9.2,87.0,115,29,4,407,97,1867,300,Desktop,Germany
USR009640,16.7,4.7,16.2,41.6,3.0,62.7,22,19,31,339,2,2301,268,Mobile,India
USR009641,21.2,1.5,1.0,41.0,9.0,26.2,241,2,41,217,76,1862,304,Mobile,Australia
USR009642,11.7,5.7,5.3,8.1,28.5,58.3,74,36,77,457,64,518,209,Mobile,India
USR009643,41.5,1.0,13.1,9.6,7.8,51.0,314,49,8,323,23,3120,234,Mobile,USA
USR009644,87.3,6.6,24.6,4.1,18.1,85.5,192,2,84,173,58,1783,33,Mobile,India
USR009645,247.8,3.4,2.6,46.9,5.2,67.2,409,34,23,0,69,397,273,Mobile,Germany
USR009646,29.4,1.9,1.5,66.0,12.6,60.5,12,48,63,109,18,2391,138,Mobile,Australia
USR009647,13.3,5.2,16.5,1.2,2.8,49.8,213,49,62,160,45,412,22,Mobile,UK
USR009648,3.3,3.4,6.6,53.6,3.9,80.8,371,35,5,304,12,2704,347,Mobile,Brazil
USR009649,30.8,14.9,0.3,5.4,1.7,64.7,30,44,19,22,30,2464,354,Mobile,Germany
USR009650,27.7,3.2,1.9,6.5,12.5,82.1,378,28,48,46,91,3552,47,Mobile,Germany
USR009651,123.0,1.3,15.9,62.5,4.6,42.3,106,10,50,46,81,1992,93,Mobile,India
USR009652,172.0,2.5,8.8,100.2,7.7,76.4,27,19,20,179,54,2004,90,Mobile,USA
USR009653,66.0,2.2,0.8,87.0,7.1,95.6,17,41,72,397,4,706,284,Mobile,Australia
USR009654,141.0,2.4,3.5,44.2,0.8,33.6,156,15,54,76,0,2664,310,Mobile,Japan
USR009655,3.6,1.8,3.0,14.3,0.1,42.2,17,44,49,93,55,2931,265,Mobile,India
USR009656,1.0,18.7,7.6,6.6,8.0,72.7,215,42,43,471,97,864,71,Mobile,Germany
USR009657,75.5,4.9,4.2,96.9,0.3,50.9,136,15,7,105,10,2999,291,Mobile,India
USR009658,29.6,4.0,13.6,3.7,12.6,64.9,304,6,35,145,4,361,50,Tablet,UK
USR009659,20.9,5.3,6.7,243.9,7.5,27.5,479,21,77,325,28,1898,50,Desktop,Japan
USR009660,109.4,2.1,0.3,52.7,16.9,74.6,67,33,91,403,16,3576,5,Mobile,Brazil
USR009661,8.6,4.8,11.9,46.5,2.3,36.4,120,35,36,37,86,1234,144,Mobile,Brazil
USR009662,61.3,4.2,7.3,48.8,14.5,73.3,184,47,25,496,26,2848,335,Mobile,India
USR009663,86.2,0.9,8.1,0.3,0.7,95.6,253,30,88,486,97,925,129,Desktop,Japan
USR009664,35.7,0.9,1.9,18.6,5.7,33.2,158,17,55,21,46,2372,316,Mobile,Japan
USR009665,22.2,8.6,1.1,196.1,3.9,79.5,403,37,98,180,46,1217,0,Mobile,USA
USR009666,58.9,5.7,4.9,15.3,5.4,40.8,453,27,88,184,48,1825,289,Mobile,USA
USR009667,97.1,1.1,1.2,9.3,0.8,86.6,2,2,40,78,34,2176,103,Mobile,Germany
USR009668,1.0,10.8,4.9,99.1,12.1,65.2,63,47,35,499,17,2285,261,Desktop,Germany
USR009669,71.7,3.7,40.6,53.0,21.9,32.4,187,14,29,399,59,405,338,Tablet,Germany
USR009670,8.4,2.4,8.0,63.8,7.9,38.2,314,19,48,344,82,2569,26,Tablet,Australia
USR009671,11.3,9.4,1.6,1.2,5.4,26.7,27,14,19,321,11,2738,109,Mobile,Germany
USR009672,113.0,13.2,9.5,255.1,11.8,42.9,207,37,3,118,19,3643,62,Mobile,UK
USR009673,65.4,0.7,6.6,29.9,7.8,57.6,205,48,75,455,10,3226,167,Mobile,USA
USR009674,124.3,9.2,6.9,25.5,4.6,32.6,52,3,55,150,83,2756,28,Mobile,USA
USR009675,92.2,10.5,9.9,167.8,15.9,86.7,35,11,83,313,3,3277,238,Mobile,Japan
USR009676,8.5,0.4,1.8,50.3,14.0,35.3,145,41,2,118,86,1964,301,Mobile,Germany
USR009677,67.3,6.6,0.5,6.0,24.0,60.4,118,12,70,66,33,3005,358,Mobile,Germany
USR009678,101.6,2.0,8.9,24.2,4.4,89.6,105,15,37,297,78,1619,340,Mobile,Australia
USR009679,198.7,2.2,23.5,11.9,3.0,92.2,72,44,70,85,38,1669,364,Tablet,Japan
USR009680,142.4,18.5,1.6,80.3,1.4,81.0,285,3,88,51,71,1400,86,Mobile,India
USR009681,86.7,1.7,3.0,15.9,2.7,96.4,32,31,1,256,57,2566,24,Mobile,Germany
USR009682,169.8,1.0,0.0,59.6,10.3,44.0,105,17,66,79,70,58,257,Mobile,Brazil
USR009683,1.8,2.9,31.4,7.6,0.4,36.4,141,29,90,489,73,3080,77,Desktop,Australia
USR009684,47.7,4.2,15.7,25.8,18.9,57.7,355,26,21,71,38,3633,147,Mobile,India
USR009685,62.7,2.0,3.5,46.4,1.5,82.7,364,47,45,443,19,3504,134,Mobile,Japan
USR009686,66.6,0.2,22.7,13.2,23.3,82.1,205,27,31,455,85,2046,194,Mobile,Japan
USR009687,20.8,0.7,11.3,126.8,0.1,78.2,45,18,28,268,59,2513,128,Tablet,India
USR009688,26.5,4.7,8.0,18.2,7.9,70.0,364,13,11,244,7,2441,212,Mobile,Germany
USR009689,93.2,4.1,6.7,10.6,4.1,33.6,148,49,40,35,91,1484,181,Desktop,Japan
USR009690,95.2,8.7,7.1,54.8,22.3,85.3,114,0,60,74,71,2355,39,Mobile,UK
USR009691,56.6,13.2,15.9,8.8,22.2,31.0,28,49,72,142,47,2779,186,Mobile,USA
USR009692,24.9,11.2,1.3,0.3,0.8,61.0,255,1,67,222,39,1605,137,Desktop,India
USR009693,33.0,5.6,13.6,23.3,15.6,71.4,168,43,10,73,2,1003,111,Mobile,UK
USR009694,32.3,7.6,10.3,18.8,3.9,46.2,166,25,60,131,95,571,327,Desktop,India
USR009695,8.9,2.7,11.0,16.8,2.4,85.3,66,49,41,58,69,3334,87,Mobile,India
USR009696,111.1,12.9,0.8,50.8,22.6,33.2,123,11,54,75,36,128,360,Desktop,Germany
USR009697,67.0,0.3,5.3,25.6,10.8,40.4,50,43,82,426,59,3363,194,Desktop,India
USR009698,51.8,8.2,0.8,19.6,22.7,83.6,119,8,79,167,52,769,222,Mobile,India
USR009699,49.1,4.0,0.8,115.0,27.6,68.0,28,42,46,20,95,2628,335,Mobile,USA
USR009700,120.1,2.1,4.9,1.1,65.1,60.0,80,10,37,265,77,1108,64,Mobile,UK
USR009701,26.2,0.7,8.6,2.6,7.3,29.6,104,15,4,358,45,2419,223,Desktop,India
USR009702,18.5,0.3,13.7,10.4,21.8,87.1,242,38,55,243,15,3042,309,Mobile,USA
USR009703,124.0,11.7,5.1,182.1,14.3,34.6,46,47,93,417,12,1251,208,Desktop,India
USR009704,125.0,2.3,0.5,17.6,3.5,36.7,90,34,2,423,66,2301,107,Desktop,Germany
USR009705,25.0,9.9,1.5,8.5,6.2,39.7,67,46,91,121,57,860,102,Desktop,UK
USR009706,10.9,2.3,2.1,10.3,4.1,23.1,56,20,79,216,81,1702,198,Desktop,Australia
USR009707,112.6,3.1,9.4,112.1,2.8,54.7,161,18,66,155,12,1438,209,Mobile,Japan
USR009708,52.3,0.5,3.9,21.7,0.9,57.3,267,25,19,110,47,661,135,Mobile,India
USR009709,73.8,3.9,2.2,7.0,1.6,29.4,166,6,32,376,74,2550,17,Mobile,UK
USR009710,51.2,0.1,47.1,44.7,16.4,29.5,394,13,57,199,85,1440,158,Desktop,Germany
USR009711,45.1,6.5,1.7,117.6,6.5,50.4,137,34,64,245,29,522,304,Mobile,Japan
USR009712,24.8,3.5,6.0,45.1,11.2,37.7,96,33,34,17,5,1013,277,Mobile,Germany
USR009713,58.7,2.8,3.2,3.6,5.3,51.2,223,22,93,395,2,2183,324,Tablet,Japan
USR009714,49.6,8.6,1.1,7.6,4.2,54.4,326,4,55,276,47,3198,189,Tablet,USA
USR009715,230.2,6.2,5.8,16.2,6.8,51.6,73,2,33,42,88,2562,335,Mobile,Germany
USR009716,35.3,0.7,16.6,4.2,42.1,21.7,15,45,9,330,33,318,229,Mobile,USA
USR009717,2.8,0.4,8.6,10.3,34.6,44.7,158,4,74,168,44,2618,266,Mobile,Japan
USR009718,46.5,2.2,0.1,197.8,2.3,41.6,33,29,61,489,24,1907,92,Mobile,India
USR009719,23.7,7.2,0.3,3.1,6.2,38.9,105,29,45,450,66,325,284,Mobile,USA
USR009720,84.3,9.5,0.7,94.7,18.5,76.5,483,32,63,293,87,519,330,Mobile,USA
USR009721,5.7,4.3,12.1,0.3,6.2,41.8,18,8,36,16,36,959,142,Desktop,USA
USR009722,47.6,7.6,3.6,37.7,3.2,74.4,747,32,49,417,82,3577,104,Mobile,Germany
USR009723,17.2,3.0,1.7,4.9,20.1,81.5,230,14,23,209,6,2858,13,Mobile,Japan
USR009724,258.2,3.9,0.9,61.8,11.1,82.8,719,49,67,443,14,3529,101,Mobile,Germany
USR009725,47.8,9.4,18.0,75.6,22.2,29.5,11,14,13,140,99,100,14,Mobile,Brazil
USR009726,20.1,2.7,0.3,17.9,24.7,50.0,76,48,4,192,71,3161,327,Tablet,Brazil
USR009727,87.1,6.2,6.5,23.1,13.5,53.3,257,24,17,453,69,961,181,Mobile,UK
USR009728,68.2,2.3,8.4,76.6,6.5,92.3,122,0,88,265,35,1195,161,Tablet,Germany
USR009729,79.9,2.1,26.7,111.4,7.5,61.6,125,35,87,351,36,1842,34,Mobile,Australia
USR009730,20.3,1.2,5.2,1.3,8.9,35.7,233,34,67,437,90,170,101,Desktop,Japan
USR009731,111.5,6.1,1.3,19.8,2.5,56.4,62,43,96,287,50,3356,321,Mobile,Australia
USR009732,58.7,9.3,6.6,30.1,0.7,77.7,421,25,65,193,25,2893,351,Mobile,UK
USR009733,4.6,5.1,20.7,120.3,8.2,46.6,131,10,86,174,68,281,47,Desktop,Australia
USR009734,3.4,0.4,4.3,14.6,4.8,64.4,179,22,85,314,77,2560,322,Mobile,Germany
USR009735,61.0,2.3,8.1,38.1,4.6,85.3,81,31,43,141,43,1652,363,Desktop,UK
USR009736,69.2,0.2,0.2,24.8,1.1,67.7,246,30,5,46,54,831,328,Mobile,Brazil
USR009737,64.9,0.1,3.5,25.7,4.2,71.6,264,12,6,315,48,2587,42,Mobile,UK
USR009738,38.9,7.9,8.7,79.1,4.9,20.5,86,45,14,362,20,1285,31,Mobile,India
USR009739,52.7,10.8,4.9,179.1,57.6,64.7,44,6,48,202,96,2432,312,Mobile,Australia
USR009740,118.3,8.9,2.1,22.3,14.7,51.6,346,21,71,52,89,905,348,Mobile,Brazil
USR009741,67.8,4.9,3.2,132.3,13.2,93.7,105,8,62,418,22,3094,350,Mobile,Australia
USR009742,28.8,6.7,9.5,20.3,29.2,49.0,685,21,17,283,23,3289,343,Desktop,Brazil
USR009743,148.9,0.3,12.4,65.4,5.2,99.4,294,34,85,278,54,913,130,Desktop,Germany
USR009744,12.6,5.0,12.0,54.6,24.3,58.3,51,23,98,112,62,1129,277,Mobile,Australia
USR009745,24.0,2.1,2.4,18.6,1.6,21.1,251,4,82,65,6,158,209,Desktop,UK
USR009746,119.1,12.3,1.7,45.2,2.4,61.8,104,2,4,83,17,3268,86,Desktop,Japan
USR009747,185.6,9.9,6.6,185.2,2.3,55.4,107,11,14,359,32,2666,199,Desktop,Japan
USR009748,128.0,0.0,0.6,52.5,3.2,64.2,438,37,8,256,10,985,83,Mobile,Germany
USR009749,15.6,0.7,7.3,185.4,7.9,65.0,121,23,14,481,71,721,257,Mobile,Japan
USR009750,11.7,3.3,0.9,4.9,1.1,55.8,117,38,57,42,11,2153,298,Mobile,Japan
USR009751,99.2,3.5,6.5,85.2,31.6,28.8,53,45,36,493,53,1299,262,Mobile,India
USR009752,29.9,1.5,1.3,3.5,7.5,71.4,60,43,85,408,78,1885,253,Mobile,Brazil
USR009753,57.9,1.8,1.7,22.5,8.6,52.6,70,1,84,57,67,1347,38,Mobile,India
USR009754,2.1,8.4,0.9,52.3,3.9,31.0,328,33,45,139,77,2098,267,Mobile,UK
USR009755,5.9,0.5,5.4,29.3,3.4,86.6,125,1,32,151,80,2012,159,Mobile,Brazil
USR009756,135.4,10.6,6.1,29.3,2.0,64.0,449,11,24,425,30,3265,195,Mobile,UK
USR009757,123.5,8.3,11.0,90.3,9.2,65.9,129,42,19,362,77,2356,313,Mobile,Brazil
USR009758,15.6,1.8,2.0,28.6,6.2,34.5,29,28,36,416,88,1503,41,Desktop,UK
USR009759,18.8,0.5,1.4,32.2,4.4,49.3,70,30,92,472,60,3550,313,Desktop,UK
USR009760,1.0,2.2,0.2,11.3,6.8,99.2,108,4,66,421,3,1841,28,Mobile,Brazil
USR009761,150.4,3.2,1.3,9.0,3.4,86.8,277,14,46,325,80,3350,161,Mobile,USA
USR009762,99.2,5.7,1.3,9.5,11.5,80.2,100,46,57,216,41,2549,325,Mobile,USA
USR009763,148.0,10.0,0.2,84.8,10.0,57.6,145,47,70,160,69,1863,252,Mobile,Japan
USR009764,37.8,2.9,3.8,65.8,1.1,26.2,228,35,76,188,13,1370,21,Mobile,Australia
USR009765,55.4,0.2,14.4,1.0,5.9,89.3,165,38,83,477,98,749,176,Mobile,Australia
USR009766,122.3,1.3,15.8,47.7,6.9,99.9,40,28,87,488,48,1638,91,Mobile,India
USR009767,42.1,4.6,8.0,43.0,3.2,84.0,126,31,82,51,61,2038,265,Mobile,Australia
USR009768,10.7,22.2,0.8,30.2,0.3,81.5,84,37,56,121,96,521,280,Mobile,India
USR009769,59.0,0.6,1.7,8.0,6.8,76.5,43,2,7,69,56,572,265,Mobile,UK
USR009770,148.9,2.4,1.5,16.2,1.1,86.9,329,46,68,122,2,655,4,Mobile,Germany
USR009771,134.0,1.9,6.2,10.8,13.7,21.1,873,37,3,210,37,2878,132,Tablet,Brazil
USR009772,73.4,0.3,8.4,40.7,0.8,46.4,216,18,49,71,45,102,132,Tablet,USA
USR009773,32.7,4.9,36.1,90.3,24.4,42.1,56,8,82,406,72,3026,163,Mobile,Japan
USR009774,100.8,0.7,2.3,108.9,19.9,41.7,259,33,95,448,73,3500,135,Desktop,Germany
USR009775,44.2,10.3,14.7,80.9,1.7,25.1,44,33,62,198,76,1995,55,Mobile,USA
USR009776,49.4,3.6,4.8,249.9,19.7,62.2,321,5,84,238,14,706,135,Mobile,USA
USR009777,24.6,20.8,0.0,116.6,19.2,52.6,44,22,92,201,74,761,191,Mobile,India
USR009778,5.3,6.0,2.0,31.8,33.2,54.1,333,12,33,56,64,2314,228,Mobile,Australia
USR009779,6.2,7.1,6.5,0.6,7.0,91.3,137,29,5,360,0,177,130,Desktop,Australia
USR009780,32.7,4.8,11.6,38.3,4.5,25.9,37,7,22,165,37,1474,125,Mobile,India
USR009781,50.8,22.6,3.1,43.8,7.7,68.2,82,5,71,121,30,2602,293,Desktop,UK
USR009782,8.1,9.4,3.3,2.3,27.1,33.1,125,41,59,225,23,1766,14,Mobile,Brazil
USR009783,67.5,1.3,3.0,14.9,3.1,78.8,3,11,69,402,47,3162,88,Mobile,India
USR009784,459.1,9.3,5.4,8.5,6.6,54.2,688,13,7,228,95,1709,175,Mobile,USA
USR009785,23.3,6.9,4.9,5.3,8.9,82.0,68,2,18,145,43,1757,166,Mobile,UK
USR009786,109.0,1.8,6.0,57.4,16.8,30.8,734,37,80,132,73,1855,350,Desktop,Japan
USR009787,112.9,4.5,2.5,16.1,2.6,39.3,43,27,99,333,35,526,231,Mobile,Brazil
USR009788,35.5,4.3,3.1,25.5,2.1,31.5,186,48,91,137,97,495,218,Desktop,Germany
USR009789,52.8,0.7,4.9,106.9,0.9,30.9,463,33,83,96,6,1897,206,Mobile,India
USR009790,8.6,1.1,1.7,18.4,0.5,37.9,784,36,34,104,64,1943,256,Mobile,UK
USR009791,168.6,4.4,6.5,6.2,35.3,97.3,570,11,44,117,95,2392,19,Desktop,Brazil
USR009792,100.2,0.0,8.9,7.5,7.6,70.5,627,3,3,32,95,2046,174,Mobile,Brazil
USR009793,81.1,0.3,10.8,64.1,3.5,33.6,196,5,1,193,23,2169,275,Mobile,Brazil
USR009794,1.0,7.2,2.7,92.8,11.1,66.9,243,10,22,7,21,2584,60,Desktop,Germany
USR009795,70.4,11.5,3.4,22.3,14.1,95.0,243,45,67,124,78,1830,324,Desktop,UK
USR009796,54.6,2.5,7.4,21.1,1.3,88.2,32,26,65,1,1,1494,125,Desktop,UK
USR009797,45.4,1.8,13.1,49.4,10.5,25.7,346,14,43,108,9,2691,192,Mobile,India
USR009798,62.3,0.5,5.0,5.7,5.7,98.2,16,48,39,128,56,1034,335,Mobile,UK
USR009799,103.4,3.2,9.9,47.0,5.8,49.8,112,8,33,287,64,448,185,Mobile,UK
USR009800,40.5,3.1,3.2,3.0,9.3,41.4,146,42,58,129,40,2437,313,Desktop,UK
USR009801,128.7,4.9,5.4,36.0,2.9,26.2,237,17,5,21,40,236,300,Mobile,Australia
USR009802,192.8,5.8,4.7,58.2,14.8,51.5,140,7,71,445,81,572,118,Tablet,UK
USR009803,23.7,1.0,6.3,133.0,4.9,47.6,340,40,6,129,46,2632,55,Mobile,Brazil
USR009804,68.8,7.5,11.6,39.6,3.4,96.4,94,20,67,480,23,2735,280,Desktop,USA
USR009805,45.0,2.1,4.3,54.7,6.2,33.3,32,39,53,498,6,3136,272,Mobile,Brazil
USR009806,67.7,1.9,5.5,49.1,2.6,69.9,60,4,74,157,74,95,231,Desktop,India
USR009807,19.4,4.7,4.9,30.8,11.8,35.1,208,22,52,413,87,3042,253,Desktop,Germany
USR009808,34.7,8.8,0.5,54.6,0.0,90.4,46,12,23,62,20,289,195,Mobile,UK
USR009809,88.6,2.7,1.4,73.5,8.1,98.8,219,10,35,22,24,1070,119,Mobile,UK
USR009810,17.0,3.0,26.8,84.0,7.5,83.8,11,15,93,200,39,3514,134,Desktop,UK
USR009811,87.4,0.2,10.7,223.0,2.7,28.8,10,9,61,224,82,1161,171,Mobile,Germany
USR009812,71.5,1.8,21.4,265.0,11.6,81.0,98,37,53,388,69,3599,322,Desktop,Australia
USR009813,44.5,0.3,6.5,61.6,4.1,67.5,281,22,50,439,41,2502,296,Mobile,Japan
USR009814,45.0,3.6,0.9,149.1,4.1,26.6,634,0,45,119,93,1292,330,Desktop,Brazil
USR009815,5.6,2.5,18.6,53.1,10.6,97.0,31,25,6,378,96,385,304,Mobile,USA
USR009816,12.2,0.5,3.4,21.3,12.2,66.1,29,17,6,468,0,1278,287,Mobile,Australia
USR009817,86.7,8.6,18.1,53.1,2.3,24.2,42,4,10,260,88,1485,74,Mobile,Japan
USR009818,18.5,1.6,2.2,68.4,7.9,49.5,334,8,16,243,72,1457,239,Tablet,USA
USR009819,4.2,1.1,1.7,83.2,1.9,89.7,65,49,1,414,82,303,224,Tablet,Germany
USR009820,87.8,1.3,9.9,92.1,0.3,36.1,311,14,88,249,27,313,104,Tablet,India
USR009821,145.2,13.8,1.0,4.8,6.3,73.0,72,2,62,81,39,59,303,Mobile,India
USR009822,309.7,1.9,5.4,50.8,1.2,25.5,70,3,76,232,56,3537,29,Desktop,UK
USR009823,12.1,8.0,3.8,46.0,0.6,62.5,445,27,65,23,46,814,99,Mobile,Japan
USR009824,38.6,2.0,13.0,61.8,11.0,23.5,335,5,89,421,32,672,97,Desktop,Germany
USR009825,15.6,22.3,10.8,73.1,0.4,53.6,30,16,99,473,16,2800,114,Mobile,India
USR009826,83.3,0.7,20.8,14.4,50.4,91.8,5,42,66,398,22,3508,308,Mobile,Japan
USR009827,36.2,2.5,8.9,36.3,1.5,40.7,67,27,99,247,44,653,18,Mobile,Japan
USR009828,66.4,2.6,7.4,25.5,0.5,30.0,253,28,16,55,9,2485,94,Desktop,India
USR009829,85.4,7.0,17.4,197.1,12.3,39.1,86,35,47,112,64,599,97,Desktop,Australia
USR009830,106.5,7.0,2.3,163.2,5.7,82.1,39,40,86,384,97,3084,216,Mobile,USA
USR009831,109.9,1.0,1.9,180.2,12.2,27.1,141,45,66,280,42,2904,213,Mobile,India
USR009832,135.2,5.8,1.5,22.5,7.6,29.5,14,10,46,354,7,2963,145,Mobile,Germany
USR009833,398.6,0.9,10.0,40.3,2.7,82.4,121,11,41,132,41,160,144,Desktop,India
USR009834,1.7,2.9,2.2,35.2,9.5,49.7,190,12,46,133,86,106,14,Mobile,Germany
USR009835,9.8,1.8,7.3,50.0,15.4,62.2,295,0,51,19,65,1674,130,Mobile,India
USR009836,80.1,1.4,7.4,17.0,0.3,36.2,207,17,25,131,71,1337,331,Desktop,UK
USR009837,114.3,3.2,1.7,194.4,19.9,94.6,505,5,75,461,13,1573,33,Mobile,Germany
USR009838,1.0,11.2,3.9,20.0,9.0,46.6,306,18,17,432,82,1604,9,Desktop,Japan
USR009839,27.6,0.8,0.6,30.8,4.6,93.7,67,19,79,357,92,1308,229,Mobile,UK
USR009840,102.9,13.3,4.1,21.6,6.3,61.0,313,39,15,137,23,3015,162,Mobile,Australia
USR009841,4.9,11.1,0.6,47.6,7.3,41.8,107,43,71,430,75,123,77,Mobile,Germany
USR009842,150.3,9.2,6.5,42.5,0.2,62.2,140,34,7,485,81,3054,324,Tablet,Brazil
USR009843,155.4,6.3,6.3,41.2,1.8,23.2,90,10,24,205,80,3098,264,Desktop,Australia
USR009844,46.6,0.0,1.3,22.3,1.8,93.2,302,40,66,314,80,1889,24,Mobile,USA
USR009845,44.6,4.9,29.4,108.0,11.5,25.3,20,22,29,370,92,2223,117,Mobile,Australia
USR009846,27.3,0.3,2.6,72.7,9.0,34.3,26,23,85,25,42,484,352,Desktop,Australia
USR009847,129.2,11.5,5.8,28.8,7.1,75.9,452,49,54,81,4,1482,238,Mobile,India
USR009848,95.4,0.1,3.7,12.2,12.5,50.9,249,17,24,254,68,641,316,Mobile,India
USR009849,63.8,11.0,0.6,14.3,12.4,93.3,37,42,67,190,37,2020,31,Mobile,Japan
USR009850,197.4,1.0,1.6,3.9,30.3,67.4,71,27,25,64,26,304,141,Mobile,USA
USR009851,2.1,2.3,9.6,2.6,34.5,44.5,157,31,24,191,36,2805,105,Mobile,Australia
USR009852,20.2,10.5,8.9,176.7,5.1,89.7,74,13,33,447,35,569,159,Tablet,Brazil
USR009853,24.1,37.0,0.9,22.6,71.5,45.7,468,41,40,432,89,1512,99,Mobile,Germany
USR009854,115.8,1.6,3.5,25.7,22.2,20.8,476,46,60,464,24,607,296,Mobile,Brazil
USR009855,1.9,10.4,1.1,142.3,23.1,48.8,20,29,3,178,54,1463,256,Mobile,UK
USR009856,58.9,11.0,1.7,164.6,8.9,84.6,296,46,87,384,33,787,305,Mobile,Brazil
USR009857,105.5,8.0,0.3,8.9,2.2,47.4,246,6,95,332,52,954,302,Mobile,Brazil
USR009858,186.3,2.6,8.0,22.6,5.6,65.4,202,41,34,412,95,2141,174,Mobile,Germany
USR009859,114.5,14.5,1.7,90.9,3.8,92.1,226,26,0,6,65,3607,111,Desktop,Germany
USR009860,20.2,10.7,3.9,88.2,47.3,52.7,322,41,77,92,23,1517,9,Mobile,Germany
USR009861,47.0,2.1,1.9,22.4,19.4,33.8,397,13,2,445,10,184,129,Mobile,Germany
USR009862,22.9,1.2,3.4,28.4,13.0,42.9,60,4,27,276,12,2107,270,Mobile,UK
USR009863,31.0,4.5,5.8,38.6,14.2,47.1,37,40,36,38,95,670,111,Mobile,Germany
USR009864,18.2,7.9,9.1,53.0,4.9,54.3,142,33,73,380,70,2417,276,Tablet,Australia
USR009865,71.6,0.2,10.1,98.5,60.9,63.4,37,43,36,33,45,1135,168,Desktop,Australia
USR009866,82.1,2.6,6.6,57.1,4.4,76.6,143,27,94,148,91,3401,180,Desktop,Germany
USR009867,45.0,23.7,3.9,8.4,24.7,25.0,116,4,78,294,22,2150,2,Mobile,Japan
USR009868,51.6,6.5,0.5,38.9,22.0,40.5,500,2,81,25,87,3581,49,Mobile,UK
USR009869,6.4,11.7,25.5,12.1,1.0,88.6,364,40,7,210,19,321,355,Mobile,Germany
USR009870,82.6,0.7,0.3,2.5,2.4,89.9,555,43,4,275,83,189,200,Mobile,Brazil
USR009871,1.7,0.4,14.1,12.5,21.5,31.7,528,37,8,123,16,1466,192,Desktop,USA
USR009872,14.0,8.7,5.7,19.3,20.2,24.7,182,5,27,490,42,219,33,Mobile,UK
USR009873,2.6,1.7,0.1,206.6,1.2,47.3,86,19,38,469,35,1022,160,Mobile,USA
USR009874,51.5,0.5,13.9,29.1,16.1,66.4,405,43,96,495,65,3648,215,Tablet,Brazil
USR009875,62.2,3.9,2.8,38.4,12.6,20.9,5,9,12,242,85,2160,280,Mobile,Brazil
USR009876,12.3,3.2,6.5,4.8,17.3,45.3,554,46,31,200,79,705,128,Mobile,Germany
USR009877,4.0,0.7,42.5,153.0,18.1,54.4,186,28,4,72,7,292,278,Mobile,India
USR009878,44.4,0.4,12.9,0.5,5.3,71.9,210,28,35,171,26,812,280,Mobile,Brazil
USR009879,87.8,2.9,26.1,111.6,0.4,82.9,127,19,12,10,87,1536,249,Mobile,Germany
USR009880,111.9,2.7,2.0,38.5,16.9,40.0,59,46,80,211,32,3598,137,Mobile,Brazil
USR009881,30.9,6.4,2.4,12.3,13.7,54.1,13,9,84,362,96,990,243,Mobile,Germany
USR009882,12.6,1.3,30.0,179.6,6.0,45.5,398,24,91,429,73,888,192,Desktop,Australia
USR009883,67.5,2.4,0.4,16.4,12.4,28.0,181,48,21,408,7,3431,139,Desktop,Brazil
USR009884,67.6,4.7,20.4,98.5,2.4,32.3,223,42,2,394,54,3412,340,Mobile,UK
USR009885,37.4,3.7,12.5,107.3,14.7,55.0,172,26,78,93,39,3304,118,Mobile,Germany
USR009886,71.0,3.3,5.5,3.7,3.0,45.7,59,32,90,85,66,3051,163,Desktop,India
USR009887,26.0,7.0,3.8,49.2,6.5,35.3,22,20,20,476,97,2158,152,Desktop,UK
USR009888,82.7,10.0,3.5,99.0,12.2,51.7,495,45,99,389,16,2035,26,Mobile,USA
USR009889,72.2,7.9,13.4,31.3,17.1,70.0,101,45,50,310,82,707,215,Mobile,Germany
USR009890,121.5,0.7,3.3,164.4,3.2,62.2,89,30,11,228,21,2185,74,Mobile,Japan
USR009891,46.2,2.0,3.4,18.5,6.8,40.8,130,25,88,192,75,1532,48,Mobile,USA
USR009892,75.7,10.2,18.9,25.9,28.4,61.6,188,33,31,205,71,2880,255,Mobile,UK
USR009893,51.4,10.0,11.2,76.9,7.7,42.9,125,41,51,493,22,1045,54,Mobile,Germany
USR009894,22.2,0.8,8.7,16.7,8.7,88.1,54,25,44,155,62,3612,338,Mobile,Japan
USR009895,7.2,1.2,10.4,1.8,1.2,99.3,310,36,97,212,5,1455,63,Mobile,Australia
USR009896,44.1,3.9,27.8,191.8,0.5,45.9,47,27,0,43,35,582,26,Mobile,UK
USR009897,80.7,4.4,8.6,40.8,22.9,29.1,19,37,50,74,59,2679,180,Desktop,India
USR009898,48.6,1.8,4.9,31.6,0.1,95.3,47,35,85,290,78,2385,344,Mobile,Japan
USR009899,243.3,0.9,6.1,7.2,12.2,56.4,240,22,38,216,52,286,224,Mobile,Germany
USR009900,36.8,0.4,5.4,38.5,4.2,93.6,8,42,16,197,16,3474,280,Mobile,Australia
USR009901,70.5,1.3,19.5,19.2,3.5,52.0,83,5,39,149,21,1620,49,Tablet,USA
USR009902,27.4,7.3,7.2,64.6,18.7,75.6,104,9,77,201,46,3199,235,Mobile,Germany
USR009903,166.9,1.9,0.3,7.8,15.0,68.2,9,36,13,263,96,743,121,Mobile,Australia
USR009904,7.2,6.3,12.1,41.5,25.0,27.5,88,6,65,472,49,1101,208,Mobile,UK
USR009905,13.7,2.7,31.3,50.7,9.4,56.3,54,21,13,210,78,1031,106,Mobile,USA
USR009906,40.1,7.0,2.0,46.7,10.2,50.4,119,44,71,408,31,3637,323,Desktop,Brazil
USR009907,10.8,1.4,0.3,28.4,23.4,92.4,85,42,91,131,92,37,316,Mobile,UK
USR009908,45.5,0.8,4.7,70.0,10.2,63.4,47,0,39,339,89,2972,184,Mobile,Australia
USR009909,17.2,12.7,13.3,98.2,5.3,60.3,836,6,18,198,65,1171,211,Mobile,UK
USR009910,31.2,2.0,25.2,106.4,4.8,43.5,119,43,31,244,84,110,161,Mobile,Japan
USR009911,34.8,0.7,44.4,11.2,16.7,83.2,33,20,76,181,6,1010,295,Mobile,Japan
USR009912,143.6,8.1,1.9,82.0,3.7,51.2,35,11,79,406,25,158,259,Mobile,India
USR009913,4.6,0.7,0.7,11.1,3.5,26.4,99,37,76,443,3,978,357,Tablet,Brazil
USR009914,5.5,6.7,7.1,13.7,5.9,35.5,232,0,59,379,53,2219,60,Desktop,UK
USR009915,30.1,11.5,11.9,309.8,11.8,58.8,84,34,5,17,89,3226,26,Desktop,India
USR009916,2.1,4.2,6.7,59.0,2.7,63.8,118,12,53,312,82,433,283,Mobile,Germany
USR009917,18.4,8.9,13.3,14.1,1.4,73.8,477,12,65,459,75,890,101,Desktop,Brazil
USR009918,41.5,9.7,10.5,109.0,28.8,95.6,58,5,4,142,10,970,99,Mobile,Australia
USR009919,33.9,6.4,1.8,138.3,3.8,99.1,108,39,68,466,47,1569,127,Mobile,Australia
USR009920,7.7,16.6,3.0,134.2,29.8,79.2,572,22,46,461,1,2695,131,Mobile,Germany
USR009921,13.4,9.4,17.4,48.8,1.7,29.7,177,15,34,53,4,2544,31,Desktop,Japan
USR009922,176.0,21.6,16.6,9.2,2.8,86.7,208,38,56,279,41,651,75,Mobile,Germany
USR009923,18.9,3.2,15.7,46.6,8.4,36.3,169,34,85,267,0,102,295,Mobile,India
USR009924,119.6,8.2,9.9,2.1,35.9,69.8,5,31,9,313,14,1912,176,Mobile,USA
USR009925,1.8,1.5,2.9,1.7,2.8,41.0,98,5,43,243,69,3434,114,Mobile,USA
USR009926,83.2,4.4,8.7,29.2,51.0,97.6,37,37,16,78,74,356,6,Mobile,Australia
USR009927,12.5,8.9,0.0,25.3,13.6,85.5,132,10,97,228,16,2046,27,Desktop,Germany
USR009928,162.7,3.3,1.7,27.5,5.0,50.6,16,30,21,137,32,3139,337,Desktop,Australia
USR009929,92.0,0.1,16.0,18.9,14.5,22.3,48,9,22,341,70,1554,175,Mobile,UK
USR009930,10.6,1.4,3.9,43.4,4.6,42.7,422,37,94,335,89,650,343,Desktop,India
USR009931,67.8,10.4,0.5,35.8,9.6,48.3,108,6,22,0,8,2690,52,Mobile,Brazil
USR009932,142.8,4.6,5.5,64.9,5.0,21.4,18,8,49,41,29,465,336,Mobile,USA
USR009933,68.9,13.2,3.8,15.2,3.4,52.3,95,23,97,218,99,1053,54,Mobile,India
USR009934,63.8,0.9,5.7,43.6,4.8,99.5,67,36,85,203,27,2259,81,Mobile,Brazil
USR009935,101.4,20.5,3.5,55.7,2.5,97.0,84,36,27,370,8,352,42,Mobile,Australia
USR009936,23.6,1.1,18.4,80.2,0.7,65.6,233,32,65,444,31,2446,46,Mobile,India
USR009937,87.3,3.9,2.8,29.7,1.4,87.1,108,48,6,271,79,575,248,Mobile,Japan
USR009938,89.3,23.9,11.5,58.6,1.2,49.1,132,22,11,312,55,2893,340,Mobile,Australia
USR009939,176.1,2.7,3.1,101.7,4.3,99.6,252,35,28,244,67,1217,360,Mobile,Brazil
USR009940,161.9,5.7,13.5,124.0,0.5,51.6,191,9,21,327,95,2926,244,Mobile,India
USR009941,32.2,2.5,5.5,80.9,13.2,50.9,204,36,67,205,70,880,234,Mobile,UK
USR009942,5.9,1.3,13.9,13.7,8.2,69.9,16,46,34,324,31,2433,99,Desktop,UK
USR009943,36.1,3.2,10.1,111.0,12.4,45.1,65,7,28,439,37,1658,106,Mobile,Germany
USR009944,97.1,5.5,6.1,14.8,16.5,49.2,435,34,72,481,98,1052,263,Mobile,UK
USR009945,83.1,1.3,14.9,60.8,1.8,57.2,81,8,24,282,87,79,341,Mobile,USA
USR009946,255.2,1.6,4.7,9.6,2.3,65.1,153,8,13,471,92,3156,198,Mobile,India
USR009947,90.6,1.0,6.0,84.3,6.7,80.5,77,27,85,449,30,975,282,Desktop,India
USR009948,179.0,11.7,3.3,307.0,6.2,44.6,79,44,59,199,28,1717,207,Tablet,India
USR009949,247.7,2.5,4.9,223.7,3.7,40.0,54,48,43,268,14,1488,302,Mobile,India
USR009950,195.1,3.6,0.4,26.6,22.7,88.8,76,28,96,133,50,1607,278,Desktop,Japan
USR009951,27.6,0.1,0.4,129.2,6.2,78.4,11,33,22,394,88,2309,32,Mobile,Australia
USR009952,7.9,1.6,6.0,60.7,19.4,51.6,62,25,21,146,65,3419,123,Mobile,USA
USR009953,27.9,0.2,2.7,9.2,3.7,69.5,283,1,54,174,93,248,285,Mobile,Brazil
USR009954,1.2,0.9,18.1,4.9,0.7,55.7,109,34,48,169,26,594,217,Mobile,Australia
USR009955,95.7,5.8,2.0,14.0,1.6,75.1,634,43,44,80,49,1293,123,Mobile,Brazil
USR009956,14.1,3.5,11.1,101.7,4.8,94.4,115,38,2,41,8,820,77,Tablet,Brazil
USR009957,44.7,4.4,0.8,10.3,10.9,51.8,253,41,42,423,76,3424,298,Mobile,Brazil
USR009958,66.8,13.3,9.2,25.8,24.6,31.9,309,13,83,465,93,2495,263,Mobile,UK
USR009959,37.1,3.0,0.9,59.6,0.4,57.3,179,20,14,273,90,2758,6,Mobile,India
USR009960,108.1,18.3,0.2,27.5,22.3,63.6,126,19,99,228,79,2083,22,Mobile,Japan
USR009961,37.8,2.1,5.2,37.0,11.2,41.0,190,1,20,460,9,2799,158,Mobile,Brazil
USR009962,47.7,3.7,1.8,13.7,11.3,94.3,59,23,56,341,22,3062,84,Desktop,UK
USR009963,116.2,1.4,2.9,2.7,4.5,43.4,449,7,78,72,44,3261,283,Desktop,Germany
USR009964,42.5,2.5,9.8,1.4,35.2,48.5,34,7,56,497,60,3268,155,Mobile,Japan
USR009965,74.7,13.1,12.3,28.6,4.2,87.5,16,7,77,306,1,620,357,Mobile,Brazil
USR009966,123.1,3.7,5.8,81.3,8.2,32.0,236,10,69,418,32,2180,348,Mobile,UK
USR009967,40.6,5.8,1.3,14.6,11.9,28.7,21,14,99,24,38,3253,40,Desktop,Japan
USR009968,25.4,1.4,4.6,0.9,2.8,91.0,117,0,30,370,84,1864,25,Mobile,Australia
USR009969,29.0,0.0,2.0,15.5,6.4,32.1,347,28,2,377,94,381,208,Tablet,UK
USR009970,45.2,2.4,4.0,41.3,3.5,77.2,129,18,10,342,64,3508,284,Mobile,USA
USR009971,7.0,3.2,0.6,24.1,1.2,74.1,66,14,37,10,52,2479,301,Desktop,Brazil
USR009972,88.0,0.7,3.3,19.0,31.8,92.2,149,17,12,65,4,777,157,Mobile,Japan
USR009973,31.2,8.6,10.1,20.1,24.3,69.1,54,43,34,483,42,2687,4,Tablet,USA
USR009974,32.4,0.1,1.0,48.3,16.1,36.4,46,31,42,364,53,104,170,Mobile,Brazil
USR009975,23.4,5.8,12.9,77.0,9.0,31.0,433,30,58,221,47,1790,297,Mobile,Brazil
USR009976,84.8,1.8,21.2,55.5,2.0,22.9,112,21,93,1,53,311,307,Mobile,UK
USR009977,28.1,4.5,32.6,160.4,5.7,75.8,35,0,81,75,44,376,248,Mobile,Australia
USR009978,36.3,2.5,9.4,104.2,6.2,85.1,125,7,38,26,15,2801,336,Mobile,India
USR009979,223.6,7.8,3.7,8.3,3.7,31.5,229,42,69,281,97,2217,350,Mobile,Brazil
USR009980,209.8,4.8,2.9,8.3,5.7,77.8,3,37,10,81,25,2758,300,Mobile,Germany
USR009981,33.0,2.4,1.2,3.9,20.5,29.6,124,41,44,197,18,650,296,Mobile,Brazil
USR009982,32.0,6.4,0.1,55.1,6.5,31.5,102,1,85,323,68,731,327,Mobile,Australia
USR009983,40.8,13.5,2.1,118.5,53.7,58.7,109,35,71,364,35,2054,234,Mobile,India
USR009984,118.0,0.6,9.1,4.8,5.0,24.2,117,1,36,96,87,3197,54,Mobile,USA
USR009985,3.6,3.8,1.8,290.3,1.2,84.9,34,14,95,335,58,427,364,Desktop,Australia
USR009986,84.9,2.9,22.4,7.9,2.6,47.4,220,18,21,294,23,514,26,Mobile,Brazil
USR009987,28.0,0.6,3.8,49.0,11.0,86.6,73,20,58,331,3,1282,18,Desktop,USA
USR009988,96.9,1.2,11.2,58.4,1.7,60.4,62,29,2,428,40,2195,189,Desktop,India
USR009989,274.3,21.3,4.1,98.0,4.7,67.2,54,14,29,359,47,863,237,Tablet,Japan
USR009990,16.7,0.1,1.3,28.5,0.6,31.7,194,47,84,338,10,1131,361,Mobile,Brazil
USR009991,16.7,4.5,4.7,89.6,1.5,89.4,322,4,64,233,13,402,307,Tablet,USA
USR009992,78.9,1.1,15.3,22.4,10.0,73.9,325,45,50,174,91,1080,104,Mobile,UK
USR009993,143.6,0.6,11.0,13.7,8.8,56.1,184,3,87,382,29,3113,313,Mobile,UK
USR009994,1.0,1.1,8.6,34.8,0.2,29.4,124,3,94,319,91,596,17,Desktop,Japan
USR009995,60.0,4.4,17.4,13.8,2.3,28.8,264,35,49,471,41,2971,191,Mobile,Japan
USR009996,57.3,0.2,10.4,47.7,2.6,44.8,228,9,80,152,45,974,361,Mobile,Germany
USR009997,79.0,0.2,4.6,37.4,10.8,21.5,211,41,11,181,9,1209,263,Mobile,UK
USR009998,9.5,3.3,15.9,108.5,21.7,30.1,279,41,15,468,95,3055,205,Mobile,USA
USR009999,53.9,10.6,11.7,56.5,15.0,82.6,308,49,29,378,74,1492,241,Tablet,USA
USR010000,69.7,13.1,5.1,66.5,4.5,73.2,91,13,93,372,28,3497,150,Mobile,India
USR010001,83.7,0.0,1.0,36.0,3.2,52.5,51,36,8,193,23,601,9,Tablet,UK
USR010002,131.8,2.6,3.8,102.9,2.3,75.9,24,46,27,52,62,1737,255,Mobile,India
USR010003,3.4,1.5,4.2,80.7,10.6,85.2,42,0,11,457,70,1410,161,Tablet,Brazil
USR010004,39.8,7.0,1.6,52.0,1.3,83.2,131,46,27,422,26,3109,287,Tablet,UK
USR010005,172.6,0.1,17.3,8.6,0.6,83.9,37,36,82,267,80,2491,53,Mobile,Brazil
USR010006,71.5,0.5,16.2,78.1,0.4,28.2,58,5,78,301,73,1867,323,Mobile,UK
USR010007,23.7,7.9,16.5,12.4,17.7,84.1,208,43,36,339,62,231,141,Mobile,UK
USR010008,92.6,4.0,11.5,10.3,0.5,35.6,223,13,49,103,78,731,295,Mobile,India
USR010009,2.1,9.5,4.6,8.1,8.5,48.6,100,36,22,96,89,2589,259,Mobile,Australia
USR010010,7.5,8.4,17.0,97.4,22.5,95.6,374,15,8,133,18,3398,15,Mobile,Germany
USR010011,16.6,0.3,3.3,97.4,10.9,53.1,33,25,58,180,42,1964,195,Mobile,Germany
USR010012,39.1,6.0,5.4,20.2,18.6,67.3,318,36,80,393,72,2087,271,Mobile,India
USR010013,141.8,11.1,1.8,0.1,9.5,88.5,180,41,91,422,72,2038,137,Desktop,USA
USR010014,53.9,26.9,21.1,114.7,0.5,97.3,125,26,32,112,18,2166,12,Mobile,Australia
USR010015,103.7,2.5,0.9,12.2,7.6,90.4,230,41,96,432,56,1112,52,Tablet,Australia
USR010016,33.5,0.7,6.9,9.1,16.3,44.5,161,38,35,188,14,35,269,Mobile,Germany
USR010017,201.1,3.3,1.6,19.7,13.6,39.7,468,8,43,497,26,958,39,Mobile,India
USR010018,13.8,11.4,33.1,78.1,5.3,58.6,9,5,39,389,70,1229,12,Mobile,Brazil
USR010019,53.6,2.6,2.0,68.6,14.4,39.5,193,4,15,455,86,81,162,Mobile,USA
USR010020,12.4,0.6,7.9,37.2,7.2,99.4,299,11,40,184,55,515,280,Mobile,USA
USR010021,222.9,12.7,7.7,72.5,6.7,69.3,28,35,74,6,78,2036,94,Mobile,Japan
USR010022,179.2,5.9,10.6,93.0,0.5,41.1,247,4,19,445,25,592,192,Mobile,UK
USR010023,88.9,0.5,1.7,30.5,21.5,78.3,273,49,24,70,95,133,314,Mobile,UK
USR010024,77.0,8.9,1.1,61.1,1.6,76.6,37,23,94,68,33,1890,334,Mobile,Brazil
USR010025,3.8,25.0,7.3,105.0,0.7,65.6,177,22,57,493,84,2321,27,Mobile,Australia
USR010026,1.8,1.9,1.5,221.9,1.8,36.5,92,8,34,315,77,2733,86,Mobile,Brazil
USR010027,10.1,0.8,0.7,72.9,8.7,88.0,25,36,77,211,78,2125,121,Mobile,Germany
USR010028,21.2,1.2,1.5,155.6,4.6,82.8,119,21,27,159,19,2877,153,Mobile,Australia
USR010029,28.4,1.1,5.7,30.9,6.6,78.1,1,31,89,11,10,2868,256,Mobile,Australia
USR010030,118.9,0.1,8.1,17.3,20.4,45.5,969,7,77,231,24,3517,35,Mobile,UK
USR010031,12.1,0.2,0.8,44.3,2.5,90.7,284,11,42,51,45,905,357,Mobile,Brazil
USR010032,143.6,1.7,10.5,8.9,6.0,28.5,339,14,16,225,92,2916,164,Mobile,Germany
USR010033,17.2,1.1,1.3,122.4,1.1,95.3,39,45,15,476,37,3523,172,Mobile,Japan
USR010034,116.7,7.7,18.6,6.3,2.4,56.5,45,33,44,35,26,2547,361,Mobile,USA
USR010035,35.0,23.7,6.6,8.9,31.6,43.0,31,24,79,308,34,3271,351,Tablet,Australia
USR010036,34.4,1.2,6.2,3.2,1.0,87.7,38,35,71,226,34,700,343,Mobile,Japan
USR010037,89.6,3.9,4.5,2.7,1.3,98.6,654,30,31,454,57,3466,345,Tablet,Australia
USR010038,6.2,0.4,5.9,50.6,1.6,29.4,115,8,61,322,16,2907,168,Mobile,USA
USR010039,16.4,10.8,1.7,34.9,1.3,34.2,11,2,72,432,25,160,165,Mobile,Brazil
USR010040,22.0,3.1,14.0,21.0,16.5,72.5,56,43,73,100,25,2785,350,Mobile,Brazil
USR010041,29.2,7.9,10.5,14.6,12.5,39.6,1848,10,71,25,48,3443,172,Mobile,UK
USR010042,101.6,5.6,3.3,13.4,0.1,34.4,46,36,76,11,25,2294,257,Tablet,UK
USR010043,12.4,0.4,4.1,15.1,20.3,31.9,123,7,47,214,12,778,30,Mobile,Japan
USR010044,161.8,1.2,2.4,5.0,0.3,81.6,221,38,47,310,8,1818,333,Mobile,Germany
USR010045,3.7,7.9,1.9,15.8,24.7,28.5,246,4,63,145,97,970,290,Mobile,USA
USR010046,112.5,0.3,14.0,12.3,50.5,56.3,170,38,38,194,37,880,217,Tablet,USA
USR010047,76.2,1.9,0.0,24.0,4.8,86.4,537,21,37,36,71,1150,153,Mobile,Australia
USR010048,8.0,9.1,18.9,37.3,11.3,28.6,50,29,69,224,43,2553,276,Mobile,Brazil
USR010049,115.7,7.8,2.9,3.5,10.9,77.5,557,38,76,137,11,2890,143,Tablet,India
USR010050,2.7,0.6,0.4,7.4,26.4,70.0,299,36,42,483,10,80,336,Mobile,Australia
USR010051,2.7,0.1,9.5,126.6,18.6,28.4,89,47,23,88,84,2556,185,Mobile,Germany
USR010052,15.5,3.0,1.7,16.6,30.2,50.4,275,21,41,458,52,2115,231,Mobile,Germany
USR010053,70.4,9.9,9.1,11.9,8.4,56.7,264,27,14,220,18,1538,30,Mobile,Brazil
USR010054,21.2,6.4,0.5,33.7,18.5,62.1,104,42,43,397,16,2827,317,Mobile,USA
USR010055,174.5,10.2,6.1,89.8,0.7,96.8,748,18,13,431,82,113,348,Mobile,USA
USR010056,69.7,23.8,2.8,144.9,5.6,84.6,37,45,51,453,6,749,284,Mobile,USA
USR010057,106.9,1.8,0.4,69.7,20.1,59.7,22,14,67,387,16,321,101,Mobile,Brazil
USR010058,211.4,2.7,1.4,11.0,10.8,61.6,742,11,31,58,8,2606,355,Mobile,Germany
USR010059,231.6,1.1,12.9,34.2,8.1,63.9,3,42,13,167,24,3349,302,Mobile,USA
USR010060,28.6,10.0,4.7,54.2,4.1,78.9,21,47,6,200,32,2099,55,Desktop,Japan
USR010061,130.5,15.4,1.5,56.2,14.8,97.9,46,7,57,230,82,922,222,Desktop,India
USR010062,113.8,9.6,2.7,56.4,19.7,86.1,56,34,67,472,56,656,144,Desktop,Germany
USR010063,158.1,5.3,8.4,17.1,0.5,48.1,82,30,89,162,61,2966,127,Mobile,Australia
USR010064,33.6,6.9,1.1,50.5,0.3,93.4,75,35,65,292,72,2552,294,Mobile,Germany
USR010065,11.1,4.8,11.1,12.0,8.6,77.1,854,1,36,46,25,3220,316,Mobile,UK
USR010066,137.3,5.1,19.9,51.4,10.4,66.2,194,48,70,463,3,1878,310,Mobile,USA
USR010067,25.8,5.4,0.5,27.0,10.6,96.0,283,25,91,369,37,2995,319,Mobile,Brazil
USR010068,27.9,5.9,22.7,39.4,21.3,39.0,13,38,31,79,31,2020,123,Desktop,USA
USR010069,36.9,5.4,4.6,6.0,6.8,27.1,107,6,89,259,50,1048,59,Mobile,Brazil
USR010070,2.7,1.7,5.2,4.5,10.4,86.9,48,11,3,308,47,3206,245,Mobile,Brazil
USR010071,127.2,4.4,2.0,16.3,8.6,24.5,43,10,34,56,83,578,247,Mobile,Japan
USR010072,44.2,2.2,5.3,1.4,9.8,86.7,109,21,45,7,79,1853,157,Mobile,USA
USR010073,121.0,0.7,0.2,54.8,9.4,88.8,386,15,36,292,2,588,204,Mobile,USA
USR010074,55.5,1.3,7.7,27.9,2.4,45.0,118,46,84,323,85,451,56,Tablet,Australia
USR010075,36.1,14.0,2.1,45.0,6.0,90.0,305,46,63,11,16,3431,197,Mobile,USA
USR010076,14.5,2.1,9.5,49.3,1.0,56.8,14,21,42,294,32,2105,8,Mobile,Germany
USR010077,59.7,22.8,12.8,35.6,2.3,59.4,155,44,74,303,48,1201,13,Tablet,USA
USR010078,53.3,5.5,20.0,41.9,14.3,68.8,55,32,98,40,77,2554,222,Tablet,Japan
USR010079,201.1,1.5,16.3,79.1,27.8,75.7,58,33,56,85,42,896,38,Mobile,USA
USR010080,67.7,2.4,3.4,97.5,14.0,89.6,195,14,71,449,96,3425,48,Tablet,Brazil
USR010081,51.8,26.9,14.5,16.8,0.5,89.9,795,21,99,173,45,1956,339,Mobile,USA
USR010082,226.5,4.2,1.4,7.4,19.4,30.5,26,35,70,216,12,1179,29,Tablet,Brazil
USR010083,45.9,15.1,1.4,57.5,21.8,41.0,86,27,83,135,41,810,8,Mobile,Australia
USR010084,16.8,3.3,3.7,101.3,4.0,72.3,446,2,8,229,11,909,179,Mobile,Australia
USR010085,6.3,2.7,1.0,112.0,0.2,49.8,117,12,30,201,90,2499,117,Mobile,UK
USR010086,3.4,7.8,12.0,27.3,6.7,74.2,126,49,94,200,86,775,32,Mobile,Germany
USR010087,69.2,2.9,10.2,13.3,5.0,52.3,362,29,36,181,55,1153,154,Desktop,Japan
USR010088,18.7,2.2,9.1,28.2,3.9,99.0,547,32,26,72,88,1469,146,Tablet,USA
USR010089,15.3,1.3,3.8,47.7,5.3,37.1,60,10,50,399,68,1907,240,Mobile,Brazil
USR010090,221.9,8.9,6.8,31.5,7.5,87.4,688,31,12,300,25,1426,31,Tablet,Germany
USR010091,46.9,6.6,2.9,7.3,4.0,79.9,274,7,79,470,19,1837,108,Mobile,UK
USR010092,130.2,2.0,1.7,58.5,3.0,51.7,71,9,5,166,61,2022,137,Mobile,USA
USR010093,60.9,0.7,26.3,78.6,9.4,91.7,66,45,35,273,97,798,58,Mobile,Brazil
USR010094,6.3,0.3,2.2,55.6,4.9,85.2,898,24,24,257,23,1510,348,Mobile,India
USR010095,38.1,2.2,14.3,11.9,3.6,99.4,108,41,60,465,28,2809,124,Mobile,Japan
USR010096,113.7,8.3,17.1,27.9,6.4,75.5,216,38,56,158,92,2564,297,Mobile,Australia
USR010097,47.6,10.1,8.6,105.1,28.3,58.2,2,0,25,188,99,1779,199,Mobile,Germany
USR010098,20.5,2.6,2.3,81.2,3.0,49.2,285,22,3,497,5,3622,42,Tablet,India
USR010099,59.5,0.8,10.0,13.7,5.0,32.1,199,8,74,260,89,970,64,Desktop,UK
USR010100,12.9,3.7,24.2,51.8,13.8,54.5,549,24,26,360,56,3183,106,Desktop,Japan
USR010101,52.7,10.0,2.3,58.0,8.0,38.5,16,45,68,230,43,1887,149,Desktop,India
USR010102,80.3,7.3,3.1,164.5,10.0,28.9,269,20,65,244,76,1766,219,Mobile,Australia
USR010103,195.0,8.5,19.0,13.7,4.7,76.4,246,18,0,461,29,3108,178,Mobile,Australia
USR010104,70.4,1.0,3.0,14.9,12.6,90.4,70,2,70,341,98,813,97,Mobile,Australia
USR010105,120.8,5.7,36.5,31.1,9.9,45.5,114,41,33,185,79,998,260,Mobile,India
USR010106,32.7,1.8,7.4,171.5,1.0,68.0,527,6,12,354,21,228,25,Mobile,UK
USR010107,249.4,5.4,10.5,53.8,2.6,63.0,91,12,61,180,64,2964,194,Desktop,UK
USR010108,27.8,0.9,2.6,16.5,6.7,53.3,25,45,61,254,15,2748,257,Mobile,Japan
USR010109,107.2,5.6,1.1,101.8,6.8,98.4,150,8,98,396,60,76,219,Desktop,Japan
USR010110,9.8,8.2,3.4,4.1,0.0,94.6,47,27,77,189,68,3061,94,Tablet,UK
USR010111,22.1,6.9,4.5,12.1,0.6,27.9,132,2,75,469,64,3038,234,Mobile,UK
USR010112,58.4,2.7,0.2,103.3,9.0,28.2,262,26,36,456,63,3168,103,Mobile,Japan
USR010113,174.3,1.8,2.6,156.7,21.9,89.6,52,37,36,56,50,1461,271,Tablet,Brazil
USR010114,49.8,0.1,2.0,39.8,0.1,76.7,85,19,86,196,45,556,299,Mobile,USA
USR010115,77.9,4.7,2.2,90.6,52.5,55.5,108,36,54,181,97,2173,1,Mobile,UK
USR010116,3.8,6.8,21.3,7.3,7.2,43.1,177,28,94,246,50,775,56,Tablet,Germany
USR010117,56.9,2.3,3.0,10.7,23.0,64.6,13,9,55,369,85,533,171,Mobile,Germany
USR010118,56.2,6.0,7.2,62.8,5.0,56.3,177,49,66,246,75,2346,178,Desktop,USA
USR010119,11.6,2.4,0.9,20.4,22.0,81.1,203,31,15,244,55,3187,221,Mobile,UK
USR010120,108.7,10.6,2.5,28.0,21.4,52.4,69,1,3,100,72,730,162,Mobile,USA
USR010121,30.6,7.4,3.8,26.0,9.6,31.7,3,21,58,47,17,1100,210,Mobile,Australia
USR010122,42.2,5.5,9.6,17.1,4.7,29.9,317,13,23,217,44,772,59,Mobile,Germany
USR010123,107.4,28.7,4.8,38.9,7.6,54.9,781,47,83,65,62,266,199,Mobile,Brazil
USR010124,95.5,0.4,4.1,0.4,4.7,95.1,211,23,37,376,83,3171,240,Desktop,Brazil
USR010125,16.8,12.5,11.0,15.0,4.4,81.9,544,39,72,476,16,650,148,Mobile,India
USR010126,115.4,4.9,11.5,30.2,16.6,76.7,72,46,29,469,72,1311,286,Desktop,UK
USR010127,42.3,0.5,0.3,8.9,8.5,40.2,103,20,66,414,26,362,30,Mobile,Germany
USR010128,19.1,4.5,6.5,70.0,4.0,87.9,213,26,47,323,61,1071,121,Mobile,UK
USR010129,85.3,8.5,0.1,21.7,12.7,98.9,34,20,97,312,14,3469,291,Tablet,India
USR010130,95.3,0.5,1.3,150.1,3.7,86.8,144,40,16,202,63,113,78,Mobile,India
USR010131,9.9,2.3,2.4,3.8,7.0,67.9,451,1,64,432,20,3241,12,Mobile,Japan
USR010132,65.2,6.8,17.4,66.4,2.1,49.6,157,20,99,128,71,1807,208,Mobile,Japan
USR010133,148.1,1.2,0.3,23.8,24.4,59.5,8,13,94,263,94,1664,95,Mobile,USA
USR010134,64.3,4.5,0.7,33.5,12.1,20.1,111,8,69,323,57,474,180,Desktop,UK
USR010135,145.9,3.9,5.1,6.9,7.1,28.7,379,35,26,140,17,1226,103,Mobile,Brazil
USR010136,210.2,3.5,5.7,13.1,2.0,79.6,546,45,60,319,68,3401,327,Desktop,Germany
USR010137,13.7,2.7,18.4,103.2,5.7,72.8,183,31,42,413,0,3428,289,Mobile,Germany
USR010138,114.1,7.8,8.5,96.1,4.7,61.2,59,33,82,232,31,148,46,Desktop,India
USR010139,25.8,11.3,8.4,3.0,38.6,45.7,42,24,94,469,60,3409,171,Mobile,Australia
USR010140,38.2,4.5,9.1,53.0,19.4,36.6,292,29,25,137,77,3418,197,Desktop,Brazil
USR010141,4.6,1.8,21.0,80.8,1.1,78.2,117,24,86,349,3,1296,353,Mobile,Germany
USR010142,53.9,4.8,1.7,1.2,1.5,89.5,320,22,90,155,86,684,151,Mobile,Germany
USR010143,11.0,9.3,7.7,4.4,42.4,59.6,287,46,94,470,48,2599,261,Mobile,Germany
USR010144,27.5,8.7,8.7,12.1,7.5,45.6,251,17,89,364,97,1825,222,Mobile,UK
USR010145,4.7,7.8,8.8,3.1,51.9,98.4,12,48,90,498,85,1607,178,Tablet,USA
USR010146,6.9,8.6,1.0,84.5,3.6,82.9,236,27,84,464,67,156,208,Mobile,UK
USR010147,23.6,9.6,8.6,59.7,5.3,46.1,66,43,74,489,33,445,127,Mobile,Germany
USR010148,50.9,21.1,9.9,27.6,40.4,78.6,391,30,25,261,22,1782,64,Mobile,Australia
USR010149,50.9,3.3,3.0,22.4,11.8,95.0,1020,1,11,35,9,1539,109,Desktop,Brazil
USR010150,18.8,2.3,0.5,80.7,11.0,29.7,117,35,26,297,26,2248,261,Mobile,India
USR010151,95.5,2.1,5.0,4.0,14.6,55.8,107,12,56,359,56,3286,91,Tablet,Japan
USR010152,166.7,0.8,5.4,6.1,7.3,84.8,312,32,52,148,10,833,299,Mobile,Australia
USR010153,8.3,10.5,1.1,125.9,34.7,23.4,71,45,99,185,64,3622,321,Mobile,Japan
USR010154,18.0,5.4,11.6,5.6,0.4,66.7,147,17,61,107,73,338,109,Tablet,UK
USR010155,17.2,6.2,2.7,63.5,10.6,71.5,98,21,19,359,75,188,43,Mobile,USA
USR010156,81.2,2.6,10.0,120.8,5.4,33.8,72,16,48,365,24,1603,234,Mobile,India
USR010157,52.6,1.7,18.8,188.1,17.8,67.0,657,7,88,385,46,2756,269,Mobile,UK
USR010158,30.9,2.2,19.1,8.9,15.6,41.3,33,33,43,130,52,1845,134,Mobile,USA
USR010159,89.7,0.4,15.3,29.5,1.8,56.6,531,41,58,71,43,906,145,Mobile,Australia
USR010160,15.9,1.5,14.9,97.6,10.6,21.6,434,46,66,6,35,2973,111,Mobile,India
USR010161,53.2,0.1,3.3,2.6,3.3,89.8,18,38,51,207,23,3411,364,Mobile,Australia
USR010162,44.7,0.4,0.2,129.3,8.0,75.7,229,14,4,290,42,245,59,Mobile,Japan
USR010163,38.1,5.6,19.4,23.8,24.6,22.3,15,33,98,475,14,878,123,Mobile,Japan
USR010164,194.6,0.2,0.1,19.1,1.0,61.1,255,33,28,103,32,2911,12,Mobile,Japan
USR010165,166.4,4.7,10.0,52.4,3.8,31.7,75,17,46,376,5,1725,307,Mobile,UK
USR010166,106.4,0.6,20.0,14.1,2.6,76.6,71,10,52,66,84,307,279,Mobile,UK
USR010167,10.1,0.6,0.9,41.4,1.2,29.7,83,35,14,6,68,2769,102,Desktop,Germany
USR010168,53.8,2.0,4.9,29.3,17.1,33.6,319,47,21,260,55,1312,96,Mobile,USA
USR010169,16.0,2.9,8.7,53.3,4.3,81.4,20,4,72,46,91,2711,144,Mobile,Japan
USR010170,31.2,4.2,4.5,38.1,36.4,58.4,5,14,29,348,16,3262,316,Mobile,Brazil
USR010171,110.9,1.0,20.0,163.9,10.3,53.9,718,21,89,315,60,765,18,Mobile,Brazil
USR010172,13.3,13.5,7.6,75.1,7.5,75.7,136,37,64,473,41,2768,315,Mobile,Japan
USR010173,62.3,1.0,5.5,30.1,24.1,65.5,134,11,79,75,44,1817,1,Mobile,Brazil
USR010174,45.4,1.0,5.7,122.4,40.9,43.1,77,32,2,421,36,1635,268,Mobile,Japan
USR010175,7.6,11.0,23.0,63.6,4.3,36.2,463,35,57,113,94,1687,200,Tablet,USA
USR010176,168.0,0.1,3.3,82.3,4.6,64.7,19,24,25,355,39,2870,242,Tablet,Australia
USR010177,80.9,1.7,9.3,50.5,15.4,45.0,371,24,25,185,7,2040,61,Tablet,Australia
USR010178,60.5,0.4,1.3,46.9,19.8,49.4,78,36,6,40,96,847,265,Mobile,Germany
USR010179,127.8,4.2,0.1,94.1,7.1,56.3,180,36,71,196,4,2657,86,Desktop,Australia
USR010180,42.6,0.9,23.5,57.0,3.2,93.8,447,49,1,0,83,2398,14,Mobile,India
USR010181,221.0,3.3,14.7,1.1,2.5,98.3,13,12,41,488,66,467,216,Mobile,Germany
USR010182,17.4,34.8,1.5,4.5,21.8,45.4,642,0,67,227,6,3263,36,Mobile,USA
USR010183,20.9,3.8,4.0,28.5,0.9,86.2,40,4,89,404,62,2464,198,Mobile,USA
USR010184,134.5,2.3,8.0,15.1,4.8,84.6,647,4,48,371,43,1220,170,Mobile,Japan
USR010185,41.4,2.1,2.0,107.6,6.6,82.9,111,23,20,298,71,968,179,Tablet,India
USR010186,135.8,1.9,5.3,47.8,17.8,66.6,219,18,90,405,20,2038,202,Mobile,UK
USR010187,4.5,3.5,1.4,34.5,3.8,37.3,213,14,90,204,38,3438,182,Mobile,Germany
USR010188,8.5,8.4,5.3,108.6,1.2,58.6,90,12,29,214,67,2773,11,Tablet,Brazil
USR010189,90.4,1.5,2.5,34.2,0.1,43.2,126,7,40,25,52,63,229,Mobile,Brazil
USR010190,31.8,7.3,2.6,32.3,5.0,56.9,430,8,1,10,95,659,95,Mobile,USA
USR010191,50.0,0.4,3.3,23.4,14.4,20.9,947,21,42,49,4,2516,60,Mobile,Australia
USR010192,1.0,5.6,1.0,99.0,12.3,91.6,204,27,53,80,19,3219,293,Mobile,UK
USR010193,31.2,0.0,10.6,8.1,7.5,61.5,461,42,5,342,39,3643,135,Mobile,India
USR010194,103.6,3.3,6.8,23.2,13.4,63.0,727,30,28,489,19,1653,285,Desktop,Japan
USR010195,35.7,3.2,3.1,5.1,3.7,32.2,133,3,3,68,9,1577,191,Mobile,Germany
USR010196,24.0,18.9,1.5,168.3,0.3,28.6,242,41,90,396,23,409,20,Mobile,Australia
USR010197,65.8,4.2,1.0,163.7,1.5,54.7,6,33,18,221,91,2015,162,Mobile,India
USR010198,8.5,8.8,6.7,27.5,11.9,85.7,77,18,56,177,35,1929,279,Mobile,UK
USR010199,32.9,4.3,9.5,162.2,6.1,53.5,0,27,2,239,19,3306,143,Desktop,Brazil
USR010200,53.6,12.0,16.6,66.2,33.1,44.3,356,9,7,116,33,217,87,Tablet,Germany
USR010201,180.6,12.2,7.9,42.1,8.4,46.3,206,20,20,28,94,812,189,Desktop,Brazil
USR010202,6.3,3.7,0.3,5.8,20.0,35.1,64,46,8,400,42,2144,122,Mobile,Japan
USR010203,33.9,3.9,2.0,69.3,33.5,22.7,12,1,33,213,28,1585,143,Mobile,Japan
USR010204,310.1,0.7,0.4,3.5,14.8,91.6,134,34,99,431,96,3361,287,Mobile,Brazil
USR010205,149.5,0.3,6.9,94.2,0.7,34.8,210,36,50,141,55,3311,267,Mobile,Japan
USR010206,8.6,2.4,10.6,23.8,22.4,34.3,230,0,10,403,80,3094,347,Desktop,Germany
USR010207,198.4,5.2,3.2,7.9,13.9,73.8,128,3,43,267,78,3633,31,Mobile,Japan
USR010208,151.4,11.7,7.9,1.1,0.2,91.7,375,15,75,135,33,1426,1,Mobile,Brazil
USR010209,64.3,12.2,13.1,90.5,6.9,41.2,177,3,83,277,98,1479,317,Mobile,Australia
USR010210,31.3,0.8,8.9,97.5,17.1,86.8,66,35,29,109,37,2043,8,Desktop,India
USR010211,5.8,4.9,6.1,2.1,2.8,90.9,197,28,30,168,87,3200,86,Mobile,Brazil
USR010212,260.2,2.8,7.3,39.1,14.3,72.6,329,48,99,176,71,3325,67,Mobile,Japan
USR010213,37.9,18.1,18.7,31.4,7.2,60.1,373,34,57,57,79,2120,73,Desktop,Australia
USR010214,137.7,2.5,0.4,30.9,0.9,80.6,132,11,72,361,48,2531,253,Mobile,Germany
USR010215,14.3,5.2,6.1,0.9,15.7,94.3,195,43,47,283,67,1334,26,Mobile,UK
USR010216,45.4,0.2,6.2,4.1,23.3,64.7,109,25,35,85,62,71,275,Mobile,USA
USR010217,24.7,0.2,3.9,15.4,9.2,23.6,757,19,75,128,67,1515,305,Tablet,Brazil
USR010218,13.8,10.6,3.1,7.5,3.4,80.1,153,22,14,365,43,2259,116,Mobile,Japan
USR010219,73.8,8.3,3.7,45.9,0.6,74.3,96,28,9,14,96,3577,32,Mobile,USA
USR010220,66.0,0.1,17.3,26.2,0.3,65.1,13,47,22,73,34,2125,186,Desktop,Germany
USR010221,11.9,0.7,5.4,10.8,12.4,89.0,77,49,27,259,10,2126,145,Mobile,UK
USR010222,53.4,2.5,3.1,44.9,5.8,53.2,2,17,1,205,89,1506,302,Mobile,Brazil
USR010223,25.3,4.2,12.9,0.4,0.9,49.3,60,0,13,259,71,3355,245,Desktop,UK
USR010224,117.2,2.0,3.9,66.4,10.5,40.7,192,14,28,183,16,1012,321,Desktop,USA
USR010225,22.8,1.4,23.0,121.5,16.4,29.6,20,9,68,8,86,1848,122,Mobile,India
USR010226,27.2,6.9,6.8,63.6,24.8,98.5,598,45,56,337,78,2865,10,Mobile,India
USR010227,4.3,13.3,15.5,0.1,9.4,98.2,41,42,8,211,43,1584,197,Mobile,India
USR010228,5.6,1.2,12.8,68.9,7.6,81.2,21,5,61,238,25,336,52,Mobile,Brazil
USR010229,5.6,6.2,3.4,98.2,2.8,32.2,202,40,11,371,19,3644,139,Mobile,Germany
USR010230,89.3,0.8,6.5,9.6,35.3,76.1,128,18,80,233,35,2508,31,Mobile,UK
USR010231,47.0,3.0,1.1,85.8,0.1,48.5,3,22,7,303,95,884,241,Desktop,UK
USR010232,7.8,1.0,0.2,62.9,38.8,60.1,66,27,24,342,11,143,126,Desktop,Brazil
USR010233,54.1,1.9,1.1,4.9,5.1,42.5,398,28,16,174,23,471,262,Mobile,Australia
USR010234,30.5,5.0,13.8,32.3,2.3,73.7,193,3,3,188,30,1948,169,Mobile,Brazil
USR010235,50.5,27.8,12.1,149.0,19.8,54.1,66,24,27,337,55,1330,12,Mobile,Germany
USR010236,38.6,5.5,2.3,40.2,1.0,22.7,112,23,74,269,93,1344,90,Tablet,Germany
USR010237,5.2,0.5,5.5,47.3,7.3,62.9,46,9,84,190,29,1836,97,Mobile,Australia
USR010238,77.8,1.3,30.1,49.0,9.8,77.5,261,42,88,0,89,2737,41,Mobile,Brazil
USR010239,78.2,5.5,13.5,22.1,26.5,32.5,316,11,68,432,50,3155,71,Mobile,Australia
USR010240,36.5,0.4,22.3,84.1,10.9,47.3,738,24,43,217,46,2219,268,Desktop,USA
USR010241,4.4,0.3,7.3,54.8,17.2,62.3,126,47,67,9,43,1834,127,Desktop,Australia
USR010242,45.2,3.0,5.3,117.8,5.8,84.5,203,0,47,125,9,2516,170,Mobile,Australia
USR010243,84.0,2.5,13.7,2.0,0.6,30.4,60,22,36,337,47,2785,214,Mobile,UK
USR010244,273.4,1.4,2.9,3.7,7.7,69.8,393,24,34,69,92,3264,129,Mobile,UK
USR010245,142.4,0.6,5.6,7.0,0.7,66.8,431,15,17,469,48,3164,168,Tablet,UK
USR010246,37.2,10.2,15.2,14.0,3.4,20.0,31,13,1,429,81,3199,354,Mobile,USA
USR010247,31.8,4.3,8.5,7.8,9.3,75.3,3,38,41,8,8,1481,234,Tablet,India
USR010248,49.9,1.2,7.6,33.3,33.0,49.9,239,39,49,48,30,1384,53,Mobile,Germany
USR010249,63.1,4.4,1.5,90.5,0.4,80.2,114,33,62,37,45,3379,207,Mobile,USA
USR010250,20.4,4.7,9.9,44.2,3.1,29.0,557,21,47,332,24,2061,268,Mobile,Australia
USR010251,52.7,11.3,3.0,107.5,3.1,55.0,55,48,85,341,46,1606,314,Mobile,Brazil
USR010252,111.9,18.8,0.5,9.0,10.2,43.3,84,18,84,355,30,2887,264,Mobile,UK
USR010253,67.6,8.9,11.1,76.1,0.6,80.5,230,36,91,485,52,2129,152,Desktop,Japan
USR010254,1.3,1.7,9.6,13.1,5.4,33.3,70,33,94,143,9,191,360,Mobile,Germany
USR010255,44.8,10.8,2.6,7.0,1.1,91.5,275,31,68,459,42,477,69,Mobile,Germany
USR010256,19.6,2.5,2.4,80.9,2.0,57.4,404,11,9,404,21,2215,325,Mobile,Germany
USR010257,191.2,0.8,0.4,36.2,8.9,71.7,72,18,41,245,10,1576,280,Mobile,Australia
USR010258,8.1,0.1,0.8,9.7,5.9,44.5,71,27,29,451,34,1393,221,Mobile,Germany
USR010259,17.9,2.4,6.2,70.0,0.4,63.9,58,43,18,70,60,3519,20,Mobile,India
USR010260,14.7,0.1,10.2,40.7,7.1,92.0,164,48,28,276,52,2342,356,Desktop,UK
USR010261,83.2,4.7,3.2,53.9,18.2,80.9,35,44,79,459,39,2887,48,Desktop,UK
USR010262,15.3,0.6,16.6,32.7,3.1,79.3,27,39,97,407,12,3636,38,Mobile,Germany
USR010263,2.5,5.9,4.6,0.3,16.8,48.8,236,18,2,424,81,469,266,Desktop,Australia
USR010264,2.1,2.1,1.9,12.1,0.4,50.5,39,42,25,101,79,2934,153,Desktop,UK
USR010265,100.1,0.4,5.3,56.3,25.9,52.9,258,46,96,418,24,526,3,Desktop,Germany
USR010266,36.0,2.8,4.4,122.4,0.5,96.3,51,26,80,341,79,180,150,Mobile,Japan
USR010267,85.1,2.6,25.5,19.2,0.1,52.9,191,25,76,415,5,36,57,Mobile,UK
USR010268,27.6,16.0,14.0,230.0,34.9,26.2,101,30,31,15,53,1572,108,Mobile,Australia
USR010269,138.4,4.0,1.5,9.7,2.7,36.8,84,17,33,102,38,2532,358,Mobile,Australia
USR010270,40.8,1.9,4.6,83.1,1.4,23.3,217,0,75,32,78,77,96,Mobile,Germany
USR010271,77.6,5.6,2.6,5.5,23.0,32.4,155,23,26,258,95,3394,221,Mobile,UK
USR010272,78.3,0.3,13.3,16.7,14.4,61.5,361,46,24,17,99,2097,201,Mobile,India
USR010273,3.2,5.7,1.1,81.2,26.1,79.7,98,48,76,2,78,3015,319,Desktop,Australia
USR010274,41.8,0.1,0.9,37.5,1.2,22.4,54,38,59,105,23,1181,148,Mobile,Germany
USR010275,88.3,3.0,1.8,11.4,13.1,80.4,94,46,68,359,94,419,227,Mobile,India
USR010276,16.0,31.1,11.7,77.2,29.5,93.9,29,19,44,120,39,188,248,Mobile,India
USR010277,1.0,9.7,1.8,85.2,28.6,61.4,23,18,49,64,50,1845,355,Desktop,India
USR010278,3.1,4.0,9.0,73.3,3.6,51.9,313,17,37,469,29,1713,207,Desktop,Australia
USR010279,43.0,1.1,8.7,48.2,8.0,31.9,15,29,29,374,81,1438,207,Mobile,Australia
USR010280,4.2,14.3,8.6,18.2,2.6,23.9,203,40,85,258,76,1881,233,Mobile,USA
USR010281,16.8,3.5,5.9,44.8,2.6,33.4,145,38,15,336,88,2393,27,Mobile,India
USR010282,37.3,18.8,0.1,12.4,34.1,88.5,182,28,67,265,29,389,40,Desktop,Japan
USR010283,31.0,4.7,12.4,25.6,2.7,79.4,343,30,65,153,47,1145,349,Mobile,Australia
USR010284,42.9,3.8,21.4,154.8,3.5,85.6,267,12,43,73,74,844,83,Mobile,Brazil
USR010285,53.5,1.7,3.8,23.1,1.8,32.4,817,11,74,25,53,1338,250,Desktop,Brazil
USR010286,24.3,18.9,1.3,33.1,0.4,91.1,54,21,46,218,92,229,53,Mobile,Brazil
USR010287,72.9,5.1,6.1,41.1,21.7,45.8,765,5,88,379,55,2664,318,Mobile,India
USR010288,108.1,0.6,3.6,118.4,1.5,31.6,162,29,92,194,56,3337,146,Desktop,Brazil
USR010289,158.5,8.4,24.9,73.6,8.9,91.7,354,18,76,287,28,331,139,Mobile,Japan
USR010290,28.9,1.6,0.3,1.2,12.3,54.6,45,10,80,398,99,176,29,Mobile,India
USR010291,73.8,17.5,14.5,3.2,5.6,82.7,414,19,17,478,86,2983,64,Mobile,USA
USR010292,118.9,1.6,9.5,157.8,6.0,39.0,127,35,19,21,97,1621,15,Desktop,Australia
USR010293,76.7,8.6,9.7,90.2,36.6,54.0,327,46,27,319,73,649,344,Mobile,Japan
USR010294,7.7,0.1,7.9,23.4,6.6,95.3,284,29,82,77,71,2064,348,Desktop,India
USR010295,2.1,1.0,9.8,16.0,0.5,71.7,652,26,99,197,18,2239,289,Desktop,India
USR010296,41.7,1.7,1.1,18.6,6.6,77.6,636,15,17,195,12,2947,49,Mobile,Brazil
USR010297,124.2,0.0,1.1,26.3,6.0,22.7,322,26,60,282,39,2719,46,Mobile,Brazil
USR010298,187.6,5.3,5.8,8.8,3.7,78.3,248,3,24,158,57,821,4,Desktop,USA
USR010299,61.9,1.4,5.3,8.5,7.0,52.1,127,33,87,195,98,2336,238,Mobile,Brazil
USR010300,87.3,2.0,7.0,93.6,7.2,46.2,99,11,53,266,92,2523,88,Mobile,UK
USR010301,34.5,10.1,2.0,33.5,0.7,92.0,183,15,99,46,98,751,58,Desktop,Brazil
USR010302,21.1,10.1,6.3,17.8,4.9,44.3,33,35,33,414,68,1419,122,Mobile,Australia
USR010303,117.3,2.7,2.6,75.3,0.4,79.6,40,10,37,319,2,1683,208,Tablet,Australia
USR010304,33.6,1.2,2.1,9.6,2.1,48.2,502,38,31,204,43,151,5,Mobile,Brazil
USR010305,103.4,18.3,3.9,0.6,21.2,28.7,77,9,83,337,22,3056,78,Mobile,Brazil
USR010306,38.0,4.6,4.2,17.2,28.1,23.6,199,42,89,327,34,3089,115,Desktop,Australia
USR010307,118.1,7.8,1.7,11.6,7.0,67.1,107,48,28,268,47,2754,106,Desktop,USA
USR010308,226.8,0.7,2.1,30.8,15.3,21.3,193,9,49,496,40,1597,273,Desktop,USA
USR010309,59.9,1.1,0.6,31.2,1.2,89.6,146,21,29,186,26,324,334,Mobile,Japan
USR010310,73.2,4.2,12.4,28.5,13.8,22.6,15,0,69,348,57,1672,46,Mobile,Japan
USR010311,30.9,16.9,4.5,15.4,12.4,23.0,256,12,68,367,11,3182,43,Mobile,India
USR010312,141.1,0.8,1.1,54.3,4.1,77.9,249,1,62,170,62,1327,51,Mobile,Brazil
USR010313,52.2,1.5,18.2,10.2,1.7,37.4,45,4,72,443,99,2757,158,Mobile,Germany
USR010314,16.2,5.7,0.5,2.0,6.3,51.9,100,10,6,458,69,1609,165,Mobile,Australia
USR010315,71.8,1.2,9.9,12.1,0.8,81.0,96,26,40,499,35,3401,291,Mobile,UK
USR010316,141.6,0.1,20.6,37.5,0.7,66.2,4,44,13,197,95,815,285,Mobile,Brazil
USR010317,113.8,3.3,1.3,181.7,2.0,97.4,7,26,9,318,21,518,30,Mobile,Brazil
USR010318,68.2,3.5,1.2,35.7,1.0,80.4,331,14,84,276,71,901,75,Tablet,Australia
USR010319,53.0,2.0,8.0,91.3,4.8,41.3,66,49,97,157,62,2915,52,Mobile,USA
USR010320,8.6,1.2,2.4,65.7,28.9,27.5,201,41,79,19,61,3082,310,Mobile,UK
USR010321,25.3,5.7,11.9,66.0,52.2,56.0,252,45,3,368,88,2132,334,Mobile,Japan
USR010322,49.5,23.7,18.4,12.4,2.4,60.7,127,4,90,455,6,2975,170,Desktop,Australia
USR010323,26.8,0.8,8.5,142.5,4.2,24.4,393,27,91,34,95,2938,7,Mobile,Germany
USR010324,56.0,5.1,16.1,6.2,0.1,69.5,136,41,93,120,59,3402,315,Mobile,Japan
USR010325,34.4,7.8,0.4,113.2,9.2,43.8,78,20,6,95,66,646,214,Mobile,USA
USR010326,11.6,2.1,9.1,21.7,10.0,63.9,83,34,55,293,39,1045,305,Mobile,Australia
USR010327,1.8,5.4,7.5,4.1,0.5,75.1,3,3,17,245,42,229,52,Mobile,Australia
USR010328,61.0,0.9,7.4,112.3,1.1,31.3,124,24,69,50,97,436,266,Mobile,Japan
USR010329,70.0,1.1,13.9,6.1,10.7,89.3,369,3,77,56,1,2858,243,Mobile,Germany
USR010330,24.4,2.4,1.2,73.8,2.7,61.4,18,47,49,345,94,3643,61,Mobile,USA
USR010331,37.7,8.7,2.5,8.0,0.1,60.0,50,35,45,450,13,386,160,Mobile,Japan
USR010332,26.5,16.4,0.6,8.6,0.5,84.6,8,49,97,268,21,2949,283,Desktop,UK
USR010333,4.2,5.7,5.1,80.3,17.2,48.1,6,0,91,129,21,2176,334,Desktop,Brazil
USR010334,36.9,2.7,0.4,27.8,3.2,36.4,24,7,45,454,60,297,57,Mobile,Germany
USR010335,2.7,3.2,15.9,13.6,32.7,50.9,118,33,74,258,98,1906,313,Tablet,UK
USR010336,33.7,1.1,2.5,65.4,0.4,22.4,97,8,49,186,62,2944,315,Mobile,Japan
USR010337,21.4,2.3,3.1,139.3,28.1,89.6,164,17,23,156,99,1810,328,Tablet,Germany
USR010338,19.4,1.1,10.6,9.5,19.9,96.2,179,12,49,279,75,2896,12,Tablet,Australia
USR010339,28.1,0.0,1.9,8.5,9.2,34.8,143,29,1,271,43,1041,7,Desktop,Germany
USR010340,122.1,3.9,5.6,10.2,0.2,82.9,39,24,6,337,68,1690,293,Mobile,UK
USR010341,99.5,3.8,2.5,6.5,5.2,100.0,69,37,26,392,55,38,203,Mobile,India
USR010342,53.5,1.6,10.8,58.6,33.6,22.9,54,2,20,347,46,3244,53,Tablet,USA
USR010343,29.9,5.3,3.8,42.4,8.9,58.4,347,16,7,281,55,547,359,Mobile,Australia
USR010344,2.9,0.8,9.2,16.5,10.2,83.1,29,10,99,111,72,848,356,Mobile,USA
USR010345,115.4,12.0,2.5,7.0,12.9,52.9,18,19,29,193,88,2492,31,Mobile,Germany
USR010346,63.1,12.0,16.8,15.5,8.1,56.2,40,21,58,213,52,2613,121,Mobile,Brazil
USR010347,30.4,2.1,10.1,260.5,2.1,71.4,58,45,20,282,87,1016,321,Mobile,Australia
USR010348,90.2,0.2,5.6,82.0,34.4,49.2,10,31,15,334,58,98,313,Mobile,USA
USR010349,157.7,3.2,2.0,8.1,12.8,43.1,373,6,85,341,47,1005,23,Mobile,Brazil
USR010350,141.5,4.6,0.1,18.1,2.2,97.8,287,33,87,43,0,678,299,Mobile,Germany
USR010351,54.4,5.1,2.6,1.0,5.0,50.2,232,48,12,88,40,1842,3,Desktop,Japan
USR010352,40.3,5.2,3.3,24.7,28.5,78.7,126,30,26,199,12,175,317,Mobile,Australia
USR010353,19.7,1.6,5.8,27.3,1.7,44.7,342,28,96,224,62,1914,8,Mobile,Australia
USR010354,124.8,3.6,20.8,57.8,11.7,74.7,335,34,9,137,47,2162,145,Desktop,Germany
USR010355,115.0,2.8,7.8,16.8,22.1,37.5,39,9,44,172,88,2344,79,Desktop,Australia
USR010356,138.8,10.2,1.1,207.9,15.5,71.8,754,20,34,479,45,3618,93,Mobile,Australia
USR010357,68.6,1.7,19.8,34.2,45.3,37.3,158,22,15,183,3,879,121,Mobile,Brazil
USR010358,144.2,8.8,23.0,31.7,4.1,47.2,11,36,7,104,84,3296,336,Mobile,USA
USR010359,4.3,2.5,1.8,8.0,0.8,46.9,48,1,60,423,35,3284,132,Mobile,India
USR010360,22.8,0.3,18.8,62.3,0.1,36.5,204,10,82,307,63,303,203,Mobile,Brazil
USR010361,271.6,4.1,10.6,52.8,15.1,20.1,198,15,7,305,69,3047,206,Mobile,Japan
USR010362,1.9,2.4,0.1,36.1,10.1,34.2,61,12,79,143,96,581,93,Mobile,Germany
USR010363,23.1,15.8,17.8,145.6,6.6,59.4,131,18,11,498,0,1501,86,Mobile,Japan
USR010364,27.1,1.7,9.0,44.9,1.2,69.4,79,5,18,214,4,140,167,Mobile,India
USR010365,17.2,4.5,1.0,93.0,6.7,51.5,54,11,17,155,25,2991,83,Desktop,Germany
USR010366,8.0,2.0,0.4,67.1,35.3,92.0,14,16,3,32,34,467,277,Mobile,Germany
USR010367,25.1,11.7,3.0,27.4,0.2,67.9,530,19,77,385,85,1788,301,Mobile,UK
USR010368,44.4,8.6,15.4,170.0,5.6,29.0,24,42,53,32,71,3499,252,Mobile,USA
USR010369,105.5,1.1,8.6,170.1,8.9,57.5,83,32,2,88,19,3060,5,Desktop,Germany
USR010370,5.3,7.8,17.0,152.2,6.8,41.6,36,41,70,40,57,3465,157,Mobile,Germany
USR010371,177.6,12.0,2.5,49.7,2.7,21.1,10,45,9,493,17,3489,362,Desktop,India
USR010372,156.8,2.2,11.5,3.5,5.6,44.2,115,30,41,79,50,598,272,Mobile,Australia
USR010373,17.6,1.7,9.9,28.9,9.2,46.6,94,18,9,382,38,3169,200,Mobile,USA
USR010374,45.0,2.5,7.2,336.7,8.5,78.9,54,21,65,172,99,3550,206,Tablet,USA
USR010375,7.2,2.1,3.9,44.5,9.5,26.4,290,6,60,163,20,1843,156,Mobile,Germany
USR010376,62.2,0.9,1.7,22.0,0.7,67.5,34,34,86,12,30,3071,7,Mobile,Germany
USR010377,19.7,5.8,1.9,88.3,16.1,48.6,59,8,60,498,16,1681,246,Mobile,India
USR010378,64.9,1.8,5.3,1.9,4.6,26.7,4,4,93,141,17,3510,44,Mobile,Germany
USR010379,44.1,2.8,4.9,17.7,24.8,73.7,136,21,26,187,63,3646,249,Desktop,Brazil
USR010380,3.3,6.6,21.2,11.5,1.9,47.0,56,0,77,124,1,2728,239,Mobile,Japan
USR010381,100.7,1.0,12.6,30.9,12.7,48.6,266,25,35,499,19,1716,20,Mobile,UK
USR010382,48.5,1.0,1.7,26.2,13.7,74.8,48,44,6,398,81,2988,269,Tablet,Japan
USR010383,2.7,1.6,0.8,86.1,0.7,76.8,300,10,19,435,99,3212,149,Mobile,USA
USR010384,105.0,7.0,1.4,55.2,14.2,75.2,262,30,36,184,82,2907,337,Mobile,USA
USR010385,49.7,7.5,5.7,47.4,7.0,67.4,143,45,38,475,1,3148,268,Mobile,Germany
USR010386,90.2,2.2,0.9,12.3,2.8,30.6,12,38,10,198,32,1146,267,Mobile,Brazil
USR010387,53.9,7.8,2.4,48.0,25.0,54.6,11,25,54,378,47,553,199,Desktop,Japan
USR010388,31.2,2.6,6.3,65.5,2.1,98.5,144,39,65,5,5,598,171,Mobile,USA
USR010389,86.6,2.5,9.5,19.3,3.8,34.3,280,14,76,76,35,165,22,Mobile,Australia
USR010390,3.5,3.1,3.5,66.7,7.4,36.9,204,15,4,294,2,435,250,Mobile,Germany
USR010391,12.7,0.8,9.0,17.9,3.7,82.1,442,0,79,435,73,582,89,Mobile,Brazil
USR010392,153.8,3.1,0.0,72.0,2.8,39.2,246,36,45,264,35,1406,95,Mobile,Japan
USR010393,98.1,9.0,9.3,24.7,5.5,96.7,894,4,56,369,82,287,344,Mobile,UK
USR010394,39.8,7.7,1.1,62.4,1.8,68.3,51,35,17,415,67,2088,254,Mobile,Japan
USR010395,17.4,1.6,10.7,26.0,19.3,64.8,26,36,19,347,23,1070,68,Desktop,Germany
USR010396,73.1,18.4,5.2,6.3,8.5,74.7,121,20,43,106,61,1838,279,Desktop,Brazil
USR010397,85.7,7.7,4.6,28.6,8.2,71.4,37,47,76,328,58,130,350,Tablet,Australia
USR010398,56.1,3.8,3.6,42.3,18.7,86.6,109,25,27,454,14,2548,316,Mobile,India
USR010399,15.7,7.4,7.6,28.1,8.8,77.6,727,45,95,118,6,2586,100,Mobile,Japan
USR010400,42.9,1.4,0.7,0.6,0.3,31.8,1252,9,9,127,53,2331,304,Desktop,India
USR010401,109.6,1.3,5.4,82.6,7.2,33.7,58,29,80,437,62,2937,111,Mobile,USA
USR010402,27.5,1.4,3.0,58.5,1.6,84.9,91,24,73,274,25,963,234,Mobile,Germany
USR010403,13.6,3.1,0.6,27.5,2.5,71.6,172,9,5,376,29,1770,303,Mobile,Australia
USR010404,15.4,7.9,0.7,95.2,26.3,95.4,10,29,38,283,66,2514,131,Desktop,Brazil
USR010405,10.3,1.2,0.9,63.1,28.0,98.1,168,4,20,353,36,3484,78,Mobile,Brazil
USR010406,71.4,3.2,7.3,28.4,0.1,38.8,26,4,25,151,33,2184,323,Desktop,UK
USR010407,50.6,4.2,28.8,80.6,8.7,63.8,86,0,42,9,87,3475,295,Mobile,Brazil
USR010408,64.1,1.4,5.8,68.1,13.6,90.3,411,13,32,99,20,1886,171,Desktop,USA
USR010409,29.9,10.8,5.6,26.9,5.0,72.7,139,33,97,175,50,1410,210,Mobile,Brazil
USR010410,60.0,3.0,12.3,17.5,4.5,45.6,175,9,18,148,42,115,316,Tablet,Germany
USR010411,44.2,14.0,30.4,46.8,9.6,75.9,84,12,70,468,58,2083,345,Mobile,UK
USR010412,2.8,3.7,13.9,82.7,7.0,57.6,16,20,3,455,70,2766,247,Mobile,India
USR010413,125.3,0.3,4.7,10.1,7.9,60.6,26,23,57,354,75,2313,311,Desktop,USA
USR010414,22.1,12.8,1.2,41.0,49.5,29.8,1037,48,86,439,26,383,47,Mobile,India
USR010415,91.5,1.7,9.8,9.3,0.6,51.6,192,22,39,193,95,2182,272,Mobile,India
USR010416,26.0,0.9,1.5,42.6,3.7,22.5,104,30,85,228,24,1404,318,Tablet,USA
USR010417,186.8,8.3,1.0,2.2,0.4,69.2,303,19,88,173,3,1311,112,Mobile,Brazil
USR010418,4.8,7.0,0.8,102.4,12.0,43.1,246,43,29,407,96,3198,362,Mobile,Germany
USR010419,64.7,9.1,24.6,25.4,0.5,83.6,2,9,59,393,37,1838,156,Mobile,Brazil
USR010420,33.2,6.4,4.8,36.1,0.8,58.0,51,28,76,193,13,3235,26,Tablet,India
USR010421,15.1,15.8,0.8,5.3,5.0,40.3,0,38,30,371,19,3600,24,Desktop,Germany
USR010422,123.5,0.3,1.9,25.5,21.2,94.8,139,23,99,306,14,2976,229,Desktop,Brazil
USR010423,60.5,0.6,3.5,153.8,15.7,82.4,273,19,55,196,43,2769,83,Desktop,USA
USR010424,54.9,0.5,28.1,48.2,5.1,20.9,229,36,74,193,41,2638,292,Mobile,Brazil
USR010425,28.6,2.4,2.1,0.7,1.2,89.0,91,25,48,138,36,1371,184,Mobile,USA
USR010426,62.9,0.7,3.2,77.8,11.0,83.0,5,40,64,459,11,3309,230,Mobile,India
USR010427,29.9,2.3,13.2,49.7,4.3,37.6,79,31,62,401,38,2721,85,Mobile,Japan
USR010428,1.7,1.3,10.8,121.6,16.6,44.1,59,34,81,142,13,1017,205,Mobile,Australia
USR010429,27.7,5.8,1.7,59.5,0.6,28.3,20,26,29,125,24,2853,135,Mobile,USA
USR010430,13.6,10.1,2.1,14.8,26.0,53.6,148,15,28,431,27,2264,39,Mobile,Japan
USR010431,44.2,5.2,0.3,139.2,23.0,88.0,314,29,27,449,76,3425,213,Desktop,Germany
USR010432,42.9,2.1,0.8,146.4,8.1,62.3,279,46,11,400,18,1698,345,Mobile,Australia
USR010433,17.4,1.5,30.5,25.8,43.0,95.5,278,42,90,56,66,1839,92,Mobile,UK
USR010434,105.6,6.3,2.9,24.8,0.8,58.4,376,27,19,363,64,1878,171,Mobile,USA
USR010435,28.1,2.3,3.7,31.3,2.1,24.5,68,27,97,448,64,2145,15,Mobile,Japan
USR010436,17.0,3.3,0.5,45.7,4.1,83.6,267,20,90,92,11,1594,296,Mobile,UK
USR010437,29.4,20.1,9.3,90.6,10.9,20.2,19,3,9,59,45,1962,137,Mobile,Japan
USR010438,27.9,11.9,13.5,22.8,3.7,51.2,4,36,44,57,14,2839,132,Mobile,Brazil
USR010439,21.3,2.6,5.3,27.1,18.0,22.8,127,45,39,154,36,496,270,Mobile,USA
USR010440,286.2,0.7,0.0,40.4,11.3,38.6,607,4,35,362,39,201,129,Mobile,Australia
USR010441,75.7,0.1,0.7,85.7,2.3,33.4,259,18,68,312,72,1448,138,Desktop,USA
USR010442,78.4,2.3,16.9,63.0,2.1,23.0,117,40,87,496,60,552,140,Mobile,India
USR010443,16.4,8.5,5.0,1.3,12.4,91.4,878,7,74,326,61,2204,71,Mobile,Australia
USR010444,140.1,11.7,23.2,50.2,12.4,91.6,0,44,52,87,30,1334,57,Mobile,Japan
USR010445,1.0,3.3,10.9,23.4,24.3,98.0,219,21,6,146,81,3466,232,Mobile,Germany
USR010446,30.8,8.6,1.9,105.8,4.9,36.3,73,33,47,52,41,1377,190,Mobile,Brazil
USR010447,14.8,7.0,6.5,71.6,12.2,48.5,687,0,59,460,9,1621,29,Desktop,UK
USR010448,102.7,2.3,1.5,12.5,2.9,61.4,215,42,66,59,65,2281,168,Mobile,Brazil
USR010449,89.6,4.5,13.2,12.8,0.3,26.5,58,12,53,28,62,2192,1,Mobile,UK
USR010450,31.4,1.4,0.7,4.3,6.1,64.9,195,35,76,404,16,1100,147,Desktop,UK
USR010451,86.2,1.1,9.9,2.4,1.2,41.1,104,29,74,198,55,1154,216,Mobile,Japan
USR010452,42.0,15.4,4.0,50.4,25.5,39.9,344,38,81,238,22,3120,206,Mobile,Australia
USR010453,191.8,0.2,5.6,48.3,15.8,20.4,4,2,38,243,39,2917,227,Mobile,Australia
USR010454,17.4,0.2,0.0,101.8,18.1,31.8,36,24,14,310,28,1621,276,Mobile,Brazil
USR010455,81.7,0.3,6.6,62.6,12.7,42.1,5,17,57,343,96,128,263,Mobile,Japan
USR010456,32.7,3.4,2.7,0.8,7.8,49.2,106,17,96,205,59,984,60,Mobile,Germany
USR010457,201.6,2.8,8.5,15.5,11.9,69.0,588,8,39,67,70,3325,340,Mobile,Brazil
USR010458,37.5,1.4,3.8,73.0,1.0,72.8,67,0,52,196,63,905,63,Desktop,India
USR010459,38.9,1.7,5.3,74.0,4.1,41.9,32,18,79,237,72,554,205,Desktop,Australia
USR010460,9.3,4.4,12.5,40.3,4.7,82.9,4,1,22,317,63,1629,161,Mobile,Japan
USR010461,21.8,2.3,20.2,132.8,23.6,45.6,72,45,64,123,36,1911,149,Mobile,Brazil
USR010462,90.5,2.8,5.6,115.4,19.3,93.6,92,44,18,364,51,865,37,Tablet,India
USR010463,73.6,2.0,23.2,77.8,10.4,47.9,175,19,1,452,2,225,157,Tablet,Australia
USR010464,91.3,3.0,17.3,57.6,4.9,67.0,183,46,12,303,97,1590,187,Tablet,Germany
USR010465,1.6,2.3,14.4,69.3,6.2,22.9,301,42,99,268,68,2131,79,Mobile,UK
USR010466,74.5,6.9,6.5,120.5,2.8,58.0,229,47,94,163,52,897,320,Desktop,Brazil
USR010467,8.5,4.1,7.7,23.7,6.6,31.8,57,21,10,393,20,2079,141,Mobile,Japan
USR010468,73.0,0.3,3.0,106.7,18.5,36.1,291,16,92,186,44,1822,302,Mobile,India
USR010469,12.8,0.2,6.1,9.1,2.1,44.8,453,42,79,475,44,384,113,Mobile,Japan
USR010470,67.8,19.7,16.2,98.9,5.8,37.5,33,22,41,163,39,3504,317,Mobile,USA
USR010471,18.9,7.2,5.2,34.8,25.8,57.5,141,21,82,278,67,194,131,Mobile,Germany
USR010472,20.9,11.5,7.7,81.7,18.3,88.7,6,0,85,95,67,1599,106,Desktop,India
USR010473,3.2,4.3,3.9,88.0,20.6,25.1,9,9,87,22,51,3381,108,Mobile,Germany
USR010474,4.2,3.8,3.5,6.1,18.5,100.0,136,4,6,463,27,2807,272,Mobile,India
USR010475,131.6,2.4,1.2,175.4,0.7,31.1,141,40,85,388,60,1263,118,Mobile,India
USR010476,6.4,5.8,8.1,77.0,0.4,97.9,277,44,27,312,49,856,207,Desktop,India
USR010477,111.2,1.2,7.0,80.0,9.1,40.0,27,9,44,70,45,35,212,Mobile,India
USR010478,88.8,0.2,0.9,117.8,12.9,50.1,207,7,73,332,56,209,331,Mobile,Japan
USR010479,28.3,23.0,12.1,36.6,1.8,60.3,32,17,83,167,85,2354,8,Mobile,Australia
USR010480,15.5,0.7,3.6,5.6,7.7,49.2,1,22,16,29,18,1182,37,Mobile,Australia
USR010481,134.6,1.5,18.3,20.6,8.8,53.9,144,13,10,447,92,3341,352,Mobile,Australia
USR010482,47.6,5.3,0.1,2.5,4.4,33.6,910,3,56,364,4,1936,91,Mobile,USA
USR010483,31.5,15.4,2.5,7.0,13.7,29.1,26,21,52,57,44,2280,235,Desktop,Brazil
USR010484,80.3,12.9,13.3,35.4,4.9,24.5,163,26,47,46,80,2902,255,Mobile,Brazil
USR010485,157.2,0.5,6.1,34.7,6.1,74.8,320,34,18,194,75,94,185,Desktop,UK
USR010486,37.8,9.8,4.3,12.4,4.1,95.8,29,10,26,70,22,1726,122,Desktop,India
USR010487,48.7,4.2,3.4,28.9,12.3,95.0,43,20,19,164,74,763,309,Mobile,Brazil
USR010488,47.0,1.6,20.0,33.5,2.1,72.2,215,23,23,168,48,818,189,Mobile,UK
USR010489,238.6,11.5,18.0,54.2,22.9,28.9,99,41,29,463,87,532,226,Tablet,Australia
USR010490,84.8,12.7,21.6,30.4,1.4,24.5,197,14,0,473,83,287,349,Mobile,Germany
USR010491,88.8,2.6,2.0,5.7,9.1,65.4,283,38,66,460,20,1951,131,Mobile,UK
USR010492,38.0,23.4,2.9,22.7,7.3,29.6,430,33,15,187,23,1572,246,Mobile,USA
USR010493,5.0,4.9,12.9,9.2,4.4,77.2,233,24,74,433,14,3104,210,Desktop,Brazil
USR010494,35.5,2.3,0.6,19.0,19.6,32.7,252,3,47,219,17,468,54,Mobile,Brazil
USR010495,125.6,13.0,14.1,11.0,2.1,50.5,4,23,47,410,82,2622,204,Mobile,Japan
USR010496,27.8,2.2,1.8,1.4,1.2,41.4,296,25,90,49,44,246,14,Mobile,Australia
USR010497,89.7,1.7,15.0,55.1,1.6,63.9,101,17,38,47,52,2303,139,Mobile,UK
USR010498,5.7,0.8,6.4,36.8,8.6,78.7,863,25,64,217,40,786,167,Mobile,India
USR010499,19.2,8.5,2.8,4.6,1.3,49.6,151,19,26,340,2,560,93,Mobile,Australia
USR010500,86.7,4.4,1.5,27.7,15.4,63.7,52,23,4,375,36,2093,97,Desktop,USA
USR010501,136.1,10.6,7.5,196.5,5.4,74.7,131,46,37,455,88,181,267,Mobile,UK
USR010502,20.3,2.5,7.0,22.0,0.7,72.3,610,22,2,62,91,848,133,Mobile,Australia
USR010503,23.0,1.2,4.8,46.0,5.4,73.9,89,32,14,343,31,1695,350,Mobile,UK
USR010504,25.0,5.4,7.4,64.6,0.5,33.3,875,0,32,323,84,3261,92,Tablet,UK
USR010505,26.4,7.1,8.4,16.1,8.3,49.8,319,45,74,389,99,1072,317,Mobile,Japan
USR010506,78.9,5.3,4.3,1.0,0.3,81.4,271,33,37,302,50,154,41,Mobile,Germany
USR010507,16.8,8.4,0.4,36.2,8.0,51.8,550,10,66,79,66,862,86,Mobile,Germany
USR010508,37.3,0.6,24.5,62.6,0.7,68.0,28,6,71,491,32,815,233,Desktop,Germany
USR010509,380.8,11.1,1.0,22.4,22.9,67.8,7,22,78,266,15,95,97,Tablet,Brazil
USR010510,94.7,3.5,14.1,51.1,4.9,42.2,580,34,2,272,5,3060,170,Mobile,Japan
USR010511,7.6,5.5,13.6,65.7,8.6,38.7,462,41,98,276,51,3010,148,Mobile,UK
USR010512,14.6,4.1,3.1,9.0,0.9,38.8,18,27,98,265,34,2825,192,Mobile,Australia
USR010513,5.9,2.0,22.3,38.4,0.6,87.7,320,28,80,99,85,2592,45,Desktop,Japan
USR010514,17.3,6.9,1.6,115.1,4.6,54.9,7,25,37,128,97,1598,194,Mobile,Brazil
USR010515,35.3,6.1,2.2,57.0,8.7,68.7,331,20,8,353,68,1003,174,Mobile,Australia
USR010516,296.5,3.1,9.3,61.8,6.1,85.0,75,46,11,381,96,3458,113,Mobile,Germany
USR010517,37.4,6.7,10.8,22.3,0.6,24.5,9,34,13,453,75,1742,104,Tablet,Japan
USR010518,69.5,9.4,17.3,7.8,1.4,92.2,243,7,22,3,50,2670,66,Mobile,India
USR010519,59.7,1.4,14.6,61.3,0.8,35.7,147,28,90,167,78,1210,136,Mobile,Japan
USR010520,29.0,21.0,21.2,125.4,9.9,59.1,256,20,47,88,55,2292,341,Desktop,Brazil
USR010521,13.8,1.5,5.9,4.3,0.3,61.0,437,46,25,405,92,514,13,Mobile,Japan
USR010522,188.2,4.2,9.0,26.2,10.7,24.2,19,20,23,187,97,1693,258,Desktop,Germany
USR010523,23.8,0.6,4.5,185.6,1.6,27.7,23,49,56,431,30,2692,298,Mobile,Japan
USR010524,91.2,0.6,6.8,25.4,1.5,50.2,66,7,76,286,56,3439,353,Mobile,USA
USR010525,5.6,3.7,6.6,5.3,3.6,21.9,56,40,36,99,16,2383,220,Desktop,UK
USR010526,9.1,4.4,3.9,10.1,9.2,59.4,2,47,25,129,20,1765,316,Mobile,Germany
USR010527,79.9,8.8,2.4,8.3,6.4,95.3,254,23,42,419,3,3612,251,Tablet,Australia
USR010528,17.7,10.5,29.3,35.1,9.2,29.4,74,26,83,402,95,1420,124,Mobile,Japan
USR010529,30.1,1.5,13.6,1.1,5.2,45.9,4,37,57,475,84,390,206,Tablet,Brazil
USR010530,39.3,1.4,0.2,59.9,7.1,22.9,416,36,26,90,59,3388,165,Desktop,Brazil
USR010531,124.5,8.0,15.5,58.5,10.5,49.8,22,45,59,210,87,3256,362,Mobile,India
USR010532,122.5,6.8,4.6,92.3,2.8,24.4,337,48,52,402,81,1932,101,Mobile,UK
USR010533,44.0,1.9,1.2,57.8,12.4,29.6,826,30,10,81,14,3333,326,Desktop,Japan
USR010534,15.4,4.6,7.6,61.5,8.0,65.5,162,32,68,322,51,2386,204,Mobile,Brazil
USR010535,78.1,1.2,5.3,298.4,3.8,58.2,71,7,75,299,87,3217,218,Desktop,Australia
USR010536,77.0,1.8,0.2,33.4,2.9,36.9,65,43,50,232,87,2446,121,Mobile,Germany
USR010537,119.6,8.8,1.3,100.9,3.7,24.6,49,25,22,275,93,889,235,Mobile,Australia
USR010538,75.1,5.7,1.6,32.3,18.2,86.6,43,40,82,114,80,1750,94,Mobile,Australia
USR010539,21.4,7.8,14.6,12.3,0.2,74.3,303,18,46,427,95,390,266,Mobile,Brazil
USR010540,72.3,4.0,9.0,12.3,0.2,99.6,5,27,83,147,30,217,184,Mobile,Brazil
USR010541,185.5,5.8,7.4,21.0,0.8,76.9,129,44,49,242,31,2725,98,Desktop,India
USR010542,43.2,7.2,0.9,38.4,6.5,64.0,303,24,93,201,83,2445,0,Tablet,UK
USR010543,16.9,3.2,3.4,87.4,4.3,76.0,191,42,86,102,0,1453,111,Mobile,Brazil
USR010544,167.6,13.2,14.9,29.6,63.9,96.2,289,40,74,173,70,1390,350,Desktop,Australia
USR010545,95.1,8.7,14.6,12.4,7.4,49.5,254,5,74,309,60,975,123,Mobile,Brazil
USR010546,35.5,0.8,6.9,4.0,36.2,25.8,581,27,78,127,77,3396,25,Mobile,USA
USR010547,122.8,0.5,17.0,18.3,4.5,28.7,309,39,95,416,69,1191,197,Tablet,Australia
USR010548,49.0,6.6,6.3,40.1,7.4,57.6,168,1,40,42,18,874,15,Mobile,USA
USR010549,4.1,0.1,3.1,23.3,1.5,68.3,738,39,39,101,85,1285,127,Tablet,Japan
USR010550,25.2,2.9,9.4,0.3,26.0,35.8,85,2,42,44,77,3345,150,Mobile,Brazil
USR010551,14.6,1.3,12.4,10.0,37.4,25.4,21,14,63,435,79,834,258,Mobile,Germany
USR010552,185.8,1.0,2.0,9.5,9.4,24.8,211,24,34,378,25,694,141,Mobile,Japan
USR010553,51.5,2.7,14.9,30.4,29.8,42.8,74,3,23,368,71,2123,6,Mobile,USA
USR010554,164.5,2.9,2.9,267.8,8.9,44.0,162,30,12,48,60,1536,228,Mobile,India
USR010555,109.1,0.3,2.4,108.4,5.0,69.3,52,11,97,28,83,1817,270,Desktop,USA
USR010556,7.0,22.2,3.4,28.7,5.4,89.7,79,21,56,209,65,1422,55,Mobile,USA
USR010557,19.7,7.3,2.1,36.4,3.6,59.7,50,26,78,48,88,2539,164,Mobile,USA
USR010558,32.0,2.0,7.9,15.6,2.3,84.3,239,29,31,397,13,2608,62,Mobile,Brazil
USR010559,29.3,0.8,6.7,79.3,6.5,52.0,56,34,8,38,8,435,205,Mobile,USA
USR010560,211.7,8.6,1.5,212.5,4.9,87.2,17,35,71,207,89,1660,253,Mobile,Japan
USR010561,68.2,10.8,10.1,130.0,7.8,76.0,925,43,71,61,78,644,114,Mobile,Japan
USR010562,47.1,0.9,19.1,15.1,21.2,76.9,206,9,70,454,88,2920,24,Mobile,Germany
USR010563,4.9,7.0,27.1,32.9,0.0,84.9,41,45,66,451,69,1092,305,Tablet,Japan
USR010564,11.5,1.5,0.0,53.2,26.1,61.6,489,28,87,12,69,2274,96,Mobile,Japan
USR010565,39.7,0.1,7.1,39.0,2.3,85.6,439,10,17,235,59,945,117,Mobile,UK
USR010566,27.0,4.8,5.8,34.1,17.4,27.8,28,29,82,466,87,2029,273,Tablet,Germany
USR010567,16.6,0.5,13.9,5.7,1.2,29.3,281,5,14,358,21,2206,243,Mobile,UK
USR010568,47.0,0.9,25.2,231.6,12.8,70.5,54,19,11,101,35,2064,220,Mobile,USA
USR010569,43.0,10.4,3.3,7.0,2.1,86.0,26,32,48,248,17,376,183,Mobile,Australia
USR010570,4.0,6.5,3.0,15.1,4.1,53.1,128,14,42,331,73,2560,248,Mobile,USA
USR010571,11.1,6.3,18.1,119.1,12.0,31.0,566,43,46,159,70,2744,284,Desktop,India
USR010572,9.9,2.3,2.3,129.1,4.9,63.9,651,28,99,296,14,774,357,Mobile,Japan
USR010573,144.3,5.9,0.9,16.5,0.2,38.8,74,9,70,412,53,3099,196,Desktop,USA
USR010574,48.3,1.2,18.3,21.3,2.4,79.9,106,42,31,396,53,3427,76,Mobile,Australia
USR010575,13.2,1.5,3.5,30.6,3.2,23.2,166,21,83,41,4,74,8,Mobile,Germany
USR010576,11.2,0.6,3.3,5.2,21.2,73.7,1,43,47,291,11,727,128,Mobile,Brazil
USR010577,109.2,3.5,10.9,9.1,7.9,80.9,49,44,17,402,86,3580,7,Mobile,India
USR010578,131.1,13.0,18.4,73.1,1.6,22.8,114,27,63,416,37,1688,312,Mobile,USA
USR010579,22.1,1.5,2.8,6.1,2.1,33.0,149,41,11,146,67,2022,5,Desktop,Germany
USR010580,15.4,16.6,6.5,19.8,4.3,40.4,177,31,40,380,76,1319,85,Desktop,Germany
USR010581,11.4,13.0,0.7,27.0,9.8,70.0,122,28,30,87,70,1912,87,Mobile,India
USR010582,209.1,4.0,3.8,23.4,9.7,49.2,837,19,70,11,25,1165,29,Mobile,USA
USR010583,2.7,2.1,0.6,147.1,8.5,94.9,164,49,62,88,11,3539,172,Desktop,UK
USR010584,11.4,0.1,1.6,169.5,5.7,92.8,471,30,77,378,69,3314,257,Mobile,Brazil
USR010585,16.3,2.5,3.7,113.6,1.8,68.8,36,39,75,259,43,3469,221,Mobile,Brazil
USR010586,55.2,2.3,12.8,13.7,5.1,89.3,120,45,36,53,43,2539,80,Tablet,Brazil
USR010587,307.7,0.3,9.3,30.1,8.6,59.6,320,31,30,59,99,957,181,Mobile,USA
USR010588,18.7,13.9,2.1,74.0,38.0,80.1,285,43,36,125,84,188,131,Desktop,USA
USR010589,78.9,3.4,10.6,31.8,6.7,95.5,87,40,55,8,94,3361,10,Mobile,Brazil
USR010590,115.2,7.2,3.3,45.5,3.2,51.5,141,48,33,108,72,126,212,Tablet,Brazil
USR010591,76.5,0.6,16.4,19.1,13.3,20.0,189,14,24,383,6,3534,289,Mobile,Brazil
USR010592,2.1,2.1,38.6,76.1,5.7,98.7,173,36,42,2,31,2182,164,Mobile,Japan
USR010593,185.8,2.0,3.9,89.5,6.5,41.3,256,36,94,179,92,1115,117,Mobile,USA
USR010594,82.7,4.2,3.0,3.1,1.2,58.9,18,46,25,158,17,96,58,Desktop,Brazil
USR010595,177.9,1.4,3.5,12.9,8.7,31.2,31,48,74,317,45,508,198,Desktop,Australia
USR010596,134.2,3.6,21.4,21.3,8.5,95.5,19,31,6,23,53,1612,227,Tablet,USA
USR010597,117.5,1.7,2.5,66.2,2.2,24.4,456,12,88,71,88,810,267,Mobile,UK
USR010598,31.7,3.0,0.1,13.4,33.6,84.5,73,40,97,176,50,2002,317,Mobile,UK
USR010599,15.2,25.2,1.5,13.2,1.5,46.9,6,0,52,179,67,2484,232,Mobile,Japan
USR010600,22.4,8.2,0.8,8.7,5.8,75.7,30,30,54,218,88,3562,237,Mobile,USA
USR010601,33.3,1.0,0.3,77.0,14.0,35.5,177,13,10,263,36,889,344,Desktop,UK
USR010602,82.5,1.7,12.2,50.7,6.7,29.7,126,42,66,459,93,3111,352,Mobile,Brazil
USR010603,42.3,0.5,1.6,6.1,1.2,47.6,258,17,47,113,74,454,99,Mobile,UK
USR010604,8.2,10.6,0.2,113.2,28.2,74.4,2,21,60,254,35,2267,250,Mobile,Japan
USR010605,44.7,23.9,13.2,4.8,23.6,20.2,150,36,30,478,69,324,330,Mobile,USA
USR010606,73.3,0.4,6.3,13.7,4.6,36.7,176,0,44,326,97,2479,347,Tablet,Brazil
USR010607,25.6,2.2,3.4,3.6,6.7,22.9,216,44,97,406,44,2119,128,Mobile,Australia
USR010608,36.0,6.9,1.6,19.4,6.0,80.6,208,12,66,298,38,1715,95,Mobile,Japan
USR010609,162.1,0.1,7.1,63.6,3.9,57.2,223,21,0,432,7,405,132,Mobile,India
USR010610,56.1,0.9,2.2,83.2,18.1,34.0,192,46,49,200,67,458,103,Mobile,USA
USR010611,9.9,3.4,22.7,72.5,20.8,58.1,95,45,74,440,8,2383,286,Mobile,USA
USR010612,93.7,10.3,7.8,31.9,0.1,81.9,69,3,15,347,61,535,258,Mobile,UK
USR010613,1.7,0.8,6.3,16.2,18.0,51.1,459,45,66,208,39,1600,137,Mobile,India
USR010614,28.8,3.6,15.4,26.5,24.4,38.2,399,3,7,19,5,3495,154,Mobile,Japan
USR010615,19.7,3.7,1.3,2.4,14.8,25.7,245,27,42,448,38,3542,127,Desktop,Japan
USR010616,48.0,7.7,11.0,19.0,14.7,75.7,0,46,73,15,59,3081,238,Mobile,Brazil
USR010617,34.1,2.0,7.1,58.1,4.6,39.7,94,12,12,434,15,2925,331,Mobile,India
USR010618,23.8,4.6,19.1,3.9,2.5,78.7,5,41,42,438,95,2416,55,Tablet,Germany
USR010619,25.8,2.8,5.1,71.6,2.8,30.5,270,16,96,196,22,1833,337,Desktop,India
USR010620,22.7,15.0,16.7,16.5,5.1,57.3,109,29,87,344,25,2061,82,Mobile,Germany
USR010621,10.7,13.4,0.9,32.8,4.6,94.2,200,0,74,83,91,1521,55,Mobile,Japan
USR010622,22.4,0.9,2.9,101.9,5.6,88.0,53,16,77,153,57,1597,272,Tablet,India
USR010623,5.7,3.1,9.4,27.2,10.5,99.8,76,25,77,495,88,86,292,Mobile,Japan
USR010624,19.4,6.3,3.9,146.6,4.8,49.4,128,14,67,285,50,2430,27,Desktop,USA
USR010625,11.8,4.7,12.0,36.2,5.3,67.7,149,40,78,498,8,218,283,Mobile,India
USR010626,88.3,2.1,6.1,116.8,11.4,72.9,215,6,81,308,49,3612,125,Desktop,Brazil
USR010627,9.1,3.3,8.3,14.2,10.1,56.1,487,13,53,465,52,1294,178,Mobile,Australia
USR010628,36.9,1.0,4.8,58.4,0.8,79.1,54,16,52,457,37,3339,223,Mobile,Germany
USR010629,46.9,0.4,1.0,112.0,17.7,77.1,41,30,1,190,78,660,347,Mobile,UK
USR010630,8.2,8.6,6.3,40.8,5.9,85.4,279,29,98,392,95,327,51,Tablet,USA
USR010631,14.3,4.0,6.2,69.3,23.9,99.8,35,0,70,192,16,3392,45,Mobile,Japan
USR010632,148.2,9.5,17.0,16.4,2.0,37.7,97,32,69,115,88,1707,59,Mobile,Australia
USR010633,45.9,7.5,9.7,63.0,1.1,21.1,169,34,73,495,77,2532,17,Mobile,UK
USR010634,10.8,9.7,10.5,71.3,2.0,79.5,124,10,97,248,12,2408,230,Mobile,USA
USR010635,74.6,4.7,24.2,73.3,0.9,66.2,149,18,42,251,12,3119,162,Mobile,UK
USR010636,134.9,1.6,2.4,19.4,8.7,76.0,92,37,55,499,57,3594,217,Tablet,USA
USR010637,230.0,12.9,4.9,78.2,9.0,82.7,67,24,14,206,29,2928,294,Tablet,Japan
USR010638,4.2,14.2,3.8,13.7,3.2,46.5,235,25,71,305,82,1315,169,Mobile,UK
USR010639,66.1,5.1,31.9,46.2,4.2,52.4,682,14,60,132,86,1622,53,Mobile,USA
USR010640,342.7,7.0,12.1,4.4,10.9,37.2,12,15,7,403,49,2348,304,Mobile,UK
USR010641,24.9,4.0,34.4,69.5,8.3,49.7,71,30,8,476,94,315,10,Desktop,Japan
USR010642,22.8,0.9,2.8,28.7,34.9,89.3,373,30,38,24,50,2365,166,Mobile,Japan
USR010643,50.6,1.4,4.5,68.8,25.3,42.4,386,24,50,143,94,1729,158,Desktop,India
USR010644,22.7,3.3,1.1,17.9,6.1,55.3,379,13,40,224,19,1393,71,Desktop,UK
USR010645,138.5,12.8,8.4,10.7,5.2,62.3,30,31,27,155,48,618,288,Mobile,India
USR010646,119.8,5.6,30.4,5.0,13.2,97.9,89,2,74,234,95,1376,335,Mobile,Australia
USR010647,21.2,8.6,11.1,89.8,13.0,78.9,142,16,28,69,52,3012,13,Mobile,India
USR010648,17.4,3.2,12.9,5.8,4.8,78.6,254,17,95,441,36,843,362,Tablet,Australia
USR010649,116.2,0.7,10.0,13.4,2.0,95.6,79,49,63,478,12,2599,94,Mobile,Australia
USR010650,173.8,2.9,1.2,2.7,22.6,89.4,61,31,81,55,82,2754,349,Mobile,Germany
USR010651,40.2,1.3,0.5,29.5,10.9,80.5,120,30,46,251,26,1703,162,Mobile,Germany
USR010652,28.9,0.3,3.4,66.7,7.7,52.7,177,30,10,248,62,3374,235,Mobile,Brazil
USR010653,25.8,0.9,18.4,26.1,4.1,49.9,294,11,6,214,75,2813,277,Mobile,Japan
USR010654,41.8,0.8,2.3,33.2,7.3,24.1,54,5,75,295,36,1382,189,Mobile,India
USR010655,12.9,0.4,4.3,122.6,10.2,88.4,73,23,76,162,71,1336,304,Mobile,Brazil
USR010656,103.2,0.6,11.0,13.7,6.5,49.7,151,18,1,465,17,2982,32,Mobile,Australia
USR010657,1.0,5.5,1.5,43.6,67.5,68.8,43,21,90,72,95,2808,171,Tablet,Brazil
USR010658,8.5,2.9,5.2,18.9,19.1,28.4,381,20,86,184,28,979,346,Tablet,India
USR010659,44.5,11.7,4.4,45.5,4.3,98.5,130,25,40,450,58,1735,142,Mobile,India
USR010660,149.1,3.1,18.0,121.3,7.4,92.4,291,30,87,28,89,2369,103,Mobile,UK
USR010661,42.3,1.1,21.0,73.5,6.0,64.1,456,45,77,67,46,2824,200,Tablet,Australia
USR010662,40.9,0.4,2.3,71.0,1.3,95.5,40,25,28,66,3,2862,127,Desktop,Australia
USR010663,207.7,1.8,2.4,32.4,21.1,54.3,209,36,70,383,90,2624,141,Desktop,Germany
USR010664,31.8,2.3,7.8,83.2,5.1,32.2,61,30,13,434,54,1498,205,Mobile,Brazil
USR010665,2.5,15.2,24.0,18.6,13.8,77.6,371,34,85,318,66,3513,11,Desktop,Brazil
USR010666,148.7,1.5,2.8,76.2,5.1,50.4,98,7,59,104,41,2156,277,Mobile,USA
USR010667,22.9,0.3,2.9,13.2,3.0,29.8,103,43,92,349,85,1294,254,Mobile,UK
USR010668,52.5,5.1,2.3,18.0,24.7,31.1,143,35,44,153,70,2318,191,Tablet,Australia
USR010669,33.3,1.1,3.3,53.6,6.9,75.7,3,35,88,286,13,1122,115,Mobile,Japan
USR010670,111.4,1.1,14.4,24.5,3.7,54.6,380,1,36,415,68,114,58,Mobile,Brazil
USR010671,27.9,0.4,9.1,17.1,14.7,39.5,292,28,83,131,60,3642,33,Mobile,Germany
USR010672,11.4,6.9,1.1,134.7,4.3,45.5,120,28,2,425,26,3254,257,Mobile,Japan
USR010673,54.9,2.4,0.7,45.5,13.2,26.5,320,45,41,4,89,2528,250,Desktop,India
USR010674,151.0,2.7,9.9,27.7,5.5,69.1,16,49,96,316,48,1505,72,Mobile,Germany
USR010675,73.9,2.7,1.3,37.2,16.1,32.9,14,12,88,345,84,3028,149,Desktop,Japan
USR010676,9.3,1.7,0.4,33.0,2.7,66.1,34,46,34,272,98,1303,235,Mobile,Japan
USR010677,60.0,0.5,7.9,4.5,23.1,30.3,296,1,61,121,76,501,48,Mobile,USA
USR010678,12.8,3.5,4.5,23.5,10.5,35.0,7,47,18,266,86,372,348,Mobile,Japan
USR010679,92.9,2.8,18.9,141.9,6.2,66.7,512,49,97,82,31,3103,134,Mobile,Australia
USR010680,74.9,1.4,2.3,68.6,30.4,56.8,226,14,25,344,58,2426,222,Mobile,USA
USR010681,100.2,11.4,1.7,8.9,19.9,58.5,86,16,36,327,61,1504,353,Mobile,India
USR010682,208.3,10.1,17.5,41.7,6.8,28.4,659,30,8,201,18,3220,297,Mobile,Japan
USR010683,73.9,0.0,18.9,23.7,12.3,50.8,143,28,35,107,87,2636,143,Desktop,UK
USR010684,108.0,3.8,1.5,71.7,3.1,22.2,534,38,26,403,15,2753,288,Mobile,UK
USR010685,9.1,1.7,4.1,38.4,9.6,28.9,239,26,52,428,23,412,259,Mobile,Japan
USR010686,98.0,1.0,0.1,122.6,0.2,75.3,55,37,70,133,6,931,101,Tablet,Australia
USR010687,65.9,2.5,4.7,72.6,29.5,69.5,676,20,74,106,47,801,309,Mobile,Australia
USR010688,34.3,6.6,2.5,26.3,13.7,68.3,406,46,37,307,84,2184,215,Mobile,India
USR010689,63.6,8.7,24.7,22.5,2.5,81.3,38,0,52,219,9,310,177,Mobile,Germany
USR010690,8.8,6.8,4.7,125.3,0.7,76.5,514,7,5,248,30,2233,202,Mobile,USA
USR010691,62.0,7.9,8.4,69.1,1.2,51.9,31,6,50,476,85,2201,355,Mobile,UK
USR010692,50.6,9.6,7.6,12.2,9.2,82.8,72,3,21,431,9,1707,197,Mobile,India
USR010693,78.0,5.2,11.4,79.4,10.9,31.9,1349,0,90,272,76,3619,173,Mobile,Australia
USR010694,15.5,1.0,3.1,57.2,17.8,69.6,116,6,96,286,96,1537,124,Desktop,UK
USR010695,166.7,1.9,0.2,26.2,6.5,94.2,113,39,72,402,45,3135,142,Tablet,Brazil
USR010696,91.5,3.1,8.3,49.6,5.6,84.9,14,4,39,275,77,2056,189,Mobile,Germany
USR010697,16.1,3.5,3.4,40.7,13.0,71.4,584,0,35,273,41,2328,170,Mobile,Brazil
USR010698,50.7,0.3,2.1,10.8,2.1,77.3,105,24,48,288,36,266,39,Desktop,USA
USR010699,3.6,0.2,2.3,38.7,14.2,25.6,223,49,55,169,98,2974,165,Mobile,India
USR010700,87.5,8.4,14.0,14.8,6.2,51.0,73,28,8,236,58,2902,161,Mobile,Germany
USR010701,89.4,2.7,17.9,5.1,6.8,94.1,351,5,28,425,43,1905,322,Desktop,UK
USR010702,99.4,0.2,0.8,23.2,10.2,99.6,486,0,7,137,23,2650,327,Tablet,Germany
USR010703,17.4,7.3,0.0,70.3,6.2,30.6,167,25,55,230,64,444,42,Desktop,USA
USR010704,10.8,5.9,0.8,28.9,0.4,26.0,86,5,5,473,83,3634,310,Tablet,Germany
USR010705,44.5,0.0,0.0,39.8,0.5,63.8,73,29,82,90,21,2369,282,Desktop,Japan
USR010706,61.9,6.7,4.5,22.8,20.4,94.2,25,10,73,182,43,2737,60,Mobile,Germany
USR010707,31.6,0.7,7.8,86.3,0.3,37.1,971,39,82,160,48,3552,58,Mobile,Brazil
USR010708,18.0,2.6,17.6,68.2,9.2,36.2,410,21,51,247,13,1633,177,Mobile,UK
USR010709,48.8,4.2,3.0,15.0,13.4,95.7,5,28,70,83,46,1938,244,Mobile,UK
USR010710,11.4,2.1,7.4,37.2,0.6,85.1,109,29,55,30,10,2151,46,Mobile,USA
USR010711,90.0,2.2,0.1,19.5,11.5,78.2,368,35,81,485,77,2136,174,Mobile,Australia
USR010712,20.7,8.8,3.3,125.5,8.6,48.3,22,35,19,476,60,1496,50,Mobile,Brazil
USR010713,1.0,2.0,2.9,190.1,2.1,63.5,53,22,90,381,61,1684,313,Mobile,USA
USR010714,17.0,8.5,0.7,52.2,19.4,92.6,229,23,20,162,59,1795,213,Mobile,Brazil
USR010715,92.0,4.5,27.1,24.5,13.0,81.8,151,20,90,281,73,3429,164,Mobile,Germany
USR010716,219.7,4.9,10.1,33.1,6.5,46.2,1,12,98,35,15,1681,357,Mobile,USA
USR010717,1.6,7.2,7.5,68.3,32.6,59.2,11,35,63,370,94,3370,7,Mobile,USA
USR010718,94.0,1.9,16.5,15.5,5.5,91.7,227,16,74,415,30,2485,198,Mobile,India
USR010719,25.9,1.5,18.6,9.9,27.5,35.2,43,26,41,11,23,2457,80,Desktop,UK
USR010720,37.8,1.9,26.8,46.4,14.4,64.1,1060,36,46,406,15,984,331,Mobile,UK
USR010721,34.8,0.4,15.5,18.9,9.1,73.0,36,15,7,410,61,2869,234,Desktop,Brazil
USR010722,26.7,6.5,5.8,47.3,7.2,53.4,39,41,69,61,23,2473,13,Mobile,Japan
USR010723,158.5,6.2,2.6,45.2,9.4,76.1,167,33,68,467,33,3616,119,Mobile,Japan
USR010724,62.8,0.1,6.1,45.0,18.8,75.4,129,8,64,126,56,717,223,Tablet,UK
USR010725,17.4,1.4,9.1,142.1,12.6,48.3,66,41,58,495,41,541,38,Mobile,Japan
USR010726,16.7,1.7,3.5,14.9,4.5,94.3,30,26,52,343,75,3226,315,Mobile,Germany
USR010727,68.7,1.9,0.5,27.6,22.5,64.8,137,6,83,358,63,2040,158,Mobile,Brazil
USR010728,1.0,12.7,16.3,4.2,11.5,50.9,304,12,27,451,77,3333,207,Mobile,UK
USR010729,19.3,0.5,3.4,9.4,13.3,70.0,302,48,4,284,95,2162,308,Mobile,USA
USR010730,61.1,6.6,8.8,71.4,3.5,44.1,249,25,94,71,55,1801,252,Tablet,Brazil
USR010731,16.8,6.3,44.8,20.5,0.5,96.7,230,14,75,53,1,38,144,Mobile,Germany
USR010732,11.2,1.5,12.6,29.9,5.7,52.9,650,27,30,53,11,3029,79,Tablet,Brazil
USR010733,26.8,2.3,12.2,40.0,11.2,59.3,15,33,81,300,37,184,2,Mobile,Japan
USR010734,99.3,5.3,1.5,51.9,20.5,60.2,316,45,1,327,38,2054,149,Mobile,USA
USR010735,8.6,8.1,0.1,8.7,4.2,28.6,233,28,26,17,67,572,258,Desktop,Japan
USR010736,13.5,3.7,0.5,53.5,7.2,26.0,198,17,20,463,26,2509,170,Mobile,India
USR010737,6.8,0.1,11.3,122.6,30.0,44.6,263,10,47,90,50,723,311,Mobile,USA
USR010738,52.5,6.3,2.2,78.3,8.1,60.4,66,19,33,313,21,807,85,Mobile,Brazil
USR010739,4.3,9.1,4.3,121.7,8.3,72.8,331,11,17,489,51,983,201,Tablet,Australia
USR010740,9.6,1.0,1.4,1.0,5.1,51.0,448,41,0,265,26,953,303,Desktop,USA
USR010741,5.4,1.1,2.0,100.9,4.7,59.6,28,40,58,460,30,2480,97,Mobile,Brazil
USR010742,151.4,13.1,1.7,27.5,31.9,31.0,60,5,16,215,89,1023,331,Desktop,UK
USR010743,60.4,2.9,6.7,25.4,7.8,83.9,275,25,88,430,77,1148,294,Mobile,USA
USR010744,6.7,1.2,3.7,74.4,15.9,32.1,10,27,74,207,68,2834,270,Mobile,UK
USR010745,23.8,5.6,17.0,11.1,8.4,23.8,350,26,92,371,94,2106,267,Mobile,Brazil
USR010746,12.2,13.6,0.1,73.6,9.1,44.5,91,37,56,416,74,2479,126,Mobile,Australia
USR010747,71.9,2.5,6.7,32.9,18.9,69.0,691,19,59,339,66,2149,38,Mobile,UK
USR010748,134.9,1.1,3.3,4.6,2.6,57.2,277,27,42,439,91,3072,74,Mobile,Australia
USR010749,42.6,10.2,3.3,51.0,0.2,22.5,44,43,88,103,84,1034,77,Mobile,Japan
USR010750,19.2,5.3,11.1,114.4,12.4,95.0,79,32,77,468,26,1124,265,Desktop,USA
USR010751,18.6,0.1,7.8,0.8,4.5,44.1,658,18,56,309,10,592,294,Mobile,USA
USR010752,104.2,6.3,0.7,66.9,13.7,28.6,471,13,21,234,41,897,120,Mobile,USA
USR010753,13.3,2.9,7.4,116.8,14.6,88.0,46,25,76,125,23,459,152,Mobile,India
USR010754,38.0,0.4,3.7,14.6,0.3,32.7,77,0,90,379,8,1282,255,Mobile,Brazil
USR010755,1.5,3.9,8.4,120.8,2.8,51.0,18,9,58,205,64,379,343,Mobile,Germany
USR010756,18.5,1.8,0.2,67.7,2.4,41.3,352,43,54,245,67,1979,31,Mobile,Germany
USR010757,5.5,3.6,5.9,93.1,5.4,23.7,413,6,71,140,63,668,17,Mobile,Japan
USR010758,128.1,17.3,13.2,19.4,6.7,25.5,286,21,86,497,44,1310,55,Desktop,Australia
USR010759,82.8,13.5,7.0,135.1,3.1,30.8,257,4,81,403,10,518,191,Desktop,India
USR010760,238.7,30.6,1.9,76.5,8.5,36.6,103,27,87,169,46,3011,335,Mobile,Japan
USR010761,11.1,0.0,7.0,3.9,10.2,65.9,77,16,57,454,74,3123,71,Mobile,Brazil
USR010762,59.6,3.1,0.3,7.4,1.0,89.9,48,6,82,215,2,214,342,Desktop,Japan
USR010763,171.6,2.0,6.9,21.5,18.0,89.0,803,29,12,34,88,433,111,Mobile,UK
USR010764,9.9,14.6,14.4,153.0,0.7,96.9,56,0,38,391,40,493,56,Desktop,USA
USR010765,105.0,0.6,13.8,53.5,0.9,33.0,210,39,55,489,98,647,354,Desktop,USA
USR010766,34.4,3.5,2.8,23.3,4.9,68.7,102,17,44,411,38,2662,129,Mobile,USA
USR010767,33.3,6.7,2.3,50.4,5.8,44.0,71,35,33,398,18,1769,272,Mobile,Australia
USR010768,100.2,1.2,6.7,87.7,26.0,75.6,167,19,19,211,47,3646,224,Mobile,Japan
USR010769,71.6,0.6,0.5,0.6,26.7,99.7,14,25,7,32,5,1941,364,Mobile,USA
USR010770,27.3,5.2,1.1,8.4,2.3,58.6,464,45,20,308,92,2896,275,Mobile,USA
USR010771,81.9,22.2,6.2,5.0,6.0,28.5,179,15,5,174,44,165,27,Mobile,USA
USR010772,44.6,3.5,7.2,113.9,14.0,50.2,55,10,5,180,13,3410,266,Mobile,USA
USR010773,45.4,0.8,0.5,4.9,3.4,79.7,213,0,17,115,14,2936,85,Mobile,Australia
USR010774,118.8,10.4,4.9,29.4,1.5,24.0,166,4,86,393,52,3463,123,Mobile,Germany
USR010775,153.5,5.5,7.7,155.9,7.2,89.8,24,2,1,55,62,1287,12,Desktop,UK
USR010776,99.8,15.9,0.3,19.3,11.9,53.9,464,27,88,371,26,1586,85,Desktop,Germany
USR010777,11.8,3.2,3.2,28.5,1.0,41.3,52,22,35,288,56,442,346,Mobile,Australia
USR010778,82.1,13.4,0.0,176.7,2.8,38.2,32,1,54,328,0,1770,21,Mobile,UK
USR010779,58.3,14.2,8.1,48.0,10.8,95.3,274,46,95,107,66,3236,257,Mobile,Australia
USR010780,1.1,2.8,0.4,52.3,17.8,94.4,81,49,36,419,77,2064,9,Desktop,Japan
USR010781,6.1,9.3,14.9,17.5,10.7,52.4,72,14,42,4,7,1028,290,Mobile,Japan
USR010782,33.7,0.9,0.2,115.9,9.2,78.6,10,19,6,456,70,2037,122,Mobile,UK
USR010783,31.7,0.5,3.8,77.7,2.4,98.1,802,42,69,461,65,133,232,Mobile,Brazil
USR010784,55.7,4.2,1.5,17.3,26.1,80.7,140,20,54,123,79,839,46,Tablet,USA
USR010785,114.9,8.0,11.2,89.4,5.0,22.2,184,38,71,410,91,822,302,Mobile,Brazil
USR010786,39.1,5.2,5.0,15.3,3.4,65.2,112,42,83,94,2,1487,331,Mobile,India
USR010787,62.5,0.0,0.6,34.1,1.8,30.8,242,2,33,252,60,2133,319,Mobile,Australia
USR010788,1.6,0.3,10.0,17.1,4.5,28.0,222,6,91,407,19,1680,284,Mobile,Australia
USR010789,26.6,3.5,6.5,29.7,15.0,58.2,327,11,63,279,85,1850,84,Mobile,Japan
USR010790,98.4,2.9,2.3,65.5,9.2,22.7,396,3,3,405,31,2420,321,Mobile,Japan
USR010791,21.3,8.7,0.7,10.9,0.7,91.9,67,15,44,383,62,2058,233,Mobile,USA
USR010792,173.1,2.4,9.4,20.9,0.9,23.6,405,11,4,249,58,1733,239,Mobile,Brazil
USR010793,104.6,6.9,2.7,2.9,11.7,91.9,152,49,7,208,28,944,152,Mobile,Australia
USR010794,94.3,0.6,6.1,33.6,4.3,68.4,94,0,27,408,63,2287,208,Mobile,Australia
USR010795,2.2,0.9,8.7,11.0,11.6,32.7,80,16,37,310,37,964,175,Mobile,Germany
USR010796,70.3,0.5,23.8,11.3,20.4,85.0,72,42,74,157,62,341,291,Mobile,Japan
USR010797,19.5,2.0,6.9,1.5,8.6,30.7,40,12,64,294,91,3167,180,Mobile,Brazil
USR010798,55.0,2.0,6.2,217.0,1.5,59.3,89,30,28,422,82,1579,37,Tablet,Japan
USR010799,3.5,3.8,6.4,9.1,0.6,71.4,43,40,81,111,45,70,83,Mobile,India
USR010800,15.6,2.6,17.6,4.3,3.4,35.3,413,5,33,470,58,1534,233,Mobile,Australia
USR010801,66.9,8.7,0.9,284.3,25.0,64.5,52,31,82,407,26,625,336,Tablet,Australia
USR010802,54.2,6.6,1.5,6.3,7.4,84.7,8,45,66,431,33,2519,174,Mobile,Australia
USR010803,52.0,1.3,10.6,22.6,24.2,23.4,45,26,6,360,89,2295,71,Mobile,Germany
USR010804,2.4,4.5,6.9,19.1,20.5,79.7,272,36,80,55,68,3303,125,Mobile,Australia
USR010805,51.8,1.2,10.4,67.1,6.0,43.4,1,29,60,35,7,2952,86,Mobile,Japan
USR010806,15.2,10.2,1.2,10.0,3.9,87.4,118,36,35,80,75,3022,353,Mobile,Japan
USR010807,11.7,12.1,18.4,154.2,7.3,69.2,437,45,36,47,29,1251,146,Tablet,Japan
USR010808,63.5,8.6,5.8,1.0,8.4,37.5,254,38,23,442,5,318,31,Desktop,USA
USR010809,160.8,5.3,4.7,14.3,3.1,66.3,271,9,63,400,69,2244,259,Mobile,USA
USR010810,121.1,2.2,15.4,99.1,5.2,79.0,227,30,65,486,98,230,76,Mobile,Australia
USR010811,32.6,11.9,2.6,17.7,10.1,55.1,94,1,96,47,55,2504,39,Mobile,Japan
USR010812,1.9,1.5,0.4,43.4,0.9,53.0,58,32,69,489,82,3504,286,Mobile,India
USR010813,5.1,4.3,7.5,3.1,13.6,68.9,231,11,72,409,25,3368,28,Mobile,UK
USR010814,12.0,0.0,4.8,169.1,5.0,22.1,333,47,11,13,67,1646,138,Desktop,UK
USR010815,63.7,1.4,2.5,27.1,7.7,52.2,197,0,96,398,1,714,83,Desktop,USA
USR010816,20.5,1.4,4.8,79.3,4.3,22.2,142,48,38,239,95,3554,322,Mobile,USA
USR010817,8.3,1.8,3.2,79.4,7.8,99.6,25,16,78,412,95,2408,213,Mobile,Australia
USR010818,158.6,2.3,1.0,19.0,21.7,82.4,329,20,29,59,0,3095,26,Tablet,Australia
USR010819,100.6,5.1,6.2,27.2,17.2,37.2,49,1,35,360,0,3338,284,Mobile,UK
USR010820,60.0,11.8,7.8,77.2,8.7,25.6,243,28,86,385,58,144,177,Desktop,UK
USR010821,19.0,9.5,4.6,46.3,7.8,39.0,629,4,72,158,12,2929,212,Desktop,Brazil
USR010822,103.0,1.3,19.7,59.3,10.1,21.6,1106,46,53,355,6,2810,173,Mobile,Japan
USR010823,24.7,1.1,2.7,42.6,30.3,37.0,661,6,32,176,79,2576,304,Mobile,Germany
USR010824,38.5,2.6,1.2,22.7,2.7,29.6,55,2,40,435,46,3600,102,Mobile,Japan
USR010825,19.0,5.1,7.4,0.8,1.9,81.2,126,30,61,401,6,1792,54,Desktop,Japan
USR010826,80.5,1.5,8.4,62.9,8.4,79.9,2,0,67,482,82,1277,351,Mobile,India
USR010827,48.7,2.5,6.7,69.3,0.8,22.3,455,10,59,480,73,1139,172,Mobile,India
USR010828,9.2,8.7,10.6,2.4,0.5,92.6,98,20,33,343,56,3640,346,Mobile,Germany
USR010829,18.1,3.1,17.3,65.9,5.8,26.0,146,35,52,457,70,827,328,Mobile,Japan
USR010830,3.7,13.6,1.1,2.3,1.7,88.6,17,9,30,415,36,2103,146,Mobile,UK
USR010831,44.9,26.4,14.6,27.2,1.9,64.4,106,40,58,298,76,654,235,Desktop,India
USR010832,5.6,9.9,3.2,2.8,31.1,74.7,581,38,44,85,33,3156,289,Desktop,Germany
USR010833,32.6,0.5,5.3,50.1,0.9,20.7,571,9,49,204,33,1391,33,Desktop,Australia
USR010834,36.7,1.3,6.9,45.1,7.5,45.0,106,5,26,186,37,3127,304,Mobile,USA
USR010835,58.1,5.6,10.0,16.2,10.1,80.0,55,0,42,69,49,998,154,Desktop,India
USR010836,52.6,3.1,8.6,11.8,7.2,57.5,199,47,40,332,16,2027,322,Mobile,Brazil
USR010837,25.7,5.2,4.0,83.2,16.1,77.2,13,16,8,370,21,1659,15,Desktop,Japan
USR010838,29.1,4.5,21.4,42.8,10.0,62.9,25,24,60,50,86,916,208,Mobile,Germany
USR010839,281.9,0.6,10.8,148.6,8.6,38.5,173,43,81,305,38,1626,13,Mobile,Brazil
USR010840,95.5,0.5,8.5,2.8,13.1,44.9,31,34,79,235,80,3010,88,Desktop,UK
USR010841,44.3,6.9,8.7,113.1,1.6,68.0,84,18,76,337,62,1219,86,Mobile,India
USR010842,45.4,11.9,4.0,34.5,7.4,30.3,70,7,85,4,47,3557,261,Mobile,UK
USR010843,1.0,8.9,1.4,4.1,10.4,95.3,243,42,51,231,96,1939,349,Desktop,India
USR010844,2.1,1.5,0.7,193.3,4.3,32.1,101,44,4,195,89,255,208,Mobile,Australia
USR010845,106.7,20.6,18.2,15.3,3.6,94.4,76,26,48,259,60,1480,113,Mobile,Australia
USR010846,60.2,7.8,0.1,18.7,4.9,54.6,6,8,85,447,22,3633,318,Mobile,Brazil
USR010847,3.9,3.5,35.4,94.5,11.4,89.8,87,42,49,207,94,194,284,Mobile,India
USR010848,4.7,1.6,5.8,8.0,23.0,85.5,309,5,21,339,61,1033,144,Mobile,Japan
USR010849,1.8,0.4,3.5,0.7,5.4,75.4,131,35,28,161,58,1735,82,Mobile,Brazil
USR010850,10.3,4.6,3.6,101.6,15.1,32.9,165,3,37,318,86,1686,234,Tablet,Japan
USR010851,37.9,1.0,0.7,102.2,0.6,47.5,179,16,50,215,76,1545,241,Desktop,Brazil
USR010852,110.5,2.0,11.7,138.0,11.4,48.8,447,12,22,149,91,2296,332,Tablet,Brazil
USR010853,120.4,1.0,5.7,60.9,45.9,77.2,125,0,90,397,42,3402,260,Desktop,Brazil
USR010854,90.2,0.6,21.8,22.7,7.2,68.0,338,34,32,219,34,79,88,Mobile,Germany
USR010855,156.9,1.0,6.1,13.6,8.0,28.2,150,28,92,161,39,2520,304,Mobile,USA
USR010856,16.3,1.1,1.3,38.7,2.6,30.6,25,1,67,174,56,861,316,Tablet,Brazil
USR010857,11.1,4.1,3.0,44.0,5.4,43.9,372,24,99,183,74,2430,261,Mobile,Germany
USR010858,19.5,4.2,23.8,31.5,6.4,22.2,92,44,83,282,62,463,50,Mobile,USA
USR010859,61.7,0.4,12.7,63.2,3.8,21.2,130,29,91,395,68,3355,296,Mobile,UK
USR010860,83.9,1.1,11.7,14.1,8.3,66.9,65,4,5,220,71,1477,310,Mobile,India
USR010861,194.6,2.2,8.4,91.8,16.2,27.6,26,43,54,236,50,2727,281,Mobile,India
USR010862,32.2,1.9,0.6,2.7,14.3,65.6,3,11,59,481,52,3520,216,Mobile,UK
USR010863,52.8,11.7,1.1,113.7,0.9,29.0,38,35,68,429,6,567,348,Mobile,Germany
USR010864,69.1,2.9,0.0,35.6,0.6,82.8,55,40,29,306,4,1469,238,Mobile,Japan
USR010865,93.4,8.0,3.1,9.2,4.6,77.4,17,18,77,205,14,3336,119,Desktop,Japan
USR010866,3.8,8.2,11.9,31.3,3.7,67.2,304,39,59,305,28,2425,44,Mobile,Japan
USR010867,34.7,8.4,7.4,17.8,6.6,43.3,38,40,13,380,88,1613,103,Mobile,Japan
USR010868,14.0,2.1,2.9,62.8,20.8,57.6,353,15,99,407,32,2409,135,Mobile,India
USR010869,106.1,4.5,1.4,138.1,7.9,57.1,186,22,23,422,92,1829,22,Desktop,Brazil
USR010870,153.8,0.9,20.0,52.3,1.1,62.1,48,42,47,7,23,3349,222,Desktop,India
USR010871,209.8,4.0,4.0,17.6,1.1,39.9,742,14,78,97,45,1975,77,Mobile,India
USR010872,1.6,0.0,1.6,2.9,2.7,77.6,128,35,36,213,36,1391,244,Desktop,Brazil
USR010873,72.4,2.8,0.2,50.3,14.8,49.0,86,27,38,402,51,43,331,Mobile,USA
USR010874,79.2,1.6,6.1,14.9,8.4,91.3,154,45,91,347,30,3475,212,Mobile,Brazil
USR010875,30.4,1.6,7.6,37.3,5.1,24.3,34,9,93,298,53,2689,185,Desktop,Australia
USR010876,6.2,3.4,12.3,72.6,7.3,77.4,478,23,43,451,12,2348,296,Tablet,India
USR010877,61.1,5.5,8.4,12.8,0.2,40.7,231,3,77,390,59,128,205,Desktop,Brazil
USR010878,8.1,1.4,3.7,92.7,1.9,87.8,682,4,4,130,19,3231,293,Tablet,USA
USR010879,70.0,3.7,0.5,72.7,5.8,63.7,8,5,83,466,83,1067,106,Mobile,Japan
USR010880,3.4,0.7,11.9,55.7,20.9,48.4,940,23,80,428,42,3203,67,Mobile,Brazil
USR010881,3.5,7.1,1.6,68.5,8.6,63.2,253,30,7,372,59,442,335,Mobile,USA
USR010882,10.6,4.3,9.2,29.8,32.8,90.6,404,16,90,61,98,3105,42,Tablet,Germany
USR010883,196.6,2.8,8.8,21.7,14.4,32.5,1199,22,36,308,14,307,74,Mobile,Brazil
USR010884,17.4,10.7,13.3,59.8,9.1,99.9,116,35,56,100,25,397,26,Mobile,Germany
USR010885,14.8,0.5,1.9,177.2,5.2,73.6,0,36,4,436,61,1895,142,Mobile,India
USR010886,22.5,16.4,5.9,2.6,4.9,96.8,3,12,85,204,89,1941,320,Mobile,Brazil
USR010887,280.9,9.0,4.0,8.4,8.4,89.0,253,49,6,327,26,504,21,Mobile,India
USR010888,74.7,2.2,0.6,21.3,0.3,50.9,134,24,31,17,38,2465,107,Tablet,Japan
USR010889,6.8,1.7,2.0,154.5,4.7,58.2,294,17,22,465,15,2968,331,Mobile,UK
USR010890,321.7,4.0,2.5,13.3,1.6,56.1,152,23,60,33,74,1554,284,Mobile,Japan
USR010891,41.8,4.7,2.1,9.8,1.6,26.6,297,18,93,99,44,90,28,Desktop,USA
USR010892,3.1,10.6,6.8,12.9,25.0,77.0,203,36,65,64,61,2103,178,Tablet,Japan
USR010893,156.4,10.9,3.1,19.7,0.7,57.8,74,3,53,496,67,1833,332,Mobile,Japan
USR010894,168.0,1.1,0.3,12.8,0.8,71.8,427,7,50,149,86,2650,167,Tablet,Germany
USR010895,22.6,12.0,5.5,23.0,18.5,33.5,409,40,34,301,31,1240,73,Mobile,Germany
USR010896,20.4,0.7,1.8,2.9,2.1,91.2,599,14,33,249,63,3216,145,Mobile,USA
USR010897,25.9,9.8,0.8,30.9,0.6,78.9,11,8,3,499,92,2242,122,Desktop,Australia
USR010898,171.4,0.8,20.4,23.5,34.0,73.5,208,36,8,32,75,2648,183,Mobile,India
USR010899,22.4,5.4,8.7,90.8,13.2,24.5,295,45,53,22,11,392,238,Mobile,India
USR010900,28.5,7.6,23.8,2.0,20.9,31.9,132,6,7,266,81,2213,212,Mobile,Germany
USR010901,26.5,3.5,6.8,6.6,11.6,30.7,185,14,89,366,29,3023,164,Desktop,Japan
USR010902,138.0,4.2,12.3,19.2,2.0,82.8,234,27,31,229,89,1272,356,Mobile,Japan
USR010903,259.3,3.4,2.9,14.0,1.6,52.2,50,45,2,2,84,1442,304,Desktop,Japan
USR010904,14.7,2.4,2.8,11.5,8.4,22.7,261,43,35,455,75,1353,292,Mobile,Brazil
USR010905,79.8,9.4,2.2,13.5,12.3,41.0,41,36,67,21,26,696,56,Mobile,Australia
USR010906,2.3,5.8,4.3,86.4,15.6,62.9,138,27,53,414,78,3602,286,Mobile,UK
USR010907,13.6,3.5,18.4,98.7,9.9,44.1,66,19,31,440,56,855,362,Tablet,UK
USR010908,58.7,2.1,7.5,31.4,9.8,79.1,150,17,56,205,48,3441,129,Desktop,USA
USR010909,9.0,12.9,6.0,0.0,11.4,25.6,178,28,78,331,80,685,273,Desktop,Australia
USR010910,98.2,5.8,16.8,57.4,11.2,84.3,4,8,91,212,95,246,137,Mobile,USA
USR010911,43.6,2.8,6.9,22.1,14.1,35.8,199,15,23,78,26,2402,237,Mobile,Brazil
USR010912,7.2,5.1,4.0,2.6,1.6,25.7,159,2,65,275,88,2817,85,Mobile,Japan
USR010913,63.8,9.2,0.9,44.8,3.6,46.3,106,20,22,278,47,799,148,Mobile,UK
USR010914,58.2,3.0,3.5,85.4,11.6,68.6,279,16,27,340,89,1969,30,Mobile,Germany
USR010915,94.2,0.8,22.1,4.3,28.7,86.1,406,15,24,11,8,2497,224,Mobile,India
USR010916,9.2,3.9,9.7,0.2,41.5,86.3,145,5,75,107,47,292,363,Mobile,UK
USR010917,32.7,4.9,1.6,12.2,10.9,55.9,83,18,40,453,69,236,304,Mobile,India
USR010918,53.7,0.8,4.0,130.7,5.7,57.8,4,23,99,368,26,1599,318,Tablet,Japan
USR010919,22.1,5.9,2.8,32.4,11.9,85.1,141,17,8,65,54,264,110,Mobile,UK
USR010920,59.8,1.6,1.1,13.6,1.3,27.8,965,3,93,362,68,249,39,Mobile,India
USR010921,12.8,6.1,8.4,242.0,0.5,41.0,75,15,25,66,19,3393,303,Desktop,Germany
USR010922,14.2,8.0,3.5,37.5,24.3,90.8,23,32,64,155,33,3437,254,Mobile,UK
USR010923,72.5,2.0,0.3,22.4,8.6,50.2,900,19,36,122,79,242,279,Mobile,Australia
USR010924,8.2,2.4,12.4,30.4,7.6,72.9,7,17,48,51,95,1150,213,Desktop,Germany
USR010925,64.9,7.2,0.3,4.9,8.6,76.3,254,38,40,461,25,2666,210,Mobile,India
USR010926,77.9,0.4,11.8,89.0,14.3,21.2,566,22,99,39,31,1064,342,Tablet,Brazil
USR010927,103.2,0.8,2.9,113.0,4.8,85.2,71,0,87,147,88,2245,89,Mobile,Brazil
USR010928,67.0,9.5,0.5,15.9,18.2,100.0,164,0,34,322,73,2831,38,Mobile,Germany
USR010929,9.4,1.2,1.3,0.3,10.9,50.9,233,5,11,123,48,2111,29,Mobile,Germany
USR010930,34.0,0.9,0.0,124.4,1.9,97.1,60,45,97,21,0,1122,288,Mobile,Australia
USR010931,21.8,2.8,4.7,33.8,3.8,51.1,294,35,62,350,6,692,291,Mobile,Germany
USR010932,88.8,4.5,20.8,4.1,4.3,46.9,488,23,65,276,26,3171,52,Mobile,India
USR010933,41.3,5.0,1.3,63.2,5.0,52.9,64,4,10,260,41,1560,126,Mobile,USA
USR010934,21.0,0.8,11.6,11.5,0.5,70.7,23,2,9,23,14,2211,6,Mobile,Germany
USR010935,83.0,8.6,28.8,28.7,0.7,38.1,72,13,61,442,34,2517,8,Mobile,Brazil
USR010936,246.6,6.8,3.7,0.4,3.3,94.1,611,41,39,293,58,3622,41,Tablet,Japan
USR010937,122.0,1.2,14.0,121.9,7.3,53.5,401,27,3,342,49,2628,192,Mobile,Australia
USR010938,98.8,1.5,1.0,36.8,3.0,72.2,181,37,87,480,81,358,62,Mobile,Japan
USR010939,65.3,1.9,3.7,77.0,9.9,66.1,0,17,3,25,94,3150,183,Mobile,Brazil
USR010940,44.9,1.8,11.0,109.1,19.3,67.2,77,26,78,417,48,1375,318,Mobile,UK
USR010941,25.4,3.9,13.8,44.8,1.7,73.7,3,28,64,498,96,2189,348,Mobile,UK
USR010942,45.0,5.0,1.7,14.2,29.4,77.9,20,3,40,347,1,1606,29,Mobile,Brazil
USR010943,1.0,3.5,1.9,27.9,6.4,77.0,428,38,23,464,4,1554,189,Mobile,Australia
USR010944,10.7,0.1,2.6,16.5,21.9,94.8,211,33,53,415,96,1102,235,Mobile,Germany
USR010945,9.2,9.9,20.7,133.4,18.1,21.2,194,6,65,93,93,833,357,Desktop,UK
USR010946,105.9,0.6,2.1,40.2,4.1,49.7,51,42,19,262,9,2864,7,Mobile,Japan
USR010947,116.5,5.0,7.3,95.0,3.7,48.6,122,24,94,14,17,3550,220,Mobile,Germany
USR010948,62.4,1.2,2.7,27.2,10.2,96.5,63,7,89,488,76,2244,314,Mobile,Brazil
USR010949,179.8,3.2,0.4,51.2,8.1,20.0,86,21,91,164,62,2838,193,Mobile,Japan
USR010950,33.2,17.7,1.2,139.9,47.9,100.0,203,5,71,486,91,2505,226,Mobile,Brazil
USR010951,27.9,4.7,1.2,280.4,29.5,80.6,251,24,64,77,41,3115,217,Mobile,UK
USR010952,89.6,0.7,13.7,79.1,20.5,61.9,559,8,31,104,61,1626,12,Mobile,USA
USR010953,163.2,0.2,0.1,33.7,24.8,98.5,105,24,21,202,51,1250,298,Mobile,Brazil
USR010954,130.8,2.1,2.9,78.6,2.4,23.6,576,24,24,298,74,2151,97,Mobile,Australia
USR010955,154.7,1.7,1.3,30.0,5.3,34.8,27,42,51,171,43,2213,287,Mobile,Australia
USR010956,123.4,0.3,0.1,5.3,5.2,22.8,265,40,22,253,93,2805,276,Mobile,Germany
USR010957,11.4,4.0,17.2,15.6,1.6,37.5,173,12,62,65,28,2313,350,Mobile,India
USR010958,32.8,9.1,4.5,9.0,9.7,20.4,510,12,91,312,38,347,2,Mobile,Japan
USR010959,129.7,1.8,14.6,6.5,11.9,84.2,292,1,44,388,24,269,326,Mobile,Germany
USR010960,141.8,2.2,3.3,1.4,9.3,71.6,177,14,12,284,90,945,2,Desktop,India
USR010961,123.7,2.5,1.6,2.4,31.6,93.2,17,32,17,160,17,1796,229,Mobile,Brazil
USR010962,40.6,5.7,2.8,11.4,32.3,88.0,41,29,47,18,76,1579,239,Desktop,Brazil
USR010963,20.0,0.8,8.0,36.8,1.7,53.3,400,35,45,341,57,2950,181,Mobile,UK
USR010964,8.6,2.0,10.1,11.3,4.6,35.3,246,31,9,96,64,3123,348,Mobile,UK
USR010965,46.7,0.4,1.8,64.5,32.2,60.2,615,39,88,243,73,3200,176,Mobile,USA
USR010966,36.0,3.9,3.4,21.2,23.1,38.9,241,16,8,347,82,478,67,Mobile,Australia
USR010967,15.5,0.8,1.1,52.8,21.4,82.3,119,21,77,16,19,983,264,Desktop,USA
USR010968,11.2,7.1,19.1,162.3,5.2,45.2,43,24,48,357,29,1404,184,Desktop,India
USR010969,1.6,0.5,27.4,18.0,12.0,30.9,666,32,51,237,57,112,259,Mobile,UK
USR010970,175.7,13.3,4.1,8.9,8.3,92.0,72,4,4,153,99,1164,337,Mobile,Brazil
USR010971,68.4,4.7,6.4,13.8,6.1,97.0,164,37,34,230,24,984,106,Tablet,Germany
USR010972,99.1,0.8,10.5,200.4,0.8,48.0,233,1,17,467,64,2727,281,Mobile,Japan
USR010973,55.0,9.8,0.8,49.0,37.8,32.8,107,6,82,310,79,1398,89,Tablet,USA
USR010974,47.2,0.8,13.6,36.1,8.9,94.0,238,7,85,490,68,3028,3,Mobile,USA
USR010975,37.3,1.5,0.8,42.4,2.1,40.7,260,24,37,252,38,1136,107,Mobile,UK
USR010976,97.4,7.0,4.5,0.9,1.8,70.1,210,5,88,371,24,2021,170,Tablet,Australia
USR010977,152.4,4.7,0.2,110.6,3.1,86.0,10,19,81,360,11,2998,204,Mobile,Germany
USR010978,39.5,0.8,8.5,22.0,20.5,86.2,536,11,89,193,1,1752,286,Mobile,Japan
USR010979,75.3,1.2,4.4,60.9,4.9,21.9,10,24,4,196,40,1749,107,Tablet,Japan
USR010980,74.2,4.9,2.4,102.3,0.7,90.0,719,33,39,49,68,1587,80,Mobile,UK
USR010981,38.2,19.6,5.2,21.7,24.2,50.2,325,13,53,91,76,1472,120,Mobile,Japan
USR010982,46.0,3.5,4.8,21.5,3.4,72.6,8,31,27,432,64,1354,257,Mobile,UK
USR010983,11.9,3.3,1.6,67.9,9.0,62.6,155,5,76,177,90,2074,122,Tablet,UK
USR010984,26.1,6.4,21.1,3.3,1.0,90.7,565,41,19,463,33,3620,344,Desktop,UK
USR010985,14.0,1.9,8.8,71.4,18.4,34.9,262,19,59,353,60,3194,168,Mobile,Australia
USR010986,112.3,6.6,2.0,71.8,6.0,37.2,0,40,10,360,19,1032,309,Mobile,India
USR010987,70.8,0.7,6.7,91.4,16.2,20.8,385,26,16,301,53,2141,337,Mobile,Japan
USR010988,24.4,0.4,0.2,17.4,4.4,33.6,55,38,22,321,56,876,13,Mobile,USA
USR010989,24.0,3.6,2.0,13.8,7.2,77.3,48,9,7,479,2,3573,53,Mobile,Japan
USR010990,37.1,1.3,31.8,11.7,25.3,76.5,3,25,87,487,80,88,206,Mobile,Brazil
USR010991,44.4,9.6,5.5,55.6,25.0,33.3,5,3,36,323,32,1752,326,Mobile,UK
USR010992,163.8,2.3,5.2,56.2,9.2,97.9,4,33,24,466,69,3215,215,Mobile,Germany
USR010993,69.3,6.1,4.1,58.8,29.7,91.1,25,42,70,448,48,2525,295,Desktop,Brazil
USR010994,7.5,1.5,11.0,85.5,10.3,36.1,529,6,25,418,55,1217,209,Mobile,Brazil
USR010995,1.0,1.2,3.8,82.6,1.3,82.9,91,14,60,453,13,1465,68,Tablet,USA
USR010996,31.4,0.2,1.6,19.1,9.5,38.6,382,16,44,427,63,3068,349,Desktop,Brazil
USR010997,41.5,6.6,2.4,45.8,8.4,98.7,201,22,35,320,2,3344,218,Mobile,UK
USR010998,59.0,5.2,0.4,42.8,3.1,57.5,471,47,18,274,67,715,42,Mobile,Australia
USR010999,7.6,3.0,8.3,14.6,17.0,91.1,2,15,83,189,38,2508,116,Mobile,USA
USR011000,5.2,27.4,19.4,122.3,39.0,55.6,601,26,23,358,2,2025,115,Mobile,USA
USR011001,66.2,3.4,3.0,57.6,1.6,35.4,105,42,25,109,16,3408,344,Mobile,Germany
USR011002,4.5,3.7,9.7,85.0,4.1,34.0,184,0,40,14,82,511,277,Mobile,Germany
USR011003,56.6,8.2,9.9,10.5,0.1,22.1,0,36,41,405,5,2732,331,Mobile,USA
USR011004,290.3,3.1,12.8,38.9,15.4,78.7,143,19,94,215,22,1419,286,Tablet,Japan
USR011005,104.5,3.2,1.3,7.0,3.8,88.3,191,27,34,463,71,2531,343,Mobile,Germany
USR011006,6.7,0.4,0.3,134.2,9.5,36.8,107,24,51,382,73,3078,324,Mobile,Japan
USR011007,67.4,1.8,30.9,58.3,24.0,85.7,104,33,78,297,99,2285,29,Mobile,Australia
USR011008,52.6,5.9,1.8,9.2,16.3,89.4,64,46,80,214,15,560,242,Mobile,Brazil
USR011009,3.4,11.4,7.3,18.7,21.0,35.4,24,47,40,19,66,330,230,Mobile,UK
USR011010,6.3,37.3,6.8,27.1,46.8,56.6,75,41,53,407,80,824,323,Desktop,India
USR011011,68.8,5.2,20.3,39.6,11.1,39.0,52,42,95,373,2,3295,73,Mobile,Japan
USR011012,252.0,1.3,5.2,79.8,2.1,69.5,280,37,33,179,40,2520,215,Mobile,UK
USR011013,70.1,1.8,1.3,16.3,2.5,97.2,146,12,67,458,32,877,13,Desktop,India
USR011014,5.4,3.4,0.7,9.2,14.5,92.0,195,1,45,242,73,1430,168,Mobile,Australia
USR011015,31.4,2.8,4.3,27.0,20.9,80.6,149,42,55,375,61,2686,204,Mobile,UK
USR011016,49.7,2.7,2.9,4.1,18.1,34.6,51,40,57,373,97,2962,151,Mobile,India
USR011017,10.9,1.6,3.9,15.7,13.3,33.1,302,2,30,314,75,1935,238,Tablet,Japan
USR011018,58.1,0.8,3.9,29.2,8.0,27.3,118,31,23,299,28,2632,228,Mobile,Australia
USR011019,23.0,8.3,4.3,33.9,8.1,98.2,120,31,39,185,50,321,319,Mobile,Australia
USR011020,199.9,3.8,5.4,29.8,7.0,55.7,195,8,90,14,98,1935,306,Mobile,Japan
USR011021,115.1,3.7,2.9,27.2,18.3,87.4,240,21,7,428,48,2009,163,Mobile,UK
USR011022,114.3,2.3,0.6,22.4,9.3,71.1,302,17,6,135,98,410,126,Mobile,Germany
USR011023,37.8,10.7,0.4,82.6,16.9,63.8,90,41,65,396,55,615,70,Tablet,Australia
USR011024,49.3,1.4,5.1,57.8,3.6,29.6,968,18,99,407,11,1177,46,Mobile,Brazil
USR011025,41.9,4.0,0.2,7.7,0.5,83.4,41,42,88,0,85,434,162,Mobile,Brazil
USR011026,66.8,12.9,1.5,32.1,16.9,96.9,235,19,58,235,48,3021,83,Mobile,Japan
USR011027,98.5,15.2,3.5,60.0,2.7,72.8,770,17,1,127,52,1754,90,Mobile,Germany
USR011028,12.2,0.9,8.6,64.6,5.1,92.1,140,7,15,59,88,194,84,Mobile,Australia
USR011029,73.9,0.6,8.3,31.6,22.8,38.5,209,36,90,13,48,2838,110,Mobile,USA
USR011030,249.6,8.2,3.4,20.6,2.6,28.2,323,2,9,342,14,802,218,Tablet,USA
USR011031,3.3,7.3,14.5,50.6,7.7,86.2,14,27,27,425,29,2798,349,Desktop,USA
USR011032,10.4,13.8,4.4,31.7,2.5,52.4,7,44,69,446,0,2031,44,Mobile,UK
USR011033,111.1,0.2,16.3,74.9,4.6,45.7,17,8,11,385,89,3527,141,Tablet,USA
USR011034,129.9,1.7,13.1,2.6,14.0,27.5,15,44,29,172,28,852,5,Mobile,Brazil
USR011035,73.2,8.7,12.2,52.3,1.7,86.8,16,38,89,358,19,1910,358,Mobile,Germany
USR011036,108.8,3.4,9.9,5.2,1.8,47.6,119,32,79,38,39,2369,212,Tablet,India
USR011037,24.4,2.2,0.1,130.6,1.8,28.1,1,32,72,56,33,277,274,Mobile,Japan
USR011038,1.0,1.7,0.5,53.0,6.9,60.8,85,36,74,489,49,1567,53,Mobile,UK
USR011039,105.4,8.1,3.5,34.7,4.3,29.9,171,32,10,361,99,644,250,Tablet,Australia
USR011040,19.1,13.6,1.2,6.2,6.0,37.7,38,1,61,185,99,693,69,Mobile,Australia
USR011041,14.2,0.9,23.8,172.7,0.3,33.5,16,46,30,364,21,2785,277,Desktop,India
USR011042,13.9,9.2,3.1,33.7,3.8,69.9,239,43,20,386,72,2255,297,Desktop,India
USR011043,137.1,5.1,5.2,8.5,11.8,29.8,285,20,11,283,74,439,102,Desktop,India
USR011044,62.5,3.9,1.6,22.6,8.0,60.1,767,22,17,192,17,796,255,Mobile,Brazil
USR011045,28.5,0.1,3.2,67.5,6.1,28.2,9,3,45,305,27,2581,321,Mobile,UK
USR011046,1.2,6.6,5.5,5.2,37.1,52.5,441,12,6,96,74,393,216,Mobile,Brazil
USR011047,20.9,1.1,10.8,132.9,6.0,80.9,267,12,30,112,61,2021,134,Mobile,Australia
USR011048,32.9,4.1,18.9,5.6,8.8,54.8,33,25,79,122,73,1308,7,Mobile,India
USR011049,218.7,5.4,2.4,2.1,14.2,89.2,64,46,55,110,68,1382,358,Mobile,USA
USR011050,16.5,2.6,2.7,20.6,0.6,75.7,94,41,44,426,37,1599,158,Mobile,UK
USR011051,35.6,0.6,7.1,90.8,5.3,80.3,681,19,54,411,1,2257,72,Mobile,Germany
USR011052,66.5,11.3,21.3,14.3,9.4,27.6,41,48,24,251,10,2125,48,Mobile,India
USR011053,36.7,3.5,14.8,57.5,1.6,29.7,67,27,83,207,39,1743,76,Mobile,Australia
USR011054,64.8,9.4,8.6,47.3,2.3,77.2,167,33,52,315,97,1002,39,Tablet,Brazil
USR011055,141.1,1.5,3.8,75.7,4.6,55.3,348,30,17,196,64,2581,7,Mobile,UK
USR011056,85.1,2.1,11.6,73.9,2.1,51.7,325,8,12,68,5,2963,85,Mobile,UK
USR011057,61.8,14.9,5.4,117.0,44.5,27.6,537,35,53,141,9,2160,182,Desktop,USA
USR011058,18.6,2.3,5.3,61.2,10.6,94.4,354,36,12,157,38,3626,31,Mobile,Brazil
USR011059,59.5,2.7,16.8,3.6,8.8,46.3,400,20,4,46,61,1267,223,Mobile,USA
USR011060,16.2,1.0,3.4,22.0,32.0,50.4,67,9,4,439,65,286,169,Desktop,USA
USR011061,19.8,2.6,3.5,60.8,11.3,59.8,62,22,97,454,71,3002,264,Mobile,UK
USR011062,4.4,20.1,10.3,94.8,9.0,47.4,34,11,18,377,89,2333,235,Mobile,Japan
USR011063,57.4,1.5,24.9,113.5,16.2,44.3,140,34,92,281,34,2555,8,Tablet,Japan
USR011064,100.6,0.3,11.2,21.7,1.9,74.4,42,16,80,224,90,1721,258,Mobile,Brazil
USR011065,40.0,4.3,3.4,113.0,5.2,55.4,1024,11,64,263,91,2456,104,Mobile,Germany
USR011066,50.8,1.2,4.4,19.6,3.4,45.4,95,20,95,192,11,321,22,Mobile,Brazil
USR011067,112.1,3.2,55.3,10.2,3.7,51.2,333,8,97,343,50,2407,16,Desktop,Australia
USR011068,164.1,6.0,2.7,34.4,4.9,72.3,237,40,5,243,58,1701,177,Desktop,India
USR011069,22.5,1.8,2.5,27.5,19.1,24.4,412,46,4,498,24,3029,311,Mobile,India
USR011070,64.3,13.9,9.0,1.2,1.9,59.0,16,37,91,104,95,1140,316,Mobile,Australia
USR011071,42.7,5.8,2.4,25.7,8.2,73.4,233,3,19,51,2,663,212,Mobile,India
USR011072,31.1,5.2,2.6,44.2,6.4,53.4,651,8,77,110,42,815,285,Mobile,Australia
USR011073,38.3,3.8,9.1,47.9,9.0,91.0,347,13,70,467,92,3551,238,Mobile,Australia
USR011074,34.1,3.6,7.7,19.1,9.9,29.0,621,38,57,282,6,3628,159,Mobile,Australia
USR011075,13.4,3.3,1.0,66.0,6.9,83.3,163,7,29,57,42,532,268,Tablet,Germany
USR011076,95.7,0.8,16.5,3.7,8.3,25.0,364,37,95,163,18,3051,65,Tablet,Germany
USR011077,81.7,1.8,4.3,36.5,15.8,86.1,392,10,51,219,77,2088,194,Mobile,India
USR011078,92.7,7.8,0.7,6.4,12.0,21.4,211,48,84,446,47,2125,173,Desktop,Australia
USR011079,25.7,0.0,0.1,92.6,13.9,40.0,447,49,40,371,39,1958,359,Mobile,Japan
USR011080,52.8,10.0,0.6,21.4,7.5,37.0,9,5,68,237,2,53,71,Tablet,Brazil
USR011081,97.2,12.1,3.4,185.0,18.1,69.5,89,25,54,136,14,165,117,Mobile,USA
USR011082,55.3,1.0,0.3,8.3,18.4,45.6,337,23,80,368,22,1243,140,Desktop,Germany
USR011083,1.0,15.6,1.0,87.1,3.9,80.1,228,36,60,213,61,1505,48,Desktop,USA
USR011084,78.4,1.6,2.7,18.2,14.4,94.9,147,39,51,91,40,1679,70,Mobile,Germany
USR011085,53.4,9.0,3.0,3.7,13.0,56.9,316,9,66,330,64,1844,153,Mobile,Australia
USR011086,10.7,6.6,7.2,107.2,15.0,27.0,193,13,69,362,24,649,333,Desktop,UK
USR011087,58.0,5.0,13.7,59.6,2.5,34.7,1,7,62,203,89,2835,13,Mobile,Japan
USR011088,81.3,3.0,0.2,14.8,37.5,55.5,594,32,90,44,95,3330,205,Mobile,USA
USR011089,8.8,11.6,7.3,16.1,4.9,89.7,664,22,52,488,64,2916,138,Mobile,India
USR011090,3.0,14.4,3.3,227.8,3.1,49.7,317,38,66,418,34,1815,115,Mobile,India
USR011091,51.6,4.0,1.4,70.6,1.2,87.2,56,40,93,396,25,2467,46,Desktop,Brazil
USR011092,55.9,17.5,18.6,16.8,8.9,70.4,152,14,34,140,66,772,268,Tablet,Germany
USR011093,40.6,10.5,9.6,210.1,15.9,79.4,471,38,74,470,60,143,270,Mobile,USA
USR011094,31.1,0.8,3.7,3.7,7.1,48.6,26,33,7,28,62,1384,86,Mobile,India
USR011095,307.5,4.9,3.3,49.1,34.6,75.8,159,23,14,474,71,911,163,Mobile,USA
USR011096,59.0,5.6,1.0,1.8,20.3,68.6,116,16,98,69,74,2525,256,Mobile,Brazil
USR011097,74.0,4.1,5.9,9.5,1.3,90.3,282,38,53,433,77,527,192,Mobile,UK
USR011098,30.8,12.8,21.3,81.8,5.8,74.7,34,46,75,142,99,957,245,Mobile,USA
USR011099,132.1,1.0,2.9,68.2,0.9,68.0,217,18,99,457,7,2435,334,Mobile,Germany
USR011100,129.5,0.3,0.4,12.2,11.2,69.5,230,24,63,334,44,585,285,Mobile,UK
USR011101,4.8,18.3,13.3,99.0,2.8,61.4,31,4,89,83,19,2857,17,Mobile,USA
USR011102,49.7,2.9,12.2,52.2,7.8,51.7,259,47,65,466,66,1649,19,Desktop,Brazil
USR011103,48.3,0.2,8.1,89.1,10.3,53.4,1,2,56,266,5,1783,87,Mobile,UK
USR011104,131.7,5.2,3.4,7.5,0.2,54.1,281,47,16,128,89,3011,139,Mobile,UK
USR011105,39.2,8.0,3.2,13.0,35.8,55.1,85,19,31,368,31,3398,202,Tablet,Germany
USR011106,123.6,1.8,12.0,84.9,5.6,65.3,29,3,65,159,71,1103,349,Mobile,USA
USR011107,51.2,2.8,0.2,18.2,24.8,43.4,317,11,47,355,75,2335,269,Mobile,UK
USR011108,210.9,3.7,13.2,45.9,4.3,98.3,126,14,88,155,47,3014,12,Mobile,Australia
USR011109,92.5,1.0,4.1,4.0,0.4,22.3,133,25,64,241,26,243,345,Mobile,Japan
USR011110,248.2,2.7,1.0,12.1,8.3,58.8,17,22,9,444,17,2245,294,Mobile,Australia
USR011111,23.3,0.4,2.0,17.1,27.2,81.6,413,38,4,30,15,3020,62,Mobile,Australia
USR011112,37.6,5.6,8.4,13.8,7.8,26.8,203,37,31,398,48,1320,122,Desktop,Japan
USR011113,21.2,3.9,5.8,96.7,2.8,50.9,738,24,26,378,40,638,344,Mobile,UK
USR011114,56.1,1.6,17.4,82.6,10.5,83.6,94,42,37,171,76,2942,80,Mobile,India
USR011115,107.8,2.8,0.7,6.3,43.5,71.9,328,31,99,270,23,100,186,Desktop,Australia
USR011116,38.0,0.4,2.9,16.3,18.8,91.8,386,32,35,465,65,794,237,Desktop,UK
USR011117,32.6,0.0,4.2,1.7,10.7,23.5,69,8,13,424,68,795,27,Mobile,Germany
USR011118,111.6,1.4,25.1,14.6,0.6,41.6,159,46,42,297,25,1921,92,Desktop,USA
USR011119,47.3,2.9,0.7,46.4,35.4,34.9,35,17,82,182,85,3068,164,Desktop,Brazil
USR011120,4.6,8.1,7.5,50.2,4.0,41.4,111,17,11,494,29,2526,227,Mobile,Brazil
USR011121,58.6,0.7,2.8,12.5,19.6,90.4,254,39,20,377,64,312,175,Mobile,Germany
USR011122,17.9,1.1,10.1,6.1,9.4,97.8,211,29,34,239,94,879,23,Mobile,USA
USR011123,71.9,0.2,1.2,24.8,5.8,41.9,430,30,91,410,14,2504,143,Desktop,Germany
USR011124,101.9,3.2,3.6,10.6,3.8,28.6,52,19,34,279,9,1173,192,Mobile,Germany
USR011125,85.4,7.4,9.5,27.8,24.1,56.8,2,25,92,272,74,1116,148,Mobile,UK
USR011126,4.4,10.8,1.1,2.3,1.3,95.3,101,0,73,218,73,2415,81,Desktop,India
USR011127,75.3,0.7,9.5,35.8,3.3,84.3,510,24,62,230,17,3572,158,Mobile,USA
USR011128,102.5,7.8,0.8,19.8,5.6,50.5,63,16,26,11,92,577,331,Mobile,Australia
USR011129,27.7,5.3,6.3,178.0,1.3,82.8,23,21,43,410,81,2823,244,Mobile,USA
USR011130,38.0,5.8,39.4,22.5,19.2,97.5,449,39,12,104,34,217,53,Desktop,India
USR011131,55.3,3.8,3.2,189.6,13.8,81.6,173,34,96,120,87,2102,59,Mobile,Brazil
USR011132,58.6,7.8,0.2,47.7,17.2,36.4,517,25,36,94,3,3098,80,Mobile,Australia
USR011133,19.0,5.2,5.3,114.2,28.0,72.1,85,17,80,384,13,1980,102,Mobile,Japan
USR011134,5.6,2.8,0.5,15.4,15.5,98.6,16,24,60,392,91,2859,157,Mobile,UK
USR011135,118.4,6.1,24.0,30.8,13.1,32.0,213,36,23,93,78,3278,236,Mobile,Australia
USR011136,43.7,5.4,2.6,3.8,3.4,34.5,333,31,44,304,36,3498,188,Mobile,UK
USR011137,30.1,0.5,5.9,32.7,20.4,41.4,15,16,8,131,74,3453,184,Desktop,Germany
USR011138,18.7,5.8,14.7,2.1,12.9,71.0,437,2,65,332,4,1923,140,Tablet,Australia
USR011139,14.2,2.9,5.3,11.4,7.9,29.3,158,38,77,226,14,1432,171,Mobile,Australia
USR011140,4.7,2.3,16.7,0.3,13.6,49.2,133,46,53,116,94,2676,14,Mobile,Germany
USR011141,4.1,0.1,11.8,21.9,4.9,96.6,316,17,17,30,38,518,50,Tablet,Germany
USR011142,27.6,0.8,6.2,41.1,8.5,40.8,101,8,36,271,31,2470,14,Mobile,Japan
USR011143,20.4,1.2,45.7,43.9,6.6,98.5,233,20,30,167,51,768,243,Mobile,India
USR011144,40.9,1.5,1.5,271.2,1.0,29.3,217,14,31,216,70,3195,73,Desktop,Germany
USR011145,71.1,5.7,1.2,3.1,43.7,40.2,165,16,74,235,78,1431,133,Mobile,India
USR011146,143.7,5.5,0.7,2.7,9.6,32.7,14,18,63,476,34,2263,19,Desktop,Brazil
USR011147,109.6,2.6,0.0,10.8,35.4,42.6,27,14,39,407,64,2532,222,Mobile,USA
USR011148,88.3,6.4,4.2,27.1,15.5,79.4,171,39,86,405,33,806,114,Mobile,Brazil
USR011149,13.7,0.2,12.9,67.0,0.3,73.7,323,19,24,122,50,912,254,Mobile,India
USR011150,48.1,8.0,4.3,55.2,6.8,54.5,323,6,64,489,32,962,115,Desktop,Japan
USR011151,160.2,6.4,9.2,54.7,12.0,97.4,141,24,23,162,92,1623,179,Mobile,USA
USR011152,67.4,1.0,1.6,27.0,10.7,28.2,145,13,66,50,48,1081,165,Desktop,Australia
USR011153,227.6,1.7,2.2,24.4,15.6,68.4,134,13,2,59,19,1348,362,Desktop,Japan
USR011154,64.3,5.9,12.0,55.5,16.3,56.8,1008,44,69,172,9,2776,254,Desktop,UK
USR011155,24.8,2.3,10.9,223.8,4.1,77.0,389,27,77,341,46,2635,302,Mobile,India
USR011156,152.9,5.8,3.4,62.1,12.1,64.6,154,35,71,355,23,3468,144,Mobile,Brazil
USR011157,44.3,0.6,1.2,10.9,5.7,35.2,99,29,94,8,55,1132,259,Desktop,Germany
USR011158,16.0,5.8,16.0,35.3,4.0,34.8,4,40,8,320,62,764,72,Mobile,Germany
USR011159,12.1,1.6,9.1,7.3,15.8,77.9,175,10,89,95,20,1087,161,Mobile,Australia
USR011160,1.0,9.0,12.7,14.9,2.7,51.3,676,41,91,121,0,1804,166,Mobile,India
USR011161,25.3,0.9,1.0,0.0,22.0,45.8,28,19,69,405,65,3064,43,Mobile,Germany
USR011162,221.1,2.0,0.6,151.7,6.9,25.6,57,11,14,495,84,42,270,Desktop,India
USR011163,3.4,3.2,8.4,25.0,13.9,54.9,317,44,5,439,32,547,272,Desktop,Germany
USR011164,47.8,2.9,11.2,119.7,2.3,89.6,142,14,14,216,72,1781,154,Mobile,Australia
USR011165,66.7,8.5,1.3,17.5,0.7,55.5,132,7,21,288,60,1385,5,Desktop,Germany
USR011166,85.1,0.2,2.3,55.1,11.3,88.0,76,47,86,70,42,1157,32,Mobile,Australia
USR011167,63.4,1.4,1.2,36.1,8.8,53.3,720,24,95,267,55,1889,327,Mobile,Japan
USR011168,195.4,2.0,5.9,27.0,0.8,60.2,57,33,29,470,68,3097,232,Mobile,USA
USR011169,35.0,2.5,1.4,85.3,4.1,78.0,8,28,0,71,80,719,55,Desktop,Brazil
USR011170,105.5,0.3,2.8,21.2,7.8,85.7,163,41,0,340,96,1436,310,Mobile,India
USR011171,43.0,3.7,4.0,95.0,5.5,43.9,271,10,8,282,14,980,46,Tablet,Japan
USR011172,39.4,8.1,4.1,107.7,5.4,35.5,210,43,94,452,20,2439,232,Mobile,Australia
USR011173,69.4,4.9,4.2,46.3,17.1,60.0,0,3,73,330,28,995,45,Mobile,Germany
USR011174,72.9,0.1,22.6,145.1,1.6,85.9,77,41,23,10,87,1902,139,Mobile,UK
USR011175,3.7,3.6,1.7,46.4,1.0,44.1,17,36,42,86,50,127,60,Mobile,USA
USR011176,56.8,1.2,5.8,1.6,0.1,38.3,33,39,1,409,14,3171,133,Mobile,Brazil
USR011177,102.9,5.7,3.4,43.5,0.2,24.9,290,34,31,23,47,3165,162,Mobile,UK
USR011178,175.5,5.0,0.1,21.7,12.2,22.8,513,16,9,92,64,2940,343,Desktop,Germany
USR011179,5.4,12.3,0.0,78.2,6.5,60.9,133,17,69,19,22,252,95,Desktop,Brazil
USR011180,47.4,2.0,5.0,74.0,12.9,53.1,60,2,92,337,88,1667,90,Mobile,Germany
USR011181,43.8,2.5,1.0,4.3,6.7,77.5,203,41,79,96,95,1184,78,Desktop,UK
USR011182,45.1,13.0,38.6,26.9,20.5,97.6,86,40,8,484,91,147,316,Mobile,USA
USR011183,31.4,0.8,0.1,184.6,5.7,92.0,249,18,5,499,90,919,186,Mobile,Japan
USR011184,7.8,0.5,6.3,26.0,25.5,20.8,158,30,47,123,50,623,121,Mobile,Brazil
USR011185,40.1,1.3,7.8,169.7,0.2,91.7,158,1,8,17,30,116,65,Tablet,Germany
USR011186,13.2,7.8,3.8,23.8,42.3,89.0,173,5,64,471,60,1291,196,Tablet,Australia
USR011187,22.6,1.2,8.5,51.7,1.4,72.2,224,44,16,191,65,1754,14,Tablet,India
USR011188,5.0,1.0,32.0,12.6,1.7,81.9,39,39,73,134,60,1096,14,Mobile,India
USR011189,34.6,3.8,4.8,60.3,16.1,27.0,368,35,42,189,4,3396,201,Desktop,Brazil
USR011190,110.7,8.0,5.4,24.9,17.6,54.7,422,34,80,353,3,1877,195,Mobile,Japan
USR011191,45.0,0.9,2.9,13.0,39.5,80.5,1,11,59,373,67,2017,270,Desktop,UK
USR011192,45.2,1.1,2.7,11.6,6.9,53.1,78,11,47,392,96,2231,201,Mobile,Australia
USR011193,22.8,6.4,11.1,9.8,33.4,73.0,114,6,59,147,50,729,56,Mobile,USA
USR011194,154.6,4.4,9.2,8.7,10.1,99.6,345,27,46,419,2,1884,106,Mobile,India
USR011195,58.6,9.4,12.6,235.2,14.9,29.1,36,40,26,486,12,1597,231,Mobile,Australia
USR011196,27.8,4.0,5.5,87.9,3.9,92.2,254,24,71,366,16,863,112,Mobile,Japan
USR011197,62.5,2.8,5.3,10.5,25.7,64.8,78,24,8,188,9,1200,86,Mobile,Australia
USR011198,107.5,0.8,3.6,76.9,4.0,67.0,89,0,82,153,53,2019,179,Mobile,Brazil
USR011199,29.7,0.8,2.7,9.8,7.7,84.5,96,21,93,346,47,2184,250,Mobile,USA
USR011200,72.6,1.6,1.2,40.6,1.8,48.1,31,0,93,474,20,3109,268,Tablet,Germany
USR011201,30.1,11.4,2.5,33.5,8.7,28.8,356,0,37,117,41,3284,350,Tablet,USA
USR011202,49.4,2.5,0.7,84.3,0.9,40.0,111,39,51,57,60,2536,246,Mobile,Brazil
USR011203,50.7,0.9,1.7,102.2,1.4,84.5,145,36,8,286,77,1097,5,Tablet,USA
USR011204,60.0,1.2,3.2,2.1,6.8,93.3,112,23,22,91,96,511,75,Mobile,Australia
USR011205,16.7,0.3,9.9,70.1,17.8,66.6,93,20,17,133,52,1805,126,Tablet,UK
USR011206,3.6,4.2,14.7,73.9,15.5,90.1,17,21,16,445,54,2751,25,Mobile,USA
USR011207,47.6,8.3,16.6,77.3,13.5,25.1,122,1,2,297,24,1179,51,Tablet,Brazil
USR011208,102.3,8.7,3.6,0.1,5.5,45.4,58,31,97,177,20,1693,11,Mobile,Germany
USR011209,20.7,5.7,0.4,51.0,4.8,79.8,43,45,28,174,16,2346,322,Desktop,Germany
USR011210,193.9,0.3,0.2,16.7,11.0,27.5,16,37,72,28,46,1526,325,Tablet,Germany
USR011211,45.7,2.5,0.3,3.2,2.1,37.6,254,7,24,410,89,705,342,Mobile,Japan
USR011212,88.9,0.0,11.1,3.1,22.2,69.1,17,19,45,85,53,2659,350,Desktop,UK
USR011213,7.2,13.2,0.9,95.6,19.9,45.9,411,20,36,366,76,370,32,Mobile,India
USR011214,19.0,6.8,9.1,22.7,44.1,27.7,24,29,46,262,86,3207,203,Mobile,Germany
USR011215,36.0,2.2,2.7,9.4,1.2,70.1,155,31,49,64,50,2943,31,Desktop,Australia
USR011216,67.7,3.0,0.8,31.2,0.9,53.4,21,41,56,186,19,1592,278,Mobile,Brazil
USR011217,8.5,11.0,13.7,12.7,2.6,98.9,17,29,99,382,96,2437,281,Mobile,Japan
USR011218,16.5,5.0,19.9,1.5,1.5,72.3,162,4,16,315,34,1209,106,Desktop,UK
USR011219,4.9,0.3,4.4,32.4,0.7,25.6,155,41,94,212,81,1500,302,Tablet,UK
USR011220,64.3,4.5,5.1,15.5,31.2,68.9,167,10,88,492,92,1541,156,Mobile,Japan
USR011221,15.3,11.4,11.7,17.8,30.4,92.2,37,26,79,379,64,2368,292,Mobile,UK
USR011222,44.5,8.5,12.2,12.1,1.9,29.6,107,20,23,298,45,2322,191,Mobile,India
USR011223,55.3,4.8,2.1,215.2,2.2,90.0,101,24,1,160,89,2792,187,Mobile,Japan
USR011224,81.1,1.0,10.5,6.7,7.4,53.1,184,39,62,298,57,312,246,Mobile,Brazil
USR011225,84.2,0.6,26.7,61.5,11.7,44.8,165,32,30,122,0,173,226,Desktop,India
USR011226,50.8,0.3,10.1,11.1,6.1,51.2,52,37,55,21,62,3231,98,Mobile,USA
USR011227,101.9,1.9,4.1,14.1,24.4,21.5,603,47,78,282,53,758,244,Mobile,UK
USR011228,101.4,1.3,4.4,1.3,1.5,27.2,215,6,59,385,77,3044,297,Mobile,Germany
USR011229,82.0,0.4,8.9,16.0,1.7,35.5,158,15,80,210,32,3205,183,Mobile,India
USR011230,39.1,3.3,2.1,82.9,1.0,73.1,233,34,80,6,73,37,284,Mobile,USA
USR011231,156.1,7.6,17.0,35.2,3.3,47.3,87,16,38,481,33,186,244,Mobile,Australia
USR011232,40.0,0.8,1.9,30.2,16.5,38.0,753,23,77,419,97,1249,43,Mobile,USA
USR011233,50.8,11.3,0.4,5.8,15.6,90.2,391,45,50,234,33,3013,160,Mobile,Brazil
USR011234,173.8,1.1,1.9,6.0,10.9,75.7,76,26,13,390,1,1759,151,Mobile,USA
USR011235,67.6,4.6,22.3,24.6,7.0,23.4,83,24,77,481,64,2366,81,Desktop,Brazil
USR011236,23.1,7.7,2.8,6.5,1.9,91.7,93,19,41,412,21,1390,352,Mobile,UK
USR011237,42.8,1.7,0.6,7.3,16.1,50.3,192,44,61,220,87,2008,195,Mobile,India
USR011238,126.4,5.7,6.9,12.7,10.3,96.9,230,36,55,425,43,790,87,Desktop,India
USR011239,10.9,4.5,27.2,38.5,9.2,96.3,34,21,7,290,34,622,301,Desktop,Brazil
USR011240,20.3,7.2,8.3,0.9,1.5,25.9,28,25,31,385,44,167,182,Mobile,Brazil
USR011241,31.7,2.1,3.1,14.3,3.9,67.3,79,26,20,335,46,395,109,Desktop,USA
USR011242,33.8,2.6,5.7,3.7,0.8,85.4,425,45,46,360,54,1493,284,Desktop,Australia
USR011243,8.7,2.0,7.2,2.0,3.2,67.6,320,38,84,340,21,2693,229,Tablet,Germany
USR011244,62.6,3.5,6.2,17.5,0.0,77.8,52,11,62,210,30,3415,276,Desktop,UK
USR011245,167.0,16.2,4.7,124.9,2.9,59.4,35,48,33,475,49,732,137,Desktop,Brazil
USR011246,18.3,0.7,9.2,48.7,9.9,90.9,85,14,64,391,53,1445,177,Tablet,USA
USR011247,16.2,0.4,10.3,58.3,1.9,24.9,240,41,62,158,89,1506,294,Tablet,Australia
USR011248,24.0,0.7,2.2,160.6,43.2,72.7,310,1,75,4,39,820,295,Mobile,UK
USR011249,77.4,10.2,11.1,33.8,30.4,82.1,335,21,79,229,85,1053,127,Mobile,USA
USR011250,71.0,0.8,3.1,57.9,5.0,23.0,36,48,26,139,58,673,102,Mobile,Brazil
USR011251,124.0,6.2,3.1,7.3,0.4,94.9,156,7,85,376,14,52,148,Mobile,Brazil
USR011252,142.8,3.9,12.1,42.6,12.5,70.2,70,6,67,381,20,1464,287,Tablet,India
USR011253,40.7,2.7,10.1,5.5,0.1,37.8,295,46,28,36,14,1875,241,Mobile,USA
USR011254,81.3,2.4,6.0,6.6,11.8,40.6,311,7,86,465,77,2650,234,Mobile,Germany
USR011255,12.6,2.7,3.8,10.2,0.9,20.9,27,24,35,437,82,3533,223,Mobile,Australia
USR011256,20.0,2.9,0.3,3.2,2.2,29.9,7,10,16,176,18,78,134,Desktop,USA
USR011257,20.2,9.6,3.8,48.4,1.7,45.0,126,39,22,231,71,3022,195,Mobile,UK
USR011258,2.5,0.2,5.6,9.2,9.0,53.7,195,29,44,359,31,1000,7,Mobile,Brazil
USR011259,45.8,3.1,10.7,56.0,3.7,69.7,476,32,67,140,8,3071,290,Desktop,Germany
USR011260,210.2,1.8,8.9,35.9,1.1,57.8,139,21,94,200,20,3562,85,Mobile,Japan
USR011261,99.7,10.3,12.3,151.9,7.4,54.1,203,28,51,396,16,2434,362,Mobile,USA
USR011262,103.9,0.4,1.9,17.8,12.8,42.7,305,35,87,2,35,3499,313,Mobile,USA
USR011263,46.7,6.6,5.9,28.7,6.8,69.1,29,21,21,100,96,2562,326,Mobile,Brazil
USR011264,105.3,1.3,3.9,36.5,13.0,61.4,164,17,9,257,24,1662,119,Mobile,Brazil
USR011265,33.8,7.2,0.8,39.5,14.5,62.0,10,11,27,340,5,2601,8,Desktop,USA
USR011266,1.9,6.5,10.4,13.0,0.7,57.1,331,49,23,62,48,1122,209,Mobile,India
USR011267,132.0,3.2,12.6,18.2,7.7,64.3,460,17,39,27,86,3595,186,Mobile,Brazil
USR011268,70.6,8.0,4.7,3.3,16.5,75.6,289,4,89,225,18,2660,273,Mobile,India
USR011269,95.9,1.9,1.5,19.6,7.6,77.4,43,36,57,212,0,2184,65,Desktop,Japan
USR011270,15.4,3.0,15.6,23.9,0.8,68.6,169,38,30,171,7,215,228,Mobile,UK
USR011271,54.7,0.6,1.9,13.1,8.6,50.8,1,12,50,113,39,2800,234,Mobile,Brazil
USR011272,113.0,4.4,2.0,20.7,16.5,32.2,123,6,70,272,1,1648,45,Mobile,Japan
USR011273,6.0,0.0,11.4,42.2,14.3,41.7,31,24,5,254,21,274,339,Desktop,Japan
USR011274,44.5,2.4,0.4,128.5,28.1,61.2,75,16,8,306,59,1422,346,Mobile,Australia
USR011275,47.7,1.3,4.3,17.0,3.8,20.6,78,24,72,50,29,689,237,Mobile,Brazil
USR011276,15.6,1.8,11.3,57.0,11.8,48.4,50,14,2,151,69,2149,14,Tablet,USA
USR011277,24.3,9.9,2.8,27.2,7.1,52.1,21,10,30,158,1,898,207,Mobile,Australia
USR011278,18.2,0.1,21.2,34.1,0.2,35.7,27,19,63,132,61,1899,259,Desktop,Australia
USR011279,241.3,17.3,7.7,191.7,10.1,20.4,691,10,3,359,48,1962,107,Mobile,Brazil
USR011280,15.2,3.8,2.5,94.7,2.0,23.7,87,37,87,218,38,2301,14,Mobile,USA
USR011281,17.1,2.1,2.3,10.3,4.9,20.6,282,34,50,286,65,447,240,Mobile,UK
USR011282,40.1,0.7,5.7,15.2,1.1,65.9,41,16,32,237,72,3479,31,Mobile,Australia
USR011283,45.4,12.6,2.6,4.7,12.5,87.4,196,33,2,141,23,2897,270,Mobile,Australia
USR011284,21.4,10.1,13.2,93.1,7.1,52.8,87,16,25,155,92,2970,28,Mobile,Brazil
USR011285,21.2,9.6,4.8,12.1,2.2,61.5,171,43,16,147,42,2717,273,Mobile,Brazil
USR011286,23.4,6.0,0.9,35.3,4.3,64.4,312,30,96,305,97,1053,76,Desktop,UK
USR011287,14.6,1.8,5.7,52.9,13.7,44.5,693,21,54,381,11,2630,355,Mobile,Australia
USR011288,5.6,1.8,2.3,7.8,8.1,84.4,146,42,73,437,43,1549,261,Mobile,Australia
USR011289,133.5,1.6,17.7,55.6,4.0,84.8,5,23,13,354,82,1665,290,Mobile,Australia
USR011290,101.1,2.6,3.0,13.5,0.2,86.2,570,2,99,258,39,3526,112,Mobile,USA
USR011291,53.8,3.3,15.7,9.7,9.7,87.4,113,22,20,267,39,2811,288,Mobile,Germany
USR011292,35.2,5.8,6.3,39.3,17.1,23.4,4,0,34,316,50,518,97,Mobile,Germany
USR011293,24.9,1.0,12.5,23.1,10.3,89.6,444,17,75,457,46,2449,188,Desktop,Australia
USR011294,80.5,11.4,4.4,28.6,4.3,21.0,206,46,9,295,89,1849,204,Mobile,USA
USR011295,28.3,1.6,7.5,109.6,3.5,37.3,49,22,5,143,82,2835,2,Desktop,Japan
USR011296,54.8,15.4,7.2,6.7,5.1,78.4,700,49,35,154,26,3329,229,Mobile,Brazil
USR011297,45.1,1.0,8.7,30.5,0.8,86.3,251,2,40,139,56,2333,147,Mobile,Germany
USR011298,38.1,2.5,18.4,1.2,1.0,77.1,53,22,86,354,27,3296,119,Mobile,UK
USR011299,158.2,0.2,2.5,57.1,8.9,41.3,521,6,93,427,16,372,236,Mobile,India
USR011300,65.8,4.0,10.6,34.2,11.3,86.6,11,5,68,23,16,2798,10,Mobile,Japan
USR011301,56.8,3.7,8.9,1.6,2.0,59.9,79,42,84,352,45,1031,169,Tablet,Australia
USR011302,1.5,3.5,2.8,18.7,20.9,21.8,26,30,65,258,22,645,274,Mobile,USA
USR011303,25.2,3.4,1.1,27.1,4.8,46.9,3,3,97,236,52,261,104,Desktop,Australia
USR011304,23.8,7.8,14.0,8.4,0.7,88.1,884,35,11,54,81,1682,144,Desktop,UK
USR011305,150.7,1.5,2.8,48.0,0.3,30.1,362,21,48,241,40,3112,182,Desktop,USA
USR011306,187.6,5.3,10.5,111.4,8.3,20.9,239,27,64,122,94,1770,326,Desktop,UK
USR011307,63.1,0.6,5.9,224.9,5.1,66.7,505,35,23,425,48,2405,66,Desktop,India
USR011308,20.8,5.6,2.7,46.1,6.7,47.9,0,29,74,286,65,2010,176,Desktop,Germany
USR011309,51.9,5.1,0.2,3.7,11.6,98.0,0,2,81,230,18,574,319,Mobile,UK
USR011310,3.3,1.0,11.9,8.2,3.7,73.8,22,46,86,466,10,414,182,Mobile,Australia
USR011311,1.0,4.9,5.8,109.9,1.3,42.7,10,13,33,247,88,2223,82,Tablet,Japan
USR011312,45.5,9.1,19.8,17.3,9.9,20.6,86,22,47,34,9,3049,275,Tablet,Japan
USR011313,108.4,0.9,3.9,29.2,0.2,61.1,99,4,49,50,55,1158,194,Mobile,USA
USR011314,270.6,5.1,5.9,76.7,21.1,59.7,121,1,66,162,33,538,65,Tablet,USA
USR011315,72.4,2.9,14.9,5.9,2.8,23.6,106,23,48,100,52,2432,15,Tablet,UK
USR011316,25.6,6.4,4.3,5.5,4.2,33.1,162,30,1,232,18,627,66,Mobile,Japan
USR011317,211.8,12.9,2.6,8.7,7.6,59.3,281,29,71,207,75,1197,363,Mobile,USA
USR011318,39.7,5.0,2.8,13.9,3.7,50.2,102,48,94,278,15,3163,93,Desktop,Japan
USR011319,16.8,5.4,4.3,190.9,9.5,43.3,65,9,66,101,15,2475,88,Mobile,UK
USR011320,60.3,2.5,0.8,51.4,24.8,84.4,8,9,63,414,73,3012,344,Mobile,Germany
USR011321,11.6,1.6,3.6,135.9,1.0,22.6,213,11,77,469,99,1728,84,Mobile,India
USR011322,23.6,3.9,2.3,42.2,14.9,52.7,51,7,20,11,57,876,351,Desktop,India
USR011323,44.9,5.7,16.5,67.6,11.2,76.1,622,19,61,253,77,3645,271,Mobile,Japan
USR011324,1.0,2.0,1.7,57.5,4.1,82.6,46,23,13,307,89,2342,285,Mobile,Australia
USR011325,12.6,2.4,3.0,101.0,0.2,45.0,178,49,35,89,72,494,165,Mobile,USA
USR011326,10.2,4.7,3.2,15.0,2.2,79.8,10,31,84,279,74,1725,22,Mobile,Brazil
USR011327,10.9,3.4,14.0,51.4,0.3,50.9,115,16,76,114,20,1485,131,Mobile,Australia
USR011328,81.2,0.8,2.5,22.6,14.3,28.3,629,16,25,293,13,2667,293,Mobile,India
USR011329,33.6,4.6,4.1,44.6,0.0,57.5,444,31,94,448,78,3572,253,Mobile,Brazil
USR011330,133.5,0.7,0.6,57.1,7.6,88.5,15,49,18,374,50,1690,121,Desktop,Brazil
USR011331,48.5,0.0,2.0,5.5,13.9,53.1,580,6,21,479,68,3239,173,Mobile,Japan
USR011332,73.2,0.2,0.5,31.6,10.5,59.1,75,44,78,28,30,1215,142,Desktop,Brazil
USR011333,198.7,4.6,5.3,29.4,4.8,91.4,237,7,32,262,11,3485,181,Tablet,Japan
USR011334,48.9,2.4,0.1,213.2,5.8,65.4,422,14,91,221,40,1272,297,Mobile,UK
USR011335,62.1,6.4,2.6,80.7,2.3,28.0,80,13,87,9,56,885,54,Mobile,Japan
USR011336,27.6,2.0,25.5,201.8,4.1,30.8,227,41,53,372,68,971,145,Mobile,Brazil
USR011337,17.5,5.1,1.4,9.3,21.5,44.2,83,15,68,1,54,3078,284,Mobile,Germany
USR011338,116.0,4.5,0.1,46.7,5.7,24.4,245,42,87,1,39,1873,270,Mobile,India
USR011339,115.0,7.5,5.7,58.5,17.0,23.2,61,15,58,258,81,2036,228,Desktop,Australia
USR011340,94.7,13.0,12.5,14.7,1.3,25.1,2,14,11,252,42,372,215,Mobile,Brazil
USR011341,30.4,27.3,9.8,207.6,10.6,63.4,90,21,93,22,75,1859,254,Mobile,Germany
USR011342,158.8,5.9,2.8,65.7,0.9,34.1,307,0,92,445,11,550,318,Mobile,Germany
USR011343,13.0,0.2,1.2,61.6,26.9,28.4,58,41,11,458,66,43,349,Mobile,Brazil
USR011344,82.3,3.1,2.0,9.5,7.9,89.2,60,32,96,109,49,1527,15,Tablet,Brazil
USR011345,20.8,0.2,3.2,32.0,17.7,50.9,29,3,41,270,70,751,198,Mobile,USA
USR011346,85.2,0.7,4.2,29.4,0.1,84.0,235,22,93,92,10,2713,144,Mobile,Australia
USR011347,72.6,0.1,1.6,41.9,5.1,45.5,205,24,70,404,87,1734,68,Mobile,UK
USR011348,4.7,7.8,9.1,6.1,1.7,48.1,82,42,85,379,43,2541,31,Tablet,UK
USR011349,26.5,8.1,2.6,54.4,28.3,69.3,90,25,3,219,55,227,168,Mobile,India
USR011350,140.0,1.1,7.9,66.0,16.1,33.0,136,30,79,218,98,616,42,Desktop,UK
USR011351,124.2,1.9,12.2,45.2,5.1,57.0,147,31,77,278,4,195,136,Mobile,USA
USR011352,1.0,6.2,1.5,177.1,1.8,68.6,105,29,73,36,17,1915,228,Mobile,Australia
USR011353,169.2,1.5,5.7,40.0,7.7,23.1,5,36,80,259,5,2600,307,Mobile,Japan
USR011354,20.8,5.4,5.2,84.7,12.6,55.7,156,33,85,314,22,3574,146,Tablet,Australia
USR011355,4.3,3.9,1.8,41.0,16.7,82.9,153,49,3,39,24,469,124,Tablet,Australia
USR011356,10.4,17.4,6.3,7.5,2.9,43.5,152,1,22,120,13,2430,96,Mobile,India
USR011357,123.7,3.4,2.1,67.1,6.8,32.7,334,11,71,371,65,372,234,Mobile,India
USR011358,27.5,10.8,0.6,50.3,3.2,62.2,640,44,9,145,60,1268,56,Mobile,UK
USR011359,52.5,0.7,2.3,17.3,1.6,48.5,104,21,27,363,45,2768,222,Mobile,Japan
USR011360,101.4,2.8,0.2,24.7,3.5,52.9,155,38,51,153,83,2118,259,Mobile,Germany
USR011361,28.1,1.9,3.9,8.7,0.9,24.1,178,39,41,294,67,3293,352,Mobile,USA
USR011362,60.8,1.7,0.7,51.8,3.5,86.5,11,49,13,235,9,1411,56,Mobile,USA
USR011363,9.0,2.6,0.4,73.6,6.9,98.3,290,19,66,156,85,313,40,Tablet,India
USR011364,23.3,1.6,4.5,169.1,6.8,60.6,646,17,20,258,96,126,251,Mobile,Australia
USR011365,31.3,2.9,11.3,9.4,7.4,55.1,69,37,7,339,77,82,73,Mobile,India
USR011366,22.2,5.0,0.0,102.7,3.0,32.5,81,46,46,384,75,1707,63,Mobile,UK
USR011367,10.3,6.5,6.6,60.3,2.3,50.4,203,11,60,440,94,688,106,Mobile,Brazil
USR011368,22.4,8.5,29.1,55.0,7.8,64.3,676,38,90,264,47,2749,4,Mobile,UK
USR011369,21.4,9.0,7.0,7.3,1.4,88.8,2,35,91,234,90,2557,176,Mobile,Japan
USR011370,28.7,0.2,11.8,19.5,2.3,93.0,94,6,7,185,34,2751,138,Desktop,USA
USR011371,48.1,6.4,8.0,77.2,7.0,25.4,27,10,28,474,23,2354,146,Mobile,USA
USR011372,34.3,0.1,2.9,67.0,0.8,99.7,222,40,4,489,16,1173,0,Desktop,Brazil
USR011373,178.6,1.1,9.3,16.6,12.1,79.6,76,26,10,489,17,2408,293,Mobile,Brazil
USR011374,29.4,13.1,6.8,69.0,19.0,99.3,59,37,10,8,31,548,313,Desktop,India
USR011375,95.8,1.6,0.1,39.8,4.0,36.6,50,15,13,354,97,245,360,Mobile,India
USR011376,67.5,6.8,3.3,25.1,4.2,60.5,276,33,64,492,30,1737,31,Desktop,India
USR011377,271.6,6.0,0.1,14.3,1.7,44.3,229,11,43,372,19,1848,283,Mobile,Germany
USR011378,31.3,5.1,3.9,68.7,0.1,62.0,265,15,40,175,62,3173,39,Tablet,Germany
USR011379,23.7,4.6,4.1,103.3,13.7,36.8,12,30,2,374,21,2961,87,Mobile,Brazil
USR011380,10.9,1.4,12.1,15.7,10.7,24.4,294,21,90,147,24,2495,22,Mobile,Australia
USR011381,72.2,0.2,7.7,115.8,3.5,26.6,326,15,5,257,23,413,180,Mobile,Brazil
USR011382,47.5,1.9,0.7,5.0,25.9,65.3,212,40,3,196,78,712,235,Desktop,USA
USR011383,54.5,4.0,3.8,17.4,9.9,71.5,673,11,72,169,99,2767,219,Mobile,Germany
USR011384,78.5,2.1,26.8,10.1,12.3,70.0,43,14,26,301,75,3475,199,Desktop,USA
USR011385,13.6,4.9,12.2,9.7,6.4,81.8,93,8,68,212,14,2275,144,Mobile,Japan
USR011386,70.6,4.6,7.3,13.2,12.5,85.3,236,27,56,494,60,1680,119,Mobile,India
USR011387,3.7,0.5,0.2,3.0,0.8,31.5,192,7,45,331,84,3636,274,Mobile,Australia
USR011388,25.7,10.2,2.9,11.9,2.1,65.3,62,26,73,246,51,33,214,Mobile,UK
USR011389,33.3,0.7,4.1,2.5,15.3,100.0,289,32,79,90,30,3027,268,Mobile,India
USR011390,81.0,2.5,10.3,25.9,1.0,25.9,104,8,99,226,77,2878,337,Mobile,India
USR011391,3.9,1.3,11.8,102.5,8.6,88.1,2,1,72,391,63,3649,83,Tablet,Australia
USR011392,30.3,0.5,1.9,24.1,3.7,87.9,225,22,84,91,69,1398,336,Desktop,USA
USR011393,92.4,0.3,2.6,7.5,9.0,67.6,281,11,92,384,94,655,212,Tablet,Brazil
USR011394,64.5,1.4,11.6,13.5,0.2,27.2,305,38,73,49,99,2967,120,Mobile,UK
USR011395,60.2,4.8,3.8,10.6,0.5,56.3,272,3,97,322,26,867,233,Desktop,UK
USR011396,117.7,6.4,5.6,63.7,6.2,65.6,7,22,8,281,87,426,83,Mobile,Brazil
USR011397,18.4,3.9,1.0,21.5,12.0,83.4,338,31,44,49,45,2053,94,Mobile,Brazil
USR011398,2.5,5.3,3.8,59.5,1.1,46.6,58,17,60,74,31,2986,49,Tablet,USA
USR011399,27.2,8.2,16.0,22.8,7.8,53.1,109,42,88,340,93,745,171,Mobile,USA
USR011400,40.4,3.2,1.4,11.5,12.6,74.2,219,32,75,9,81,1740,313,Mobile,Japan
USR011401,207.0,1.8,3.7,22.7,7.9,57.2,6,26,88,274,9,2757,144,Mobile,India
USR011402,59.5,12.8,8.7,30.9,10.7,33.9,349,13,36,221,3,1186,4,Mobile,Australia
USR011403,14.0,4.1,1.1,45.7,3.8,84.5,122,22,92,230,42,3034,306,Mobile,Australia
USR011404,107.3,17.1,6.3,74.8,34.4,41.7,66,25,39,193,25,3573,43,Mobile,Brazil
USR011405,29.7,1.4,1.3,74.3,9.0,94.7,281,49,92,468,47,1909,63,Tablet,India
USR011406,57.3,7.2,1.1,21.9,5.3,48.4,52,17,19,484,2,3003,104,Mobile,Australia
USR011407,1.0,2.8,1.9,558.6,4.9,99.7,706,48,62,491,41,109,194,Mobile,Japan
USR011408,22.3,5.1,4.5,10.3,9.7,52.0,412,34,72,43,88,2159,57,Mobile,UK
USR011409,56.3,1.6,0.4,35.1,5.6,62.8,184,8,56,384,63,1781,193,Mobile,India
USR011410,76.1,4.7,13.9,66.1,19.2,97.1,99,29,27,434,91,1695,87,Mobile,India
USR011411,63.9,3.4,2.4,62.5,16.3,45.9,86,37,87,279,84,3048,67,Mobile,USA
USR011412,1.6,7.7,6.0,185.9,8.9,48.4,222,27,3,313,48,2397,116,Mobile,Germany
USR011413,17.2,0.7,2.0,265.1,1.6,20.2,54,23,42,487,95,846,127,Mobile,UK
USR011414,56.4,3.1,2.6,14.5,2.9,65.8,0,26,76,160,47,2449,184,Mobile,Brazil
USR011415,123.2,3.2,1.9,119.3,1.5,88.8,157,5,59,399,61,3094,253,Tablet,UK
USR011416,123.3,3.0,8.2,24.1,0.8,58.3,413,25,27,31,13,109,335,Mobile,USA
USR011417,44.9,8.3,5.8,26.6,4.0,78.2,127,27,80,461,96,1181,227,Desktop,Germany
USR011418,257.6,0.2,3.4,9.7,20.8,55.1,420,48,48,6,90,3301,207,Mobile,UK
USR011419,98.7,0.3,1.5,14.8,9.1,27.7,482,41,80,136,33,268,9,Mobile,India
USR011420,76.1,3.3,0.3,18.6,5.3,25.2,286,33,96,117,26,183,184,Desktop,Australia
USR011421,5.8,10.7,5.3,18.0,15.8,23.2,79,22,25,109,92,3550,278,Mobile,Germany
USR011422,49.4,14.3,0.6,28.0,11.1,41.5,23,40,34,29,14,1849,231,Mobile,Germany
USR011423,14.5,9.5,18.8,84.0,5.7,54.0,254,22,97,68,40,2913,57,Mobile,Brazil
USR011424,76.7,8.9,0.9,200.1,10.0,21.7,580,14,24,434,11,2914,295,Mobile,UK
USR011425,47.9,0.9,2.6,134.4,7.0,20.3,183,42,69,174,49,2661,238,Mobile,Germany
USR011426,60.8,22.5,5.0,7.3,2.2,76.0,354,2,26,179,57,851,166,Mobile,Australia
USR011427,7.2,0.3,1.2,14.6,4.6,63.9,106,7,17,35,81,2938,99,Mobile,Australia
USR011428,8.3,0.4,4.2,40.0,6.6,32.3,10,22,59,242,82,3165,280,Mobile,UK
USR011429,43.3,3.8,8.8,25.5,4.9,27.9,400,12,76,319,57,2385,91,Mobile,Brazil
USR011430,41.8,3.9,0.1,79.4,4.8,51.4,277,43,68,150,62,2924,24,Mobile,Australia
USR011431,8.6,1.1,5.2,14.1,2.2,98.4,270,6,21,479,85,3377,225,Mobile,Germany
USR011432,76.4,0.2,5.6,49.7,13.6,86.2,193,1,82,130,29,827,25,Mobile,India
USR011433,92.1,14.0,0.5,152.1,20.3,29.0,40,48,42,107,84,2625,304,Mobile,Australia
USR011434,35.9,2.6,5.9,15.6,34.4,73.6,270,49,86,494,85,2072,336,Mobile,Brazil
USR011435,341.9,2.9,14.8,7.2,7.4,42.7,198,9,72,341,89,416,269,Desktop,India
USR011436,214.1,3.4,1.1,37.3,7.5,39.6,291,26,62,212,35,352,122,Mobile,India
USR011437,24.7,0.1,20.9,76.1,13.3,94.3,89,31,1,450,47,1493,27,Mobile,Japan
USR011438,52.1,3.3,13.4,29.0,1.8,32.4,130,7,90,5,93,2648,324,Mobile,India
USR011439,42.2,9.9,6.4,22.1,7.2,39.2,369,13,63,336,50,2287,213,Mobile,Australia
USR011440,137.5,1.7,1.6,66.2,2.4,71.1,148,29,60,478,2,275,237,Mobile,USA
USR011441,53.1,17.7,9.3,10.2,1.3,45.4,963,3,86,169,14,2643,104,Mobile,Germany
USR011442,67.7,5.7,2.7,6.1,37.9,84.2,85,46,55,427,39,1462,201,Tablet,USA
USR011443,90.5,4.4,1.9,19.9,4.2,24.9,63,32,25,358,0,2172,161,Mobile,USA
USR011444,17.4,1.3,9.7,49.1,35.5,97.8,396,12,78,51,19,900,22,Mobile,Brazil
USR011445,16.3,0.5,0.3,79.6,10.0,94.7,539,46,27,469,1,443,108,Mobile,Australia
USR011446,164.6,2.0,14.4,75.1,7.4,31.6,588,14,92,149,56,2738,329,Mobile,Australia
USR011447,12.6,4.6,3.1,9.4,21.4,56.1,78,11,91,82,75,932,126,Mobile,Australia
USR011448,64.8,23.1,1.2,86.0,25.7,73.4,257,38,32,64,50,1202,13,Mobile,Brazil
USR011449,62.1,2.4,4.4,175.5,15.2,28.4,189,34,63,72,53,3285,85,Desktop,Japan
USR011450,49.6,1.0,2.3,88.3,4.9,73.2,409,49,32,350,81,1613,198,Mobile,Germany
USR011451,30.1,0.6,5.0,10.7,8.5,20.9,336,4,99,77,67,2561,55,Desktop,Germany
USR011452,95.7,0.9,23.6,93.2,6.6,22.9,94,45,66,433,49,2268,167,Mobile,Brazil
USR011453,19.6,0.7,6.8,81.6,22.0,76.6,164,10,39,298,24,3533,189,Tablet,Australia
USR011454,49.4,6.8,6.2,113.0,17.1,88.3,232,5,62,319,9,2199,75,Mobile,USA
USR011455,107.1,4.5,2.7,63.4,6.9,60.1,54,29,81,51,9,299,233,Desktop,India
USR011456,55.2,0.2,10.0,29.7,8.8,27.5,164,24,92,464,80,1367,193,Desktop,India
USR011457,43.8,1.0,4.0,21.8,17.0,95.0,71,40,37,148,89,2205,309,Mobile,Brazil
USR011458,27.4,1.4,2.7,21.1,3.0,33.8,700,0,64,13,45,2405,328,Tablet,Japan
USR011459,23.3,0.7,1.2,85.3,13.6,74.9,418,17,66,77,50,2885,167,Tablet,Japan
USR011460,81.0,5.6,15.5,61.2,4.4,29.1,1,42,40,293,48,2823,351,Desktop,Japan
USR011461,56.2,11.1,6.2,23.0,13.0,32.9,262,20,96,234,18,3048,156,Mobile,Japan
USR011462,24.3,4.3,16.6,56.5,34.6,42.8,208,18,82,464,45,2530,277,Mobile,UK
USR011463,33.2,2.1,7.1,12.2,7.5,67.2,135,47,91,209,39,1677,153,Mobile,Australia
USR011464,31.5,8.2,10.3,3.7,4.9,33.2,213,28,26,13,16,400,82,Mobile,India
USR011465,134.1,1.7,0.2,98.7,3.9,92.1,53,12,82,402,79,2544,328,Desktop,UK
USR011466,76.6,3.9,23.8,22.0,5.7,26.9,163,12,78,382,74,2974,356,Mobile,USA
USR011467,25.7,4.2,7.5,60.3,4.5,90.4,285,29,84,383,65,3370,40,Mobile,Japan
USR011468,17.5,1.1,3.2,4.7,5.7,57.0,618,26,82,92,64,2534,138,Mobile,Germany
USR011469,10.7,3.9,13.6,1.2,5.3,61.2,120,26,60,33,25,1386,317,Mobile,Japan
USR011470,3.3,14.8,0.4,24.5,13.7,88.2,26,39,36,437,65,2422,277,Tablet,Australia
USR011471,50.5,9.8,11.2,241.9,6.0,71.9,202,26,94,321,48,1439,242,Desktop,UK
USR011472,99.6,1.6,9.6,90.8,20.1,41.7,10,27,17,209,26,2936,26,Desktop,India
USR011473,76.3,5.3,1.7,212.8,14.0,28.5,541,38,31,20,57,2933,346,Desktop,Australia
USR011474,155.1,0.2,0.1,25.1,1.7,47.1,55,48,99,423,38,2048,200,Mobile,India
USR011475,11.3,8.2,0.1,34.2,12.2,43.1,231,15,16,299,8,1939,154,Mobile,Australia
USR011476,35.3,0.3,3.5,39.9,2.3,30.4,94,37,85,365,67,1461,16,Desktop,USA
USR011477,143.7,10.8,0.1,4.2,7.1,75.7,231,26,18,140,80,1550,178,Mobile,USA
USR011478,152.7,0.4,0.6,22.8,10.2,65.1,244,15,85,320,28,2144,238,Desktop,UK
USR011479,71.9,4.0,6.8,203.8,2.1,36.4,325,15,55,175,76,2016,291,Tablet,UK
USR011480,6.5,1.9,9.3,22.1,2.8,45.3,91,6,89,118,69,2958,107,Mobile,Germany
USR011481,286.2,3.8,3.3,57.9,2.0,77.9,108,45,64,31,11,2739,2,Mobile,USA
USR011482,194.4,0.8,1.7,36.9,1.3,40.4,53,34,23,438,96,3149,198,Desktop,Germany
USR011483,78.1,2.8,1.1,70.4,4.3,90.4,107,45,3,122,85,2808,18,Desktop,India
USR011484,21.9,7.2,16.1,73.2,4.5,79.5,124,27,72,376,86,2045,150,Mobile,Japan
USR011485,28.1,0.9,6.5,19.5,5.7,49.6,26,12,66,19,63,2166,220,Mobile,Germany
USR011486,246.1,4.1,7.8,53.2,1.3,39.9,112,30,7,416,65,725,348,Mobile,UK
USR011487,46.8,2.0,12.6,15.0,6.8,93.4,340,43,48,374,24,2825,314,Mobile,UK
USR011488,366.6,10.1,1.0,181.3,5.0,45.7,135,39,28,21,44,1864,142,Mobile,Australia
USR011489,11.5,5.2,11.6,20.9,22.2,87.6,17,38,72,12,58,3008,103,Mobile,USA
USR011490,83.4,8.4,6.7,6.0,1.4,59.0,12,35,30,275,14,1739,123,Mobile,UK
USR011491,84.5,16.8,12.0,1.5,1.5,99.7,78,12,3,496,48,856,156,Desktop,UK
USR011492,33.6,0.8,3.5,21.8,23.3,63.0,111,11,21,217,49,1006,104,Mobile,India
USR011493,50.7,0.9,9.4,35.8,31.7,24.3,336,32,99,27,72,943,250,Mobile,India
USR011494,2.0,0.5,4.4,16.0,3.2,70.8,420,32,24,148,60,1456,294,Mobile,Germany
USR011495,57.2,0.2,11.4,116.5,9.2,70.8,301,42,65,334,14,1093,144,Mobile,USA
USR011496,163.6,1.2,3.7,8.3,1.3,67.8,275,16,46,445,30,1983,65,Mobile,Brazil
USR011497,104.3,1.8,27.7,0.7,2.2,58.2,10,46,75,213,77,3011,176,Mobile,Japan
USR011498,2.7,0.2,1.7,17.5,7.2,99.3,148,15,36,116,6,1557,328,Tablet,UK
USR011499,59.5,1.5,3.9,37.1,4.9,65.4,77,36,17,355,46,142,201,Mobile,UK
USR011500,99.3,4.7,5.1,276.9,4.5,66.3,114,46,11,118,83,3348,257,Mobile,Australia
USR011501,3.5,4.6,3.6,78.0,1.5,75.3,71,7,50,454,75,1021,337,Mobile,Japan
USR011502,59.4,8.0,5.2,12.8,16.7,97.1,264,11,21,112,45,2268,81,Desktop,India
USR011503,102.4,0.5,2.1,19.2,2.5,53.8,538,45,87,392,71,314,30,Mobile,India
USR011504,14.4,0.8,22.7,10.7,2.4,24.7,83,22,35,217,10,1939,236,Mobile,Germany
USR011505,9.2,7.9,3.6,0.7,7.1,30.5,85,43,31,474,26,1443,203,Desktop,Germany
USR011506,7.1,0.5,2.0,14.2,20.3,68.2,92,33,96,124,11,2111,77,Mobile,Brazil
USR011507,42.9,1.1,0.4,18.2,24.4,42.9,155,29,66,475,58,339,256,Desktop,UK
USR011508,19.3,3.1,1.1,29.5,10.5,70.7,160,36,89,65,84,3618,144,Mobile,Japan
USR011509,38.5,2.0,4.8,84.1,6.6,38.3,274,43,32,437,92,2452,227,Tablet,Germany
USR011510,13.2,1.2,22.8,29.2,9.5,80.5,160,6,61,178,38,1754,81,Mobile,India
USR011511,432.3,0.6,3.6,3.1,8.9,94.5,135,7,41,280,2,1991,46,Mobile,USA
USR011512,43.9,7.2,3.8,14.9,7.4,40.9,82,28,2,20,49,259,67,Tablet,Germany
USR011513,118.9,1.1,2.3,1.6,1.6,55.8,182,37,85,7,98,3552,276,Tablet,Japan
USR011514,3.9,1.3,22.3,3.1,12.8,82.2,58,38,51,399,83,3027,297,Desktop,USA
USR011515,14.0,0.0,2.7,6.1,13.3,25.8,201,9,49,320,47,1848,57,Desktop,Brazil
USR011516,66.6,6.1,3.0,50.0,31.2,95.1,411,37,69,282,90,2333,265,Mobile,UK
USR011517,185.9,1.8,13.6,3.3,46.0,27.5,138,28,87,333,60,1905,346,Desktop,Australia
USR011518,27.7,2.0,26.7,59.1,6.9,45.0,300,37,22,163,10,3567,345,Tablet,Australia
USR011519,18.0,2.9,0.6,40.4,0.6,80.4,89,34,33,59,55,2560,145,Mobile,Brazil
USR011520,48.0,7.0,4.2,6.3,5.7,82.7,153,18,83,442,45,2877,123,Mobile,USA
USR011521,9.8,28.7,7.0,35.5,20.7,91.1,134,0,62,182,54,749,331,Mobile,Brazil
USR011522,58.1,0.2,5.1,14.5,10.5,27.5,405,11,29,404,66,708,223,Mobile,India
USR011523,27.1,1.3,29.3,36.3,7.6,82.4,266,30,27,236,55,3195,300,Mobile,USA
USR011524,30.2,8.0,3.7,97.9,5.0,52.3,173,24,70,105,55,3184,14,Tablet,UK
USR011525,148.2,5.6,5.8,11.5,5.2,75.6,209,29,75,177,50,2412,104,Mobile,Australia
USR011526,197.8,2.3,11.7,40.7,3.4,40.7,334,13,48,369,73,3178,271,Mobile,Brazil
USR011527,42.3,16.5,6.6,2.7,5.2,44.6,208,38,12,192,77,1946,360,Mobile,Australia
USR011528,98.0,2.4,1.5,88.1,23.0,91.2,43,45,46,194,30,1858,83,Mobile,Germany
USR011529,81.4,7.0,3.2,73.9,3.2,52.6,4,2,25,189,7,2744,298,Mobile,India
USR011530,105.3,1.5,4.0,112.7,25.9,76.2,71,25,50,146,51,691,54,Mobile,UK
USR011531,8.8,8.2,10.0,75.8,30.9,93.7,233,31,32,373,36,2881,190,Mobile,USA
USR011532,2.5,7.2,1.2,56.3,7.4,80.4,1,36,34,191,15,2470,19,Desktop,USA
USR011533,18.4,13.7,0.0,147.4,21.0,65.3,75,19,63,206,21,3543,6,Mobile,USA
USR011534,11.0,7.1,4.8,109.8,0.1,85.1,46,5,75,357,73,600,166,Desktop,Australia
USR011535,125.0,22.2,7.0,16.7,6.0,57.3,43,42,95,242,96,2500,279,Mobile,UK
USR011536,17.8,4.7,7.9,0.3,8.5,45.4,4,22,25,390,75,1655,146,Desktop,Germany
USR011537,28.5,3.2,0.8,4.0,7.3,50.8,398,20,39,281,0,1958,27,Mobile,USA
USR011538,70.6,8.3,8.6,41.9,2.9,97.9,424,46,5,290,5,1669,39,Tablet,Germany
USR011539,151.6,4.7,0.4,219.9,4.8,71.1,93,49,17,123,79,1407,238,Desktop,Brazil
USR011540,27.7,4.0,32.5,24.0,6.0,63.9,89,47,68,331,25,2832,219,Mobile,Australia
USR011541,111.8,7.3,2.0,0.2,0.2,74.3,305,39,31,370,40,564,214,Mobile,Japan
USR011542,2.6,5.0,1.3,99.6,8.0,74.5,86,11,69,184,25,203,104,Desktop,Australia
USR011543,39.4,1.4,7.4,9.0,24.3,81.9,53,30,43,328,36,3303,289,Mobile,Germany
USR011544,27.9,0.9,3.5,21.0,5.3,28.0,39,3,94,224,76,97,12,Mobile,Brazil
USR011545,48.4,0.2,8.0,27.6,22.2,35.6,230,28,91,333,63,1392,199,Desktop,Germany
USR011546,72.6,16.9,4.4,40.5,15.4,30.9,304,19,57,282,12,1145,297,Tablet,Germany
USR011547,5.8,0.5,0.3,100.0,3.3,96.9,130,24,13,416,61,2586,54,Mobile,Brazil
USR011548,44.5,8.4,9.4,82.0,3.7,91.5,1,9,50,259,70,516,325,Mobile,USA
USR011549,56.9,14.2,4.4,26.4,15.2,99.2,551,40,1,95,77,2614,84,Desktop,Australia
USR011550,34.3,1.7,16.2,7.4,17.2,73.4,48,20,75,493,9,657,121,Mobile,Germany
USR011551,4.6,3.3,9.1,120.9,30.0,20.3,38,35,68,31,44,3593,267,Tablet,India
USR011552,48.3,9.0,2.2,98.5,14.3,73.8,159,38,88,460,69,2042,165,Mobile,USA
USR011553,21.5,2.4,19.9,1.9,0.3,48.9,75,24,27,493,97,84,4,Mobile,Japan
USR011554,17.6,4.0,10.9,126.1,13.3,74.9,12,15,93,135,10,3227,216,Mobile,UK
USR011555,92.2,5.7,0.7,113.8,7.8,48.9,143,4,48,391,76,2450,174,Mobile,Australia
USR011556,115.9,1.2,6.8,42.8,28.5,40.5,249,5,30,494,43,3186,183,Mobile,UK
USR011557,19.0,4.2,13.4,38.6,6.2,37.9,45,14,42,14,81,69,363,Mobile,India
USR011558,1.0,1.9,5.3,1.0,7.3,61.0,3,13,34,370,46,951,238,Mobile,UK
USR011559,18.2,5.0,5.9,129.0,3.3,55.9,46,34,99,317,69,1987,107,Mobile,UK
USR011560,141.5,4.5,9.4,75.2,11.7,52.4,500,23,26,410,8,2451,142,Desktop,USA
USR011561,1.0,2.1,8.9,88.0,3.6,99.2,11,39,1,107,97,842,81,Desktop,Australia
USR011562,34.8,7.0,5.5,15.2,8.9,70.3,626,46,27,352,76,226,262,Mobile,Australia
USR011563,68.7,6.0,13.2,45.2,14.5,92.4,87,18,81,373,76,709,58,Tablet,Brazil
USR011564,94.2,5.7,3.1,56.2,32.8,77.1,1129,18,42,490,21,653,140,Desktop,India
USR011565,31.7,5.5,1.4,11.3,5.3,56.3,97,0,24,4,83,863,184,Mobile,Germany
USR011566,64.3,2.8,9.7,11.0,13.9,73.5,296,25,16,216,20,1868,74,Mobile,Germany
USR011567,156.6,7.6,1.8,12.6,1.2,39.1,568,25,1,281,16,2561,60,Tablet,India
USR011568,9.9,27.9,2.6,26.7,8.0,98.3,58,7,61,233,71,2793,132,Mobile,Japan
USR011569,15.7,9.4,0.8,103.2,18.5,91.3,406,31,57,133,61,1826,129,Mobile,Germany
USR011570,55.1,6.1,8.0,27.1,9.5,96.5,395,20,79,404,41,658,132,Mobile,Germany
USR011571,185.0,1.4,3.1,18.4,13.3,50.0,119,25,45,266,66,1363,119,Mobile,India
USR011572,92.9,3.2,0.2,12.8,0.6,41.5,229,40,53,287,38,3364,10,Mobile,Germany
USR011573,82.3,1.0,2.6,20.9,8.2,80.7,40,18,97,477,77,52,199,Mobile,Japan
USR011574,14.1,0.0,8.1,60.4,0.2,35.5,26,29,4,236,33,2370,324,Desktop,USA
USR011575,263.7,0.4,0.8,70.9,9.0,74.4,314,39,92,160,17,1651,190,Mobile,UK
USR011576,17.2,1.5,0.9,79.0,1.3,93.3,256,3,35,84,19,2750,248,Mobile,Australia
USR011577,79.2,18.8,26.9,34.4,9.8,98.9,132,4,64,230,45,3012,295,Desktop,India
USR011578,229.6,2.2,0.0,33.5,1.4,63.6,391,33,60,141,65,3539,97,Mobile,Germany
USR011579,23.0,0.3,13.8,30.7,8.7,77.3,43,2,24,207,72,3117,256,Desktop,Japan
USR011580,47.7,2.6,6.9,5.1,19.3,98.2,55,29,76,347,77,1075,106,Mobile,India
USR011581,16.4,2.6,13.8,6.4,2.3,27.8,139,11,39,319,88,1937,188,Mobile,India
USR011582,32.5,4.8,10.9,60.6,10.0,36.7,91,7,85,206,28,2331,185,Desktop,Brazil
USR011583,61.4,3.5,13.4,7.7,1.3,21.0,60,10,5,312,80,3396,125,Mobile,USA
USR011584,34.7,1.7,3.4,41.0,6.5,49.1,65,2,14,114,43,2810,35,Desktop,Japan
USR011585,94.2,1.4,2.2,86.4,3.1,32.7,423,38,21,60,90,1270,163,Mobile,Japan
USR011586,17.5,2.1,3.4,97.6,15.4,72.6,563,41,28,7,27,802,45,Tablet,Australia
USR011587,9.6,6.1,0.6,46.8,7.1,44.8,233,42,97,33,75,968,262,Desktop,Brazil
USR011588,7.8,5.3,3.5,12.7,5.6,47.7,268,15,54,298,60,1236,325,Desktop,Australia
USR011589,17.8,1.1,1.9,75.3,5.4,50.7,219,10,18,451,71,2475,39,Mobile,USA
USR011590,22.1,6.8,0.4,9.0,1.1,72.2,408,7,20,186,16,2831,89,Desktop,UK
USR011591,234.0,5.4,9.4,24.1,35.1,24.2,207,30,4,156,97,907,128,Mobile,Germany
USR011592,19.7,14.6,32.6,108.1,1.3,57.3,173,15,13,9,9,3019,65,Mobile,Germany
USR011593,24.7,16.1,1.3,110.4,11.8,83.8,303,14,60,492,23,2913,18,Mobile,UK
USR011594,86.8,0.2,22.7,17.6,17.2,83.7,111,42,79,280,60,1286,213,Desktop,Germany
USR011595,17.7,7.4,2.2,63.0,5.4,48.1,239,26,58,109,87,777,195,Tablet,Germany
USR011596,39.6,2.0,3.9,119.6,7.2,86.8,534,3,45,5,42,3013,147,Mobile,Brazil
USR011597,76.5,25.6,1.8,36.0,6.8,82.3,74,41,42,208,68,886,358,Mobile,USA
USR011598,1.1,2.8,23.0,210.9,17.7,79.7,433,18,39,430,69,2996,228,Mobile,UK
USR011599,18.3,0.2,6.3,2.5,4.9,60.7,349,11,35,365,35,2872,21,Desktop,Brazil
USR011600,39.6,1.7,3.9,59.1,19.9,49.1,41,47,66,171,31,1570,314,Mobile,UK
USR011601,37.5,8.9,2.8,58.7,4.9,40.6,204,19,57,419,38,3463,62,Mobile,Australia
USR011602,59.0,4.0,15.1,13.3,1.5,75.3,49,34,31,313,70,484,213,Mobile,Brazil
USR011603,59.9,0.6,1.7,50.6,1.7,94.6,627,5,19,291,81,1781,231,Mobile,Australia
USR011604,82.3,2.2,25.8,74.4,5.4,56.5,329,33,61,371,91,3387,311,Mobile,India
USR011605,5.4,2.6,5.3,93.5,3.9,36.8,42,0,38,474,47,3087,352,Mobile,Japan
USR011606,196.6,2.4,5.1,32.4,27.2,86.1,240,24,36,45,2,2156,8,Tablet,India
USR011607,7.4,13.4,2.0,116.1,0.9,34.5,8,30,60,347,49,1033,170,Mobile,UK
USR011608,7.4,5.8,0.5,62.8,2.6,90.3,151,2,82,446,11,1368,151,Tablet,Germany
USR011609,6.1,3.1,7.0,19.3,7.7,76.1,49,43,18,236,39,2049,343,Mobile,USA
USR011610,227.3,16.8,3.0,32.6,12.5,23.0,68,28,5,399,69,51,139,Mobile,USA
USR011611,78.9,1.1,13.3,67.8,4.1,59.8,262,4,93,305,32,2429,309,Mobile,India
USR011612,7.5,1.0,2.9,94.2,2.2,42.5,179,1,19,185,80,1264,81,Desktop,Australia
USR011613,128.9,1.6,1.9,24.7,1.3,34.2,447,10,45,142,7,2860,272,Mobile,UK
USR011614,23.4,8.8,5.0,63.6,1.7,83.0,38,35,57,221,1,2893,226,Tablet,Australia
USR011615,10.6,2.6,5.4,62.3,16.8,41.8,68,14,24,425,12,1938,335,Mobile,USA
USR011616,66.5,4.3,5.1,23.9,2.1,98.4,424,41,41,233,63,351,321,Mobile,USA
USR011617,157.7,2.2,24.6,171.9,6.5,22.9,110,8,61,16,18,3311,266,Mobile,USA
USR011618,21.0,3.4,5.7,15.1,6.5,79.9,91,46,55,54,3,1926,74,Mobile,Japan
USR011619,38.8,4.6,9.2,15.7,2.3,79.1,100,17,14,182,66,1875,74,Mobile,India
USR011620,65.9,4.4,8.8,42.5,2.1,95.6,95,4,77,338,29,2092,232,Mobile,UK
USR011621,55.1,8.2,2.6,150.9,5.1,26.7,110,43,60,182,1,102,187,Mobile,UK
USR011622,115.2,0.3,0.0,39.2,21.0,86.5,102,5,33,203,57,133,98,Mobile,India
USR011623,20.0,0.8,12.6,137.5,0.6,71.2,47,26,39,220,10,430,289,Mobile,UK
USR011624,27.8,3.0,1.0,12.6,1.1,99.5,4,32,45,350,60,2011,155,Mobile,Australia
USR011625,2.4,6.9,5.0,64.3,9.5,97.9,74,5,65,338,27,83,338,Mobile,Japan
USR011626,64.2,1.8,6.6,13.9,10.0,69.6,57,26,5,454,38,267,43,Desktop,USA
USR011627,2.7,2.6,2.7,14.4,3.7,30.6,109,31,69,127,87,3376,10,Mobile,Australia
USR011628,25.4,8.1,0.2,56.8,13.4,55.7,36,17,84,2,71,2024,268,Mobile,Australia
USR011629,4.0,8.9,13.6,215.6,2.7,51.6,236,25,62,346,59,2502,75,Mobile,Japan
USR011630,1.0,0.3,22.7,34.0,2.5,96.7,66,1,12,136,85,2008,322,Mobile,USA
USR011631,166.2,1.7,3.5,33.8,2.9,82.2,36,34,84,434,69,1137,52,Tablet,USA
USR011632,32.7,1.8,8.7,0.1,2.5,97.7,69,9,61,469,24,1902,350,Desktop,Brazil
USR011633,1.0,8.1,1.5,55.0,12.5,89.8,138,44,58,391,97,1910,209,Desktop,Germany
USR011634,22.4,3.3,7.2,18.2,0.8,91.2,305,0,94,304,87,200,67,Mobile,UK
USR011635,56.5,10.9,13.6,5.0,8.0,72.6,141,15,81,164,29,1638,112,Desktop,Brazil
USR011636,210.3,2.4,6.4,31.7,32.5,37.8,198,14,79,463,21,1760,317,Mobile,Japan
USR011637,24.2,0.6,6.9,116.3,36.1,97.8,12,41,98,244,62,1527,216,Mobile,UK
USR011638,1.8,2.2,0.9,36.2,6.1,62.5,2,17,79,440,8,3280,94,Mobile,Brazil
USR011639,58.3,14.8,9.6,35.0,3.7,22.3,64,26,59,391,42,2190,16,Desktop,Japan
USR011640,18.1,0.7,19.5,181.7,5.8,31.2,89,42,65,30,45,3062,26,Desktop,USA
USR011641,59.4,5.5,0.3,51.7,14.1,53.3,597,35,8,210,70,2913,185,Mobile,Germany
USR011642,121.4,5.3,8.8,68.0,12.9,33.2,251,40,32,98,5,1641,69,Mobile,India
USR011643,56.2,4.8,10.5,37.4,5.0,57.4,106,15,49,268,6,3285,362,Desktop,Brazil
USR011644,71.7,3.7,12.3,36.8,17.8,82.1,36,12,47,142,32,996,72,Mobile,Germany
USR011645,267.7,3.8,10.3,42.7,17.8,33.5,94,25,37,88,46,2296,336,Mobile,India
USR011646,95.8,2.0,1.9,83.6,0.1,80.2,187,0,87,276,3,1189,238,Desktop,Brazil
USR011647,63.1,1.5,5.0,121.3,19.4,60.7,133,26,37,468,15,2244,168,Mobile,Brazil
USR011648,16.0,14.0,21.7,33.3,13.8,70.7,324,35,88,397,34,1480,7,Mobile,Germany
USR011649,78.5,8.3,16.7,37.9,7.0,59.9,142,18,20,377,1,1706,96,Mobile,USA
USR011650,36.8,3.0,10.3,46.5,31.4,80.9,338,18,66,150,88,3572,147,Desktop,Brazil
USR011651,52.8,0.6,10.1,14.0,3.2,79.6,680,14,41,121,97,1349,148,Mobile,Japan
USR011652,68.2,3.7,19.8,53.8,2.6,34.8,421,1,25,464,10,3162,161,Mobile,Germany
USR011653,28.8,0.3,1.9,44.6,18.5,27.3,150,9,1,407,14,596,299,Desktop,Japan
USR011654,90.8,0.7,3.5,5.4,0.4,55.9,120,6,57,450,63,130,6,Desktop,Brazil
USR011655,39.9,12.1,16.1,6.8,2.4,91.2,1078,9,23,337,54,1051,34,Tablet,Germany
USR011656,151.2,0.6,7.9,115.3,0.7,98.4,288,38,14,253,7,47,319,Mobile,Japan
USR011657,73.0,15.1,0.9,34.6,9.8,39.9,212,18,43,45,44,2987,289,Mobile,India
USR011658,174.6,1.2,3.3,176.7,3.1,20.7,38,31,28,452,37,517,99,Mobile,India
USR011659,16.8,2.9,3.5,32.5,9.8,78.5,283,0,57,40,86,3215,98,Desktop,Brazil
USR011660,23.0,0.8,2.5,131.5,5.2,94.6,245,20,43,466,18,2943,102,Mobile,Brazil
USR011661,5.1,8.1,9.9,52.5,2.3,98.6,42,43,81,17,30,1473,196,Mobile,Germany
USR011662,126.7,0.4,4.6,4.0,4.3,64.1,230,46,80,318,62,1912,232,Mobile,Australia
USR011663,13.8,5.1,1.8,26.2,5.3,57.0,567,3,39,138,77,131,79,Tablet,Germany
USR011664,13.9,1.6,9.8,56.2,8.7,85.0,404,49,42,262,28,1890,163,Mobile,India
USR011665,46.6,7.1,5.9,9.2,6.8,42.8,117,30,72,469,16,2887,268,Mobile,Brazil
USR011666,14.8,0.9,3.6,90.6,6.0,70.3,225,43,80,276,28,3428,80,Mobile,UK
USR011667,32.3,8.8,7.2,72.2,1.5,70.8,155,43,90,494,51,36,245,Mobile,USA
USR011668,71.5,5.8,1.9,12.1,4.7,81.9,154,22,18,243,26,30,261,Mobile,Australia
USR011669,7.7,0.1,14.7,53.8,22.4,83.7,7,35,26,446,90,2960,18,Tablet,Japan
USR011670,31.1,10.1,1.0,18.7,14.6,33.9,31,49,42,305,0,1833,102,Mobile,Japan
USR011671,116.1,1.8,9.1,49.9,35.5,84.9,183,12,94,332,64,2026,360,Mobile,Germany
USR011672,74.7,5.2,11.6,5.8,11.3,65.0,46,0,28,228,9,2342,263,Tablet,Japan
USR011673,137.1,1.7,15.1,184.8,8.8,27.2,54,11,96,263,57,513,167,Mobile,Brazil
USR011674,38.7,4.5,4.4,2.2,1.3,25.0,444,24,90,474,31,2653,218,Mobile,Brazil
USR011675,167.7,3.9,3.7,21.8,20.6,28.6,257,9,70,291,9,1476,75,Mobile,Australia
USR011676,1.0,1.3,14.0,145.7,6.8,69.4,44,46,58,424,84,1329,120,Mobile,India
USR011677,23.8,8.6,0.6,58.1,4.4,61.2,314,6,99,81,32,1263,45,Tablet,UK
USR011678,19.7,5.9,1.4,24.0,1.5,62.5,1156,6,4,416,20,2814,315,Desktop,Japan
USR011679,12.9,1.8,7.6,9.8,10.7,51.8,142,27,21,120,7,728,170,Desktop,Australia
USR011680,57.5,18.3,4.3,31.0,7.9,24.8,281,12,52,234,51,969,220,Mobile,Brazil
USR011681,2.8,3.6,7.1,96.4,34.5,56.8,526,20,16,19,20,2760,133,Mobile,Germany
USR011682,100.0,1.7,1.3,97.8,38.2,72.0,401,1,53,363,8,1158,307,Mobile,Brazil
USR011683,4.4,4.9,3.4,179.8,24.8,61.6,302,19,47,80,70,3447,247,Mobile,UK
USR011684,7.2,4.7,9.7,11.9,37.9,34.2,259,29,41,398,11,3019,283,Mobile,Japan
USR011685,94.8,1.8,9.2,81.4,13.8,42.1,87,38,43,348,27,193,42,Mobile,Japan
USR011686,12.6,2.7,6.7,23.2,0.1,80.9,15,6,89,279,69,1114,119,Mobile,Brazil
USR011687,75.9,6.0,3.7,18.8,37.6,50.9,127,21,59,484,37,1794,308,Desktop,Japan
USR011688,11.0,4.7,6.5,12.9,2.6,45.7,113,16,51,421,68,3254,288,Mobile,India
USR011689,197.7,5.6,4.8,4.9,6.0,55.9,127,23,25,108,73,735,12,Mobile,Australia
USR011690,4.7,1.6,9.5,64.9,10.7,48.7,284,1,88,345,98,1830,187,Mobile,Germany
USR011691,20.6,0.5,10.7,0.2,17.1,52.5,291,21,15,479,45,192,175,Desktop,India
USR011692,80.9,9.3,6.1,47.4,8.0,23.6,166,35,82,249,87,1607,73,Desktop,UK
USR011693,43.4,1.7,4.2,9.6,1.0,29.2,250,48,0,49,99,1165,143,Desktop,Australia
USR011694,4.3,5.2,5.7,50.0,4.1,21.9,106,15,15,100,17,122,220,Mobile,UK
USR011695,123.4,3.7,5.4,13.3,21.7,74.8,167,32,23,70,98,2606,281,Desktop,Brazil
USR011696,56.1,0.6,1.5,135.9,4.8,79.6,66,39,9,439,34,2868,200,Mobile,Germany
USR011697,79.6,7.7,2.1,32.3,0.3,44.0,8,16,42,281,70,412,328,Desktop,India
USR011698,56.3,8.8,6.0,202.1,29.6,98.5,225,14,89,220,71,405,170,Mobile,Japan
USR011699,30.5,4.3,12.1,11.7,14.3,82.9,215,4,49,126,77,3631,291,Mobile,Germany
USR011700,87.4,3.2,4.5,39.7,16.9,35.3,33,22,62,174,6,817,139,Mobile,Australia
USR011701,29.5,1.0,0.6,1.9,0.4,50.4,112,1,97,219,75,1565,50,Mobile,USA
USR011702,18.7,3.1,5.8,28.4,2.5,39.7,65,46,98,255,31,1055,364,Mobile,Brazil
USR011703,103.1,15.6,7.1,38.8,16.8,84.4,5,4,51,177,29,2526,251,Mobile,Japan
USR011704,97.0,0.1,3.2,78.8,4.5,20.4,9,0,74,325,25,1657,297,Mobile,Australia
USR011705,80.0,19.4,15.2,206.6,5.9,57.7,1211,31,95,70,69,485,335,Mobile,UK
USR011706,106.5,1.4,15.9,31.4,1.9,98.0,1,10,91,101,20,1378,10,Mobile,UK
USR011707,49.2,3.7,11.9,44.1,13.4,82.8,408,14,49,420,33,209,60,Desktop,Australia
USR011708,38.7,6.9,1.2,35.8,4.4,32.7,467,12,29,127,31,195,359,Mobile,Japan
USR011709,109.0,2.1,3.4,25.4,6.3,45.0,130,33,64,292,70,320,186,Mobile,UK
USR011710,69.7,6.1,11.2,57.5,11.3,60.5,595,21,26,447,98,3480,7,Mobile,India
USR011711,106.4,1.3,1.7,116.9,8.9,68.5,46,38,11,172,19,384,70,Mobile,Australia
USR011712,149.1,3.8,3.2,23.9,2.2,80.1,34,30,41,15,58,343,260,Desktop,UK
USR011713,94.8,12.6,22.0,9.7,10.4,67.6,10,29,60,166,56,2402,67,Mobile,India
USR011714,62.9,1.7,7.8,41.1,35.6,28.9,30,7,82,348,83,1152,34,Tablet,Australia
USR011715,47.9,3.1,1.9,15.5,8.2,91.7,253,11,86,400,8,2487,275,Mobile,Brazil
USR011716,76.9,0.9,4.5,37.8,2.5,56.6,372,45,29,56,62,1251,37,Desktop,USA
USR011717,23.6,0.9,8.5,30.1,9.9,22.2,375,42,76,213,79,2128,19,Mobile,Australia
USR011718,75.1,0.7,13.3,8.9,0.0,67.9,827,17,36,121,94,2087,202,Mobile,India
USR011719,21.4,6.7,7.7,32.0,2.8,99.1,83,36,18,490,90,1676,122,Mobile,Japan
USR011720,26.9,11.1,11.5,29.8,1.1,65.7,578,15,51,205,85,1223,158,Mobile,Australia
USR011721,67.2,2.3,2.8,80.1,4.4,76.5,214,27,95,271,58,652,340,Mobile,UK
USR011722,77.7,3.5,14.1,44.2,10.4,70.0,130,25,89,190,6,2835,202,Mobile,Germany
USR011723,6.7,2.1,6.7,30.6,2.2,53.8,169,47,37,186,91,678,93,Mobile,Germany
USR011724,108.1,0.5,6.4,16.3,7.6,29.0,70,38,58,298,44,2295,364,Tablet,Germany
USR011725,35.2,5.1,13.4,34.9,8.8,88.3,326,13,49,336,86,3402,150,Mobile,Germany
USR011726,77.1,3.8,8.1,14.2,10.6,80.2,357,13,87,50,58,3006,244,Mobile,Brazil
USR011727,19.9,5.2,23.2,12.3,22.1,67.1,500,29,10,433,31,3090,317,Mobile,Germany
USR011728,13.0,6.2,4.8,65.2,6.5,85.4,57,41,58,353,67,2491,184,Mobile,UK
USR011729,46.1,7.0,3.7,53.5,8.0,25.4,275,13,1,254,16,1955,357,Mobile,UK
USR011730,39.4,5.9,3.8,47.9,4.8,56.1,155,13,96,179,92,1068,216,Mobile,USA
USR011731,110.5,10.4,2.4,42.9,3.6,50.5,77,24,1,193,76,3438,320,Tablet,Germany
USR011732,81.9,15.9,0.6,15.7,1.9,48.3,266,23,84,245,27,659,344,Mobile,UK
USR011733,235.4,2.3,7.2,6.7,7.3,94.9,168,5,67,255,76,1901,159,Desktop,Australia
USR011734,1.7,4.5,8.9,108.6,15.4,60.8,189,46,3,427,29,1856,227,Desktop,Japan
USR011735,236.2,3.5,15.9,17.8,7.2,93.0,257,12,84,220,59,1733,20,Mobile,Australia
USR011736,13.6,11.1,1.8,14.8,31.9,90.9,134,3,9,238,59,2459,109,Mobile,Japan
USR011737,188.3,12.4,10.6,56.9,11.2,81.3,54,8,82,161,25,2131,178,Desktop,USA
USR011738,2.9,9.4,5.7,328.5,20.6,92.1,49,25,23,277,2,318,159,Mobile,Germany
USR011739,41.7,4.6,0.1,25.0,22.9,94.7,59,3,17,237,32,911,307,Mobile,India
USR011740,113.3,3.2,1.6,77.9,11.6,66.9,469,10,87,125,75,3067,341,Mobile,India
USR011741,202.9,1.1,2.8,0.3,14.4,53.2,656,25,61,496,93,2470,9,Mobile,USA
USR011742,45.4,1.3,5.3,11.8,27.6,87.5,141,6,1,184,24,2692,293,Mobile,Australia
USR011743,1.5,7.2,14.6,24.2,5.7,66.0,337,38,35,365,77,2719,83,Desktop,Australia
USR011744,65.2,4.6,10.6,6.9,16.6,62.9,119,15,78,12,7,1435,356,Desktop,Germany
USR011745,93.1,2.9,3.7,36.5,28.8,61.1,715,32,49,83,88,2844,291,Mobile,Australia
USR011746,221.5,4.9,1.8,32.1,4.9,93.1,53,26,21,417,84,1111,152,Desktop,USA
USR011747,2.5,1.2,3.2,5.6,12.7,93.2,26,36,66,436,74,2374,202,Desktop,Japan
USR011748,214.1,10.0,1.1,24.1,3.1,78.9,181,5,67,146,48,3466,212,Mobile,UK
USR011749,46.4,6.2,0.9,179.7,4.3,60.3,102,18,47,0,61,1170,352,Mobile,Australia
USR011750,55.8,6.4,3.7,66.1,8.1,84.3,677,48,92,248,71,2224,334,Mobile,India
USR011751,220.1,2.1,18.9,32.8,14.2,37.0,289,8,93,104,2,230,217,Mobile,Japan
USR011752,32.2,0.0,1.0,87.5,18.2,59.3,297,22,14,207,22,694,21,Mobile,USA
USR011753,40.8,2.3,5.9,6.5,19.4,61.3,121,0,1,68,73,2163,60,Mobile,Australia
USR011754,36.5,2.5,3.2,30.2,6.4,50.7,94,41,54,476,50,337,213,Mobile,Japan
USR011755,108.8,1.4,1.0,25.8,11.4,77.7,186,20,25,52,61,909,339,Tablet,Germany
USR011756,48.3,1.7,18.3,67.3,25.6,65.3,44,12,89,203,0,3255,315,Tablet,Australia
USR011757,30.4,0.7,10.3,19.7,4.5,35.5,395,1,95,430,70,1429,40,Mobile,Germany
USR011758,16.0,1.3,2.0,12.7,6.8,81.0,347,34,33,20,56,821,19,Mobile,Germany
USR011759,79.1,1.6,5.3,147.0,5.9,81.6,224,28,11,181,24,2327,328,Mobile,India
USR011760,27.3,2.9,0.4,75.1,25.1,40.9,153,48,39,245,53,1916,327,Tablet,Japan
USR011761,3.4,12.0,7.8,38.1,2.0,64.5,82,20,71,210,84,3259,178,Mobile,Germany
USR011762,107.4,12.5,6.0,7.5,1.6,41.5,40,26,58,223,25,2663,187,Mobile,Brazil
USR011763,18.5,3.2,0.7,1.9,5.5,31.6,326,40,26,175,5,3601,298,Mobile,USA
USR011764,31.7,0.2,4.3,91.6,13.2,62.3,227,7,27,245,89,2383,264,Mobile,Australia
USR011765,3.6,6.0,7.0,0.8,9.8,56.1,249,44,42,177,65,987,124,Mobile,Australia
USR011766,3.1,8.3,5.4,11.3,2.9,98.6,29,15,58,473,39,2289,102,Desktop,UK
USR011767,143.6,5.0,15.6,9.3,20.9,68.0,230,30,58,72,64,73,180,Desktop,Brazil
USR011768,5.5,5.5,15.3,8.2,12.9,41.8,53,24,37,33,75,1242,249,Desktop,India
USR011769,19.0,0.7,2.9,34.9,14.1,78.1,166,39,9,157,93,368,49,Desktop,Australia
USR011770,124.3,4.2,1.9,51.4,17.9,89.5,61,2,21,351,92,3533,11,Mobile,UK
USR011771,34.3,3.2,20.9,44.1,6.0,60.1,526,44,2,269,64,841,309,Mobile,Germany
USR011772,26.0,5.9,5.8,75.6,11.7,59.1,28,27,40,35,57,3640,253,Mobile,USA
USR011773,62.6,10.8,3.1,49.3,9.7,34.1,318,41,0,41,68,2572,180,Tablet,Australia
USR011774,4.7,7.4,5.1,31.3,2.3,26.3,85,2,92,122,13,55,49,Mobile,Japan
USR011775,76.5,1.5,2.1,9.8,22.8,76.6,299,35,4,498,86,3247,164,Tablet,Germany
USR011776,140.8,4.9,5.7,29.1,9.1,91.3,248,35,43,306,25,3442,270,Mobile,Brazil
USR011777,162.9,8.2,5.4,105.4,8.2,32.9,82,19,52,51,88,209,84,Mobile,USA
USR011778,10.7,5.6,3.5,3.7,16.0,46.1,3,48,35,82,6,2969,8,Desktop,UK
USR011779,43.5,4.3,15.2,1.8,16.8,99.5,20,31,58,434,25,1013,291,Desktop,Germany
USR011780,36.7,7.0,6.8,62.7,0.6,24.4,650,37,11,334,8,737,357,Mobile,USA
USR011781,49.4,1.4,7.6,32.3,10.9,86.6,85,31,9,158,46,1095,143,Mobile,Brazil
USR011782,2.0,4.7,3.6,5.9,3.4,99.9,345,46,18,466,75,1612,209,Mobile,Japan
USR011783,153.5,0.6,4.0,11.9,1.5,27.2,144,37,91,302,4,3421,133,Mobile,Brazil
USR011784,23.8,15.6,14.3,0.9,8.2,86.7,146,41,95,90,86,697,330,Desktop,India
USR011785,51.2,6.4,10.8,92.6,8.6,83.6,1,48,7,229,14,3130,30,Desktop,Brazil
USR011786,54.6,0.6,0.5,90.8,0.0,52.6,17,36,16,492,26,3185,132,Desktop,Japan
USR011787,61.4,2.4,2.6,20.7,2.9,42.4,680,18,43,160,42,1313,197,Mobile,India
USR011788,111.1,8.3,1.9,38.3,11.5,25.1,165,18,94,33,4,235,188,Desktop,USA
USR011789,26.8,1.3,20.7,76.8,3.6,32.7,164,12,44,213,93,2531,119,Mobile,UK
USR011790,20.4,9.4,2.7,3.5,13.4,59.7,235,4,72,496,51,3531,253,Desktop,Australia
USR011791,124.4,5.7,5.7,17.5,5.1,84.7,209,18,7,101,96,578,265,Desktop,India
USR011792,81.2,1.2,12.5,35.4,5.4,49.1,132,21,98,311,29,1249,195,Mobile,Brazil
USR011793,57.9,3.5,0.1,26.4,3.6,78.2,770,19,97,343,23,2223,250,Mobile,Australia
USR011794,50.6,13.7,11.9,14.2,11.9,75.0,38,33,32,444,22,2359,80,Mobile,India
USR011795,46.6,2.6,7.4,27.2,19.0,29.5,21,5,33,305,15,364,149,Mobile,Australia
USR011796,24.2,1.8,5.7,7.3,3.3,100.0,129,32,20,371,7,553,5,Tablet,USA
USR011797,33.0,7.8,2.5,48.0,5.9,51.6,267,31,57,260,48,1584,99,Mobile,UK
USR011798,11.0,1.8,1.1,38.2,32.1,33.5,191,44,94,471,12,3242,316,Mobile,USA
USR011799,100.6,2.7,5.5,26.2,16.4,28.1,75,25,95,38,43,597,243,Mobile,USA
USR011800,12.7,17.7,1.1,11.5,0.3,33.3,193,33,97,196,77,1447,299,Mobile,India
USR011801,70.3,13.3,2.0,31.7,6.7,74.4,6,40,90,286,25,608,246,Desktop,USA
USR011802,49.9,0.4,7.1,24.2,2.9,40.9,529,46,15,206,54,1865,221,Mobile,Germany
USR011803,179.0,7.9,4.0,2.2,7.2,89.7,263,24,48,349,21,351,269,Mobile,Japan
USR011804,59.1,0.5,3.2,36.9,0.6,34.8,101,0,32,336,23,1285,283,Mobile,Japan
USR011805,58.9,0.6,14.2,34.1,11.9,95.7,10,26,90,363,2,2186,46,Mobile,India
USR011806,19.3,3.1,9.8,27.8,4.3,52.9,251,9,76,187,23,472,254,Desktop,Australia
USR011807,67.9,8.5,1.6,36.5,34.2,99.3,30,19,77,386,8,2328,307,Mobile,Japan
USR011808,46.7,0.3,4.3,9.4,24.6,82.8,82,33,97,415,73,2061,92,Mobile,Japan
USR011809,194.2,1.5,3.2,155.6,14.6,65.5,223,39,90,438,42,1307,313,Tablet,UK
USR011810,60.6,0.4,4.6,18.1,4.0,72.4,101,32,40,473,90,2522,272,Desktop,Japan
USR011811,297.0,6.2,15.0,96.0,1.5,73.9,133,1,40,425,20,2794,232,Tablet,Japan
USR011812,146.6,6.6,0.4,19.5,32.3,39.5,879,31,15,343,13,78,99,Desktop,India
USR011813,112.5,3.1,24.0,72.8,0.9,44.2,69,14,22,32,93,3264,33,Mobile,India
USR011814,1.0,2.7,11.6,70.4,1.4,43.2,268,30,92,174,17,1642,209,Mobile,Australia
USR011815,119.6,15.6,0.7,11.8,1.7,66.2,43,45,63,400,95,234,53,Mobile,USA
USR011816,64.9,0.5,3.4,56.7,6.9,62.4,8,11,47,258,8,2330,240,Tablet,Japan
USR011817,2.2,1.7,5.4,125.8,6.3,78.2,306,4,12,467,15,3262,191,Mobile,Australia
USR011818,53.4,2.4,1.2,46.3,16.5,25.0,246,33,5,387,78,3626,144,Mobile,Australia
USR011819,166.3,1.6,11.1,3.0,7.1,92.8,444,10,55,195,42,1806,251,Mobile,Japan
USR011820,5.1,3.3,7.0,51.0,0.3,60.6,719,27,6,291,68,2358,281,Mobile,USA
USR011821,97.8,21.0,2.0,61.3,11.4,73.6,66,23,76,290,42,1408,357,Mobile,UK
USR011822,26.1,0.1,5.5,110.4,1.2,40.0,138,33,23,369,83,747,358,Mobile,USA
USR011823,51.2,8.4,4.8,20.0,13.5,25.2,117,8,51,343,32,3223,316,Mobile,India
USR011824,176.6,1.2,9.9,5.2,5.6,50.9,144,11,3,10,17,668,268,Mobile,India
USR011825,4.7,6.9,8.0,74.5,1.8,88.8,249,10,1,369,52,3146,160,Mobile,Brazil
USR011826,89.3,2.5,9.0,119.1,5.8,91.9,50,23,11,339,50,325,82,Mobile,USA
USR011827,1.2,14.2,16.7,64.5,23.9,45.7,136,28,96,417,83,2687,337,Desktop,UK
USR011828,121.6,33.6,10.8,9.4,5.6,57.5,56,36,34,192,55,842,163,Mobile,USA
USR011829,128.7,5.5,6.2,87.7,38.0,91.7,117,18,75,284,2,933,52,Mobile,Japan
USR011830,83.3,3.3,4.5,129.3,5.4,53.6,63,39,65,90,66,3179,203,Tablet,Brazil
USR011831,55.1,0.1,6.4,27.8,17.7,65.0,246,30,1,369,62,3385,5,Mobile,Japan
USR011832,63.1,4.4,3.8,29.0,17.7,92.8,102,25,69,247,11,38,338,Mobile,India
USR011833,65.9,2.2,5.2,17.9,3.4,37.4,101,47,19,484,9,968,328,Mobile,UK
USR011834,19.7,1.4,14.8,46.0,18.8,88.9,70,36,78,79,83,3293,283,Mobile,Australia
USR011835,47.9,14.1,6.6,23.4,11.0,30.9,531,23,91,142,3,2647,115,Mobile,India
USR011836,2.2,2.2,22.1,22.4,5.1,58.1,202,22,4,254,43,694,331,Mobile,India
USR011837,18.2,1.9,1.8,115.0,13.4,96.6,108,39,29,93,14,978,37,Mobile,UK
USR011838,1.0,0.5,5.7,103.7,14.0,81.4,182,14,59,157,81,939,33,Tablet,USA
USR011839,8.1,0.6,0.1,150.1,64.0,56.7,997,20,86,252,9,1438,99,Mobile,Japan
USR011840,6.0,1.3,2.2,22.9,3.5,39.5,505,25,27,309,88,3585,269,Mobile,Japan
USR011841,69.7,0.4,3.0,5.1,7.9,85.8,311,45,72,267,90,2729,86,Mobile,India
USR011842,110.1,0.8,5.5,362.3,7.2,46.7,493,33,93,292,33,2266,207,Mobile,UK
USR011843,244.2,3.6,3.2,65.0,11.1,71.6,301,5,18,229,62,3042,352,Mobile,Japan
USR011844,16.1,0.8,5.7,31.8,5.4,34.4,42,22,68,412,30,2465,263,Mobile,UK
USR011845,131.6,7.2,0.5,49.8,1.4,76.0,10,34,56,170,98,855,358,Mobile,Australia
USR011846,14.6,0.6,0.5,26.2,0.1,66.5,299,7,51,310,59,3521,148,Mobile,UK
USR011847,19.8,0.4,1.6,81.0,1.5,31.8,39,26,91,289,65,1438,71,Desktop,Australia
USR011848,52.9,6.4,7.3,8.2,5.9,28.9,109,30,75,144,50,2726,204,Desktop,UK
USR011849,151.3,4.8,7.3,39.6,0.5,61.7,128,45,23,171,25,114,133,Mobile,Brazil
USR011850,259.6,9.1,1.0,107.9,6.8,79.1,529,46,52,202,76,2145,39,Mobile,Brazil
USR011851,73.6,8.1,24.7,105.4,0.3,31.1,268,23,1,287,44,3400,154,Desktop,Australia
USR011852,18.2,1.7,0.7,94.5,0.1,69.9,141,8,95,455,12,74,122,Tablet,Australia
USR011853,10.2,12.1,6.1,62.3,1.8,53.0,99,45,98,306,34,1522,40,Mobile,Brazil
USR011854,10.9,3.7,5.5,44.0,6.3,88.0,195,21,58,224,30,3131,180,Desktop,USA
USR011855,38.3,9.6,0.5,22.0,5.6,81.6,149,48,20,120,46,699,110,Mobile,India
USR011856,33.4,12.1,25.2,4.8,4.9,72.0,111,28,33,166,69,2372,24,Mobile,UK
USR011857,121.4,5.9,6.6,2.0,12.5,60.5,275,38,13,369,4,428,295,Mobile,Australia
USR011858,60.6,4.4,2.4,5.6,7.3,28.2,266,11,53,317,29,1357,321,Mobile,Brazil
USR011859,94.2,9.8,16.0,4.8,11.1,54.0,106,10,54,416,18,3004,342,Mobile,Germany
USR011860,57.4,7.0,4.6,64.5,28.0,30.6,193,25,76,466,47,2064,173,Mobile,Brazil
USR011861,65.1,4.7,3.7,57.6,9.5,51.1,448,10,5,411,0,915,205,Desktop,USA
USR011862,1.0,30.6,0.5,106.1,26.1,31.3,179,13,27,118,64,2301,17,Mobile,USA
USR011863,55.3,7.5,11.8,46.5,0.0,84.4,63,19,11,79,47,2475,6,Desktop,UK
USR011864,21.8,12.3,4.6,36.3,7.5,67.0,110,5,83,164,95,646,147,Mobile,UK
USR011865,246.5,32.6,18.0,11.2,0.6,82.8,21,5,65,478,76,3585,210,Tablet,Japan
USR011866,41.1,2.0,5.8,8.1,2.8,38.3,308,34,63,317,80,2452,4,Mobile,Japan
USR011867,35.0,0.5,4.5,31.8,17.0,65.9,8,19,38,253,24,639,122,Desktop,USA
USR011868,36.1,5.6,9.3,33.6,37.5,84.2,10,5,52,462,48,3569,88,Mobile,India
USR011869,98.0,7.4,9.7,32.5,8.3,65.0,435,18,40,302,57,3013,60,Mobile,Australia
USR011870,67.0,11.3,0.7,3.0,5.9,26.8,59,38,61,395,77,1555,176,Mobile,USA
USR011871,43.2,5.1,0.2,26.8,13.7,95.3,168,12,87,278,4,3105,90,Mobile,India
USR011872,34.5,0.5,20.3,10.5,9.3,70.7,141,14,29,411,95,2610,102,Mobile,Germany
USR011873,10.4,6.8,5.6,18.2,0.3,92.6,265,12,46,305,62,1325,51,Mobile,Germany
USR011874,288.5,4.4,20.5,1.5,22.1,23.8,0,34,9,81,30,535,235,Desktop,India
USR011875,25.0,3.1,10.3,15.6,8.3,54.1,571,33,21,333,33,2066,272,Mobile,Australia
USR011876,34.3,2.4,20.9,9.2,27.8,41.8,315,25,31,407,80,1069,111,Mobile,Japan
USR011877,19.9,1.7,1.1,53.3,10.2,90.4,6,19,69,207,32,1114,81,Tablet,Australia
USR011878,94.0,0.0,12.0,94.4,1.5,73.3,380,10,72,188,54,1288,100,Desktop,Germany
USR011879,5.8,5.6,3.0,3.2,17.4,28.4,76,20,47,344,87,1994,270,Tablet,Japan
USR011880,70.9,2.2,7.4,10.8,3.8,33.0,91,28,69,308,90,365,175,Desktop,UK
USR011881,101.3,1.4,3.2,76.8,3.7,60.2,134,23,83,94,1,408,166,Desktop,Japan
USR011882,24.4,7.6,3.5,89.7,0.9,76.2,0,22,6,367,12,2319,208,Mobile,Australia
USR011883,28.3,0.0,2.6,102.7,11.5,27.5,322,33,59,262,31,2031,67,Mobile,Australia
USR011884,134.9,3.6,5.1,72.6,2.7,44.4,75,24,39,165,16,762,71,Mobile,Germany
USR011885,56.5,6.3,3.5,25.5,10.9,44.9,98,42,26,225,82,2719,276,Mobile,USA
USR011886,5.5,8.9,6.3,52.5,10.6,53.1,128,43,14,458,17,388,13,Mobile,Brazil
USR011887,85.9,12.8,5.0,28.5,6.3,34.0,96,19,83,203,9,3073,38,Tablet,USA
USR011888,46.2,0.4,18.5,18.2,3.2,43.4,385,22,40,175,74,3611,158,Mobile,Japan
USR011889,62.0,3.8,7.5,31.8,17.3,75.4,78,23,54,414,52,1440,295,Mobile,Germany
USR011890,58.7,9.8,4.2,176.1,12.5,27.2,186,12,20,426,27,1543,355,Mobile,Brazil
USR011891,120.5,3.2,0.3,25.4,0.1,64.5,122,27,52,289,38,262,361,Desktop,UK
USR011892,25.9,1.1,6.7,91.4,10.6,94.8,115,13,22,460,53,2787,206,Mobile,USA
USR011893,44.8,5.6,4.0,54.3,24.4,62.4,787,37,32,76,78,2695,280,Mobile,Germany
USR011894,62.2,4.1,23.6,19.1,5.5,70.8,375,45,72,446,56,3052,347,Mobile,Japan
USR011895,59.9,0.1,0.1,62.6,7.4,95.7,85,28,76,161,5,1242,140,Desktop,UK
USR011896,162.6,5.6,1.3,143.9,3.9,46.9,77,17,7,228,89,2279,160,Desktop,Germany
USR011897,95.4,1.4,11.3,12.3,0.6,64.4,408,40,72,233,75,2303,270,Mobile,USA
USR011898,18.1,2.0,8.6,31.2,7.5,90.8,132,46,77,324,71,3294,50,Desktop,UK
USR011899,126.4,7.1,24.4,8.4,3.6,53.0,321,10,43,81,89,3347,161,Mobile,Brazil
USR011900,33.8,17.1,7.7,58.9,9.1,77.1,852,18,70,204,21,2974,319,Desktop,USA
USR011901,135.1,2.1,11.3,87.7,3.1,77.1,335,11,22,317,88,2100,323,Tablet,India
USR011902,26.4,0.7,14.2,26.9,11.1,50.6,131,19,75,409,81,2540,62,Mobile,India
USR011903,113.4,0.4,2.5,56.7,19.6,66.4,132,13,60,494,40,2444,203,Mobile,India
USR011904,1.0,12.6,0.6,1.8,3.2,55.0,78,13,1,302,99,1548,220,Desktop,UK
USR011905,10.5,15.9,6.5,3.4,8.9,52.9,85,2,65,312,37,2747,39,Mobile,Brazil
USR011906,26.2,1.3,13.1,17.2,8.1,72.5,122,1,67,209,32,2767,150,Mobile,USA
USR011907,28.5,1.8,1.0,37.7,5.0,65.4,788,21,39,484,41,2528,3,Desktop,UK
USR011908,246.5,0.9,1.2,1.2,4.3,61.5,93,25,15,265,80,618,347,Desktop,India
USR011909,52.3,1.7,3.2,12.5,8.2,78.8,215,1,86,22,35,2732,240,Mobile,UK
USR011910,1.0,1.9,7.0,157.1,14.8,63.3,201,28,16,181,40,528,21,Mobile,USA
USR011911,22.1,3.8,11.9,22.9,5.8,21.4,143,46,21,5,4,840,107,Mobile,India
USR011912,114.6,4.6,3.2,101.3,2.1,84.3,2077,38,36,488,37,3302,226,Desktop,Germany
USR011913,45.5,2.7,19.1,27.7,4.2,39.3,28,30,28,70,14,67,91,Mobile,India
USR011914,50.5,1.6,0.3,12.1,0.4,58.2,245,4,18,337,15,1186,233,Mobile,USA
USR011915,112.5,1.0,28.7,118.7,4.5,64.9,144,24,36,132,52,3386,40,Mobile,Australia
USR011916,3.4,9.2,3.2,65.5,1.3,99.1,211,11,3,309,91,789,201,Mobile,India
USR011917,9.9,10.2,2.6,25.2,1.9,84.7,275,18,81,445,1,773,252,Tablet,Australia
USR011918,15.2,0.2,23.2,52.0,3.9,58.7,25,49,46,395,52,2977,230,Mobile,UK
USR011919,81.7,2.9,15.9,36.0,9.6,87.0,268,25,64,423,59,1165,117,Mobile,Australia
USR011920,32.4,12.6,19.6,84.4,10.9,80.9,232,30,2,87,35,1426,109,Mobile,USA
USR011921,83.7,6.9,3.9,78.9,17.4,94.6,465,25,72,273,78,1795,182,Desktop,India
USR011922,24.4,3.4,7.3,45.0,13.0,38.4,238,22,21,380,94,591,19,Mobile,India
USR011923,63.5,5.9,7.4,12.4,5.8,86.1,80,3,92,260,36,3585,30,Mobile,Japan
USR011924,20.8,5.5,2.3,22.3,2.2,52.2,76,14,13,64,83,2806,128,Mobile,Japan
USR011925,62.0,0.1,3.8,4.1,24.3,86.4,1,24,31,411,21,692,7,Mobile,Japan
USR011926,7.6,7.5,4.3,26.5,4.9,52.4,30,21,25,22,8,1373,360,Mobile,Japan
USR011927,55.3,16.0,13.6,21.5,5.4,96.6,108,20,0,27,78,155,332,Mobile,India
USR011928,127.3,1.9,0.6,58.7,2.9,23.6,25,11,35,56,67,743,145,Mobile,Germany
USR011929,76.0,17.1,7.3,39.1,10.7,91.1,419,29,18,379,96,309,178,Mobile,UK
USR011930,13.1,10.0,15.4,58.6,1.6,73.3,18,17,23,22,69,2612,187,Mobile,Brazil
USR011931,12.7,5.7,2.0,11.4,9.3,56.3,225,32,47,48,56,355,185,Mobile,Germany
USR011932,75.8,0.6,22.8,87.1,0.1,99.7,17,19,89,29,39,1584,27,Mobile,Brazil
USR011933,88.4,10.9,1.0,124.0,10.4,73.8,353,4,44,42,27,2712,319,Desktop,India
USR011934,89.8,6.7,1.4,5.1,14.5,21.5,45,2,80,87,54,1810,292,Mobile,UK
USR011935,83.8,1.9,5.1,30.3,7.7,44.3,130,34,36,246,43,2490,81,Mobile,UK
USR011936,18.8,8.7,0.2,4.5,1.0,28.9,480,24,5,329,44,3450,293,Mobile,Germany
USR011937,16.7,0.3,0.6,17.9,7.5,23.9,341,46,60,135,66,1867,64,Mobile,USA
USR011938,50.2,0.7,0.6,180.6,52.6,68.2,80,40,16,240,35,2873,165,Desktop,India
USR011939,171.5,3.0,15.6,71.1,10.1,60.7,24,47,95,123,7,1436,276,Mobile,Germany
USR011940,47.9,3.9,3.3,74.9,3.5,26.6,206,5,66,65,86,3161,39,Tablet,Australia
USR011941,28.9,0.7,4.4,47.7,6.3,92.9,311,13,63,372,10,592,306,Desktop,Japan
USR011942,110.5,3.4,6.4,7.4,0.5,32.0,457,21,3,490,83,3310,213,Mobile,UK
USR011943,170.6,2.2,0.5,2.1,6.9,35.1,219,6,65,156,66,2231,344,Mobile,UK
USR011944,26.8,6.6,3.2,183.6,55.6,47.5,369,1,2,306,49,380,14,Mobile,UK
USR011945,19.3,1.2,0.1,15.1,26.4,66.3,351,23,11,472,1,558,81,Mobile,India
USR011946,9.7,6.2,19.7,73.4,43.4,56.9,74,6,52,273,81,2201,269,Mobile,Brazil
USR011947,7.3,14.2,4.7,138.8,1.5,99.0,187,18,5,38,98,43,10,Mobile,UK
USR011948,113.3,4.4,3.4,1.6,4.6,60.8,194,11,70,7,88,3227,341,Desktop,Germany
USR011949,17.0,3.1,8.4,16.8,10.8,92.2,655,6,53,254,10,1565,164,Desktop,Brazil
USR011950,15.8,10.7,15.6,29.8,2.0,79.8,1458,2,90,390,54,383,170,Mobile,Brazil
USR011951,91.8,1.0,22.6,64.0,7.4,78.7,76,8,88,151,32,3548,220,Mobile,Australia
USR011952,82.4,5.6,6.8,18.2,5.3,73.3,265,12,2,168,67,373,354,Desktop,India
USR011953,45.0,9.2,20.5,9.7,12.8,62.6,77,40,81,15,46,2027,220,Desktop,UK
USR011954,21.2,0.3,5.5,14.7,13.8,95.9,131,27,21,292,40,2973,360,Mobile,Germany
USR011955,63.7,1.8,7.1,52.1,9.6,36.0,154,22,50,430,59,2549,298,Desktop,Germany
USR011956,51.8,12.9,1.1,16.5,0.9,84.8,48,34,28,491,98,1316,41,Mobile,Japan
USR011957,87.7,3.3,1.1,11.5,7.8,27.7,56,2,94,494,32,2668,231,Mobile,USA
USR011958,112.3,6.8,25.7,112.4,8.4,90.2,375,18,38,497,11,1440,117,Mobile,Brazil
USR011959,25.8,13.0,0.9,131.0,2.4,77.3,52,48,5,386,37,1460,358,Desktop,Germany
USR011960,103.2,4.8,2.7,0.1,20.3,52.5,129,10,30,134,61,955,102,Tablet,India
USR011961,41.3,1.4,10.5,91.8,9.5,37.6,146,37,91,180,75,3094,184,Mobile,Germany
USR011962,88.0,3.1,1.1,18.3,8.0,43.5,20,34,5,161,93,2226,332,Tablet,Germany
USR011963,7.5,2.9,1.9,22.4,9.7,35.9,244,10,69,250,44,2478,93,Mobile,UK
USR011964,131.7,0.2,1.7,5.4,16.6,39.6,73,2,27,47,94,2589,299,Mobile,India
USR011965,97.8,9.3,0.4,6.4,12.3,30.8,141,49,1,415,96,671,339,Desktop,Australia
USR011966,253.8,13.0,8.4,4.8,12.1,61.0,517,38,34,89,15,1309,250,Mobile,UK
USR011967,3.0,3.2,7.2,47.2,4.5,75.0,502,36,91,128,50,1048,84,Mobile,Japan
USR011968,17.1,0.1,13.2,61.6,13.1,60.8,156,48,29,286,59,1347,333,Mobile,Australia
USR011969,10.6,9.3,4.9,1.7,1.6,73.0,65,31,36,174,74,271,301,Mobile,Australia
USR011970,6.5,18.8,8.2,11.1,17.5,49.3,283,42,0,271,59,2272,45,Mobile,Japan
USR011971,46.5,5.6,2.3,79.1,6.8,49.0,90,33,23,406,0,654,100,Mobile,Brazil
USR011972,109.7,8.0,1.4,27.6,2.5,41.4,90,28,78,432,79,1055,240,Tablet,Japan
USR011973,19.0,5.9,7.9,150.7,2.4,88.1,407,34,4,446,19,2839,271,Mobile,Germany
USR011974,24.6,0.1,2.0,3.3,25.0,44.3,62,31,31,254,76,2402,206,Mobile,USA
USR011975,187.4,18.2,3.9,36.9,24.6,100.0,169,10,98,460,59,870,230,Mobile,Germany
USR011976,3.2,1.5,8.7,35.4,15.3,68.8,193,40,88,293,38,178,295,Mobile,Brazil
USR011977,138.7,6.1,1.0,105.3,2.0,92.8,986,40,70,72,42,575,287,Tablet,Australia
USR011978,118.9,0.3,8.5,42.9,0.6,74.8,84,5,87,230,1,2512,314,Mobile,Australia
USR011979,11.2,5.0,3.3,0.2,4.4,27.7,100,14,36,405,20,1253,202,Mobile,USA
USR011980,48.4,2.1,5.5,26.7,17.1,44.1,251,10,70,355,78,2872,337,Mobile,Germany
USR011981,31.3,5.4,8.7,29.3,16.8,32.6,163,34,18,36,15,2625,327,Mobile,Australia
USR011982,38.6,5.9,14.8,19.3,10.6,68.2,605,47,20,227,18,611,62,Desktop,UK
USR011983,101.9,1.8,1.0,50.9,4.1,26.3,460,26,41,462,0,517,342,Mobile,Germany
USR011984,1.0,4.2,19.5,78.8,1.1,57.6,134,44,79,449,43,2654,161,Mobile,UK
USR011985,20.1,6.3,0.3,33.4,7.8,37.8,482,47,74,336,34,435,312,Mobile,Germany
USR011986,83.2,6.0,17.8,32.9,3.4,81.9,474,32,49,496,50,2939,9,Mobile,Australia
USR011987,1.9,3.6,9.3,58.2,6.7,90.1,384,46,1,207,2,2133,142,Mobile,Japan
USR011988,58.5,5.4,0.3,36.4,21.3,60.7,490,29,10,11,18,62,212,Mobile,Brazil
USR011989,145.6,1.8,10.1,18.1,4.3,59.7,124,15,28,487,36,1360,173,Mobile,Japan
USR011990,65.4,1.7,3.3,94.0,0.6,21.6,578,20,6,125,59,2114,25,Mobile,UK
USR011991,97.9,1.0,41.9,65.2,6.9,47.9,210,42,26,493,89,3372,53,Mobile,Australia
USR011992,58.1,1.6,6.8,17.9,1.2,74.6,64,5,43,89,67,2931,212,Mobile,UK
USR011993,77.6,3.6,4.3,5.4,7.5,56.0,576,45,62,90,44,3226,3,Mobile,Germany
USR011994,38.3,5.1,4.8,7.6,12.8,94.1,334,22,95,62,29,398,173,Tablet,USA
USR011995,21.3,3.6,0.9,61.6,1.0,94.4,154,15,78,326,14,1242,136,Mobile,Germany
USR011996,47.5,19.1,3.9,15.7,1.7,35.6,505,23,33,321,0,3009,84,Mobile,Brazil
USR011997,95.0,6.2,8.3,117.4,1.6,28.4,89,2,56,74,89,76,130,Tablet,Australia
USR011998,42.8,0.7,10.2,11.6,1.2,58.0,658,13,57,317,59,1592,82,Desktop,UK
USR011999,76.8,9.6,6.9,12.4,14.4,35.4,47,14,48,133,67,323,73,Mobile,UK
