PassengerId,Survived,Pclass,Name,Sex,Age,SibSp,Parch,Ticket,Fare,Cabin,Embarked
1,0,3,"Williams, Miss. Lily",female,31.6,0,2,T623217,11.81,,C
2,1,1,"Thomas, Mr. Henry",male,47.7,0,0,T614241,52.42,,S
3,1,2,"Davis, Mr. John",male,35.3,0,0,T35213,16.64,,S
4,1,3,"Jones, Mrs. Emma",female,34.6,1,0,T316118,15.09,,S
5,1,3,"Smith, Mrs. Alice",female,,0,0,T178484,15.98,E43,S
6,0,3,"Brown, Mr. Edward",male,17.8,1,0,T336133,16.47,,S
7,1,2,"Thomas, Mr. John",male,59.5,0,0,T212191,24.53,F102,C
8,0,3,"Wilson, Mr. Richard",male,21.0,1,0,T272605,21.41,,S
9,1,2,"Johnson, Mr. Henry",male,48.0,0,0,T201437,27.02,,S
10,0,3,"Davis, Mr. Edward",male,20.8,1,0,T770461,12.4,,S
11,0,3,"Williams, Mr. William",male,25.7,0,2,T442192,7.6,,C
12,1,2,"Davis, Miss. Edith",female,37.2,0,0,T310343,20.58,,S
13,0,3,"Taylor, Master. George",male,31.2,0,0,T816816,15.04,,S
14,0,3,"Thomas, Mr. Thomas",male,35.2,0,2,T619479,18.83,,S
15,1,1,"Taylor, Mrs. Edith",female,17.8,0,0,T60522,160.1,,S
16,0,3,"Miller, Mr. George",male,,0,0,T303625,5.42,,S
17,0,1,"Davis, Mr. Edward",male,16.9,0,0,T45193,76.57,,S
18,1,3,"Anderson, Mrs. Edith",female,22.0,1,3,T648301,3.6,,C
19,1,1,"Wilson, Mr. Edward",male,26.4,0,1,T79011,72.8,E9,S
20,0,1,"Williams, Master. Thomas",male,,0,1,T513680,100.86,,S
21,0,2,"Taylor, Mr. Henry",male,31.0,1,2,T919832,10.64,,S
22,0,3,"Anderson, Mr. John",male,36.7,0,0,T227142,14.13,,S
23,0,3,"Davis, Mrs. Florence",female,31.8,1,1,T497455,13.04,B18,S
24,0,3,"Jones, Mr. Charles",male,13.5,0,0,T979568,11.33,,S
25,0,2,"Smith, Mr. Robert",male,30.0,0,0,T861705,55.33,,S
26,0,1,"Moore, Mr. Robert",male,,1,0,T28961,152.33,C46,S
27,0,3,"Miller, Miss. Dorothy",female,40.7,0,0,T758324,13.46,,S
28,0,3,"Taylor, Mr. Charles",male,14.2,0,0,T431054,15.93,,S
29,0,2,"Smith, Master. Henry",male,0.5,0,0,T176674,34.03,,S
30,0,2,"Anderson, Miss. Annie",female,32.3,1,0,T268400,11.68,B67,C
31,1,3,"Johnson, Miss. Alice",female,34.8,1,0,T950164,10.2,,S
32,1,2,"Jones, Mr. John",male,27.1,0,2,T697415,46.85,,S
33,0,3,"Smith, Mr. John",male,30.1,0,0,T446363,12.59,,S
34,0,3,"Jones, Mr. Henry",male,,0,0,T418000,12.62,,S
35,0,3,"Wilson, Mr. Charles",male,23.0,0,0,T110549,25.17,,S
36,1,3,"Taylor, Mrs. Emma",female,25.7,0,0,T539616,5.45,,S
37,0,1,"Moore, Mr. Charles",male,30.8,1,0,T805015,161.71,E110,S
38,0,3,"Smith, Mr. Charles",male,12.0,0,1,T467348,22.62,,S
39,0,3,"Williams, Mr. Henry",male,27.5,0,2,T593451,19.81,,S
40,1,1,"Jones, Miss. Alice",female,,0,0,T195806,115.03,,S
41,0,3,"Williams, Mr. Thomas",male,,0,2,T769611,5.47,,S
42,1,2,"Brown, Mr. George",male,,0,1,T715627,20.86,F80,S
43,0,3,"Moore, Mrs. Mary",female,,0,2,T387175,5.78,,S
44,0,3,"Wilson, Mr. John",male,43.0,1,0,T851817,7.39,,C
45,0,3,"Williams, Mr. Edward",male,,1,6,T383831,18.03,,S
46,0,1,"Wilson, Mr. William",male,49.6,0,0,T436338,155.27,,S
47,0,2,"Jones, Mr. Henry",male,55.3,0,1,T86879,38.21,,S
48,0,3,"Miller, Mr. Thomas",male,29.3,1,0,T909654,20.32,C34,C
49,0,3,"Wilson, Master. James",male,21.9,0,0,T383264,13.13,,S
50,0,1,"Taylor, Mr. James",male,,0,1,T840002,60.97,,C
51,0,2,"Williams, Mr. Henry",male,,0,1,T13510,15.37,,S
52,0,2,"Taylor, Mr. George",male,30.9,0,0,T473970,37.8,,S
53,0,3,"Jones, Mr. James",male,50.4,0,0,T261199,5.58,F113,S
54,0,3,"Williams, Mr. Richard",male,48.9,0,0,T59054,12.19,,Q
55,0,3,"Davis, Mr. James",male,24.8,0,0,T442826,5.5,,C
56,1,3,"Brown, Miss. Beatrice",female,33.3,0,0,T651606,12.72,,C
57,0,3,"Wilson, Mr. William",male,38.1,0,0,T741698,7.23,B85,S
58,0,2,"Williams, Mr. Thomas",male,,0,0,T158290,20.53,,S
59,1,1,"Brown, Mrs. Alice",female,9.5,1,0,T976673,76.52,,S
60,0,3,"Smith, Mr. George",male,16.1,0,0,T688516,8.1,,S
61,1,3,"Jones, Miss. Florence",female,10.0,2,0,T523690,15.15,,S
62,1,3,"Moore, Miss. Mary",female,36.8,0,0,T570336,11.01,,S
63,1,3,"Smith, Mrs. Mary",female,12.5,1,0,T616367,16.63,C58,S
64,0,3,"Davis, Mrs. Alice",female,32.5,0,0,T14170,9.81,,S
65,0,3,"Johnson, Mr. James",male,56.3,4,0,T71131,15.64,G118,S
66,1,2,"Miller, Mrs. Florence",female,,0,0,T445885,19.5,,S
67,0,2,"Moore, Mr. George",male,,0,0,T698803,41.2,B64,S
68,0,3,"Moore, Mr. George",male,11.2,0,0,T960347,1.97,,C
69,0,3,"Thomas, Mrs. Dorothy",female,18.4,2,0,T460187,14.57,,C
70,0,2,"Anderson, Mr. Richard",male,12.7,0,2,T963658,21.55,,S
71,1,3,"Taylor, Mrs. Lily",female,5.7,0,1,T741347,8.66,,S
72,0,2,"Wilson, Mr. Charles",male,29.5,0,0,T136633,54.25,,S
73,1,1,"Smith, Master. Henry",male,39.9,0,0,T845906,69.45,,S
74,0,3,"Thomas, Mr. William",male,43.5,0,0,T507950,13.82,,S
75,0,2,"Taylor, Master. Edward",male,,1,0,T517140,19.39,,C
76,0,3,"Anderson, Mr. Edward",male,25.8,0,0,T901475,5.53,,S
77,0,1,"Smith, Mr. James",male,,0,3,T285175,59.18,,S
78,0,3,"Miller, Mr. James",male,,1,0,T82042,12.38,,S
79,1,1,"Taylor, Miss. Florence",female,41.5,0,0,T557502,80.92,,S
80,0,3,"Taylor, Mr. Robert",male,35.9,0,0,T813497,11.47,,S
81,1,3,"Thomas, Miss. Alice",female,24.2,0,0,T26128,8.06,,S
82,0,3,"Moore, Mr. George",male,2.8,2,0,T783303,30.11,G77,C
83,0,1,"Smith, Mr. Richard",male,51.4,0,0,T886682,169.94,,S
84,0,1,"Brown, Mr. William",male,19.8,1,0,T810492,60.02,,S
85,1,1,"Johnson, Miss. Dorothy",female,34.9,0,2,T940595,83.86,,S
86,0,2,"Anderson, Mr. Robert",male,1.9,0,0,T309642,50.09,F117,S
87,0,3,"Taylor, Mr. John",male,29.5,0,0,T132142,6.85,,S
88,0,3,"Moore, Miss. Alice",female,31.2,0,2,T35918,5.39,,S
89,1,3,"Smith, Mr. John",male,31.9,0,0,T717671,10.25,,S
90,0,3,"Thomas, Mrs. Annie",female,73.4,0,0,T575182,20.95,,S
91,1,2,"Jones, Mr. James",male,20.5,2,0,T998667,27.35,,S
92,1,2,"Davis, Mr. Charles",male,41.6,0,0,T982174,18.11,B121,C
93,1,1,"Davis, Mr. John",male,37.3,0,0,T455240,100.44,A112,C
94,0,3,"Moore, Mr. George",male,19.9,0,0,T67729,22.65,,S
95,1,3,"Moore, Mrs. Clara",female,41.4,0,1,T698412,18.67,,S
96,1,1,"Johnson, Miss. Annie",female,27.3,0,0,T378936,145.44,,S
97,0,1,"Wilson, Mr. Richard",male,42.4,0,2,T12901,90.29,,C
98,0,3,"Williams, Miss. Emma",female,58.1,2,1,T104248,10.63,,S
99,0,3,"Anderson, Mr. Thomas",male,31.9,4,3,T462858,10.07,,S
100,0,3,"Davis, Mr. George",male,25.6,1,0,T10138,6.4,,S
101,1,2,"Johnson, Master. Robert",male,44.9,0,0,T528391,12.49,,S
102,0,2,"Williams, Master. Robert",male,50.0,2,2,T558446,26.65,,S
103,0,3,"Moore, Mr. Charles",male,16.9,0,1,T216205,4.6,,S
104,0,3,"Thomas, Mr. Robert",male,,0,0,T988899,15.59,D72,Q
105,0,2,"Williams, Mr. John",male,,0,0,T611962,40.95,,S
106,1,3,"Brown, Mrs. Beatrice",female,27.8,1,0,T515766,14.19,,C
107,0,3,"Jones, Miss. Dorothy",female,,0,0,T28126,5.62,,S
108,0,2,"Moore, Mr. John",male,37.5,0,0,T238450,16.57,,Q
109,1,2,"Wilson, Mr. John",male,39.4,0,1,T763104,9.82,C14,S
110,0,1,"Miller, Mr. George",male,24.9,0,0,T914323,132.93,,C
111,0,1,"Johnson, Miss. Edith",female,30.6,0,0,T707075,58.47,D127,C
112,0,3,"Brown, Mr. Richard",male,21.3,0,0,T429870,10.01,B116,C
113,0,2,"Wilson, Mr. Henry",male,13.8,1,0,T440812,27.36,,S
114,1,3,"Smith, Miss. Beatrice",female,22.5,0,0,T368844,18.51,D55,S
115,0,3,"Brown, Mr. Charles",male,30.8,0,0,T106708,19.2,E140,C
116,0,1,"Williams, Mr. William",male,,0,2,T38252,117.86,C23,S
117,1,3,"Miller, Mr. Charles",male,23.6,1,0,T300323,4.3,,S
118,0,3,"Anderson, Mr. Henry",male,31.0,0,1,T486616,8.81,,Q
119,0,3,"Miller, Miss. Edith",female,47.0,0,0,T740356,5.57,,S
120,0,3,"Williams, Master. Richard",male,25.2,0,0,T582260,10.6,,S
121,0,2,"Davis, Mr. James",male,11.6,0,0,T267293,31.04,C120,S
122,0,3,"Brown, Mr. Richard",male,26.7,0,0,T344966,14.84,F100,S
123,0,3,"Thomas, Mr. John",male,21.5,1,1,T588603,14.86,,C
124,0,3,"Anderson, Mr. Robert",male,37.7,0,1,T434465,27.61,A16,S
125,0,2,"Wilson, Mr. Robert",male,24.8,1,0,T650944,22.38,,S
126,1,3,"Davis, Mr. Richard",male,0.5,5,0,T283616,7.41,,S
127,0,2,"Thomas, Mr. George",male,80.0,0,0,T808288,37.51,,S
128,0,3,"Jones, Mr. James",male,,0,1,T493769,9.6,,S
129,0,3,"Jones, Mr. William",male,,1,0,T437772,12.47,,S
130,1,3,"Williams, Mrs. Dorothy",female,,0,0,T941653,6.4,F20,S
131,0,3,"Miller, Mr. George",male,8.5,0,0,T400420,14.47,,S
132,1,2,"Johnson, Mrs. Dorothy",female,28.4,2,0,T908808,43.32,,Q
133,0,2,"Williams, Mr. Thomas",male,34.6,0,0,T434629,20.78,,S
134,1,1,"Anderson, Miss. Edith",female,39.9,0,0,T287485,167.45,C50,Q
135,1,1,"Smith, Mr. John",male,33.1,1,2,T774713,139.08,C35,S
136,0,2,"Moore, Master. Richard",male,12.5,0,0,T15385,22.74,,S
137,0,3,"Anderson, Mr. Charles",male,,0,0,T270459,7.25,,S
138,0,3,"Davis, Mr. Charles",male,28.2,0,0,T895083,16.62,,S
139,1,1,"Smith, Mrs. Lily",female,22.0,0,0,T733556,37.35,,S
140,0,3,"Miller, Mr. Robert",male,,2,0,T150076,7.49,,S
141,0,3,"Williams, Mr. James",male,41.7,0,0,T451526,10.45,,S
142,0,3,"Brown, Miss. Annie",female,,2,0,T988880,32.78,,S
143,0,3,"Jones, Mr. Thomas",male,38.6,1,0,T450616,9.98,,C
144,1,1,"Smith, Mr. William",male,9.3,0,0,T85331,101.16,,Q
145,0,3,"Smith, Mr. Thomas",male,31.6,0,0,T532988,8.93,,S
146,0,3,"Jones, Mr. Henry",male,43.2,0,0,T291086,12.64,,S
147,0,1,"Moore, Mrs. Emma",female,24.8,0,0,T822979,225.6,A131,C
148,0,1,"Miller, Master. Richard",male,,1,1,T70527,87.86,F93,S
149,0,1,"Smith, Mr. Thomas",male,57.5,1,0,T607016,102.11,,S
150,0,2,"Thomas, Mr. John",male,33.1,5,0,T324432,22.34,,S
151,1,2,"Anderson, Mr. George",male,37.6,2,2,T725491,13.86,,C
152,1,3,"Moore, Mr. Edward",male,45.1,0,0,T354317,13.57,,C
153,0,1,"Thomas, Mr. Edward",male,37.6,1,1,T498681,74.64,,S
154,0,3,"Jones, Mr. William",male,36.0,1,0,T774834,29.04,,C
155,0,3,"Brown, Miss. Alice",female,22.1,0,0,T205842,13.36,,C
156,0,2,"Wilson, Mr. Henry",male,5.2,0,0,T536443,19.71,,Q
157,1,1,"Miller, Mr. Edward",male,,0,0,T48695,52.06,,S
158,0,1,"Anderson, Mr. Charles",male,64.2,0,2,T280399,60.33,,Q
159,1,2,"Brown, Miss. Dorothy",female,34.4,0,0,T268263,14.02,,S
160,1,1,"Smith, Mr. James",male,,0,0,T897382,111.82,C59,C
161,1,2,"Anderson, Miss. Mary",female,48.0,0,1,T296809,23.92,,C
162,1,3,"Brown, Mrs. Lily",female,18.8,0,0,T755467,15.07,,C
163,0,3,"Williams, Miss. Edith",female,38.2,0,2,T272689,7.26,D92,Q
164,0,1,"Smith, Mr. George",male,30.8,0,0,T662532,117.3,,S
165,0,2,"Smith, Mr. Richard",male,,0,0,T139459,15.47,,S
166,0,3,"Thomas, Mr. Thomas",male,24.8,1,0,T632285,19.78,,S
167,1,3,"Smith, Miss. Dorothy",female,15.7,0,2,T556583,13.27,,Q
168,1,3,"Johnson, Miss. Annie",female,,0,1,T418061,19.21,,S
169,1,3,"Smith, Mrs. Lily",female,18.3,0,0,T377485,3.69,,S
170,0,2,"Taylor, Mr. George",male,29.7,1,0,T597429,22.02,,S
171,0,2,"Jones, Mr. Edward",male,7.1,0,0,T126576,16.88,,C
172,0,3,"Williams, Master. Edward",male,11.6,0,2,T326596,6.41,E3,S
173,0,1,"Williams, Mr. Charles",male,31.7,0,1,T735431,162.97,,S
174,0,3,"Davis, Mr. Richard",male,27.8,0,0,T332576,6.72,,Q
175,1,3,"Miller, Mr. Robert",male,32.5,0,0,T563440,12.34,,S
176,0,3,"Wilson, Mrs. Annie",female,29.0,0,0,T180219,14.19,,S
177,1,1,"Williams, Mr. William",male,66.2,0,0,T418811,76.14,,S
178,1,3,"Taylor, Miss. Mary",female,31.5,0,0,T743838,29.43,,S
179,0,3,"Moore, Miss. Dorothy",female,24.2,1,0,T680050,17.6,C70,S
180,0,1,"Jones, Mr. James",male,,0,1,T607005,39.8,,S
181,1,2,"Taylor, Mr. George",male,44.5,0,0,T454092,9.92,,C
182,0,3,"Johnson, Master. John",male,29.0,0,1,T325328,7.07,A115,Q
183,0,3,"Anderson, Mr. Thomas",male,39.6,0,0,T115389,10.58,,S
184,0,2,"Williams, Mr. Robert",male,35.4,0,0,T132381,7.68,D83,S
185,0,1,"Miller, Mr. Robert",male,25.5,0,0,T875637,97.25,G103,C
186,0,3,"Brown, Mrs. Mary",female,,1,0,T440828,12.67,D77,S
187,1,3,"Anderson, Mr. Richard",male,52.9,0,0,T162228,19.29,A69,C
188,0,3,"Moore, Mrs. Alice",female,,1,0,T566619,13.75,,S
189,1,3,"Smith, Miss. Mary",female,15.4,0,0,T590980,10.95,,C
190,0,2,"Williams, Mr. Henry",male,,1,0,T68594,25.91,,S
191,0,3,"Taylor, Mr. Edward",male,0.5,0,0,T154927,16.3,,Q
192,1,1,"Anderson, Miss. Emma",female,31.7,2,1,T967953,153.44,,Q
193,0,3,"Miller, Mr. Richard",male,48.7,3,0,T754288,7.22,B122,S
194,0,3,"Johnson, Master. Edward",male,10.2,1,1,T180385,8.3,,C
195,1,2,"Davis, Miss. Emma",female,31.9,0,0,T441214,37.82,F72,C
196,0,2,"Taylor, Mr. Henry",male,44.0,0,0,T216073,24.95,,C
197,0,3,"Anderson, Mrs. Florence",female,45.5,0,2,T166815,10.87,,Q
198,1,1,"Smith, Mr. Thomas",male,48.3,1,0,T775784,17.25,,S
199,0,2,"Smith, Mr. Edward",male,2.6,0,1,T890985,41.47,,Q
200,1,3,"Wilson, Miss. Lily",female,37.0,0,0,T991252,6.6,,C
201,1,2,"Jones, Miss. Mary",female,,0,1,T168863,41.46,,S
202,0,3,"Taylor, Mr. Richard",male,,0,1,T935803,12.55,,S
203,0,1,"Davis, Mrs. Beatrice",female,41.6,0,2,T703583,40.17,F80,S
204,0,3,"Moore, Mrs. Lily",female,32.0,1,0,T641306,14.29,C16,C
205,0,1,"Brown, Mr. Charles",male,40.2,1,0,T386327,50.18,,C
206,1,1,"Brown, Mr. Charles",male,16.2,0,0,T242898,206.89,E55,S
207,0,3,"Miller, Mr. Charles",male,51.1,0,0,T349764,20.63,B51,C
208,0,3,"Davis, Mr. Henry",male,39.7,1,0,T359499,26.49,,C
209,0,2,"Moore, Mr. Henry",male,42.6,0,0,T929759,26.29,,Q
210,0,1,"Davis, Mr. Henry",male,14.0,0,2,T330006,182.48,,C
211,0,3,"Williams, Mr. Thomas",male,46.7,1,0,T977387,11.29,,S
212,1,3,"Wilson, Mrs. Florence",female,25.1,1,0,T302481,13.9,F133,C
213,0,3,"Moore, Mrs. Annie",female,20.8,0,1,T546434,12.15,,S
214,0,3,"Anderson, Mr. George",male,,0,0,T77426,28.47,,S
215,1,3,"Williams, Miss. Mary",female,38.2,0,0,T198446,7.75,,S
216,0,2,"Brown, Mr. George",male,17.4,0,0,T656922,27.87,F122,S
217,0,3,"Davis, Master. George",male,59.5,0,0,T183288,20.09,,S
218,0,3,"Davis, Master. Thomas",male,56.0,0,0,T971482,22.63,,S
219,1,1,"Miller, Miss. Clara",female,38.5,1,0,T526160,267.03,,S
220,1,2,"Davis, Miss. Mary",female,35.9,0,4,T75596,15.6,,C
221,1,1,"Williams, Mrs. Annie",female,34.5,1,0,T907720,117.14,,S
222,1,1,"Wilson, Mrs. Alice",female,7.2,0,0,T198509,75.09,,C
223,0,1,"Taylor, Master. Robert",male,31.3,3,0,T988525,48.39,,S
224,1,3,"Johnson, Mrs. Lily",female,31.1,1,0,T536112,19.48,,S
225,0,3,"Wilson, Mr. Thomas",male,21.3,0,1,T44955,3.99,,S
226,1,3,"Wilson, Mr. James",male,25.2,0,0,T979161,10.06,,S
227,1,2,"Johnson, Miss. Mary",female,0.5,0,0,T84934,26.06,,S
228,0,1,"Thomas, Mrs. Edith",female,13.8,0,0,T731899,47.28,,S
229,0,3,"Jones, Master. Richard",male,43.1,0,3,T441853,8.72,,S
230,0,2,"Thomas, Mr. James",male,54.8,0,1,T59450,45.15,C13,S
231,0,3,"Johnson, Mr. George",male,16.0,0,0,T138963,12.86,,S
232,0,3,"Wilson, Master. James",male,32.4,1,1,T461177,15.38,,S
233,0,1,"Wilson, Mr. William",male,45.6,0,0,T139143,49.09,,S
234,1,1,"Miller, Mr. John",male,22.2,0,0,T829696,172.33,,S
235,0,3,"Miller, Master. William",male,,0,0,T705776,9.78,B52,S
236,1,3,"Smith, Miss. Alice",female,,0,0,T988533,15.55,D71,S
237,0,3,"Miller, Miss. Emma",female,47.0,0,0,T115822,16.16,C42,S
238,0,3,"Williams, Mr. Charles",male,11.1,1,0,T75758,6.06,G60,S
239,1,2,"Williams, Mrs. Beatrice",female,13.7,1,0,T154644,10.14,F129,S
240,0,3,"Davis, Mr. George",male,33.8,0,0,T266318,10.85,,S
241,1,1,"Brown, Mr. Edward",male,31.1,0,1,T691940,121.42,D75,S
242,0,1,"Davis, Mr. William",male,28.9,0,0,T106785,102.92,F145,S
243,0,3,"Moore, Mr. John",male,38.0,1,0,T768609,8.83,B102,S
244,0,3,"Brown, Mr. James",male,16.2,0,0,T879507,14.69,,S
245,1,1,"Wilson, Master. Charles",male,,1,2,T651969,37.7,G139,S
246,0,1,"Miller, Mr. George",male,22.4,0,4,T512547,287.05,,C
247,0,1,"Williams, Mr. John",male,24.1,3,2,T500548,116.43,,Q
248,0,1,"Thomas, Miss. Beatrice",female,25.6,1,0,T724387,64.51,,S
249,1,1,"Smith, Mr. Charles",male,48.1,0,0,T336895,54.08,,C
250,0,3,"Moore, Mrs. Florence",female,40.9,0,0,T957765,7.16,,S
251,0,3,"Anderson, Mr. John",male,37.4,1,1,T894763,6.28,,S
252,1,3,"Miller, Miss. Emma",female,,0,0,T286718,7.89,C101,S
253,0,3,"Anderson, Mr. John",male,23.4,1,0,T542556,16.76,A94,C
254,0,3,"Miller, Miss. Alice",female,17.3,2,0,T505778,14.48,,S
255,1,3,"Miller, Miss. Dorothy",female,12.3,0,0,T608929,10.35,D56,S
256,0,3,"Brown, Mr. Thomas",male,,1,2,T567472,12.68,,S
257,1,2,"Moore, Mrs. Edith",female,29.1,0,0,T213556,27.58,,S
258,0,3,"Moore, Mr. George",male,13.0,0,0,T839667,10.32,,S
259,0,3,"Brown, Miss. Beatrice",female,32.2,1,2,T743320,16.58,,C
260,0,3,"Johnson, Mr. Thomas",male,26.9,0,2,T944425,11.75,,S
261,0,3,"Smith, Mr. James",male,23.9,0,0,T480016,9.02,,Q
262,0,2,"Anderson, Mr. Richard",male,46.5,1,0,T729000,20.79,,C
263,0,3,"Anderson, Mr. Robert",male,0.5,0,0,T352103,7.47,,C
264,1,1,"Anderson, Mr. George",male,24.1,0,0,T816557,101.68,,S
265,0,3,"Davis, Miss. Florence",female,0.5,1,0,T860473,11.91,,S
266,0,2,"Wilson, Mr. Richard",male,33.2,0,0,T398171,19.1,C30,S
267,1,1,"Thomas, Miss. Dorothy",female,40.8,3,0,T417787,291.55,G56,S
268,1,2,"Moore, Mr. William",male,10.1,0,0,T452618,23.62,,C
269,0,3,"Anderson, Mr. Robert",male,12.0,0,0,T545950,9.81,,C
270,1,1,"Wilson, Mr. Robert",male,5.1,3,0,T955882,42.61,,S
271,0,3,"Williams, Miss. Clara",female,30.6,1,0,T383852,9.3,,S
272,0,1,"Wilson, Master. Robert",male,24.8,1,1,T843857,28.54,,S
273,0,3,"Wilson, Master. William",male,25.7,0,0,T640286,4.22,,S
274,0,3,"Williams, Mr. John",male,24.4,0,2,T249202,11.61,B102,Q
275,0,2,"Brown, Master. Robert",male,15.6,1,0,T132552,37.56,,C
276,1,2,"Anderson, Mrs. Beatrice",female,46.1,0,0,T121009,16.54,,C
277,0,3,"Johnson, Mr. Edward",male,33.6,0,0,T560407,7.45,,S
278,0,3,"Anderson, Master. Henry",male,12.5,0,0,T208329,11.02,,C
279,0,3,"Thomas, Mr. George",male,,0,0,T809808,15.25,,C
280,0,2,"Johnson, Mr. Henry",male,17.1,0,2,T956431,12.37,,S
281,0,3,"Thomas, Mr. Charles",male,50.1,1,0,T956318,4.75,F16,S
282,0,3,"Thomas, Mr. Charles",male,,0,0,T628691,16.16,,S
283,0,1,"Johnson, Mr. William",male,27.9,0,0,T454866,153.05,,S
284,0,2,"Smith, Mr. James",male,,0,1,T615164,14.35,,S
285,1,2,"Johnson, Mr. Thomas",male,50.8,4,0,T25913,45.94,,C
286,0,3,"Davis, Mr. James",male,26.4,1,0,T615313,7.71,,C
287,0,3,"Thomas, Mr. John",male,23.7,0,0,T984226,14.74,F119,S
288,0,2,"Brown, Mr. John",male,24.4,0,0,T595618,24.0,,C
289,0,1,"Williams, Mr. George",male,15.9,0,0,T773181,58.94,,C
290,0,1,"Taylor, Mr. Thomas",male,54.8,0,1,T288888,134.21,G74,S
291,1,2,"Smith, Mrs. Lily",female,,0,2,T736264,38.56,,S
292,0,2,"Miller, Mr. Henry",male,42.3,0,0,T896867,27.47,,S
293,0,3,"Davis, Mr. William",male,,0,1,T627136,18.13,G93,S
294,0,3,"Williams, Mr. George",male,25.3,0,0,T198663,14.29,,C
295,0,2,"Thomas, Mr. Richard",male,55.9,0,0,T326601,22.83,,Q
296,1,3,"Miller, Mrs. Edith",female,7.1,0,0,T885940,6.27,,S
297,0,3,"Moore, Mr. Charles",male,28.5,0,0,T626216,11.11,,C
298,0,3,"Wilson, Mr. George",male,22.6,0,0,T179830,24.83,E14,S
299,0,1,"Moore, Mrs. Lily",female,43.6,0,0,T53477,203.52,,S
300,0,2,"Anderson, Miss. Edith",female,34.8,0,2,T402097,36.41,,S
301,1,3,"Anderson, Miss. Edith",female,4.7,1,0,T188005,8.02,,S
302,0,3,"Wilson, Mr. John",male,,8,3,T942043,16.06,,S
303,0,2,"Anderson, Miss. Annie",female,36.7,1,0,T144893,16.4,B149,S
304,0,3,"Williams, Master. Richard",male,,0,1,T239286,8.34,C33,C
305,0,3,"Johnson, Mr. Charles",male,24.6,0,0,T163581,18.12,,Q
306,0,2,"Wilson, Mr. Charles",male,10.9,0,0,T404379,31.78,,S
307,0,3,"Wilson, Mr. John",male,,0,1,T105919,10.41,,Q
308,0,3,"Williams, Mr. Robert",male,31.9,0,0,T380285,12.99,G31,S
309,1,1,"Thomas, Mrs. Annie",female,24.8,0,0,T240270,74.77,,C
310,0,3,"Taylor, Mr. Robert",male,23.2,0,5,T310020,9.34,,S
311,1,3,"Moore, Mrs. Alice",female,6.3,1,0,T393454,13.86,,S
312,0,3,"Smith, Mr. William",male,34.6,0,0,T265092,12.47,,S
313,0,2,"Smith, Mr. George",male,,0,0,T567883,16.44,D117,Q
314,0,2,"Davis, Mr. William",male,,0,0,T16111,18.64,,Q
315,0,3,"Brown, Mr. William",male,3.6,0,0,T184435,6.61,,S
316,0,1,"Anderson, Master. Richard",male,30.4,0,0,T890793,116.1,,S
317,0,2,"Williams, Mr. Charles",male,29.6,0,0,T997355,9.78,,C
318,0,1,"Davis, Mr. Henry",male,,0,0,T382736,27.38,B132,S
319,0,1,"Moore, Mr. William",male,42.2,1,1,T424857,74.13,,C
320,1,3,"Williams, Miss. Florence",female,44.9,0,0,T773094,10.58,,C
321,0,2,"Brown, Mr. Richard",male,6.4,1,0,T593074,15.93,,S
322,0,3,"Brown, Mr. James",male,28.9,1,0,T513758,22.48,,Q
323,1,1,"Williams, Mr. Richard",male,58.9,4,0,T377156,85.21,,S
324,0,3,"Wilson, Mr. John",male,,0,0,T511116,7.62,,S
325,1,1,"Moore, Miss. Edith",female,,0,1,T985788,48.41,,S
326,0,3,"Moore, Mrs. Florence",female,28.5,0,0,T31127,5.57,,S
327,1,3,"Miller, Mrs. Edith",female,24.1,0,0,T138513,8.92,C80,Q
328,0,1,"Thomas, Mr. William",male,12.6,5,0,T404643,75.27,,S
329,1,3,"Smith, Miss. Annie",female,42.3,1,1,T888760,9.93,,S
330,0,1,"Johnson, Mr. Edward",male,38.2,0,0,T154234,70.63,,C
331,0,3,"Miller, Mr. Edward",male,10.3,0,0,T47916,18.15,,S
332,0,3,"Brown, Mr. James",male,,1,2,T564814,16.33,,S
333,0,3,"Miller, Miss. Emma",female,21.5,0,0,T745105,9.03,,S
334,1,3,"Taylor, Mr. Edward",male,6.5,0,1,T226103,19.87,C89,S
335,0,2,"Williams, Mr. George",male,9.2,0,0,T651960,48.18,,Q
336,1,1,"Jones, Mrs. Edith",female,11.3,1,1,T431803,81.33,,S
337,1,1,"Williams, Mr. William",male,28.9,1,0,T237455,84.09,,S
338,0,3,"Taylor, Mr. Charles",male,23.1,5,2,T283842,14.95,C31,S
339,0,3,"Thomas, Mr. Charles",male,15.8,2,2,T194270,18.23,,S
340,0,1,"Williams, Mr. Henry",male,24.0,1,0,T279876,87.72,,C
341,0,3,"Williams, Miss. Emma",female,40.5,0,0,T17491,11.19,,C
342,0,2,"Miller, Mr. Richard",male,34.9,0,1,T858873,,,S
343,0,2,"Moore, Mrs. Beatrice",female,44.2,0,0,T919561,24.24,A144,S
344,0,3,"Thomas, Mr. William",male,26.4,1,1,T943531,11.28,,C
345,1,3,"Davis, Mrs. Clara",female,52.9,0,0,T407303,9.36,,S
346,0,3,"Johnson, Mr. George",male,34.7,0,0,T419895,18.65,,C
347,0,1,"Brown, Mrs. Dorothy",female,22.6,1,0,T400762,294.81,,S
348,0,3,"Wilson, Mr. John",male,31.0,0,1,T236532,10.53,,S
349,1,1,"Williams, Mrs. Edith",female,,1,0,T790436,135.57,,S
350,0,1,"Miller, Mr. George",male,25.3,0,0,T12510,118.73,,C
351,0,3,"Davis, Mr. Thomas",male,35.9,2,0,T416333,7.98,B133,Q
352,0,3,"Davis, Master. John",male,38.6,0,0,T993328,8.45,,C
353,1,2,"Davis, Miss. Mary",female,23.8,0,0,T632260,23.02,,S
354,0,2,"Wilson, Mr. Robert",male,69.3,0,0,T417792,24.27,,S
355,0,3,"Brown, Mr. Henry",male,27.2,0,0,T151515,16.46,,C
356,1,1,"Moore, Mrs. Dorothy",female,5.4,0,0,T121389,83.03,D143,S
357,0,3,"Johnson, Miss. Alice",female,47.3,1,0,T585014,7.26,,S
358,0,3,"Wilson, Master. George",male,38.5,1,0,T854426,9.92,,S
359,0,1,"Brown, Mr. Edward",male,,0,0,T514427,58.72,,C
360,1,3,"Thomas, Mr. Henry",male,23.0,0,0,T495338,11.58,,S
361,0,3,"Thomas, Mrs. Lily",female,35.4,4,0,T586367,13.41,,C
362,0,2,"Wilson, Mrs. Lily",female,53.2,0,0,T642273,24.36,,C
363,0,3,"Anderson, Miss. Lily",female,,1,2,T888029,25.47,,Q
364,0,1,"Wilson, Master. Robert",male,8.4,1,0,T680350,177.76,,S
365,0,3,"Johnson, Mr. Richard",male,0.5,1,2,T706880,9.42,,S
366,0,1,"Taylor, Mr. William",male,,0,0,T981169,47.35,,C
367,0,3,"Wilson, Mr. John",male,15.4,0,0,T272358,11.94,,S
368,0,2,"Anderson, Mrs. Florence",female,28.3,1,0,T769266,58.7,A64,C
369,0,2,"Brown, Mr. James",male,18.0,0,1,T937680,39.19,G89,S
370,0,3,"Williams, Mr. Richard",male,16.9,0,1,T563177,18.09,,S
371,1,1,"Davis, Miss. Lily",female,18.6,1,0,T618393,137.41,,Q
372,1,2,"Jones, Mr. Thomas",male,19.9,1,0,T639326,28.05,,S
373,0,2,"Williams, Mr. Edward",male,,1,0,T982585,64.12,,S
374,0,2,"Wilson, Miss. Edith",female,,0,2,T895079,39.4,,S
375,1,3,"Miller, Mrs. Dorothy",female,12.2,1,0,T623667,16.99,,S
376,1,3,"Williams, Mrs. Alice",female,14.2,0,0,T458044,10.02,,S
377,0,1,"Williams, Master. Robert",male,35.2,0,0,T741471,123.27,,S
378,0,3,"Smith, Mr. Thomas",male,45.0,0,0,T454937,9.38,,C
379,1,3,"Moore, Mr. Charles",male,,2,0,T947313,15.6,A49,C
380,1,3,"Miller, Mrs. Beatrice",female,,1,0,T702071,2.26,B44,C
381,0,2,"Williams, Mr. Charles",male,44.0,4,0,T671881,13.96,,S
382,0,3,"Taylor, Mrs. Dorothy",female,3.9,0,0,T106653,12.07,A35,C
383,0,3,"Taylor, Mr. James",male,,1,0,T328660,11.49,,S
384,0,3,"Smith, Mr. Thomas",male,36.8,0,0,T645409,5.2,C136,C
385,0,3,"Wilson, Mrs. Emma",female,0.5,1,0,T942728,27.81,,S
386,1,1,"Jones, Miss. Mary",female,60.0,0,0,T271383,37.59,,C
387,0,3,"Williams, Mr. William",male,48.9,8,0,T792686,29.65,,C
388,1,3,"Moore, Mrs. Lily",female,,0,2,T287099,9.3,,S
389,0,3,"Wilson, Mrs. Mary",female,15.7,1,0,T299339,16.52,,
390,0,2,"Anderson, Mrs. Emma",female,28.7,0,0,T872545,37.01,C71,Q
391,0,3,"Thomas, Mrs. Dorothy",female,41.2,0,1,T800668,24.01,,S
392,1,3,"Brown, Mrs. Florence",female,13.4,0,0,T21492,7.58,,S
393,0,3,"Davis, Miss. Edith",female,27.1,0,1,T584602,8.08,,C
394,1,3,"Williams, Mr. George",male,42.9,0,0,T866322,7.29,F16,S
395,0,3,"Brown, Mr. James",male,8.0,0,0,T174751,16.18,B53,S
396,1,2,"Thomas, Mr. Edward",male,34.5,0,0,T394583,11.1,A47,S
397,1,3,"Jones, Mr. Robert",male,4.3,0,2,T58848,16.58,,S
398,0,1,"Williams, Mr. Thomas",male,,0,0,T44616,123.53,E77,C
399,0,3,"Anderson, Mr. Thomas",male,22.4,0,0,T808949,16.35,,Q
400,1,1,"Thomas, Mrs. Clara",female,37.1,3,0,T421184,172.96,,S
401,1,3,"Williams, Mrs. Mary",female,19.5,0,0,T845372,11.24,E133,S
402,0,3,"Wilson, Mr. John",male,31.5,0,0,T272503,20.8,,S
403,0,2,"Miller, Mr. Robert",male,19.7,0,0,T995735,23.31,,S
404,1,2,"Johnson, Miss. Beatrice",female,22.0,0,0,T377442,42.73,D57,S
405,0,3,"Miller, Mrs. Alice",female,47.8,0,0,T461241,23.52,,S
406,1,1,"Miller, Miss. Clara",female,13.0,0,0,T665991,95.75,,S
407,1,1,"Williams, Mrs. Emma",female,40.7,1,0,T135006,140.65,,
408,1,1,"Jones, Mrs. Beatrice",female,29.7,0,0,T206341,126.56,B53,S
409,0,3,"Wilson, Mr. Edward",male,21.4,0,0,T907342,10.37,,S
410,0,3,"Brown, Mr. Henry",male,12.0,1,1,T100566,5.6,,S
411,0,3,"Smith, Miss. Emma",female,13.1,0,0,T509185,5.73,,Q
412,0,3,"Jones, Mr. Thomas",male,19.0,0,2,T140432,17.56,,C
413,1,1,"Brown, Miss. Dorothy",female,,0,0,T582492,30.14,,S
414,0,3,"Smith, Mr. Robert",male,38.5,0,0,T218700,9.78,,
415,1,1,"Jones, Miss. Florence",female,25.3,1,0,T551616,41.22,B125,S
416,0,1,"Thomas, Mr. John",male,26.3,1,0,T488461,77.41,,S
417,0,1,"Jones, Mr. Thomas",male,28.5,1,0,T584226,53.53,F2,S
418,0,3,"Smith, Mr. Richard",male,36.6,0,0,T542406,14.39,,S
419,0,3,"Thomas, Miss. Beatrice",female,39.0,2,0,T316232,9.53,,S
420,1,2,"Davis, Mr. Charles",male,,1,0,T291662,23.94,,C
421,0,3,"Jones, Mrs. Mary",female,25.6,0,0,T920332,7.05,,S
422,1,2,"Moore, Mrs. Mary",female,47.5,0,0,T535761,19.9,,S
423,1,1,"Johnson, Mrs. Annie",female,10.6,1,2,T923813,104.03,,C
424,1,3,"Smith, Mrs. Edith",female,30.8,1,0,T205591,6.76,,C
425,1,3,"Brown, Mr. James",male,27.2,0,0,T489786,10.86,,S
426,0,3,"Brown, Mr. James",male,21.5,0,0,T900008,9.11,,S
427,1,3,"Johnson, Mr. Thomas",male,52.8,0,2,T983593,17.6,,S
428,1,3,"Wilson, Mrs. Clara",female,30.2,1,0,T172251,23.59,,C
429,0,2,"Jones, Mrs. Mary",female,51.6,0,4,T894482,21.79,,S
430,0,3,"Wilson, Mr. Henry",male,29.8,0,0,T661028,9.69,,S
431,0,3,"Williams, Mr. Henry",male,36.4,1,0,T550100,22.67,B1,C
432,1,1,"Smith, Mr. Robert",male,21.3,0,0,T779675,77.86,,S
433,1,3,"Brown, Mr. William",male,21.5,0,0,T93994,10.73,A27,S
434,0,3,"Jones, Mr. Thomas",male,35.6,1,0,T158727,24.86,C54,S
435,0,2,"Moore, Mr. John",male,35.9,0,0,T661136,26.88,,S
436,1,3,"Taylor, Mr. Robert",male,38.4,1,0,T203706,14.99,C148,S
437,0,3,"Jones, Mr. Richard",male,35.2,0,0,T553682,10.35,,S
438,0,2,"Thomas, Mr. Robert",male,10.3,1,1,T314309,34.23,D117,C
439,0,1,"Smith, Mr. John",male,,0,0,T91461,50.33,,Q
440,0,2,"Wilson, Mr. Henry",male,42.0,0,0,T41155,29.31,,S
441,0,3,"Anderson, Mr. John",male,1.3,1,0,T261838,5.4,,S
442,0,3,"Jones, Master. Henry",male,,1,0,T648580,8.42,,S
443,0,3,"Jones, Mr. Charles",male,28.1,0,0,T467033,6.81,,S
444,0,1,"Moore, Mr. Henry",male,,2,1,T437788,115.56,,S
445,1,1,"Thomas, Mr. Robert",male,35.7,0,0,T872482,155.31,,S
446,1,1,"Brown, Miss. Clara",female,20.1,0,0,T875118,39.74,F113,S
447,0,3,"Anderson, Mr. Robert",male,19.4,1,0,T398044,6.03,,C
448,0,3,"Anderson, Master. George",male,,0,0,T14723,3.82,,S
449,0,3,"Miller, Mr. Edward",male,38.1,0,0,T600941,8.46,,S
450,0,2,"Thomas, Mr. Thomas",male,0.5,1,2,T782301,46.24,,S
451,0,3,"Anderson, Mrs. Alice",female,32.0,0,0,T432969,9.68,,C
452,0,3,"Thomas, Master. James",male,16.9,3,0,T351023,2.21,,S
453,1,1,"Smith, Mr. Richard",male,32.5,0,0,T631417,78.86,,S
454,0,3,"Smith, Mr. James",male,,0,2,T449856,7.35,,S
455,0,2,"Anderson, Mr. George",male,5.6,0,0,T307573,14.21,,Q
456,0,1,"Taylor, Mr. Thomas",male,26.4,1,1,T151156,133.85,C51,S
457,0,1,"Moore, Mr. George",male,32.0,0,0,T187805,152.26,,C
458,0,3,"Davis, Mr. George",male,,0,0,T961341,6.56,,S
459,0,2,"Wilson, Master. Richard",male,27.9,0,0,T794228,13.4,E147,C
460,1,2,"Wilson, Mrs. Beatrice",female,12.0,0,0,T676203,20.22,,S
461,1,1,"Davis, Miss. Mary",female,14.2,0,0,T218060,69.81,,S
462,0,3,"Williams, Mr. Richard",male,,0,0,T625955,8.33,,S
463,0,3,"Thomas, Mr. George",male,,1,1,T441768,8.27,,S
464,1,3,"Taylor, Mr. Robert",male,28.0,0,0,T611546,3.24,,S
465,0,2,"Anderson, Mr. Charles",male,28.9,0,2,T732620,21.18,,S
466,1,2,"Johnson, Mrs. Emma",female,5.0,0,0,T714538,38.38,,S
467,0,1,"Taylor, Mr. William",male,29.2,0,0,T700424,105.99,,S
468,0,1,"Brown, Mr. William",male,38.9,0,0,T265900,48.21,,S
469,0,3,"Moore, Mr. Thomas",male,3.0,8,0,T916052,10.19,B49,C
470,1,3,"Williams, Mrs. Emma",female,,2,0,T427750,17.54,,S
471,0,3,"Moore, Mr. Robert",male,6.9,3,0,T220674,16.55,,S
472,1,3,"Miller, Mrs. Clara",female,23.6,0,0,T118270,9.54,C53,Q
473,1,2,"Thomas, Mrs. Annie",female,16.6,0,0,T906048,39.79,A23,S
474,0,2,"Smith, Mr. William",male,35.2,2,0,T378144,16.23,,S
475,1,3,"Moore, Miss. Alice",female,32.2,0,0,T853906,21.87,,S
476,0,2,"Taylor, Mr. Thomas",male,48.4,0,0,T966402,28.19,,S
477,1,1,"Wilson, Miss. Florence",female,28.9,0,0,T478932,94.39,,S
478,1,2,"Anderson, Mrs. Edith",female,34.6,4,0,T856775,20.04,,C
479,1,2,"Anderson, Mr. John",male,,0,0,T846789,54.0,,S
480,0,1,"Williams, Mr. Henry",male,13.7,1,0,T789399,29.85,,S
481,1,3,"Wilson, Miss. Clara",female,41.8,0,0,T294214,9.68,,S
482,0,3,"Davis, Mr. Robert",male,47.7,0,0,T211440,10.12,E38,S
483,0,1,"Jones, Mr. Edward",male,,1,0,T579293,58.26,,S
484,0,1,"Thomas, Mr. George",male,31.6,0,2,T127161,54.04,G62,Q
485,1,3,"Jones, Miss. Emma",female,15.6,0,1,T776622,6.16,,Q
486,1,1,"Williams, Miss. Emma",female,46.3,0,1,T975383,95.1,,S
487,1,2,"Taylor, Mr. John",male,38.1,0,0,T471120,9.61,D56,S
488,1,1,"Williams, Miss. Edith",female,59.1,1,0,T238356,57.94,,S
489,0,1,"Johnson, Mr. John",male,13.0,1,0,T954498,83.27,B77,S
490,1,3,"Miller, Mrs. Mary",female,42.2,0,0,T674038,15.25,,S
491,0,3,"Taylor, Mr. James",male,,0,0,T768916,25.02,D148,S
492,1,1,"Davis, Mr. James",male,24.7,2,0,T858929,116.06,,S
493,1,2,"Wilson, Mr. Robert",male,49.5,1,0,T129534,23.02,,S
494,1,1,"Thomas, Mr. Charles",male,,0,0,T950032,168.7,,S
495,0,1,"Moore, Mr. James",male,,0,0,T416333,61.77,,S
496,0,3,"Thomas, Miss. Dorothy",female,28.0,0,0,T512793,17.67,,S
497,0,3,"Miller, Mr. Richard",male,15.9,0,2,T405237,14.17,,S
498,1,3,"Smith, Miss. Beatrice",female,22.9,0,0,T599605,14.62,,S
499,0,3,"Thomas, Master. George",male,39.9,0,0,T637533,8.6,,S
500,1,3,"Johnson, Mrs. Dorothy",female,44.0,1,0,T32023,8.7,,S
501,0,3,"Thomas, Mr. Robert",male,32.9,1,0,T783784,13.23,,C
502,1,1,"Jones, Mrs. Clara",female,18.8,0,0,T302956,134.88,,C
503,1,1,"Johnson, Miss. Edith",female,35.2,4,0,T268481,58.83,,S
504,0,3,"Smith, Miss. Edith",female,,0,0,T749644,11.72,,C
505,0,2,"Jones, Mrs. Florence",female,1.1,0,0,T405812,10.95,,C
506,0,3,"Taylor, Mr. Edward",male,31.4,1,0,T64484,7.33,,S
507,0,3,"Jones, Mr. William",male,26.9,1,0,T312110,2.55,,S
508,0,3,"Thomas, Miss. Florence",female,43.5,0,0,T318333,12.53,,S
509,0,1,"Taylor, Mrs. Dorothy",female,,0,0,T890553,89.46,,S
510,0,3,"Miller, Mr. Henry",male,36.7,0,1,T678823,12.5,,S
511,0,2,"Smith, Mr. Charles",male,22.7,0,0,T337016,21.55,,S
512,1,3,"Smith, Miss. Edith",female,29.7,1,1,T125028,5.87,,S
513,0,1,"Anderson, Mr. Henry",male,43.4,0,0,T742660,62.66,,S
514,0,3,"Anderson, Mr. Henry",male,28.8,1,0,T415502,9.12,,S
515,0,3,"Thomas, Mr. George",male,32.2,0,0,T475346,24.66,,S
516,0,2,"Davis, Mr. Charles",male,7.4,1,0,T366831,21.26,,C
517,0,3,"Smith, Mr. James",male,28.7,0,0,T592845,4.21,,C
518,1,3,"Moore, Mrs. Alice",female,,0,1,T666005,8.47,D36,S
519,1,2,"Thomas, Miss. Edith",female,22.2,0,0,T341718,23.59,,S
520,1,3,"Davis, Miss. Beatrice",female,,1,0,T420674,8.86,,S
521,0,1,"Smith, Mrs. Emma",female,40.8,0,0,T28830,29.48,,C
522,0,3,"Jones, Master. William",male,15.2,0,0,T924849,13.95,,C
523,1,3,"Brown, Miss. Lily",female,35.1,1,0,T984271,4.56,,S
524,1,2,"Johnson, Mrs. Annie",female,51.0,0,0,T703165,18.96,,S
525,1,1,"Thomas, Mrs. Annie",female,20.4,0,0,T700925,111.12,,S
526,0,3,"Johnson, Mrs. Lily",female,7.3,0,2,T938843,8.65,,S
527,0,1,"Taylor, Mr. Thomas",male,33.9,1,0,T346124,122.55,E132,S
528,0,1,"Davis, Mr. William",male,12.4,1,0,T970209,72.57,,S
529,0,3,"Jones, Mr. John",male,17.8,0,0,T713397,8.84,,C
530,1,1,"Moore, Mrs. Dorothy",female,43.1,0,0,T877005,176.21,,S
531,0,1,"Davis, Master. Edward",male,56.9,0,0,T97617,172.1,C49,Q
532,1,3,"Taylor, Miss. Annie",female,15.2,0,0,T239716,4.43,B41,S
533,1,1,"Wilson, Mr. George",male,19.0,0,1,T987430,43.21,,S
534,0,2,"Thomas, Miss. Clara",female,23.3,0,6,T171696,11.85,,S
535,0,1,"Williams, Mr. William",male,21.8,1,0,T686890,63.11,,S
536,0,3,"Taylor, Master. George",male,,1,0,T290892,9.37,,S
537,0,3,"Williams, Mr. James",male,,0,0,T240519,15.71,,C
538,0,3,"Brown, Mr. Richard",male,,1,1,T970490,9.76,,S
539,0,2,"Johnson, Mr. Henry",male,53.1,0,0,T194476,13.05,,S
540,1,1,"Moore, Miss. Alice",female,38.1,0,0,T131390,129.29,B92,S
541,0,1,"Taylor, Mr. James",male,44.0,0,0,T697397,55.45,B125,S
542,1,2,"Davis, Mrs. Alice",female,16.6,2,0,T107104,12.12,,S
543,0,3,"Brown, Mr. Richard",male,,0,0,T172887,11.61,,S
544,1,1,"Anderson, Mrs. Lily",female,14.6,3,0,T726348,60.42,,C
545,0,2,"Wilson, Mr. Charles",male,,1,1,T238884,43.32,,S
546,1,1,"Smith, Mrs. Mary",female,,1,0,T114214,57.57,A32,S
547,0,3,"Jones, Mr. Richard",male,,0,0,T228425,4.02,,S
548,0,3,"Moore, Mrs. Emma",female,24.4,0,1,T586179,13.92,,C
549,0,3,"Thomas, Mrs. Annie",female,25.1,1,0,T62369,7.38,,S
550,0,3,"Thomas, Mr. Robert",male,7.3,3,4,T279383,15.34,,S
551,0,3,"Johnson, Master. Thomas",male,19.9,2,0,T192451,26.46,,C
552,1,1,"Smith, Miss. Edith",female,40.9,0,0,T911053,31.95,F112,S
553,0,2,"Davis, Mr. Richard",male,,1,0,T753767,28.1,,S
554,1,3,"Johnson, Mr. Henry",male,31.0,0,1,T181528,3.9,F60,Q
555,0,3,"Thomas, Master. Thomas",male,10.7,1,0,T236780,10.35,C87,C
556,0,3,"Anderson, Mr. Henry",male,27.6,0,0,T118490,16.32,,S
557,0,3,"Smith, Mr. George",male,21.5,2,0,T632636,14.11,A99,S
558,0,3,"Davis, Mr. Richard",male,12.0,0,1,T21171,10.88,,S
559,1,3,"Johnson, Miss. Annie",female,41.2,1,0,T561751,4.32,,S
560,0,3,"Thomas, Mr. Edward",male,42.0,0,0,T35795,5.09,,S
561,0,3,"Wilson, Mr. John",male,,0,0,T442941,10.21,,S
562,1,2,"Smith, Miss. Lily",female,26.6,0,0,T465255,14.67,B41,C
563,0,3,"Taylor, Mr. George",male,30.3,0,0,T737344,15.57,,S
564,0,3,"Miller, Mrs. Dorothy",female,3.4,0,1,T623579,10.55,,S
565,0,2,"Jones, Mrs. Florence",female,9.4,1,0,T128681,13.29,,S
566,0,3,"Wilson, Mr. George",male,48.4,0,0,T433921,15.9,,S
567,0,3,"Anderson, Mr. James",male,14.3,1,0,T537321,14.43,C52,Q
568,1,1,"Brown, Miss. Lily",female,47.9,2,1,T326759,73.62,,Q
569,1,3,"Jones, Mrs. Florence",female,10.2,1,1,T453326,7.26,,S
570,0,1,"Brown, Mr. William",male,39.3,0,0,T998073,114.02,,S
571,0,3,"Taylor, Mr. James",male,25.2,1,0,T789835,13.98,,S
572,0,3,"Jones, Master. James",male,27.2,0,1,T397386,9.62,,S
573,0,1,"Miller, Mr. Thomas",male,,1,1,T279336,102.27,E118,C
574,1,1,"Davis, Mr. John",male,11.5,0,0,T175864,76.6,,S
575,0,3,"Brown, Master. Richard",male,38.3,0,0,T74911,17.98,B130,S
576,0,2,"Moore, Mrs. Annie",female,,0,0,T531664,31.5,,S
577,0,1,"Johnson, Mr. Robert",male,78.3,0,2,T94221,49.77,,S
578,0,3,"Jones, Miss. Dorothy",female,,0,0,T212620,7.16,,Q
579,0,2,"Williams, Mr. Richard",male,,0,1,T652463,24.18,,Q
580,0,1,"Miller, Mr. Richard",male,41.5,0,0,T880831,62.85,E80,S
581,0,3,"Davis, Mr. George",male,26.8,0,0,T975372,25.81,D35,S
582,0,3,"Taylor, Mr. Richard",male,,4,0,T118344,13.04,,S
583,0,3,"Johnson, Mr. Thomas",male,,0,0,T171687,9.67,F17,C
584,0,3,"Brown, Miss. Dorothy",female,25.8,0,0,T947191,10.13,,Q
585,0,1,"Anderson, Mr. Edward",male,16.8,0,1,T907522,133.6,,S
586,1,2,"Miller, Miss. Emma",female,40.2,0,2,T489351,11.76,,C
587,0,1,"Jones, Mr. John",male,35.1,0,0,T342449,270.32,,S
588,1,3,"Moore, Mr. William",male,,0,0,T638401,7.34,,S
589,0,3,"Miller, Mr. James",male,24.5,0,0,T185830,12.82,,S
590,1,3,"Williams, Mrs. Dorothy",female,16.4,0,0,T530795,8.05,,S
591,0,3,"Davis, Mr. Edward",male,,0,0,T553795,9.49,,S
592,0,3,"Jones, Mr. Charles",male,24.5,0,1,T46433,9.89,,S
593,0,2,"Anderson, Miss. Florence",female,18.5,0,2,T140143,24.67,,S
594,1,2,"Taylor, Mrs. Dorothy",female,11.1,0,0,T834893,21.59,,S
595,0,1,"Jones, Mr. William",male,35.4,0,4,T439428,10.91,,C
596,1,1,"Thomas, Mrs. Emma",female,22.3,0,0,T414663,51.44,A49,C
597,0,3,"Jones, Mr. Richard",male,0.5,0,1,T642316,7.9,,S
598,1,2,"Miller, Mrs. Florence",female,12.3,0,0,T514109,27.84,,S
599,0,3,"Williams, Mr. Charles",male,26.3,0,0,T422710,5.21,,S
600,0,3,"Jones, Mr. Edward",male,26.7,0,0,T168246,20.47,,S
601,1,2,"Thomas, Mr. Thomas",male,26.2,1,2,T275144,28.21,G45,S
602,0,3,"Wilson, Mr. Edward",male,24.2,0,0,T867883,20.64,,S
603,0,3,"Johnson, Mr. Robert",male,8.3,0,0,T483764,13.55,G88,S
604,1,2,"Johnson, Mrs. Emma",female,17.0,0,0,T547433,19.52,,C
605,1,3,"Taylor, Miss. Lily",female,,0,1,T160746,23.86,,S
606,0,3,"Taylor, Master. Robert",male,44.7,0,0,T812283,37.98,,S
607,0,3,"Miller, Master. George",male,38.1,1,0,T874446,15.42,,C
608,0,3,"Wilson, Mr. William",male,36.8,1,0,T91144,10.57,,S
609,0,3,"Jones, Mr. William",male,42.8,0,0,T177802,17.99,,S
610,0,3,"Johnson, Miss. Clara",female,13.4,0,0,T893098,13.75,,S
611,0,2,"Miller, Mr. Henry",male,30.2,0,0,T650890,14.68,G94,S
612,0,1,"Anderson, Mr. Henry",male,13.5,0,0,T657120,46.45,,S
613,0,2,"Brown, Mr. Richard",male,13.7,0,1,T870558,20.01,,S
614,0,2,"Johnson, Mr. George",male,,1,0,T80511,116.74,,S
615,0,3,"Moore, Mr. Robert",male,43.4,0,0,T390812,10.83,C110,S
616,0,3,"Anderson, Mr. George",male,26.9,0,0,T395109,9.27,G99,C
617,1,1,"Anderson, Mr. Robert",male,,0,0,T468026,65.43,E28,S
618,0,1,"Moore, Mr. George",male,32.8,0,0,T407282,78.95,,S
619,0,1,"Moore, Mr. George",male,18.4,0,0,T517701,192.06,,C
620,0,3,"Brown, Mr. Robert",male,13.9,1,1,T258470,8.71,,C
621,0,3,"Williams, Mr. Henry",male,44.5,1,0,T494926,6.13,,S
622,1,3,"Williams, Mrs. Emma",female,31.6,2,1,T793973,7.93,,S
623,0,3,"Brown, Mr. Robert",male,39.5,1,0,T324055,7.23,A109,S
624,0,1,"Johnson, Mrs. Florence",female,0.5,1,1,T721540,264.88,B81,Q
625,0,2,"Johnson, Mr. George",male,33.2,0,0,T710356,22.75,,S
626,0,2,"Wilson, Mr. Charles",male,22.3,1,0,T439734,36.86,,S
627,1,2,"Johnson, Mr. Charles",male,9.5,0,0,T746631,27.47,,S
628,0,3,"Johnson, Master. Edward",male,28.8,0,0,T121677,20.9,F40,S
629,1,3,"Wilson, Mrs. Beatrice",female,,0,0,T872974,17.34,,S
630,0,3,"Wilson, Mr. Henry",male,62.6,0,0,T24198,5.63,,C
631,0,3,"Jones, Master. John",male,33.2,0,0,T289394,28.62,,S
632,1,1,"Johnson, Mrs. Mary",female,19.4,0,0,T879045,36.5,,Q
633,0,1,"Wilson, Master. Richard",male,18.5,1,4,T614392,105.02,F76,Q
634,0,3,"Miller, Master. Thomas",male,43.7,0,0,T488541,18.83,,Q
635,0,3,"Taylor, Mr. Edward",male,15.2,0,0,T638865,12.67,,S
636,0,1,"Moore, Mr. Robert",male,38.7,0,0,T139272,82.8,,C
637,0,3,"Williams, Mr. Charles",male,34.0,0,0,T779026,7.84,,S
638,0,3,"Taylor, Mr. Charles",male,,0,0,T956066,19.11,,S
639,1,2,"Miller, Mrs. Clara",female,7.0,0,1,T120537,26.44,,S
640,0,3,"Moore, Mrs. Edith",female,24.5,0,2,T320081,18.39,,S
641,0,2,"Moore, Mr. James",male,8.6,1,0,T409660,24.45,,S
642,0,3,"Brown, Mr. Richard",male,21.2,1,0,T29853,9.37,,S
643,0,3,"Anderson, Mr. Robert",male,43.0,0,4,T529890,16.81,,
644,0,3,"Davis, Mr. Robert",male,47.6,1,1,T742908,7.09,,S
645,0,2,"Thomas, Mr. James",male,32.8,0,0,T336406,19.17,,S
646,1,2,"Miller, Mrs. Mary",female,21.4,0,0,T213778,34.17,A1,C
647,0,1,"Davis, Mrs. Clara",female,52.7,0,0,T915088,75.05,,S
648,0,1,"Moore, Mr. Thomas",male,,0,0,T648524,107.23,,Q
649,0,3,"Taylor, Mr. Thomas",male,13.2,0,0,T412838,20.99,,S
650,0,3,"Johnson, Mr. Charles",male,,0,0,T776348,16.56,,S
651,0,2,"Miller, Mr. Henry",male,36.3,0,0,T319820,16.32,G21,S
652,1,1,"Johnson, Mr. John",male,21.8,0,0,T951989,30.45,A145,S
653,0,2,"Davis, Mr. Richard",male,,0,1,T679179,48.46,,S
654,0,3,"Wilson, Mr. James",male,36.1,1,0,T424123,14.83,,C
655,0,2,"Brown, Mr. Edward",male,32.7,0,0,T164633,35.25,,S
656,1,1,"Jones, Mr. George",male,36.4,0,0,T780786,41.46,,S
657,1,3,"Johnson, Mrs. Florence",female,22.4,0,0,T939694,23.79,,C
658,0,1,"Davis, Mr. James",male,37.3,0,2,T21680,112.27,,S
659,0,3,"Miller, Mr. Thomas",male,30.0,0,0,T688807,18.0,C104,S
660,0,3,"Thomas, Mr. Henry",male,,2,0,T940572,16.35,F68,S
661,0,2,"Wilson, Mr. John",male,26.1,0,0,T285169,28.78,,S
662,1,3,"Anderson, Mrs. Beatrice",female,,0,0,T951300,14.63,F30,Q
663,0,3,"Anderson, Mr. Robert",male,,0,0,T923426,10.95,,S
664,0,3,"Anderson, Miss. Emma",female,20.5,1,1,T252387,10.46,,Q
665,0,2,"Taylor, Mr. Charles",male,30.6,0,0,T189261,21.97,,Q
666,0,2,"Wilson, Mr. Thomas",male,10.1,0,2,T866770,30.15,,S
667,0,3,"Johnson, Mr. Robert",male,20.7,0,2,T400738,4.23,,S
668,0,3,"Miller, Mrs. Alice",female,64.3,1,4,T449214,37.79,,S
669,1,2,"Davis, Mr. Edward",male,13.3,0,0,T77102,15.65,,S
670,1,1,"Taylor, Miss. Florence",female,24.1,0,2,T438073,102.14,,S
671,0,1,"Davis, Mr. Edward",male,17.6,1,0,T787434,139.38,,S
672,0,1,"Miller, Mr. George",male,28.0,1,0,T473114,87.72,,S
673,0,3,"Wilson, Mr. Henry",male,17.9,1,1,T217086,13.46,F131,S
674,0,1,"Johnson, Mr. John",male,,1,0,T402487,150.08,,S
675,0,2,"Moore, Mr. Richard",male,,0,0,T710234,23.57,,S
676,0,3,"Brown, Mr. James",male,45.0,2,0,T799968,13.04,,S
677,1,2,"Anderson, Mr. James",male,30.9,8,0,T153201,18.44,,S
678,1,3,"Williams, Miss. Alice",female,15.2,0,0,T223361,7.06,,S
679,1,3,"Johnson, Miss. Florence",female,41.9,0,0,T166360,19.66,F37,C
680,1,2,"Brown, Miss. Annie",female,15.8,0,3,T561334,23.61,,S
681,0,3,"Moore, Mr. George",male,7.0,0,0,T783609,8.94,,S
682,1,3,"Moore, Miss. Lily",female,29.7,1,1,T126054,10.88,,C
683,1,2,"Moore, Miss. Dorothy",female,57.4,0,0,T754327,18.82,,S
684,0,1,"Taylor, Mr. George",male,3.2,1,2,T608953,65.86,,S
685,0,3,"Brown, Mr. John",male,10.4,8,0,T221706,14.83,G75,S
686,0,3,"Brown, Mr. Robert",male,40.6,2,0,T981439,6.17,F70,S
687,0,3,"Johnson, Mr. Richard",male,,0,0,T236923,14.48,,S
688,1,1,"Taylor, Mrs. Lily",female,38.6,0,5,T265886,91.87,,S
689,1,3,"Taylor, Miss. Clara",female,17.6,1,1,T724014,6.25,,C
690,0,2,"Anderson, Miss. Emma",female,,0,0,T227134,16.52,,S
691,1,3,"Moore, Mr. Edward",male,55.0,1,1,T284479,19.26,,S
692,0,3,"Brown, Mr. Edward",male,12.4,2,0,T216124,3.71,,S
693,0,3,"Brown, Mr. William",male,,0,2,T383937,8.54,,C
694,0,3,"Moore, Mr. John",male,39.6,0,0,T681010,47.06,,S
695,0,3,"Miller, Mrs. Beatrice",female,8.1,1,0,T306995,7.38,,S
696,0,3,"Jones, Mr. Charles",male,37.8,0,0,T739028,21.52,,C
697,1,1,"Moore, Mrs. Dorothy",female,30.8,0,1,T26793,158.22,,S
698,1,3,"Wilson, Master. John",male,31.0,0,0,T976361,13.87,D105,S
699,0,3,"Johnson, Miss. Edith",female,34.6,0,0,T421774,9.87,C116,S
700,0,1,"Taylor, Mr. Charles",male,24.6,0,0,T342339,69.61,,S
701,0,3,"Smith, Mrs. Lily",female,30.7,1,0,T822311,7.16,,S
702,1,2,"Anderson, Miss. Annie",female,,0,0,T799765,23.46,,S
703,1,3,"Taylor, Miss. Emma",female,40.5,0,1,T718422,16.69,,S
704,1,3,"Moore, Miss. Alice",female,7.6,0,0,T719939,19.4,,S
705,1,1,"Miller, Mrs. Florence",female,,0,4,T538411,171.69,,C
706,0,3,"Miller, Mr. John",male,12.9,0,0,T700220,12.54,,S
707,1,1,"Williams, Mrs. Lily",female,,1,0,T160093,22.37,,S
708,1,3,"Wilson, Mrs. Florence",female,30.9,2,0,T642358,15.13,,S
709,0,3,"Anderson, Mr. Robert",male,11.1,0,0,T496868,19.59,,C
710,0,2,"Miller, Mrs. Dorothy",female,37.4,0,3,T354714,54.42,B52,S
711,0,1,"Moore, Mr. William",male,16.0,0,0,T978395,55.49,F69,S
712,0,1,"Moore, Master. James",male,45.2,0,0,T231041,71.91,,Q
713,0,3,"Thomas, Mr. Edward",male,19.4,0,4,T89096,8.05,,S
714,0,3,"Miller, Mr. John",male,8.0,0,1,T122305,15.07,,S
715,1,1,"Smith, Mr. William",male,,0,5,T50443,202.81,,S
716,0,1,"Taylor, Mr. James",male,32.3,0,0,T368561,86.81,,C
717,0,1,"Taylor, Mr. James",male,42.3,1,0,T150066,71.54,,S
718,1,3,"Thomas, Miss. Alice",female,17.4,1,0,T645507,10.63,,C
719,0,3,"Brown, Mr. Robert",male,,0,0,T873686,15.0,,S
720,0,1,"Wilson, Mr. James",male,54.0,1,0,T770052,59.55,,Q
721,0,3,"Johnson, Mr. Edward",male,29.6,0,2,T907814,7.63,,S
722,0,1,"Davis, Mr. James",male,,1,4,T288656,384.3,,C
723,0,3,"Brown, Mr. George",male,39.2,0,4,T650915,15.77,A18,S
724,0,3,"Davis, Master. George",male,24.8,0,0,T844207,13.47,,S
725,1,3,"Smith, Mrs. Mary",female,33.0,0,0,T620401,13.12,,S
726,0,3,"Thomas, Mr. John",male,52.8,0,0,T897477,8.94,,S
727,1,3,"Miller, Mrs. Annie",female,29.2,0,0,T994177,24.05,A104,S
728,1,3,"Wilson, Miss. Alice",female,43.4,1,0,T325283,6.8,,S
729,0,3,"Williams, Mrs. Beatrice",female,0.8,0,0,T193629,7.14,G105,S
730,0,2,"Moore, Mr. Charles",male,,0,0,T55764,19.57,B103,S
731,0,1,"Davis, Mr. John",male,7.6,0,1,T233447,109.25,,S
732,0,2,"Moore, Mr. Robert",male,,1,2,T140452,30.82,A108,Q
733,0,3,"Miller, Mr. William",male,35.4,1,1,T669275,6.22,B64,C
734,0,1,"Anderson, Master. Edward",male,28.3,0,0,T709201,214.71,,C
735,1,2,"Wilson, Miss. Beatrice",female,28.3,0,2,T470158,14.07,,S
736,0,3,"Miller, Mr. John",male,26.0,3,2,T512217,11.52,E103,S
737,0,1,"Davis, Mr. Edward",male,17.8,0,0,T184220,30.39,F73,Q
738,0,3,"Anderson, Mr. James",male,,0,0,T209390,15.84,,C
739,1,3,"Smith, Miss. Edith",female,61.7,0,0,T482621,11.82,,S
740,0,3,"Miller, Mrs. Annie",female,48.6,1,2,T123559,8.1,,Q
741,0,3,"Brown, Mr. George",male,17.1,0,0,T781447,20.59,,C
742,0,3,"Thomas, Mr. Robert",male,33.6,0,0,T22185,10.09,,S
743,0,3,"Davis, Mr. John",male,,0,0,T541488,20.21,,S
744,1,1,"Wilson, Mrs. Emma",female,27.6,1,1,T68920,114.66,,C
745,1,3,"Jones, Miss. Clara",female,15.2,0,0,T900583,16.35,,S
746,0,2,"Smith, Mr. Edward",male,,4,0,T945424,9.91,G19,
747,0,1,"Davis, Mr. Edward",male,42.0,0,0,T840728,89.3,G90,Q
748,0,3,"Smith, Miss. Annie",female,17.6,0,0,T326382,7.54,,S
749,0,1,"Anderson, Mr. John",male,58.1,0,2,T253898,25.23,,C
750,1,2,"Williams, Mrs. Florence",female,51.8,0,0,T101256,27.43,,S
751,0,1,"Taylor, Mr. John",male,37.6,0,0,T644967,67.89,,S
752,0,1,"Brown, Mr. Thomas",male,11.8,0,0,T869050,146.65,,S
753,1,1,"Taylor, Mr. Henry",male,35.5,0,0,T949545,55.58,,S
754,0,1,"Thomas, Mr. Robert",male,33.8,0,1,T16694,58.71,,S
755,0,3,"Moore, Miss. Clara",female,37.1,0,0,T52356,5.49,,C
756,1,3,"Williams, Mrs. Edith",female,52.8,0,0,T710565,23.36,,C
757,0,2,"Miller, Mr. Richard",male,27.1,2,0,T382191,34.99,,S
758,0,3,"Wilson, Mr. James",male,59.4,1,0,T855536,14.64,G36,C
759,1,1,"Johnson, Master. Richard",male,35.6,1,4,T251608,69.11,,S
760,0,2,"Taylor, Mrs. Lily",female,25.5,1,5,T712350,20.5,,S
761,0,1,"Brown, Mr. Robert",male,64.5,0,0,T612581,59.69,,S
762,0,3,"Moore, Mr. William",male,41.7,0,0,T368863,7.22,,C
763,0,2,"Thomas, Mr. William",male,23.1,8,0,T988274,40.72,,S
764,0,3,"Johnson, Master. Henry",male,30.9,0,0,T800872,7.87,,S
765,1,3,"Johnson, Miss. Dorothy",female,38.9,1,0,T839026,5.52,,C
766,1,3,"Smith, Miss. Dorothy",female,27.5,0,0,T894248,8.61,G136,S
767,0,3,"Williams, Master. Robert",male,31.6,0,0,T879997,38.23,,C
768,1,3,"Williams, Miss. Annie",female,,0,0,T289920,25.58,,S
769,0,2,"Davis, Mr. Charles",male,5.3,0,0,T869258,21.53,D7,C
770,1,2,"Johnson, Miss. Florence",female,31.2,0,0,T294084,14.64,,S
771,0,3,"Taylor, Mr. Henry",male,,0,0,T334873,6.72,,S
772,0,3,"Miller, Master. Thomas",male,37.3,1,3,T273887,28.23,,S
773,0,1,"Williams, Mr. Charles",male,21.3,0,0,T215201,96.52,F69,S
774,0,2,"Thomas, Mr. John",male,10.3,0,0,T874364,31.09,B51,S
775,0,3,"Moore, Mr. Edward",male,15.7,0,0,T112193,9.07,,S
776,0,2,"Thomas, Miss. Lily",female,45.0,0,0,T595244,56.62,,S
777,0,1,"Wilson, Miss. Emma",female,20.0,2,0,T167584,107.35,,S
778,0,3,"Moore, Mr. Robert",male,23.3,0,0,T820297,9.84,,S
779,1,3,"Williams, Miss. Lily",female,25.2,2,0,T61198,9.27,E67,S
780,0,3,"Moore, Master. Thomas",male,20.7,2,0,T66067,16.68,,S
781,0,3,"Smith, Mr. William",male,19.6,2,2,T423763,10.05,,S
782,0,3,"Davis, Master. James",male,17.1,0,0,T16068,18.96,,S
783,1,1,"Davis, Miss. Alice",female,50.0,0,0,T28510,128.13,,S
784,1,2,"Brown, Mr. Robert",male,39.6,0,0,T125454,20.7,,S
785,0,3,"Williams, Master. Thomas",male,47.8,1,0,T373139,29.1,,S
786,0,3,"Brown, Mr. Edward",male,50.7,1,0,T465692,8.01,C89,S
787,0,1,"Anderson, Mr. Edward",male,0.5,0,0,T79809,85.97,,S
788,0,3,"Miller, Mrs. Beatrice",female,,0,0,T238404,10.52,,S
789,0,3,"Johnson, Mr. Charles",male,,0,0,T515911,6.65,,C
790,0,2,"Anderson, Mr. George",male,45.9,0,0,T431701,34.22,,C
791,1,2,"Smith, Mr. Henry",male,18.9,0,2,T971860,23.38,,S
792,1,1,"Johnson, Mr. John",male,14.4,1,0,T614214,118.94,,C
793,0,3,"Johnson, Mrs. Emma",female,8.9,0,0,T139824,26.29,A137,C
794,0,3,"Brown, Mr. George",male,25.3,1,2,T195285,13.16,,C
795,1,2,"Johnson, Miss. Florence",female,43.0,0,0,T41137,37.64,E134,S
796,0,3,"Thomas, Mr. Henry",male,33.4,0,1,T395604,10.67,,C
797,0,3,"Anderson, Miss. Emma",female,12.3,0,2,T574975,6.1,C34,S
798,0,3,"Johnson, Miss. Dorothy",female,60.9,1,2,T635209,6.29,,C
799,1,3,"Johnson, Mrs. Annie",female,,0,0,T680499,11.53,,C
800,1,2,"Taylor, Miss. Dorothy",female,41.0,0,0,T842268,14.96,,S
801,0,3,"Davis, Mr. Edward",male,48.3,0,0,T406123,19.31,,S
802,1,1,"Thomas, Miss. Lily",female,5.9,0,0,T821142,112.62,,S
803,0,3,"Smith, Miss. Dorothy",female,,0,0,T937800,7.62,,C
804,1,1,"Taylor, Miss. Florence",female,41.6,0,0,T751000,85.52,,C
805,0,3,"Smith, Mr. Charles",male,,0,0,T348713,21.06,,S
806,1,3,"Smith, Mrs. Dorothy",female,25.7,0,1,T171632,11.64,,S
807,0,1,"Taylor, Mr. John",male,,0,0,T670790,215.3,,C
808,0,2,"Miller, Mr. Edward",male,11.2,0,1,T912678,20.97,,S
809,0,3,"Johnson, Mr. Henry",male,24.5,0,1,T405108,8.08,,S
810,0,3,"Thomas, Mrs. Mary",female,43.0,0,0,T74183,16.49,,C
811,0,2,"Williams, Mr. Edward",male,40.3,0,0,T28585,34.78,,C
812,1,3,"Miller, Mr. George",male,45.8,0,0,T123267,20.62,,C
813,0,2,"Davis, Mr. Edward",male,44.3,0,1,T511322,14.16,,C
814,0,1,"Johnson, Mr. Henry",male,35.6,1,1,T360640,206.69,,C
815,1,1,"Johnson, Mrs. Beatrice",female,34.4,0,0,T446812,51.95,,C
816,1,1,"Wilson, Miss. Beatrice",female,33.4,0,0,T492867,85.17,,S
817,0,3,"Miller, Mr. Charles",male,20.6,1,1,T756458,7.39,,S
818,0,3,"Jones, Mr. Henry",male,,1,1,T597201,19.27,,C
819,0,2,"Jones, Mr. Richard",male,19.7,1,0,T329164,16.12,,S
820,1,3,"Anderson, Master. Robert",male,25.0,0,0,T817183,13.2,,S
821,0,1,"Moore, Mr. William",male,20.2,0,1,T19202,51.65,,S
822,0,3,"Jones, Mr. William",male,35.7,0,0,T714348,13.73,,S
823,1,1,"Miller, Mr. Richard",male,32.6,1,0,T738723,114.73,,C
824,0,3,"Wilson, Mr. George",male,34.2,0,0,T291183,16.1,,S
825,1,3,"Thomas, Mrs. Clara",female,34.8,1,0,T678630,12.96,,S
826,0,1,"Davis, Mr. Edward",male,47.0,0,0,T736267,81.55,E128,S
827,1,3,"Brown, Mr. John",male,,0,2,T480088,7.18,G63,Q
828,1,1,"Moore, Mr. Charles",male,44.3,0,1,T218863,232.49,,S
829,1,2,"Jones, Mrs. Beatrice",female,37.2,0,0,T748947,16.88,,C
830,0,1,"Brown, Mr. Thomas",male,46.1,2,0,T933953,40.92,E23,S
831,0,2,"Davis, Mr. George",male,,0,1,T198014,60.78,G13,S
832,0,1,"Miller, Master. John",male,38.1,2,0,T500476,304.67,,S
833,0,2,"Jones, Miss. Clara",female,31.2,1,0,T749977,30.06,,C
834,1,2,"Williams, Mrs. Beatrice",female,,0,0,T726675,17.01,,S
835,1,2,"Wilson, Mrs. Mary",female,22.9,0,0,T13055,33.75,,C
836,0,3,"Miller, Mr. George",male,,1,0,T786247,8.53,,Q
837,1,3,"Miller, Miss. Lily",female,42.8,1,0,T50138,19.17,,C
838,0,2,"Jones, Mrs. Alice",female,15.7,0,0,T476753,20.11,,S
839,0,1,"Taylor, Mr. Richard",male,53.1,1,0,T632811,50.3,,S
840,1,2,"Anderson, Miss. Edith",female,27.5,0,0,T244173,18.46,,S
841,1,3,"Brown, Mr. Richard",male,71.2,0,1,T955291,4.49,,S
842,0,3,"Brown, Mr. Thomas",male,19.6,0,0,T900407,30.75,,S
843,0,3,"Williams, Miss. Edith",female,33.3,1,1,T299748,15.9,,S
844,1,1,"Miller, Mr. Thomas",male,24.6,0,0,T236092,63.12,,S
845,0,2,"Smith, Mr. Henry",male,18.2,0,0,T764657,18.04,,S
846,0,2,"Brown, Mr. James",male,,0,1,T42503,27.16,,S
847,1,3,"Smith, Mrs. Beatrice",female,13.7,1,0,T334321,10.37,,S
848,0,3,"Anderson, Master. John",male,,2,0,T230707,19.27,,C
849,0,1,"Miller, Mr. Robert",male,38.2,0,0,T163009,94.69,,S
850,0,3,"Wilson, Mr. John",male,,1,0,T894533,3.04,C65,S
851,1,1,"Miller, Mrs. Clara",female,,0,0,T686802,59.47,,S
852,1,2,"Moore, Mrs. Emma",female,38.1,1,0,T550198,18.37,B147,S
853,0,3,"Smith, Mr. John",male,31.6,1,0,T556181,14.97,,S
854,0,3,"Thomas, Mr. Edward",male,,0,0,T662608,7.67,,S
855,1,2,"Thomas, Mr. Edward",male,18.3,0,0,T172280,21.33,G8,S
856,1,1,"Miller, Mr. James",male,0.5,2,0,T895259,44.53,A111,C
857,0,3,"Moore, Miss. Florence",female,,0,1,T549622,6.13,D113,C
858,1,3,"Jones, Mr. Edward",male,44.4,0,0,T410637,10.63,E110,S
859,0,3,"Thomas, Mr. Charles",male,11.0,0,2,T197904,10.44,,S
860,0,1,"Moore, Master. John",male,,0,0,T553827,103.44,,S
861,0,2,"Davis, Mr. Robert",male,21.4,8,1,T145331,50.59,D97,C
862,0,3,"Jones, Mr. Charles",male,43.0,0,0,T634293,9.85,,S
863,0,3,"Anderson, Mr. Thomas",male,22.5,0,0,T915647,19.94,,S
864,1,2,"Jones, Miss. Emma",female,24.4,0,0,T684734,14.66,D78,C
865,0,3,"Moore, Mr. Robert",male,25.5,1,0,T393484,15.97,,S
866,0,3,"Wilson, Mr. Thomas",male,20.2,1,0,T664001,6.85,,C
867,0,2,"Thomas, Mr. Robert",male,50.0,0,0,T275138,23.91,E30,C
868,1,1,"Thomas, Mrs. Clara",female,42.7,2,0,T516028,106.38,B19,S
869,0,3,"Johnson, Mr. William",male,,0,0,T770979,5.02,,S
870,1,3,"Davis, Miss. Mary",female,44.6,1,0,T100861,9.47,,S
871,0,3,"Jones, Miss. Florence",female,6.1,0,1,T54717,17.44,,C
872,0,3,"Taylor, Mrs. Beatrice",female,,0,1,T990106,7.97,,S
873,1,2,"Williams, Mr. James",male,36.6,0,4,T923259,23.0,,S
874,0,1,"Thomas, Mr. Charles",male,40.4,0,0,T677063,71.29,,C
875,0,3,"Jones, Mr. Henry",male,33.8,0,0,T208528,13.31,,S
876,1,2,"Jones, Mr. Richard",male,,0,0,T917805,33.87,,S
877,0,3,"Miller, Mrs. Florence",female,14.3,0,0,T806731,15.46,,S
878,1,3,"Wilson, Mr. Charles",male,35.7,1,0,T459448,8.82,,S
879,0,3,"Johnson, Mr. George",male,64.9,1,0,T17347,10.18,,C
880,0,1,"Wilson, Mr. Henry",male,47.4,0,0,T329437,99.99,,Q
881,0,3,"Thomas, Mrs. Emma",female,52.6,0,2,T352125,17.11,,S
882,0,3,"Williams, Mr. Charles",male,34.6,0,0,T556077,3.19,,S
883,0,3,"Brown, Mr. William",male,,1,0,T793660,8.39,,C
884,0,3,"Thomas, Master. Robert",male,14.7,0,0,T312283,13.18,B22,Q
885,1,1,"Williams, Miss. Annie",female,,1,0,T219163,77.07,,S
886,0,1,"Miller, Mr. George",male,28.6,0,0,T42115,92.39,D51,S
887,0,2,"Moore, Mr. Richard",male,39.7,0,0,T887350,65.14,,C
888,0,2,"Brown, Mr. John",male,30.1,0,0,T914257,11.03,,C
889,1,3,"Johnson, Mrs. Annie",female,33.7,0,0,T97254,22.71,,S
890,0,3,"Davis, Mr. Henry",male,28.4,0,0,T973449,11.0,,S
891,1,3,"Anderson, Miss. Clara",female,33.0,0,0,T596698,15.62,,S
892,1,3,"Johnson, Miss. Alice",female,44.2,0,0,T678335,8.64,D42,S
893,0,1,"Anderson, Mr. Robert",male,,0,0,T150556,119.26,,S
894,0,3,"Jones, Mr. Henry",male,,0,1,T930381,20.18,,S
895,0,2,"Anderson, Mr. Robert",male,35.9,1,0,T373025,27.17,,C
896,0,1,"Anderson, Mr. George",male,50.6,0,0,T800674,48.83,C68,S
897,0,3,"Miller, Mr. James",male,54.2,1,0,T89002,9.99,,S
898,0,3,"Davis, Mr. Thomas",male,11.9,0,0,T162458,12.76,,S
899,0,3,"Johnson, Mr. Henry",male,23.9,1,0,T377092,7.01,,C
900,0,1,"Anderson, Mr. William",male,8.3,0,0,T924461,86.85,E32,C
901,0,3,"Davis, Miss. Emma",female,,0,2,T874896,5.73,,S
902,0,2,"Johnson, Mrs. Dorothy",female,46.0,0,0,T738506,25.62,G25,S
903,1,1,"Moore, Mr. Charles",male,29.5,0,0,T129943,115.16,,S
904,0,3,"Anderson, Mr. Robert",male,,0,0,T248142,11.75,E98,C
905,1,3,"Miller, Miss. Clara",female,,1,0,T28069,9.0,,S
906,0,3,"Miller, Mrs. Emma",female,18.2,2,0,T417699,7.28,A125,S
907,0,3,"Johnson, Miss. Beatrice",female,52.8,2,2,T547421,19.8,,C
908,0,3,"Johnson, Mr. Thomas",male,29.8,0,0,T415133,6.55,,S
909,0,3,"Jones, Mr. George",male,23.9,0,0,T676447,17.71,,S
910,0,3,"Anderson, Mr. William",male,38.2,1,0,T502690,3.77,,S
911,0,3,"Williams, Mr. James",male,43.3,2,0,T941622,5.12,,Q
912,0,3,"Thomas, Mr. John",male,52.8,0,2,T850571,12.84,,S
913,0,3,"Taylor, Mr. Robert",male,,0,0,T845164,9.04,F49,Q
914,0,1,"Wilson, Mr. Robert",male,45.4,1,1,T676917,64.45,,C
915,0,3,"Taylor, Miss. Annie",female,31.2,0,1,T740568,27.66,,S
916,0,3,"Davis, Mr. Edward",male,20.8,1,0,T203841,13.92,,S
917,0,2,"Wilson, Mr. John",male,18.4,0,2,T360233,28.85,,S
918,1,3,"Johnson, Miss. Mary",female,13.8,1,0,T174528,14.11,,C
919,1,1,"Wilson, Miss. Dorothy",female,18.9,0,0,T568179,107.67,B63,S
920,0,3,"Johnson, Mr. Charles",male,45.9,1,0,T512291,12.53,,S
921,1,3,"Johnson, Mrs. Annie",female,39.9,0,1,T871848,4.07,,S
922,1,1,"Jones, Mr. James",male,11.7,1,0,T533911,91.38,,S
923,0,2,"Davis, Master. William",male,4.4,1,1,T610686,16.13,,S
924,0,3,"Smith, Miss. Mary",female,13.6,0,0,T678775,13.76,,S
925,1,2,"Anderson, Mr. John",male,18.4,3,0,T146602,12.24,D50,S
926,1,2,"Williams, Mr. James",male,,0,0,T137615,41.38,B4,S
927,0,2,"Williams, Mr. Thomas",male,,0,0,T793380,30.93,,S
928,0,3,"Anderson, Mr. Thomas",male,21.8,1,2,T164826,7.62,,S
929,0,3,"Smith, Mr. Charles",male,54.1,1,2,T622236,8.44,,C
930,0,3,"Thomas, Mr. John",male,5.3,0,1,T768777,11.04,,C
931,0,3,"Williams, Mr. Edward",male,24.6,1,0,T592532,9.36,,S
932,0,3,"Anderson, Miss. Edith",female,41.1,0,2,T931670,15.49,C44,S
933,0,3,"Johnson, Mr. Charles",male,,0,0,T437660,14.4,G37,S
934,1,2,"Moore, Mr. Thomas",male,24.8,4,0,T928255,34.03,C101,S
935,0,3,"Jones, Mr. Thomas",male,44.2,5,0,T184679,5.83,G66,S
936,0,3,"Taylor, Miss. Florence",female,41.5,0,0,T116863,25.62,,S
937,1,3,"Wilson, Miss. Clara",female,19.8,0,0,T399271,11.05,,S
938,0,1,"Davis, Mrs. Lily",female,34.3,0,0,T911857,57.82,C2,Q
939,0,1,"Moore, Mr. William",male,,2,0,T768822,60.14,,C
940,0,2,"Davis, Mr. James",male,20.8,1,0,T400851,19.66,,C
941,0,2,"Smith, Mr. Richard",male,54.3,0,0,T272227,44.01,G102,S
942,0,3,"Taylor, Mr. Henry",male,17.6,2,0,T474076,12.78,,C
943,0,1,"Williams, Mr. George",male,31.8,0,1,T801096,235.46,,C
944,0,3,"Thomas, Mrs. Annie",female,11.6,0,0,T779846,21.66,,S
945,0,2,"Davis, Mr. John",male,31.2,0,3,T325707,26.66,G123,S
946,0,2,"Taylor, Mrs. Annie",female,14.2,0,0,T874221,16.84,G141,S
947,0,3,"Moore, Mr. George",male,25.4,5,0,T950900,7.66,,S
948,1,1,"Thomas, Mrs. Edith",female,6.7,0,1,T730022,110.2,,C
949,1,3,"Johnson, Mr. William",male,,0,0,T443835,23.06,,S
950,0,1,"Anderson, Miss. Florence",female,34.9,0,1,T679629,127.6,D143,C
951,0,2,"Thomas, Mr. John",male,45.5,1,2,T875356,36.84,,Q
952,1,3,"Davis, Miss. Beatrice",female,24.7,0,0,T780024,13.42,,S
953,0,3,"Brown, Mr. George",male,46.1,0,0,T542335,9.34,E93,S
954,0,2,"Williams, Mr. Thomas",male,,0,0,T161973,40.39,,C
955,0,2,"Davis, Mr. Robert",male,,0,1,T604233,18.1,D65,S
956,1,3,"Anderson, Mr. Henry",male,,0,0,T146054,26.77,,S
957,0,3,"Johnson, Miss. Annie",female,22.7,0,1,T73340,15.41,,S
958,0,3,"Taylor, Mrs. Emma",female,,0,0,T874141,7.11,,S
959,0,2,"Moore, Mr. Richard",male,36.7,0,0,T451507,19.37,,S
960,1,3,"Anderson, Miss. Annie",female,21.4,0,0,T639688,10.15,,C
961,0,1,"Williams, Mr. William",male,,0,0,T183623,171.35,F16,S
962,0,1,"Jones, Mr. George",male,14.7,0,0,T125880,26.56,,S
963,0,3,"Anderson, Mr. Edward",male,46.1,0,0,T685204,19.44,,S
964,1,1,"Smith, Miss. Lily",female,54.8,1,2,T762202,102.37,D96,S
965,0,1,"Moore, Mr. John",male,31.0,0,0,T938255,48.24,E125,C
966,1,1,"Moore, Miss. Florence",female,,0,0,T903071,20.6,C24,S
967,1,2,"Jones, Master. Richard",male,41.0,0,0,T565339,38.33,,C
968,0,3,"Jones, Mr. George",male,30.8,1,1,T611872,7.71,,S
969,0,3,"Moore, Mr. Richard",male,45.6,1,0,T867246,14.18,,S
970,1,1,"Johnson, Mr. John",male,33.9,1,0,T210903,21.51,,S
971,0,3,"Davis, Mr. Thomas",male,31.7,1,0,T78491,9.77,,S
972,0,3,"Davis, Mr. William",male,19.6,0,0,T20119,9.87,,S
973,1,3,"Thomas, Miss. Florence",female,,0,0,T568348,13.81,B111,S
974,0,2,"Taylor, Mr. Edward",male,,0,0,T705556,22.1,,Q
975,1,3,"Taylor, Miss. Mary",female,47.6,0,5,T142039,12.8,,S
976,0,3,"Davis, Master. Thomas",male,27.6,0,0,T959506,12.64,,S
977,1,1,"Wilson, Mr. William",male,23.9,1,1,T702862,151.9,,C
978,1,1,"Williams, Mr. Henry",male,1.4,1,0,T340730,305.11,E133,S
979,1,1,"Brown, Mr. Thomas",male,20.4,4,0,T982228,64.12,,S
980,0,3,"Smith, Mr. James",male,,0,0,T83711,8.89,,S
981,0,1,"Jones, Mr. James",male,,1,0,T57913,37.36,,Q
982,0,3,"Brown, Mr. Edward",male,,1,2,T762937,15.61,,S
983,1,1,"Brown, Mrs. Clara",female,31.5,1,0,T882728,39.82,,Q
984,1,3,"Jones, Mr. Richard",male,10.0,1,0,T977263,18.73,,S
985,0,2,"Anderson, Mr. George",male,10.9,0,0,T399711,24.59,,S
986,0,3,"Jones, Mrs. Florence",female,10.9,0,0,T293722,20.55,D126,S
987,0,3,"Jones, Mrs. Beatrice",female,56.0,0,0,T631207,6.43,,S
988,0,1,"Davis, Mr. William",male,51.3,0,2,T704888,132.53,,S
989,0,3,"Moore, Mrs. Edith",female,17.3,1,4,T174439,8.97,,S
990,0,1,"Miller, Mrs. Alice",female,1.0,0,0,T737165,203.5,,S
991,0,3,"Williams, Mr. Thomas",male,,0,0,T88261,25.4,E52,C
992,0,3,"Moore, Mr. George",male,,1,1,T113846,8.2,,S
993,1,1,"Jones, Miss. Beatrice",female,34.3,1,0,T701515,88.89,,S
994,0,1,"Jones, Mr. Charles",male,40.4,0,0,T831628,107.82,,S
995,0,2,"Brown, Master. George",male,36.2,0,1,T927549,19.57,E118,S
996,0,3,"Taylor, Mr. Thomas",male,,5,0,T524492,11.16,,S
997,0,3,"Williams, Mrs. Beatrice",female,34.0,1,2,T406717,9.75,,S
998,0,3,"Davis, Miss. Florence",female,42.1,1,2,T830117,20.4,,S
999,0,2,"Taylor, Mr. Richard",male,,1,0,T694369,21.69,,S
1000,0,1,"Jones, Mrs. Emma",female,34.0,8,0,T151776,200.67,,S
1001,0,3,"Moore, Mr. Edward",male,21.7,0,0,T653648,13.06,,Q
1002,1,1,"Johnson, Mr. Robert",male,58.6,1,2,T710043,44.55,,S
1003,0,3,"Anderson, Mr. Thomas",male,10.5,1,0,T494438,39.39,D143,C
1004,0,2,"Moore, Miss. Emma",female,46.5,0,0,T320023,12.93,,C
1005,1,1,"Thomas, Mr. George",male,5.5,2,0,T774256,49.77,,C
1006,0,3,"Brown, Mr. William",male,55.7,0,1,T206875,4.83,,S
1007,0,3,"Smith, Mr. John",male,,0,0,T516077,4.8,,S
1008,0,3,"Davis, Master. Edward",male,32.5,0,0,T822390,10.41,,S
1009,1,1,"Anderson, Mr. Edward",male,,0,0,T640860,116.02,,S
1010,1,1,"Smith, Mr. Thomas",male,10.1,0,0,T373963,31.49,,S
1011,1,3,"Davis, Miss. Edith",female,42.7,3,1,T472228,7.64,,S
1012,0,3,"Jones, Mr. Charles",male,44.6,0,0,T447372,27.59,,S
1013,0,3,"Moore, Mrs. Clara",female,,0,0,T956168,14.22,,S
1014,0,1,"Thomas, Mr. James",male,,0,0,T749080,95.64,,S
1015,0,3,"Taylor, Mr. Robert",male,,1,0,T123150,30.05,,C
1016,1,3,"Moore, Mr. James",male,,0,0,T358790,7.95,D35,S
1017,0,3,"Williams, Miss. Mary",female,9.4,0,0,T484054,23.55,,S
1018,0,3,"Williams, Master. George",male,,0,0,T532449,5.14,,C
1019,1,2,"Jones, Miss. Alice",female,21.3,0,0,T647436,30.03,B4,S
1020,1,3,"Davis, Miss. Lily",female,,3,0,T106425,9.09,,C
1021,0,3,"Thomas, Mr. James",male,37.6,1,2,T484106,10.61,,S
1022,0,3,"Taylor, Master. James",male,19.8,1,0,T563261,21.34,,S
1023,1,3,"Anderson, Miss. Emma",female,39.9,1,0,T336463,13.19,,S
1024,0,3,"Jones, Mr. John",male,39.2,0,0,T176294,14.22,,S
1025,0,3,"Wilson, Mr. Charles",male,40.2,0,0,T326852,7.46,,C
1026,0,1,"Thomas, Mr. James",male,23.8,0,0,T444752,82.33,G23,C
1027,1,1,"Jones, Mr. Charles",male,41.0,0,0,T439878,114.67,,S
1028,1,1,"Miller, Miss. Alice",female,,0,0,T159926,60.06,,S
1029,0,1,"Anderson, Mr. Charles",male,39.0,3,0,T480649,82.36,,S
1030,0,2,"Miller, Mr. Henry",male,54.0,0,0,T99810,20.94,,C
1031,0,2,"Johnson, Mr. William",male,34.5,2,3,T250018,10.05,,Q
1032,1,2,"Wilson, Miss. Alice",female,20.9,5,0,T277267,14.57,,S
1033,0,2,"Anderson, Master. Richard",male,,1,0,T278294,18.87,E119,S
1034,0,1,"Williams, Mrs. Emma",female,46.1,0,1,T703660,24.98,,S
1035,1,1,"Brown, Mrs. Dorothy",female,34.9,1,0,T35199,72.03,,S
1036,0,3,"Jones, Mr. Charles",male,53.9,0,0,T179446,8.36,,S
1037,0,3,"Williams, Mr. George",male,,0,0,T105050,21.78,,S
1038,0,2,"Brown, Mr. Robert",male,42.9,0,0,T55660,24.87,,S
1039,1,3,"Smith, Mrs. Lily",female,25.9,0,0,T205836,16.56,,S
1040,1,3,"Williams, Mrs. Edith",female,24.6,0,0,T209431,11.92,,S
1041,0,2,"Williams, Mrs. Annie",female,18.6,1,0,T697404,32.75,E131,S
1042,0,3,"Wilson, Mr. Thomas",male,42.7,2,0,T248024,20.4,C91,S
1043,0,3,"Miller, Mr. Thomas",male,,0,1,T849940,4.96,,S
1044,0,3,"Thomas, Mr. Edward",male,,0,0,T517870,14.77,,S
1045,0,2,"Anderson, Mr. George",male,32.1,0,0,T409934,20.59,,S
1046,0,3,"Taylor, Mr. John",male,39.9,0,0,T670809,14.72,,S
1047,0,1,"Johnson, Mr. Richard",male,32.3,1,0,T64442,49.09,,S
1048,0,3,"Wilson, Mr. Edward",male,45.8,0,1,T72039,3.76,F21,C
1049,0,3,"Johnson, Mr. Thomas",male,25.5,2,0,T122878,11.47,,S
1050,0,3,"Anderson, Mr. Thomas",male,0.5,1,0,T223834,12.65,,Q
1051,1,3,"Taylor, Mr. Thomas",male,32.4,0,1,T334129,18.99,,S
1052,1,2,"Wilson, Mr. Edward",male,32.3,0,3,T453223,19.1,,S
1053,0,3,"Anderson, Mr. William",male,34.2,0,0,T245271,7.12,B98,S
1054,1,3,"Brown, Master. Henry",male,45.8,0,1,T425992,16.98,F69,S
1055,1,1,"Miller, Miss. Dorothy",female,1.4,0,0,T105659,24.24,,S
1056,0,3,"Williams, Master. James",male,26.2,1,0,T529654,12.05,,S
1057,0,2,"Taylor, Miss. Emma",female,16.3,0,2,T315559,16.83,G97,C
1058,0,1,"Moore, Mr. Richard",male,12.2,0,0,T174993,405.24,,S
1059,0,3,"Wilson, Mr. Robert",male,28.7,0,0,T330391,14.92,A95,C
1060,0,2,"Smith, Mr. William",male,39.9,0,0,T531326,46.65,,S
1061,0,3,"Williams, Mr. John",male,,3,1,T407611,25.03,F49,S
1062,0,2,"Williams, Mr. Charles",male,19.7,1,0,T475826,50.78,D92,C
1063,0,1,"Jones, Miss. Dorothy",female,27.6,0,0,T709961,,,S
1064,0,3,"Johnson, Mr. Henry",male,43.2,1,0,T161555,7.88,,S
1065,1,2,"Thomas, Mr. John",male,39.6,0,0,T596443,28.97,A22,S
1066,0,3,"Anderson, Mr. Edward",male,21.7,0,0,T283526,12.54,,S
1067,1,3,"Brown, Mr. John",male,20.7,0,1,T400502,8.35,,S
1068,1,3,"Davis, Mrs. Annie",female,4.8,0,0,T151391,21.79,,S
1069,0,3,"Miller, Miss. Edith",female,23.5,0,0,T212773,11.33,D120,C
1070,0,3,"Miller, Master. George",male,4.5,0,0,T894944,13.31,,S
1071,0,2,"Smith, Master. Henry",male,59.7,0,0,T824040,23.24,,S
1072,0,3,"Smith, Mr. Richard",male,17.3,0,2,T177410,8.97,,C
1073,0,1,"Miller, Miss. Clara",female,45.8,0,0,T124873,220.92,,S
1074,1,3,"Moore, Mr. William",male,56.1,0,1,T214558,29.45,,C
1075,1,3,"Smith, Mrs. Beatrice",female,32.8,0,0,T109987,15.38,,Q
1076,0,3,"Williams, Mr. Thomas",male,28.2,0,0,T60462,10.9,,S
1077,0,3,"Brown, Miss. Alice",female,,0,0,T17409,5.18,,C
1078,0,3,"Anderson, Mr. George",male,,1,0,T489556,5.49,E70,C
1079,0,3,"Johnson, Mr. James",male,,0,0,T426477,14.62,,Q
1080,0,3,"Smith, Mr. John",male,34.8,2,0,T83909,10.18,,S
1081,0,2,"Johnson, Mrs. Beatrice",female,30.1,0,0,T787914,60.56,G109,C
1082,0,1,"Miller, Mrs. Lily",female,48.7,0,2,T834053,112.48,,S
1083,1,3,"Smith, Mrs. Edith",female,39.8,0,0,T132074,16.18,,S
1084,1,3,"Moore, Miss. Lily",female,27.6,1,0,T788669,14.54,,S
1085,1,1,"Williams, Mr. James",male,32.8,1,0,T204957,266.83,,C
1086,1,1,"Thomas, Mrs. Florence",female,18.6,3,0,T484093,172.78,,S
1087,1,2,"Johnson, Miss. Edith",female,21.6,1,2,T940768,18.92,,S
1088,0,3,"Wilson, Mr. Robert",male,26.7,0,1,T218861,9.9,F11,S
1089,0,3,"Williams, Mr. William",male,37.8,0,1,T253565,10.42,D2,C
1090,0,2,"Smith, Mr. James",male,,0,0,T980883,30.18,,C
1091,1,1,"Jones, Mr. Charles",male,30.8,0,0,T129273,74.78,F12,S
1092,0,2,"Williams, Miss. Emma",female,,0,0,T230355,26.71,D15,S
1093,0,1,"Davis, Mr. Robert",male,16.6,0,0,T610642,36.47,C121,S
1094,0,1,"Taylor, Mr. Henry",male,24.1,1,2,T86659,72.64,,S
1095,1,3,"Taylor, Mr. Charles",male,0.5,0,0,T10294,3.34,B8,S
1096,0,3,"Taylor, Mr. James",male,18.7,1,1,T421362,12.16,B57,S
1097,1,1,"Davis, Mr. Robert",male,,0,0,T953948,61.26,,S
1098,1,1,"Miller, Miss. Edith",female,25.6,0,0,T782387,94.13,,Q
1099,0,2,"Anderson, Mr. Edward",male,0.5,0,0,T553794,20.02,,S
1100,0,3,"Miller, Miss. Emma",female,32.5,0,0,T285747,20.01,E84,S
1101,0,1,"Smith, Mr. Thomas",male,42.9,3,0,T331646,56.41,,S
1102,1,2,"Thomas, Miss. Annie",female,28.0,0,0,T284139,24.86,,S
1103,0,1,"Davis, Mr. Thomas",male,,1,4,T772873,97.71,B114,C
1104,0,3,"Williams, Mr. William",male,22.3,0,1,T706819,16.12,D98,S
1105,0,3,"Davis, Master. Henry",male,7.2,1,0,T678959,11.36,F65,Q
1106,1,3,"Taylor, Miss. Clara",female,,1,0,T831995,30.39,,S
1107,0,2,"Thomas, Mr. Thomas",male,39.6,0,0,T318429,38.23,,Q
1108,0,3,"Williams, Mr. Thomas",male,10.5,1,0,T999603,16.53,,S
1109,0,3,"Anderson, Miss. Florence",female,23.0,1,0,T908722,18.85,,S
1110,1,1,"Smith, Mr. William",male,26.1,4,1,T492938,112.51,,C
1111,0,1,"Moore, Mr. John",male,71.0,1,0,T306293,101.51,E111,S
1112,0,3,"Taylor, Mr. Thomas",male,32.9,2,3,T685967,12.77,D103,S
1113,0,1,"Moore, Mr. Richard",male,2.1,1,0,T277566,48.88,,Q
1114,1,2,"Miller, Mr. George",male,0.5,1,1,T245835,36.68,,S
1115,0,3,"Smith, Mr. Robert",male,40.3,2,0,T589524,5.99,,S
1116,0,3,"Miller, Mrs. Beatrice",female,65.7,0,0,T657679,15.96,,S
1117,0,2,"Johnson, Mr. John",male,25.6,1,0,T968853,28.17,B94,C
1118,0,3,"Brown, Mr. Thomas",male,24.8,0,0,T773787,10.21,,S
1119,0,3,"Anderson, Mr. Thomas",male,35.9,0,0,T256694,14.44,,C
1120,1,1,"Smith, Mr. Henry",male,18.1,1,0,T685955,202.52,,S
1121,0,3,"Johnson, Mr. George",male,0.5,4,0,T908237,36.48,,C
1122,1,1,"Williams, Mrs. Florence",female,44.7,0,0,T103546,53.69,,Q
1123,1,1,"Davis, Miss. Edith",female,20.8,0,0,T663816,46.63,G49,S
1124,1,3,"Thomas, Miss. Annie",female,44.9,1,0,T285632,6.79,,Q
1125,0,1,"Moore, Mr. Thomas",male,18.7,0,1,T680731,67.84,,S
1126,0,1,"Davis, Miss. Beatrice",female,31.5,0,0,T192855,73.66,,S
1127,1,1,"Davis, Miss. Florence",female,42.1,0,0,T335228,91.64,,S
1128,0,3,"Taylor, Mr. Thomas",male,45.2,2,0,T355937,8.37,,S
1129,0,3,"Taylor, Mr. Robert",male,33.1,0,0,T417922,21.96,,S
1130,1,1,"Taylor, Mr. Thomas",male,32.4,0,0,T667041,123.49,,Q
1131,0,3,"Jones, Mr. Henry",male,38.7,0,0,T587353,30.79,A89,S
1132,1,1,"Anderson, Miss. Mary",female,,0,0,T410581,60.9,,S
1133,0,3,"Williams, Mr. Thomas",male,11.0,0,1,T12820,10.44,,S
1134,0,2,"Smith, Miss. Clara",female,11.3,0,0,T982908,28.01,,S
1135,0,3,"Wilson, Mr. William",male,0.5,5,1,T912230,14.84,,S
1136,0,3,"Anderson, Mr. Henry",male,40.8,0,0,T53096,2.04,,S
1137,0,3,"Miller, Mr. Richard",male,,0,2,T54806,4.87,,S
1138,1,1,"Thomas, Miss. Alice",female,41.6,1,2,T693818,91.45,B94,Q
1139,0,3,"Anderson, Mr. Robert",male,35.6,1,1,T625724,8.31,A124,S
1140,1,1,"Johnson, Miss. Alice",female,15.2,0,2,T203220,36.84,,C
1141,0,3,"Anderson, Mr. George",male,28.0,0,0,T525870,12.45,,S
1142,0,2,"Anderson, Mr. William",male,23.1,0,0,T364685,39.1,E129,S
1143,1,2,"Brown, Master. Edward",male,,1,0,T593314,23.01,,S
1144,1,1,"Williams, Miss. Clara",female,,0,1,T796034,99.63,A47,S
1145,0,1,"Johnson, Mr. Henry",male,66.1,0,0,T376051,95.57,A90,
1146,0,3,"Williams, Mr. Edward",male,45.9,4,1,T615739,9.89,B121,S
1147,0,3,"Jones, Mr. William",male,29.3,1,0,T331649,16.41,,S
1148,0,3,"Moore, Mrs. Lily",female,48.0,0,1,T810426,7.28,,S
1149,0,3,"Davis, Mr. John",male,54.5,1,1,T107528,10.58,G66,S
1150,0,3,"Williams, Mr. Henry",male,9.5,0,0,T490383,8.01,,S
1151,0,2,"Williams, Mr. Thomas",male,47.5,0,3,T759128,23.89,,S
1152,0,1,"Anderson, Mr. William",male,40.9,0,0,T140939,61.34,,S
1153,1,1,"Moore, Mrs. Dorothy",female,,1,0,T154529,89.03,,C
1154,1,2,"Williams, Miss. Emma",female,41.5,0,3,T130636,21.25,,S
1155,0,2,"Wilson, Mr. William",male,,0,0,T990651,21.66,,S
1156,1,1,"Davis, Mrs. Dorothy",female,59.2,0,0,T849496,100.73,B52,C
1157,1,1,"Anderson, Mrs. Clara",female,34.6,1,0,T302020,350.98,,Q
1158,0,1,"Brown, Mr. John",male,23.4,1,1,T339527,80.2,C122,S
1159,0,3,"Jones, Miss. Emma",female,37.0,0,0,T186229,8.85,,Q
1160,1,1,"Jones, Mrs. Emma",female,,2,1,T472625,274.83,,S
1161,0,3,"Johnson, Mr. Richard",male,31.1,0,0,T987568,8.64,,S
1162,1,3,"Jones, Miss. Mary",female,35.4,0,2,T432659,14.58,C57,S
1163,0,3,"Jones, Mr. James",male,31.0,4,0,T766435,9.58,,C
1164,0,1,"Smith, Mr. Thomas",male,,0,0,T23718,176.68,,S
1165,0,2,"Anderson, Mrs. Beatrice",female,17.8,0,0,T233537,21.42,,S
1166,0,1,"Williams, Mrs. Edith",female,9.4,0,0,T894643,39.05,,Q
1167,1,2,"Davis, Miss. Mary",female,51.7,0,0,T804329,14.34,,S
1168,0,1,"Wilson, Master. Henry",male,,0,0,T231118,118.05,,S
1169,1,3,"Brown, Miss. Florence",female,0.5,0,0,T11706,11.82,C69,Q
1170,0,3,"Smith, Mr. Henry",male,35.4,2,0,T846544,14.68,B97,Q
1171,0,3,"Brown, Master. Thomas",male,35.1,1,0,T105146,3.57,,C
1172,0,2,"Thomas, Mr. John",male,,0,2,T89903,25.75,F131,Q
1173,0,2,"Jones, Mr. Henry",male,,0,0,T432127,43.56,,S
1174,0,3,"Moore, Mr. James",male,17.0,5,0,T462722,10.66,E59,S
1175,0,1,"Anderson, Mr. Henry",male,,0,2,T905835,33.18,,S
1176,0,3,"Brown, Mrs. Annie",female,47.3,0,1,T852839,19.35,,S
1177,1,3,"Wilson, Mrs. Dorothy",female,,0,0,T327964,19.21,,S
1178,1,2,"Wilson, Miss. Mary",female,23.5,0,0,T702155,16.99,,S
1179,0,2,"Smith, Master. Henry",male,46.0,0,1,T461936,28.21,C130,C
1180,0,3,"Brown, Mrs. Annie",female,36.9,1,0,T581403,17.14,,Q
1181,0,1,"Johnson, Miss. Emma",female,4.5,1,1,T220336,24.4,D143,S
1182,0,1,"Moore, Mr. Thomas",male,20.8,1,0,T190860,119.52,,S
1183,1,1,"Thomas, Mrs. Lily",female,34.4,3,0,T957341,28.89,,Q
1184,0,1,"Johnson, Mr. James",male,,1,0,T316188,512.0,,S
1185,0,3,"Jones, Mr. Richard",male,59.1,0,0,T329151,11.79,,Q
1186,0,3,"Wilson, Mr. Robert",male,,0,0,T962380,13.11,F111,C
1187,1,1,"Wilson, Miss. Beatrice",female,18.8,1,0,T290504,64.58,,Q
1188,0,3,"Thomas, Mrs. Lily",female,13.4,1,0,T753076,11.47,,S
1189,0,3,"Brown, Mr. Charles",male,43.1,0,0,T853098,7.8,,C
1190,0,3,"Smith, Mr. John",male,20.3,0,0,T390547,21.34,,S
1191,0,3,"Thomas, Miss. Dorothy",female,35.2,0,0,T996819,13.03,,C
1192,1,2,"Davis, Mrs. Annie",female,13.0,1,0,T592887,49.03,,C
1193,0,1,"Thomas, Mr. Richard",male,30.7,1,4,T677832,49.98,E89,S
1194,0,3,"Anderson, Mr. Charles",male,20.5,0,0,T719998,13.61,,S
1195,1,3,"Wilson, Miss. Alice",female,25.1,1,0,T241229,19.12,A43,S
1196,0,3,"Thomas, Mr. George",male,18.2,1,0,T675638,6.1,E97,C
1197,0,3,"Davis, Mr. William",male,44.6,0,0,T919118,13.62,,S
1198,0,3,"Jones, Mr. George",male,22.6,1,0,T882295,8.4,,S
1199,1,2,"Moore, Mrs. Beatrice",female,,2,0,T900449,16.27,,S
1200,1,1,"Taylor, Mrs. Dorothy",female,,0,0,T786975,98.42,,S
1201,0,1,"Thomas, Mr. Charles",male,,0,0,T425406,142.29,,S
1202,0,3,"Johnson, Mr. James",male,,3,0,T594158,8.53,,S
1203,0,3,"Brown, Master. Charles",male,41.2,0,0,T366569,9.22,,S
1204,0,3,"Moore, Mr. John",male,6.8,2,0,T913190,14.75,,S
1205,0,3,"Moore, Mr. Henry",male,20.2,0,1,T843459,20.91,,S
1206,0,3,"Smith, Mr. Edward",male,46.9,0,0,T391559,16.71,,S
1207,0,3,"Brown, Mr. Robert",male,12.7,0,0,T85129,32.66,,S
1208,0,3,"Anderson, Mr. Robert",male,30.9,0,0,T585863,18.78,,S
1209,1,1,"Jones, Mrs. Beatrice",female,14.3,0,1,T619391,190.04,,S
1210,0,3,"Moore, Mr. James",male,15.7,0,1,T97745,4.04,,S
1211,0,3,"Moore, Mr. William",male,,0,0,T738376,17.22,,C
1212,0,1,"Williams, Mr. Robert",male,40.1,1,0,T335797,93.47,,Q
1213,0,1,"Moore, Mr. George",male,44.0,1,0,T344794,86.24,G135,S
1214,0,3,"Miller, Master. Thomas",male,41.1,1,0,T378132,7.3,A65,C
1215,0,1,"Taylor, Mr. William",male,27.7,1,0,T176797,111.36,,Q
1216,1,3,"Wilson, Mr. John",male,19.7,0,0,T647135,11.38,,S
1217,0,2,"Williams, Mr. Robert",male,,1,2,T283455,25.36,,C
1218,0,3,"Jones, Mrs. Alice",female,,1,0,T33080,11.93,,S
1219,0,3,"Smith, Mr. William",male,55.5,0,0,T403252,21.42,,S
1220,0,2,"Jones, Mr. George",male,10.3,0,1,T566180,25.85,,S
1221,1,2,"Wilson, Miss. Alice",female,21.7,0,0,T16535,32.73,,S
1222,1,3,"Wilson, Mrs. Mary",female,16.5,0,0,T595933,14.82,,Q
1223,0,3,"Johnson, Mr. Edward",male,45.0,0,0,T683928,8.5,,S
1224,1,3,"Wilson, Miss. Clara",female,56.6,1,2,T442523,10.08,,C
1225,0,2,"Moore, Mr. Thomas",male,34.2,0,0,T23848,15.3,,S
1226,1,1,"Williams, Mrs. Clara",female,35.4,0,1,T946724,26.1,,C
1227,1,2,"Johnson, Mr. Thomas",male,,0,0,T871357,46.3,,S
1228,0,3,"Anderson, Miss. Edith",female,36.0,1,0,T312305,10.99,,S
1229,1,1,"Moore, Mrs. Clara",female,40.9,0,0,T918825,87.1,,C
1230,0,2,"Brown, Master. George",male,35.9,0,0,T658445,12.26,,S
1231,0,1,"Johnson, Miss. Mary",female,36.9,0,0,T124805,88.32,,S
1232,0,2,"Brown, Master. George",male,40.9,1,0,T500307,28.33,,Q
1233,0,3,"Miller, Master. Edward",male,3.9,0,0,T44968,8.39,,S
1234,0,1,"Williams, Mr. John",male,29.7,0,0,T189623,96.94,,S
1235,1,3,"Johnson, Mrs. Annie",female,34.1,0,2,T777135,5.43,D120,S
1236,0,3,"Brown, Mr. Thomas",male,,0,1,T803661,6.78,,S
1237,1,1,"Wilson, Mr. John",male,27.2,0,2,T327468,135.22,,S
1238,0,3,"Miller, Mr. Robert",male,32.0,1,1,T37605,16.66,F114,C
1239,0,3,"Johnson, Mr. Richard",male,,0,0,T16241,23.21,,Q
1240,0,3,"Smith, Mr. James",male,4.0,1,1,T62242,7.75,B28,S
1241,1,1,"Moore, Miss. Mary",female,44.0,0,0,T102337,76.12,C95,S
1242,0,1,"Jones, Mrs. Lily",female,13.3,0,0,T691285,54.95,C135,S
1243,0,1,"Williams, Mr. Robert",male,27.4,0,0,T774563,94.96,,S
1244,1,3,"Taylor, Mr. Thomas",male,,0,0,T799455,18.78,G148,C
1245,0,3,"Thomas, Mr. Charles",male,52.7,0,0,T364912,13.44,B142,S
1246,0,3,"Williams, Mr. James",male,28.5,1,0,T736920,13.87,,Q
1247,1,2,"Jones, Mr. George",male,,1,0,T321637,23.59,,S
1248,0,1,"Brown, Mr. Edward",male,40.5,0,0,T507953,246.83,,S
1249,0,3,"Smith, Mr. Henry",male,61.0,0,0,T49918,15.17,,S
1250,0,3,"Brown, Mr. Robert",male,35.6,0,0,T524898,8.53,,S
1251,0,3,"Smith, Mrs. Mary",female,,0,0,T924039,6.67,,S
1252,0,2,"Davis, Mrs. Edith",female,39.8,3,0,T903672,24.59,,S
1253,0,2,"Miller, Mr. Robert",male,6.9,1,1,T792504,14.22,,S
1254,1,2,"Brown, Mrs. Annie",female,30.4,0,0,T224308,17.98,,C
1255,0,1,"Thomas, Mr. Thomas",male,58.6,1,0,T626515,30.04,,S
1256,1,2,"Brown, Mrs. Alice",female,32.0,0,0,T120276,18.64,,C
1257,1,1,"Thomas, Mrs. Alice",female,31.3,1,0,T625755,68.84,,S
1258,1,2,"Thomas, Mrs. Alice",female,30.0,2,0,T163184,46.45,,S
1259,0,1,"Brown, Mr. Henry",male,24.0,0,0,T836418,26.36,G11,S
1260,1,1,"Thomas, Mr. John",male,34.3,0,0,T197450,158.29,,S
1261,0,3,"Miller, Mr. James",male,40.9,2,0,T878296,8.25,C45,S
1262,0,2,"Anderson, Mr. Richard",male,,0,1,T420558,30.02,,S
1263,0,3,"Thomas, Mr. Richard",male,0.5,0,0,T347534,18.69,,S
1264,0,3,"Brown, Master. John",male,36.5,0,2,T660411,9.59,B56,S
1265,0,3,"Brown, Miss. Florence",female,60.6,1,0,T332423,10.28,,S
1266,0,3,"Jones, Mr. George",male,24.2,0,2,T998764,16.78,,S
1267,0,1,"Taylor, Mr. Richard",male,8.4,0,0,T119021,154.72,,S
1268,0,3,"Wilson, Master. Robert",male,39.5,1,0,T286572,3.71,D89,S
1269,0,3,"Jones, Mr. Henry",male,,2,0,T336316,7.94,G138,S
1270,0,3,"Wilson, Mr. Richard",male,37.4,0,1,T536515,16.5,,C
1271,0,1,"Smith, Master. Charles",male,,0,0,T676128,238.24,,C
1272,1,2,"Miller, Mr. Richard",male,41.2,1,4,T370994,14.46,,C
1273,0,1,"Davis, Mr. George",male,39.9,0,0,T774940,135.66,,C
1274,0,3,"Johnson, Mr. William",male,22.2,1,0,T883517,14.25,,Q
1275,0,3,"Johnson, Mr. George",male,,1,0,T444083,6.51,,S
1276,0,2,"Jones, Mrs. Dorothy",female,,0,1,T709395,48.05,,S
1277,0,3,"Anderson, Mr. James",male,28.8,2,0,T877132,7.01,,Q
1278,1,3,"Johnson, Mrs. Mary",female,26.0,0,0,T185296,2.71,,S
1279,0,2,"Smith, Mr. Robert",male,33.0,0,1,T442613,32.02,C39,S
1280,0,3,"Smith, Mr. Thomas",male,10.9,4,0,T389946,8.76,G51,C
1281,0,3,"Davis, Master. Henry",male,41.5,0,0,T88618,11.17,,Q
1282,0,1,"Johnson, Mr. Richard",male,,0,2,T945643,137.19,,S
1283,0,3,"Miller, Mr. Robert",male,26.1,0,1,T164712,19.39,G128,C
1284,0,1,"Jones, Master. John",male,,1,0,T35559,37.74,B105,C
1285,0,3,"Brown, Master. John",male,,1,0,T873681,3.71,,Q
1286,0,3,"Davis, Mr. Thomas",male,,0,0,T747046,5.92,,S
1287,0,3,"Thomas, Miss. Lily",female,24.1,0,0,T165954,9.63,,S
1288,1,2,"Thomas, Miss. Emma",female,8.9,0,0,T633957,24.32,,S
1289,0,2,"Moore, Mr. Robert",male,,1,0,T814177,22.98,,S
1290,0,1,"Jones, Master. Henry",male,13.0,0,0,T754631,78.73,D133,S
1291,0,3,"Johnson, Mr. Henry",male,51.2,2,0,T498243,14.6,,S
1292,0,1,"Wilson, Mr. Charles",male,,0,1,T159557,63.06,,S
1293,1,3,"Thomas, Miss. Mary",female,30.6,0,1,T230303,11.37,F78,Q
1294,0,1,"Smith, Mr. Charles",male,1.0,0,0,T630767,169.97,,S
1295,0,2,"Brown, Mr. Richard",male,31.8,0,0,T453714,13.56,,C
1296,0,1,"Miller, Mr. Edward",male,28.5,0,0,T755216,133.4,,Q
1297,1,3,"Thomas, Miss. Annie",female,,0,0,T242033,10.31,,S
1298,0,3,"Taylor, Mr. James",male,,0,0,T806140,9.92,,S
1299,1,2,"Jones, Mr. William",male,23.9,0,0,T29353,13.58,A83,Q
1300,1,1,"Williams, Mrs. Emma",female,26.6,0,0,T505597,160.24,F92,Q
1301,0,3,"Anderson, Mr. James",male,30.1,0,0,T796279,9.17,,Q
1302,0,1,"Moore, Mr. William",male,22.9,1,3,T641227,144.45,,S
1303,1,3,"Taylor, Miss. Dorothy",female,,0,0,T883965,19.66,,S
1304,1,3,"Anderson, Mr. William",male,28.4,0,0,T72763,5.82,,S
1305,1,3,"Moore, Mrs. Emma",female,36.6,1,1,T78616,11.12,,C
1306,0,3,"Moore, Mr. John",male,,0,1,T480150,25.5,,S
1307,1,3,"Thomas, Mr. Edward",male,14.3,0,0,T418094,9.13,,S
1308,0,3,"Johnson, Mrs. Edith",female,19.4,2,1,T493637,5.52,,S
1309,1,3,"Brown, Mr. John",male,50.6,1,2,T674771,17.22,,C
1310,0,3,"Johnson, Mrs. Alice",female,43.6,0,0,T586837,10.5,,S
1311,1,2,"Thomas, Miss. Dorothy",female,47.3,0,0,T566746,17.91,,S
1312,0,3,"Wilson, Mr. Henry",male,48.3,0,0,T463223,12.87,,Q
1313,0,1,"Smith, Miss. Dorothy",female,22.9,0,0,T668124,192.44,,S
1314,1,3,"Miller, Mrs. Emma",female,,0,0,T603458,7.64,,S
1315,0,3,"Jones, Mr. Edward",male,30.8,0,0,T560269,21.31,,S
1316,0,1,"Brown, Mr. George",male,39.3,1,0,T310689,62.21,,S
1317,0,1,"Davis, Mr. Thomas",male,25.5,0,0,T917289,107.61,,S
1318,0,3,"Miller, Mr. William",male,,1,0,T836838,22.73,D109,C
1319,0,3,"Anderson, Mr. Edward",male,,0,1,T566758,14.45,,Q
1320,0,3,"Brown, Mr. Edward",male,37.4,0,0,T955202,18.4,,S
1321,0,3,"Smith, Mr. John",male,39.2,0,1,T741325,45.9,,C
1322,0,2,"Thomas, Mr. Edward",male,31.1,1,1,T97428,14.76,,C
1323,0,3,"Davis, Mr. John",male,31.5,0,0,T971673,8.59,,S
1324,0,2,"Miller, Master. William",male,33.0,0,4,T101566,46.38,,S
1325,0,3,"Brown, Mr. George",male,53.6,0,0,T213815,10.02,,C
1326,0,1,"Jones, Mrs. Mary",female,,2,0,T464354,96.6,,S
1327,0,3,"Smith, Mr. Richard",male,15.6,0,0,T47646,8.61,B87,S
1328,1,2,"Jones, Mr. Richard",male,39.5,0,1,T585890,24.83,,S
1329,1,2,"Miller, Mr. George",male,33.6,0,0,T482899,17.26,,C
1330,1,3,"Moore, Mr. Richard",male,33.5,0,0,T962162,9.86,G111,C
1331,0,1,"Smith, Mr. James",male,39.4,0,0,T599988,42.91,,S
1332,0,2,"Jones, Miss. Mary",female,32.8,0,0,T893486,20.94,,S
1333,0,3,"Miller, Mr. James",male,,1,0,T224863,13.65,,S
1334,1,3,"Miller, Miss. Lily",female,,0,0,T426703,5.83,,Q
1335,1,2,"Miller, Mr. James",male,30.0,0,0,T658679,30.46,,S
1336,0,3,"Brown, Mr. George",male,23.2,0,0,T616548,25.48,,S
1337,0,3,"Jones, Mrs. Mary",female,39.7,0,0,T891846,8.55,,S
1338,1,2,"Brown, Miss. Florence",female,39.1,0,0,T314467,21.8,B4,S
1339,1,2,"Johnson, Mr. George",male,32.8,0,0,T421451,44.94,,S
1340,1,2,"Miller, Mrs. Alice",female,,0,2,T636809,37.45,,S
1341,0,3,"Williams, Master. Robert",male,,0,0,T49089,16.8,,S
1342,1,1,"Miller, Miss. Annie",female,44.2,0,0,T521893,42.68,,C
1343,0,2,"Davis, Mr. Richard",male,66.9,0,1,T642107,20.16,,C
1344,1,3,"Taylor, Miss. Dorothy",female,,0,1,T988567,21.93,,S
1345,0,3,"Smith, Mr. Robert",male,23.0,0,0,T942615,23.81,,S
1346,0,2,"Smith, Mr. George",male,42.2,0,3,T672048,32.03,,S
1347,1,3,"Jones, Mrs. Dorothy",female,26.0,0,3,T713450,12.77,,S
1348,0,1,"Taylor, Mr. Charles",male,29.9,0,0,T448301,51.46,,S
1349,0,2,"Brown, Mr. Charles",male,,0,0,T126315,25.82,,Q
1350,0,3,"Davis, Mr. Henry",male,38.5,0,0,T848119,9.56,,C
1351,1,3,"Smith, Mrs. Lily",female,8.4,1,0,T751106,3.32,,S
1352,0,2,"Brown, Miss. Mary",female,,0,0,T93665,24.22,G98,S
1353,0,3,"Taylor, Mrs. Annie",female,,1,0,T557322,14.15,,S
1354,0,3,"Davis, Mrs. Emma",female,23.4,0,2,T470921,12.54,,S
1355,1,1,"Taylor, Mr. Henry",male,,0,1,T223875,32.44,,S
1356,1,3,"Williams, Mr. Richard",male,4.1,1,1,T792729,4.21,,S
1357,0,1,"Anderson, Mr. William",male,18.9,1,0,T187319,398.73,,Q
1358,0,3,"Williams, Mr. Edward",male,,0,0,T660508,10.13,,S
1359,0,3,"Thomas, Mr. Thomas",male,33.9,0,1,T943860,6.52,E83,C
1360,1,2,"Moore, Mr. Thomas",male,29.5,1,0,T393932,30.71,,S
1361,1,2,"Miller, Mr. Henry",male,16.9,0,0,T407994,24.69,F43,S
1362,0,2,"Jones, Mrs. Emma",female,34.6,0,0,T320326,17.41,,S
1363,0,2,"Taylor, Mr. Charles",male,3.6,0,1,T143607,17.08,B19,S
1364,0,2,"Davis, Mrs. Emma",female,,0,1,T429250,36.66,B2,C
1365,1,2,"Anderson, Mrs. Lily",female,26.2,0,0,T449382,30.77,,S
1366,0,3,"Davis, Mrs. Clara",female,21.8,0,0,T928134,30.5,,S
1367,1,1,"Miller, Mrs. Dorothy",female,,0,0,T965282,43.43,G55,S
1368,0,3,"Moore, Mr. Henry",male,32.0,0,0,T382789,5.28,,S
1369,0,3,"Williams, Mr. Thomas",male,,0,2,T809766,9.82,,S
1370,0,3,"Taylor, Mrs. Dorothy",female,21.8,0,0,T553549,7.13,,S
1371,0,3,"Moore, Master. Richard",male,36.8,0,0,T829624,14.47,,S
1372,0,2,"Davis, Mrs. Annie",female,26.0,1,0,T769631,27.62,B125,S
1373,0,1,"Moore, Mr. James",male,49.7,1,0,T45070,27.04,E82,S
1374,0,3,"Davis, Mr. George",male,26.7,0,0,T167579,5.89,,S
1375,0,3,"Brown, Mr. William",male,,0,1,T73203,12.22,,Q
1376,1,3,"Moore, Miss. Dorothy",female,14.1,2,0,T65427,9.56,,S
1377,0,3,"Moore, Mrs. Annie",female,,4,0,T307995,8.46,F122,S
1378,1,3,"Miller, Mrs. Emma",female,28.5,0,0,T773290,12.46,,S
1379,0,3,"Johnson, Mrs. Emma",female,48.0,1,0,T714525,14.92,,S
1380,0,3,"Taylor, Mr. Thomas",male,0.5,1,3,T979743,8.91,,S
1381,0,1,"Brown, Mr. James",male,24.9,0,0,T13060,47.41,,S
1382,0,1,"Smith, Mrs. Annie",female,24.4,0,0,T306028,64.88,D15,S
1383,0,3,"Brown, Mr. Henry",male,0.5,1,0,T568475,10.68,,S
1384,0,2,"Davis, Mr. George",male,23.0,0,1,T645150,25.33,,S
1385,0,2,"Miller, Mr. Richard",male,7.4,0,0,T653072,27.0,,C
1386,0,2,"Davis, Mr. Thomas",male,,0,1,T432683,22.65,,S
1387,1,3,"Johnson, Miss. Emma",female,25.9,0,0,T935447,17.41,,S
1388,1,1,"Taylor, Mr. George",male,25.4,0,0,T877679,123.61,,S
1389,1,3,"Anderson, Miss. Dorothy",female,26.1,0,1,T898695,11.61,,S
1390,1,1,"Moore, Miss. Clara",female,,0,0,T404840,76.4,,S
1391,1,1,"Miller, Mr. William",male,16.9,0,0,T504306,73.46,,S
1392,0,2,"Anderson, Mr. William",male,55.7,0,0,T24411,37.31,,S
1393,1,1,"Smith, Mr. James",male,29.2,1,0,T942539,90.97,,S
1394,0,3,"Wilson, Mrs. Lily",female,48.4,0,1,T404373,7.82,,C
1395,0,1,"Wilson, Mr. Edward",male,5.3,1,0,T982796,142.35,,Q
1396,0,1,"Wilson, Mr. William",male,17.6,0,1,T899534,67.4,,S
1397,1,3,"Brown, Mrs. Dorothy",female,39.7,0,0,T138222,12.78,,C
1398,0,3,"Moore, Mr. James",male,26.4,0,0,T281354,9.12,,S
1399,1,1,"Smith, Miss. Dorothy",female,14.1,0,0,T782217,327.43,,S
1400,1,1,"Jones, Mrs. Emma",female,3.0,1,3,T600344,124.12,D117,S
1401,0,3,"Thomas, Mr. Richard",male,40.3,0,0,T29763,6.7,A125,S
1402,1,3,"Wilson, Mr. George",male,39.1,0,0,T798952,13.25,,S
1403,0,2,"Jones, Mr. John",male,33.2,0,0,T210501,15.48,,S
1404,0,3,"Thomas, Miss. Florence",female,,0,0,T91619,15.21,,C
1405,0,2,"Brown, Mrs. Edith",female,13.6,1,0,T192245,40.63,,S
1406,0,2,"Jones, Mr. Henry",male,28.9,1,1,T310110,10.39,C28,S
1407,0,3,"Anderson, Mr. Charles",male,,0,0,T308805,23.76,,C
1408,0,3,"Taylor, Mrs. Clara",female,,1,0,T520079,31.2,,C
1409,1,1,"Wilson, Mr. Thomas",male,,1,1,T118195,227.56,F15,S
1410,0,3,"Thomas, Mrs. Annie",female,2.9,0,0,T703657,9.08,,S
1411,0,1,"Thomas, Mr. Charles",male,39.5,0,0,T576116,53.2,,S
1412,0,1,"Wilson, Mr. Charles",male,,1,0,T439040,171.29,,Q
1413,0,1,"Miller, Miss. Annie",female,,0,0,T650680,53.09,,S
1414,0,1,"Williams, Mr. James",male,35.5,1,0,T803098,72.35,,S
1415,0,3,"Taylor, Mr. Richard",male,23.0,1,2,T752462,9.01,,S
1416,1,3,"Anderson, Mr. Richard",male,,0,0,T231594,13.62,A49,S
1417,0,1,"Taylor, Mr. John",male,,0,0,T163638,111.38,F99,S
1418,0,3,"Thomas, Mrs. Clara",female,30.2,2,1,T969252,7.9,G138,S
1419,0,3,"Brown, Mr. William",male,23.9,0,0,T599428,7.42,,C
1420,0,3,"Jones, Miss. Edith",female,19.6,0,0,T217749,13.43,G94,C
1421,1,3,"Johnson, Miss. Annie",female,,0,0,T74650,20.63,E33,S
1422,1,1,"Moore, Mrs. Florence",female,30.6,3,0,T80445,172.78,,S
1423,0,3,"Taylor, Miss. Dorothy",female,20.5,0,0,T928942,4.79,,S
1424,0,3,"Taylor, Mr. James",male,53.1,1,1,T745159,7.03,D149,S
1425,1,3,"Davis, Mrs. Emma",female,,0,0,T947546,12.55,,S
1426,0,3,"Jones, Mr. Robert",male,42.7,0,0,T506434,9.05,,S
1427,0,2,"Davis, Mr. Charles",male,28.2,8,0,T552316,24.62,,C
1428,0,3,"Moore, Mr. Edward",male,37.1,1,3,T772503,8.71,F94,S
1429,0,2,"Miller, Mr. Richard",male,16.7,0,0,T460642,22.42,,S
1430,0,2,"Anderson, Mr. John",male,39.4,0,0,T378095,42.89,B46,S
1431,0,1,"Johnson, Mr. Robert",male,26.7,0,0,T47081,85.46,,C
1432,0,3,"Anderson, Mr. William",male,14.9,0,1,T168445,5.3,,C
1433,0,2,"Wilson, Mr. James",male,29.4,0,0,T319220,22.36,,S
1434,0,3,"Miller, Mr. Edward",male,,0,0,T629690,29.48,,S
1435,0,2,"Smith, Mrs. Beatrice",female,63.4,0,3,T701060,27.84,,S
1436,0,3,"Moore, Mr. Edward",male,36.0,5,0,T657713,19.56,,S
1437,1,2,"Moore, Mr. Henry",male,52.6,0,0,T741694,24.07,D111,S
1438,0,3,"Williams, Mr. William",male,46.1,0,0,T300063,13.76,,S
1439,0,3,"Johnson, Mr. John",male,30.2,0,0,T463344,28.13,,S
1440,0,2,"Williams, Master. William",male,23.3,0,0,T502297,31.62,,Q
1441,0,2,"Taylor, Mr. Charles",male,4.5,0,0,T675827,34.07,,C
1442,0,3,"Anderson, Master. Edward",male,17.1,1,0,T82022,22.11,,C
1443,0,3,"Williams, Master. John",male,39.3,1,0,T191046,9.32,C9,C
1444,0,3,"Brown, Mr. Charles",male,25.3,3,0,T44940,16.02,,Q
1445,0,1,"Johnson, Mrs. Mary",female,35.1,0,0,T438335,43.5,C98,S
1446,1,3,"Moore, Mr. Henry",male,0.5,4,0,T130808,10.67,,S
1447,1,2,"Williams, Miss. Emma",female,36.3,0,0,T68627,13.88,,Q
1448,1,3,"Jones, Mrs. Annie",female,,0,0,T211490,14.82,B93,S
1449,0,3,"Smith, Mr. Charles",male,4.0,0,0,T322379,7.74,B81,S
1450,1,1,"Miller, Miss. Clara",female,35.1,0,0,T536802,116.21,,S
1451,1,3,"Johnson, Mrs. Lily",female,49.2,0,2,T22073,10.5,,S
1452,1,3,"Taylor, Mrs. Lily",female,54.1,0,4,T684281,8.93,,Q
1453,0,3,"Taylor, Mr. James",male,,0,0,T269853,16.34,,S
1454,0,1,"Wilson, Mr. Henry",male,,1,0,T785200,151.08,,S
1455,0,2,"Davis, Mr. Richard",male,50.4,0,2,T759999,16.04,,C
1456,0,3,"Williams, Mr. William",male,35.5,0,0,T618821,7.01,C25,S
1457,1,1,"Anderson, Mrs. Dorothy",female,48.3,4,1,T86467,49.24,E113,S
1458,1,1,"Moore, Miss. Mary",female,29.2,0,0,T18612,68.15,E46,S
1459,0,3,"Jones, Mr. William",male,,0,0,T799357,9.5,,S
1460,1,2,"Taylor, Miss. Clara",female,,0,0,T211681,27.25,,S
1461,0,3,"Davis, Mrs. Florence",female,27.3,0,4,T254871,24.66,A27,S
1462,0,1,"Jones, Mr. George",male,,1,0,T171609,93.61,,S
1463,0,2,"Taylor, Mr. John",male,19.6,0,0,T157490,16.79,,S
1464,0,3,"Thomas, Master. Edward",male,26.5,0,0,T875277,12.82,,S
1465,1,3,"Wilson, Miss. Florence",female,40.7,1,1,T346310,10.42,,Q
1466,1,3,"Anderson, Miss. Emma",female,59.5,0,1,T967592,15.67,,S
1467,1,3,"Taylor, Mr. Thomas",male,0.5,0,0,T176759,6.62,F34,S
1468,0,3,"Moore, Mr. James",male,,0,1,T186494,19.99,A75,S
1469,1,1,"Williams, Mrs. Annie",female,,1,0,T120957,44.53,,S
1470,0,2,"Smith, Miss. Edith",female,43.7,0,0,T189714,25.09,,S
1471,0,1,"Jones, Mr. George",male,46.5,0,0,T277284,40.51,,S
1472,0,3,"Thomas, Mr. Thomas",male,52.4,0,0,T221513,33.55,D105,S
1473,1,2,"Moore, Miss. Beatrice",female,19.1,0,0,T853744,12.82,,S
1474,0,2,"Johnson, Mr. Edward",male,26.4,0,1,T155062,22.31,,S
1475,0,3,"Johnson, Mr. Thomas",male,,3,2,T402090,9.25,,Q
1476,1,1,"Anderson, Mrs. Alice",female,24.5,0,0,T309789,98.29,,S
1477,0,1,"Taylor, Mr. William",male,48.8,0,2,T685107,115.92,,S
1478,0,3,"Williams, Miss. Beatrice",female,28.6,0,2,T750397,6.97,,S
1479,0,2,"Davis, Mr. George",male,,1,0,T363512,22.21,,S
1480,0,3,"Thomas, Mr. Richard",male,20.5,0,0,T488857,15.26,,C
1481,0,3,"Anderson, Mr. William",male,6.8,0,1,T336295,8.31,E2,S
1482,0,1,"Johnson, Master. Charles",male,,0,0,T861337,134.06,,S
1483,0,3,"Brown, Mr. Richard",male,39.5,0,0,T580462,5.63,G88,S
1484,0,1,"Miller, Mrs. Dorothy",female,20.2,1,0,T190070,48.38,,
1485,0,3,"Moore, Mr. Richard",male,23.9,2,0,T141566,19.64,,Q
1486,1,3,"Johnson, Miss. Florence",female,25.7,1,0,T510281,15.02,,S
1487,0,3,"Wilson, Mr. Charles",male,31.7,1,0,T370091,13.13,C146,Q
1488,1,3,"Taylor, Mr. Charles",male,,0,0,T687699,7.33,A44,Q
1489,0,1,"Williams, Mr. William",male,,1,1,T194049,163.7,,S
1490,1,2,"Thomas, Mrs. Florence",female,,1,0,T810175,43.6,,S
1491,1,3,"Miller, Mr. Charles",male,31.5,0,0,T376098,9.31,,C
1492,0,1,"Jones, Mr. James",male,40.4,0,0,T289783,158.9,,C
1493,0,2,"Taylor, Miss. Mary",female,6.7,0,0,T935071,33.22,F80,S
1494,0,2,"Davis, Master. George",male,,3,0,T521199,51.6,,C
1495,0,3,"Wilson, Mr. Thomas",male,25.8,0,1,T397141,14.16,,S
1496,0,2,"Miller, Mr. James",male,14.9,5,0,T544962,21.35,,S
1497,0,3,"Thomas, Mr. Richard",male,21.9,0,0,T951385,15.58,B10,C
1498,1,1,"Williams, Mr. George",male,28.1,0,0,T992458,92.06,,S
1499,1,2,"Brown, Miss. Dorothy",female,22.4,0,0,T527868,20.19,,S
1500,0,3,"Smith, Miss. Edith",female,67.4,0,4,T993823,6.16,B18,S
1501,1,1,"Brown, Miss. Alice",female,,2,1,T119313,60.73,,S
1502,1,3,"Wilson, Mr. William",male,58.7,0,0,T132567,9.91,,Q
1503,1,1,"Smith, Mrs. Emma",female,,0,0,T577974,284.56,,S
1504,1,1,"Thomas, Mr. Charles",male,20.4,0,0,T369236,48.95,,S
1505,1,1,"Wilson, Mr. Richard",male,30.2,0,0,T323565,46.41,,S
1506,0,3,"Taylor, Mr. Thomas",male,23.4,2,0,T438039,23.42,,S
1507,1,3,"Jones, Mrs. Beatrice",female,27.4,0,0,T318316,7.91,,Q
1508,0,3,"Anderson, Mr. Charles",male,,0,0,T276754,6.36,,S
1509,0,2,"Thomas, Mr. Richard",male,,1,1,T42588,33.22,,S
1510,0,3,"Thomas, Miss. Clara",female,34.9,2,0,T787139,15.57,,S
1511,1,3,"Williams, Master. Robert",male,,1,0,T927274,7.14,,S
1512,0,3,"Brown, Mr. Thomas",male,,2,0,T982210,6.92,,S
1513,0,3,"Taylor, Mr. William",male,28.8,0,0,T997595,12.47,,S
1514,0,3,"Jones, Mrs. Emma",female,42.2,1,2,T904396,18.49,,Q
1515,0,1,"Wilson, Mr. William",male,26.0,0,0,T264770,53.23,,S
1516,0,3,"Miller, Mr. George",male,,0,0,T946743,10.05,,S
1517,1,3,"Smith, Miss. Annie",female,2.9,0,2,T216578,12.27,,S
1518,0,3,"Jones, Master. Edward",male,39.2,0,0,T684565,5.4,,S
1519,0,2,"Johnson, Mr. George",male,36.8,0,0,T831862,30.95,G43,S
1520,1,2,"Davis, Miss. Florence",female,19.9,0,0,T514880,18.21,,S
1521,1,2,"Taylor, Mr. Richard",male,24.5,0,0,T426910,27.9,,S
1522,0,2,"Williams, Mr. Robert",male,36.4,0,0,T406973,32.52,,S
1523,0,1,"Miller, Mr. George",male,43.0,1,0,T495294,66.15,,C
1524,0,3,"Davis, Mr. Henry",male,4.3,0,4,T64650,6.19,,S
1525,0,3,"Williams, Mrs. Mary",female,38.8,1,0,T472407,13.82,,C
1526,0,3,"Anderson, Mr. Charles",male,23.1,0,1,T708471,8.38,G26,Q
1527,0,3,"Moore, Mr. Robert",male,46.0,0,2,T126858,21.21,,S
1528,1,2,"Miller, Miss. Lily",female,3.0,0,3,T230979,18.45,,S
1529,0,3,"Brown, Mr. William",male,65.2,1,0,T669415,12.62,,S
1530,0,1,"Brown, Mr. Thomas",male,,0,0,T472495,150.6,B109,Q
1531,0,3,"Smith, Mr. Henry",male,50.4,0,2,T236334,18.41,,S
1532,0,2,"Smith, Mr. John",male,28.7,0,0,T555590,16.08,,S
1533,0,2,"Davis, Mr. James",male,17.8,1,2,T936594,42.66,,S
1534,0,2,"Brown, Mr. Robert",male,,0,1,T962751,25.66,,S
1535,0,3,"Anderson, Mr. Robert",male,44.6,0,0,T543218,7.56,,C
1536,1,2,"Williams, Mrs. Alice",female,7.2,0,0,T457884,49.78,,S
1537,1,2,"Jones, Mrs. Emma",female,,5,0,T336138,30.11,,S
1538,0,3,"Johnson, Mr. James",male,29.5,0,0,T985999,10.74,,C
1539,0,3,"Johnson, Mr. Charles",male,38.1,0,0,T905673,17.69,,S
1540,0,2,"Johnson, Mr. George",male,29.9,0,0,T244734,18.38,B88,C
1541,0,3,"Moore, Mr. John",male,21.4,8,1,T642361,6.15,,S
1542,1,3,"Anderson, Miss. Mary",female,13.6,1,0,T511928,17.06,,C
1543,1,1,"Brown, Miss. Edith",female,39.5,0,0,T79881,84.76,,S
1544,0,3,"Thomas, Mr. William",male,39.4,0,2,T115870,9.93,,S
1545,0,1,"Wilson, Mr. Robert",male,39.3,1,0,T189609,66.45,,S
1546,0,3,"Taylor, Mr. James",male,35.9,5,0,T301467,7.23,E147,S
1547,0,3,"Miller, Mr. Robert",male,43.4,0,0,T733707,5.74,,S
1548,0,3,"Taylor, Miss. Florence",female,50.1,0,2,T70120,13.01,,S
1549,1,3,"Miller, Mrs. Mary",female,2.5,0,1,T226795,9.69,F84,C
1550,0,1,"Thomas, Mr. William",male,,1,0,T328098,62.67,,S
1551,0,2,"Johnson, Mr. George",male,54.6,0,0,T440536,37.3,,S
1552,0,3,"Williams, Mr. Robert",male,10.3,0,0,T613234,6.93,,S
1553,0,3,"Thomas, Miss. Florence",female,13.9,0,0,T63676,10.13,,S
1554,0,1,"Williams, Mrs. Mary",female,25.5,0,4,T71731,78.13,,S
1555,0,3,"Smith, Mr. George",male,,0,1,T523055,20.92,,Q
1556,0,2,"Thomas, Mrs. Annie",female,24.2,2,1,T793554,22.42,,S
1557,0,1,"Miller, Mr. Richard",male,16.0,0,0,T304020,138.99,A16,Q
1558,0,3,"Anderson, Mr. Robert",male,26.3,1,0,T522315,11.73,,Q
1559,0,1,"Thomas, Miss. Alice",female,33.8,1,0,T271875,186.57,,S
1560,0,3,"Thomas, Mr. Edward",male,24.7,0,0,T200440,5.84,G60,S
1561,1,1,"Taylor, Miss. Annie",female,24.0,0,0,T572257,66.13,,S
1562,0,2,"Taylor, Master. Richard",male,33.4,0,0,T65977,38.22,B38,C
1563,0,3,"Anderson, Mr. George",male,44.8,0,0,T886919,9.86,,S
1564,0,3,"Taylor, Mr. Charles",male,52.9,0,0,T433218,6.32,,Q
1565,1,2,"Moore, Mr. Henry",male,26.5,0,0,T369886,37.08,,S
1566,1,2,"Moore, Mr. Charles",male,,1,0,T850920,20.7,,C
1567,1,1,"Wilson, Mr. James",male,42.4,1,0,T750241,69.42,,S
1568,0,3,"Smith, Mr. George",male,11.8,1,0,T272598,24.14,,C
1569,0,3,"Moore, Master. Robert",male,11.4,0,1,T123941,14.42,,S
1570,0,3,"Davis, Mrs. Edith",female,,0,0,T829415,8.26,,S
1571,0,1,"Williams, Mr. John",male,50.6,0,1,T339762,109.5,,C
1572,0,1,"Smith, Mrs. Clara",female,22.4,3,0,T751909,63.77,,Q
1573,0,3,"Davis, Mr. Henry",male,,0,1,T471722,8.13,,C
1574,0,3,"Williams, Master. Edward",male,26.4,0,2,T60561,21.39,,S
1575,0,3,"Johnson, Mr. James",male,1.0,0,0,T263756,18.65,,S
1576,0,3,"Davis, Mr. Edward",male,14.4,0,0,T141786,11.97,E60,S
1577,1,2,"Wilson, Mr. Thomas",male,21.2,1,0,T222217,25.14,,S
1578,0,3,"Wilson, Mr. Charles",male,31.9,2,0,T680332,9.19,,S
1579,1,3,"Wilson, Mr. Robert",male,44.6,0,0,T156030,25.66,,C
1580,0,3,"Smith, Miss. Beatrice",female,39.8,1,1,T789673,7.0,,Q
1581,0,1,"Anderson, Mr. Robert",male,,0,0,T528354,92.37,,S
1582,1,1,"Johnson, Mrs. Annie",female,,0,0,T476532,116.98,,S
1583,0,1,"Williams, Mr. William",male,30.8,1,0,T993378,117.71,,S
1584,1,3,"Moore, Mrs. Mary",female,25.9,0,0,T807385,19.02,,S
1585,0,2,"Anderson, Mr. John",male,25.8,1,0,T441342,18.12,,S
1586,1,1,"Wilson, Mrs. Mary",female,,0,0,T74478,72.11,,S
1587,0,3,"Thomas, Mr. Robert",male,13.0,0,0,T63056,14.49,,C
1588,1,1,"Johnson, Mr. Richard",male,23.9,0,0,T506080,130.08,,S
1589,1,1,"Wilson, Mr. James",male,0.5,1,0,T734297,101.66,,S
1590,0,1,"Taylor, Mr. James",male,39.0,1,0,T549939,59.19,,Q
1591,1,1,"Smith, Miss. Lily",female,9.8,1,0,T551584,52.12,E2,S
1592,1,2,"Davis, Mrs. Florence",female,39.7,1,0,T776633,29.06,,S
1593,0,3,"Wilson, Mrs. Emma",female,,1,0,T365243,9.87,,S
1594,0,3,"Johnson, Mr. Henry",male,21.8,0,0,T271826,8.01,,S
1595,1,3,"Miller, Miss. Annie",female,,0,0,T812097,8.36,,S
1596,1,2,"Williams, Mr. Edward",male,40.5,0,0,T578085,16.91,,C
1597,1,3,"Thomas, Mr. Robert",male,25.2,4,0,T514669,8.82,,S
1598,0,2,"Moore, Mrs. Beatrice",female,23.6,0,0,T99521,28.09,,S
1599,0,1,"Johnson, Mr. Henry",male,45.6,2,0,T572756,93.3,,S
1600,0,3,"Moore, Mr. William",male,33.1,1,0,T48146,15.08,,C
1601,0,1,"Smith, Mr. Henry",male,44.8,1,0,T507856,114.57,,S
1602,1,1,"Wilson, Mr. Edward",male,,0,0,T104800,262.41,,C
1603,0,3,"Brown, Mr. George",male,,0,0,T839936,8.09,F145,Q
1604,0,3,"Taylor, Mr. James",male,6.8,1,1,T718917,9.12,,S
1605,0,1,"Anderson, Mrs. Beatrice",female,29.3,0,1,T230339,66.05,,S
1606,1,1,"Anderson, Mrs. Emma",female,40.1,1,0,T539429,66.29,,S
1607,0,2,"Moore, Mrs. Clara",female,54.9,0,0,T846570,13.7,C23,S
1608,0,3,"Wilson, Mr. John",male,16.1,1,0,T346928,10.14,,S
1609,1,1,"Smith, Mrs. Dorothy",female,22.1,0,0,T188580,410.45,,C
1610,0,2,"Jones, Miss. Florence",female,28.3,0,5,T868240,66.02,,S
1611,0,3,"Davis, Master. John",male,15.6,0,1,T304568,14.88,,Q
1612,0,3,"Taylor, Master. George",male,43.9,4,0,T353173,7.84,D46,S
1613,1,2,"Davis, Mr. Edward",male,28.7,5,0,T217387,21.56,,S
1614,0,1,"Taylor, Mr. George",male,31.5,0,1,T698587,55.42,,C
1615,0,3,"Williams, Mr. Richard",male,38.7,1,0,T147068,12.5,D131,S
1616,0,3,"Moore, Mr. Edward",male,28.7,0,0,T110339,9.77,,S
1617,0,1,"Smith, Mr. Edward",male,17.8,1,0,T47881,120.57,,C
1618,0,2,"Thomas, Mr. Edward",male,28.8,1,1,T213222,24.29,,S
1619,0,1,"Taylor, Mr. Charles",male,17.3,0,0,T687899,79.36,,C
1620,1,1,"Jones, Miss. Lily",female,31.3,1,1,T905081,67.43,,S
1621,0,3,"Anderson, Miss. Edith",female,,0,0,T547775,9.49,,S
1622,0,2,"Smith, Mr. Richard",male,12.7,0,0,T967625,23.68,E135,S
1623,0,3,"Davis, Mr. John",male,,5,0,T981376,8.83,,S
1624,0,3,"Williams, Master. James",male,,0,0,T99900,14.96,,C
1625,0,3,"Williams, Mr. William",male,,3,0,T751664,11.1,,S
1626,1,2,"Moore, Mr. Thomas",male,,0,0,T541604,28.75,,S
1627,0,3,"Smith, Miss. Dorothy",female,34.3,1,1,T295558,9.22,C126,C
1628,0,1,"Anderson, Mr. James",male,0.5,1,0,T300920,45.2,,S
1629,1,3,"Thomas, Mrs. Dorothy",female,39.7,0,0,T76808,7.28,,S
1630,0,3,"Williams, Miss. Beatrice",female,12.7,2,0,T955465,16.55,E111,C
1631,0,1,"Anderson, Mr. John",male,29.4,0,0,T78583,129.1,,S
1632,1,1,"Thomas, Mr. Edward",male,,1,0,T346945,185.43,,S
1633,0,1,"Wilson, Mr. Richard",male,21.7,1,0,T990319,237.85,,S
1634,1,3,"Taylor, Mr. William",male,54.3,0,0,T802576,8.98,,C
1635,0,3,"Smith, Master. George",male,,0,0,T680239,15.42,,S
1636,0,3,"Wilson, Mrs. Emma",female,42.8,0,0,T64466,17.18,,Q
1637,0,3,"Jones, Miss. Edith",female,31.9,2,0,T647024,10.9,,S
1638,0,2,"Jones, Mrs. Edith",female,38.7,0,0,T758928,28.31,,S
1639,0,3,"Wilson, Mr. Charles",male,,0,0,T915751,8.48,C108,S
1640,0,3,"Wilson, Mr. George",male,33.4,0,2,T658338,9.63,G90,S
1641,1,3,"Smith, Mr. John",male,,0,0,T225953,4.78,,Q
1642,1,3,"Jones, Mr. William",male,32.0,0,0,T684911,5.8,,C
1643,0,3,"Brown, Mr. Edward",male,62.8,2,0,T676027,12.88,,Q
1644,0,3,"Davis, Mr. Thomas",male,,0,0,T529557,16.26,,S
1645,0,3,"Smith, Mr. Edward",male,,0,0,T468960,15.6,D48,S
1646,0,3,"Williams, Mrs. Clara",female,,0,0,T708379,19.14,F144,S
1647,0,3,"Brown, Miss. Edith",female,35.5,0,0,T370097,16.67,,S
1648,0,3,"Taylor, Mr. John",male,30.3,0,2,T534195,8.22,,C
1649,0,3,"Thomas, Mrs. Emma",female,39.7,2,1,T894838,7.92,,S
1650,0,3,"Taylor, Mr. Richard",male,,0,0,T204625,12.83,,C
1651,1,2,"Johnson, Mr. Thomas",male,10.0,0,0,T836771,9.85,,S
1652,0,2,"Wilson, Miss. Florence",female,48.3,1,2,T934627,16.44,,S
1653,0,1,"Johnson, Mr. Edward",male,22.5,0,0,T398791,512.0,,C
1654,0,3,"Williams, Mrs. Edith",female,,1,0,T615614,5.21,,S
1655,1,3,"Taylor, Miss. Beatrice",female,21.0,0,0,T269622,2.97,,C
1656,0,3,"Thomas, Mrs. Annie",female,41.4,0,0,T288838,30.41,,C
1657,1,2,"Taylor, Miss. Edith",female,25.8,0,0,T383816,29.0,,S
1658,1,2,"Anderson, Mr. James",male,,1,0,T323650,19.57,,S
1659,0,1,"Davis, Master. James",male,23.6,0,0,T546127,65.7,,S
1660,1,1,"Taylor, Mr. Charles",male,3.7,0,3,T18543,299.07,,S
1661,0,3,"Johnson, Mr. James",male,17.5,0,0,T252562,8.17,E21,S
1662,1,2,"Smith, Mr. Richard",male,11.7,0,0,T593769,31.15,,S
1663,1,3,"Anderson, Mrs. Edith",female,,0,0,T473051,5.91,,S
1664,0,3,"Williams, Master. John",male,39.3,2,0,T529985,5.69,,S
1665,1,3,"Anderson, Mrs. Lily",female,37.7,1,2,T728466,6.63,,C
1666,0,3,"Williams, Mrs. Beatrice",female,47.9,1,2,T740011,9.9,,S
1667,0,2,"Brown, Mr. James",male,44.7,0,0,T615384,23.21,,S
1668,0,2,"Davis, Mr. Edward",male,22.0,1,0,T226965,29.21,,S
1669,0,3,"Anderson, Mr. Richard",male,30.0,0,1,T306196,7.12,F20,C
1670,0,3,"Thomas, Mr. Robert",male,29.2,0,2,T148440,11.53,,S
1671,0,1,"Moore, Mr. Charles",male,0.5,0,0,T971462,92.75,,S
1672,0,1,"Wilson, Master. Thomas",male,12.0,1,2,T713981,132.49,,S
1673,1,1,"Davis, Miss. Alice",female,,0,0,T612465,206.89,C27,Q
1674,0,2,"Davis, Mr. Richard",male,,0,1,T925993,27.6,,S
1675,1,3,"Miller, Mrs. Alice",female,37.1,2,1,T532552,6.82,E87,C
1676,0,3,"Smith, Miss. Edith",female,,0,1,T429834,6.5,,Q
1677,1,2,"Jones, Mr. Edward",male,4.0,0,0,T725006,26.74,,S
1678,1,3,"Davis, Mr. William",male,37.2,0,0,T702021,14.2,,C
1679,0,3,"Johnson, Mrs. Alice",female,32.3,0,0,T248013,13.5,,S
1680,1,2,"Brown, Miss. Dorothy",female,38.7,0,0,T561010,29.32,,S
1681,0,3,"Smith, Mr. Robert",male,45.2,0,1,T485203,6.46,,S
1682,0,3,"Miller, Mr. Charles",male,27.6,0,0,T346762,9.4,,S
1683,0,3,"Brown, Master. Henry",male,47.8,0,0,T578268,16.72,,C
1684,0,3,"Miller, Mr. John",male,16.8,0,0,T281207,9.69,,S
1685,0,3,"Johnson, Mr. Richard",male,,1,1,T461508,49.55,,S
1686,0,1,"Davis, Mr. James",male,35.9,0,0,T544036,181.64,,S
1687,0,3,"Smith, Miss. Beatrice",female,24.4,0,0,T65249,17.99,,S
1688,0,3,"Johnson, Mr. Edward",male,33.5,2,0,T888163,10.28,G106,S
1689,0,2,"Williams, Mr. Richard",male,58.6,0,0,T550291,30.4,,S
1690,0,3,"Taylor, Mr. William",male,35.4,2,0,T157551,8.9,,S
1691,1,3,"Williams, Mrs. Lily",female,32.8,0,1,T541098,10.96,F62,S
1692,0,1,"Moore, Master. Henry",male,17.1,1,3,T988264,90.62,,S
1693,1,3,"Smith, Mrs. Mary",female,5.1,0,0,T642134,7.4,,S
1694,0,1,"Moore, Mr. William",male,28.6,0,0,T363117,45.73,,S
1695,0,3,"Williams, Mr. Richard",male,45.2,0,1,T362598,14.82,,S
1696,1,1,"Moore, Mr. Edward",male,25.0,2,0,T738092,12.33,B6,S
1697,1,3,"Williams, Miss. Mary",female,,0,0,T981896,5.93,,Q
1698,0,2,"Davis, Mr. James",male,50.4,0,0,T55752,20.58,,S
1699,0,1,"Brown, Mr. John",male,50.0,0,1,T529316,190.65,,C
1700,0,1,"Smith, Mrs. Beatrice",female,35.9,1,0,T85232,79.47,,S
1701,0,3,"Wilson, Miss. Edith",female,32.2,0,2,T703841,4.76,,Q
1702,0,3,"Thomas, Mr. Henry",male,,0,0,T980010,6.15,,S
1703,0,3,"Thomas, Miss. Alice",female,20.6,0,0,T71133,9.87,,S
1704,1,3,"Thomas, Master. Robert",male,25.6,5,0,T809271,22.32,,S
1705,0,3,"Smith, Mr. James",male,,0,1,T520965,6.93,E93,S
1706,0,1,"Anderson, Mr. James",male,33.3,0,2,T110766,64.89,,S
1707,0,3,"Wilson, Mr. Charles",male,57.4,0,2,T984569,11.94,,S
1708,0,2,"Moore, Mr. Henry",male,51.7,1,0,T897047,19.37,C122,S
1709,0,3,"Brown, Mr. Henry",male,33.2,0,0,T292236,3.03,,C
1710,0,3,"Davis, Mr. Henry",male,41.0,0,0,T535250,5.53,,S
1711,0,2,"Davis, Mr. John",male,19.1,1,0,T534450,16.56,,C
1712,1,1,"Moore, Master. Robert",male,,1,0,T24181,76.12,,S
1713,0,3,"Taylor, Mr. Richard",male,,0,0,T927834,5.59,,S
1714,0,1,"Anderson, Mr. Thomas",male,,1,1,T763635,367.68,,S
1715,1,1,"Davis, Mr. John",male,36.9,1,3,T577027,84.0,,Q
1716,1,1,"Jones, Mrs. Lily",female,18.7,0,0,T197498,62.4,,S
1717,0,3,"Williams, Mr. George",male,,0,0,T184195,12.3,,S
1718,0,3,"Wilson, Mr. Robert",male,13.3,1,0,T988785,18.78,,S
1719,0,2,"Williams, Mr. Henry",male,,0,0,T545126,18.34,,S
1720,1,1,"Davis, Mrs. Mary",female,6.6,0,0,T940500,204.62,,S
1721,0,3,"Wilson, Mr. Thomas",male,40.8,2,0,T242861,8.93,,Q
1722,1,3,"Johnson, Mr. George",male,,3,0,T936628,24.0,G58,S
1723,0,1,"Miller, Mr. Henry",male,,1,0,T493983,91.59,,Q
1724,1,1,"Davis, Mrs. Mary",female,56.4,1,0,T850973,80.53,,S
1725,0,3,"Brown, Mr. Richard",male,29.5,0,0,T701654,16.01,,S
1726,1,3,"Moore, Mr. Edward",male,33.9,0,0,T866692,11.0,,S
1727,0,3,"Anderson, Mr. Henry",male,,0,0,T607088,13.77,,C
1728,0,3,"Johnson, Mr. John",male,48.9,4,1,T52751,9.48,,S
1729,1,1,"Williams, Mr. Robert",male,32.6,1,3,T53009,114.33,F47,S
1730,1,1,"Miller, Mrs. Alice",female,46.2,1,0,T421821,45.62,,S
1731,1,2,"Miller, Mr. Richard",male,47.4,0,0,T864020,13.27,,S
1732,1,2,"Smith, Mr. Robert",male,,0,0,T592188,25.67,B144,Q
1733,0,3,"Anderson, Mr. Henry",male,,0,0,T786748,13.39,,S
1734,0,3,"Smith, Mr. Edward",male,26.7,0,0,T610806,28.87,A92,S
1735,0,3,"Miller, Mr. George",male,20.8,1,3,T543500,16.89,,C
1736,1,1,"Johnson, Mr. Henry",male,42.7,0,0,T34379,103.8,,S
1737,0,3,"Anderson, Miss. Clara",female,34.5,0,0,T854155,17.5,,C
1738,0,3,"Anderson, Mr. Charles",male,45.2,0,1,T461113,6.48,,S
1739,0,1,"Johnson, Mr. Edward",male,45.8,0,2,T28817,67.42,,S
1740,0,3,"Anderson, Mrs. Mary",female,,1,0,T968935,8.49,G95,S
1741,1,2,"Davis, Mr. Robert",male,49.3,0,0,T472492,43.78,,S
1742,1,1,"Davis, Miss. Edith",female,,0,0,T412012,,,S
1743,0,3,"Jones, Mr. James",male,24.3,0,0,T616932,10.39,,S
1744,0,3,"Wilson, Mr. John",male,34.8,1,0,T223144,16.2,,C
1745,0,1,"Wilson, Mr. John",male,27.9,0,0,T101541,129.31,,S
1746,0,2,"Moore, Mr. James",male,38.6,0,0,T890978,17.61,,S
1747,0,3,"Wilson, Mr. Robert",male,24.3,0,0,T242637,9.43,,S
1748,1,3,"Moore, Miss. Annie",female,36.6,0,0,T124555,3.75,,C
1749,1,3,"Brown, Miss. Lily",female,,1,0,T315804,12.62,,Q
1750,0,1,"Thomas, Mr. George",male,,1,0,T188365,135.06,,S
1751,1,1,"Brown, Mrs. Clara",female,32.5,0,2,T288437,131.74,,Q
1752,0,2,"Wilson, Mr. Thomas",male,68.9,0,0,T281743,27.78,,S
1753,1,2,"Williams, Mrs. Dorothy",female,19.8,0,0,T734152,14.54,,S
1754,0,1,"Thomas, Mr. Henry",male,26.1,2,0,T626736,125.78,,S
1755,0,1,"Taylor, Mrs. Alice",female,,0,1,T928782,99.08,,C
1756,0,3,"Johnson, Mr. James",male,,0,0,T217392,19.96,A9,S
1757,1,2,"Smith, Mrs. Clara",female,41.5,0,4,T733255,25.15,F125,Q
1758,1,3,"Jones, Mrs. Dorothy",female,40.1,0,1,T224411,12.25,,Q
1759,0,1,"Jones, Mr. Edward",male,29.6,0,0,T457190,61.45,,S
1760,1,3,"Jones, Master. Robert",male,44.6,0,0,T511724,8.4,,S
1761,0,1,"Johnson, Miss. Emma",female,41.2,0,0,T507564,168.97,,Q
1762,0,3,"Brown, Mr. Robert",male,27.3,1,0,T466618,18.45,,S
1763,1,1,"Wilson, Master. James",male,,0,1,T406347,378.89,,Q
1764,0,3,"Wilson, Mr. Robert",male,41.7,0,0,T233552,9.59,,S
1765,1,3,"Wilson, Mrs. Dorothy",female,32.2,0,0,T807847,18.18,,C
1766,0,3,"Taylor, Mr. Henry",male,30.0,0,1,T361300,8.08,,S
1767,0,1,"Miller, Mr. Henry",male,22.9,1,0,T907464,170.18,,S
1768,1,3,"Smith, Mrs. Clara",female,40.5,1,0,T335804,7.81,,C
1769,0,3,"Wilson, Mr. William",male,34.8,1,1,T787668,16.03,,S
1770,0,1,"Davis, Mr. Henry",male,,1,0,T695708,68.97,D60,S
1771,0,3,"Davis, Mr. Henry",male,11.9,0,0,T950191,16.36,,C
1772,1,3,"Brown, Miss. Clara",female,45.2,0,0,T126406,13.74,,S
1773,0,3,"Thomas, Mr. James",male,,0,0,T168569,5.24,F114,S
1774,1,3,"Moore, Mr. Richard",male,33.4,0,1,T233770,14.42,A121,C
1775,0,3,"Taylor, Mrs. Florence",female,0.5,3,0,T390544,14.52,E112,C
1776,0,3,"Davis, Master. Edward",male,,0,0,T298062,17.02,,Q
1777,1,2,"Johnson, Mrs. Clara",female,,0,1,T782475,11.48,,S
1778,0,3,"Johnson, Master. Robert",male,20.7,0,2,T333244,7.53,,S
1779,1,3,"Davis, Mrs. Lily",female,40.6,8,0,T367461,20.3,,S
1780,0,3,"Anderson, Master. Richard",male,40.1,0,0,T569812,20.87,,S
1781,0,3,"Williams, Miss. Lily",female,36.0,0,0,T993594,6.44,F101,S
1782,1,1,"Miller, Mr. Thomas",male,44.7,0,0,T982756,258.88,E103,S
1783,1,2,"Williams, Mr. William",male,14.9,0,0,T928650,21.18,D12,S
1784,1,2,"Williams, Miss. Alice",female,23.1,0,0,T994075,54.09,F21,C
1785,0,2,"Williams, Mr. Edward",male,30.8,0,0,T690923,31.28,D111,S
1786,1,1,"Anderson, Miss. Lily",female,20.7,0,0,T192986,61.39,,S
1787,0,3,"Thomas, Master. William",male,40.2,0,0,T711582,9.94,,C
1788,1,1,"Thomas, Mr. Thomas",male,22.1,1,0,T980876,204.74,,S
1789,1,3,"Moore, Miss. Mary",female,48.5,0,0,T178229,19.63,,S
1790,0,3,"Jones, Mr. Edward",male,16.2,1,0,T598093,4.93,,S
1791,0,2,"Moore, Mrs. Mary",female,60.6,1,0,T886834,22.82,,C
1792,1,2,"Brown, Mr. John",male,59.1,0,0,T654335,57.51,,S
1793,0,3,"Moore, Mr. William",male,28.3,0,3,T284540,7.02,,C
1794,0,3,"Smith, Miss. Alice",female,46.3,1,0,T833567,7.92,,S
1795,0,3,"Thomas, Mr. Charles",male,23.9,1,0,T682740,17.55,F141,S
1796,0,3,"Taylor, Master. Edward",male,44.4,0,0,T15823,9.25,A142,S
1797,1,3,"Smith, Miss. Emma",female,27.1,0,0,T744862,14.8,,S
1798,0,3,"Moore, Mr. Robert",male,11.1,1,1,T617455,8.81,,S
1799,0,3,"Williams, Mr. Charles",male,0.5,0,2,T715599,20.27,,S
1800,0,3,"Wilson, Mrs. Beatrice",female,25.8,1,0,T348873,6.26,,S
1801,0,3,"Brown, Mrs. Florence",female,33.7,0,1,T155658,10.66,G2,S
1802,0,1,"Johnson, Mr. Edward",male,49.0,0,0,T405855,179.41,,C
1803,0,3,"Miller, Mr. Richard",male,,1,0,T588400,8.54,D72,C
1804,1,3,"Anderson, Mrs. Lily",female,44.2,1,0,T977335,12.81,D62,S
1805,0,3,"Thomas, Mr. Henry",male,23.1,0,0,T509000,28.43,,Q
1806,0,1,"Brown, Mr. John",male,24.8,0,2,T300195,217.88,,S
1807,1,2,"Taylor, Miss. Lily",female,45.0,4,0,T395700,30.17,,S
1808,1,2,"Brown, Mr. John",male,,1,0,T264844,9.3,,S
1809,1,2,"Moore, Mr. George",male,29.9,0,0,T615727,28.63,G55,C
1810,1,1,"Davis, Miss. Lily",female,23.9,1,0,T45401,232.45,A134,S
1811,1,3,"Moore, Miss. Florence",female,49.4,0,0,T665759,20.59,,S
1812,0,1,"Johnson, Mrs. Emma",female,,0,0,T972436,32.83,E140,S
1813,0,2,"Anderson, Master. George",male,37.2,2,2,T206479,24.29,,C
1814,0,1,"Johnson, Mr. Charles",male,43.1,1,0,T888355,210.76,,Q
1815,0,3,"Miller, Mrs. Florence",female,8.1,0,0,T718663,15.87,,S
1816,1,2,"Wilson, Mr. Charles",male,,1,0,T267114,14.84,,S
1817,1,2,"Davis, Miss. Lily",female,23.4,0,0,T298042,23.87,,S
1818,1,3,"Johnson, Mr. Richard",male,43.4,0,0,T706190,10.06,,S
1819,1,3,"Taylor, Miss. Beatrice",female,39.5,0,0,T221387,5.58,,S
1820,0,1,"Smith, Mr. Thomas",male,26.3,0,0,T927493,38.75,,S
1821,0,1,"Taylor, Mr. Thomas",male,14.5,1,1,T784705,101.36,,C
1822,1,2,"Jones, Mr. William",male,44.8,0,1,T657226,22.01,,C
1823,1,3,"Moore, Mrs. Beatrice",female,28.7,0,0,T345955,6.41,,S
1824,0,2,"Williams, Mr. Charles",male,6.2,0,0,T209564,34.61,,S
1825,0,3,"Johnson, Mr. Richard",male,7.5,0,0,T589986,6.29,,C
1826,0,2,"Smith, Mr. John",male,36.0,0,0,T574331,13.23,,S
1827,0,3,"Brown, Mr. Charles",male,11.2,1,0,T355073,8.3,,S
1828,1,1,"Moore, Mrs. Dorothy",female,,0,1,T955102,74.69,,S
1829,0,1,"Brown, Mr. James",male,16.1,0,1,T614965,264.53,,S
1830,0,3,"Moore, Mr. Henry",male,29.7,0,0,T58794,14.51,,S
1831,0,2,"Davis, Mr. James",male,32.0,0,0,T83065,22.66,,S
1832,1,1,"Miller, Mrs. Edith",female,19.1,2,0,T301792,73.5,F65,S
1833,1,3,"Taylor, Mrs. Beatrice",female,0.5,1,0,T162521,5.77,,S
1834,0,3,"Miller, Mr. Charles",male,32.5,0,0,T209971,6.42,A132,Q
1835,0,2,"Miller, Mr. James",male,18.8,0,0,T632183,22.36,,S
1836,0,3,"Wilson, Mr. Richard",male,31.4,0,0,T498836,5.6,,S
1837,0,3,"Moore, Mrs. Emma",female,27.9,0,0,T686402,11.79,D73,S
1838,0,3,"Smith, Mr. John",male,33.5,0,0,T557697,10.31,,S
1839,0,3,"Wilson, Miss. Alice",female,52.3,1,4,T339754,10.45,,C
1840,0,3,"Smith, Mr. William",male,21.8,0,0,T281669,3.76,E37,Q
1841,0,1,"Williams, Miss. Beatrice",female,22.9,4,0,T47787,65.61,,C
1842,0,3,"Anderson, Mr. James",male,5.5,0,0,T478419,17.04,,S
1843,1,2,"Jones, Mrs. Florence",female,,0,0,T842326,30.64,,S
1844,0,1,"Smith, Mr. Thomas",male,35.6,0,0,T914967,88.49,,S
1845,0,2,"Davis, Mr. William",male,22.7,0,2,T840478,,,S
1846,0,1,"Moore, Mrs. Clara",female,35.7,0,0,T806648,68.66,,S
1847,0,3,"Davis, Mr. James",male,,0,2,T142380,11.77,F112,Q
1848,1,3,"Wilson, Mr. James",male,10.8,0,2,T338422,11.53,,C
1849,0,3,"Moore, Mrs. Mary",female,,1,0,T565208,8.68,,S
1850,1,1,"Davis, Mr. George",male,26.7,1,2,T454307,208.58,,Q
1851,0,1,"Miller, Mr. Thomas",male,31.5,0,0,T431056,103.56,,S
1852,0,3,"Thomas, Mr. Edward",male,21.5,0,0,T423190,12.71,,S
1853,0,3,"Smith, Mr. Richard",male,,1,0,T74673,17.94,,S
1854,1,1,"Williams, Miss. Clara",female,32.0,1,2,T20237,124.67,,S
1855,0,2,"Wilson, Master. Edward",male,26.4,0,0,T265241,23.92,,S
1856,0,3,"Miller, Mr. Charles",male,54.7,0,0,T791178,8.94,,C
1857,0,1,"Davis, Mr. Henry",male,41.3,0,2,T213368,56.72,C146,S
1858,0,3,"Thomas, Mr. George",male,37.6,5,0,T23103,9.83,,S
1859,0,3,"Smith, Miss. Annie",female,,1,0,T250709,8.66,,C
1860,0,2,"Williams, Mrs. Edith",female,,1,0,T582312,31.91,,S
1861,0,2,"Moore, Mr. William",male,,0,0,T908919,15.06,,S
1862,0,2,"Johnson, Mr. Robert",male,20.3,1,0,T353848,41.89,,Q
1863,1,2,"Davis, Mrs. Annie",female,25.7,0,2,T220278,22.39,B75,S
1864,0,3,"Moore, Mr. Robert",male,29.2,1,0,T831325,28.75,,Q
1865,0,3,"Taylor, Mr. George",male,39.2,0,0,T192666,9.61,,Q
1866,0,3,"Smith, Mr. James",male,33.7,0,1,T564763,12.17,,S
1867,0,3,"Anderson, Mr. Henry",male,46.5,0,0,T642530,8.73,,S
1868,1,2,"Davis, Miss. Edith",female,25.2,0,0,T172473,35.94,,S
1869,0,3,"Wilson, Mr. Edward",male,33.4,0,0,T401387,19.11,,S
1870,1,3,"Jones, Mrs. Lily",female,34.7,0,0,T803652,4.62,,S
1871,0,3,"Taylor, Mr. William",male,33.3,2,0,T489954,7.57,,S
1872,1,2,"Moore, Mr. James",male,48.3,0,0,T169644,26.62,,C
1873,1,3,"Wilson, Mrs. Clara",female,41.4,0,1,T143676,7.01,,S
1874,0,3,"Jones, Mrs. Annie",female,10.6,0,0,T977778,8.82,,S
1875,1,2,"Davis, Miss. Alice",female,28.0,0,0,T299814,38.29,,S
1876,0,1,"Miller, Mr. William",male,29.5,0,0,T82635,84.2,,S
1877,0,3,"Wilson, Miss. Edith",female,60.9,0,0,T281439,8.73,,S
1878,0,2,"Moore, Mr. Charles",male,24.9,0,1,T996613,10.47,A123,C
1879,0,3,"Brown, Mr. William",male,15.5,3,0,T170484,19.76,,S
1880,0,3,"Anderson, Mr. Henry",male,36.1,0,0,T340299,10.78,,C
1881,0,3,"Williams, Master. Charles",male,36.9,0,0,T957220,22.89,,S
1882,0,3,"Brown, Miss. Lily",female,28.6,1,4,T185674,5.47,,S
1883,0,3,"Davis, Miss. Beatrice",female,26.5,0,0,T123831,12.35,E118,S
1884,0,1,"Thomas, Master. Richard",male,,1,1,T243728,116.27,G140,S
1885,1,2,"Brown, Mr. James",male,17.3,3,0,T263805,28.81,,S
1886,1,3,"Moore, Miss. Alice",female,24.8,0,0,T765443,13.52,D49,S
1887,0,3,"Brown, Mr. John",male,22.1,0,0,T546804,10.99,,Q
1888,0,1,"Jones, Mr. Thomas",male,45.6,0,0,T302760,91.03,,S
1889,1,1,"Anderson, Master. James",male,33.8,0,0,T922399,160.94,,C
1890,0,3,"Johnson, Mr. Charles",male,14.3,0,0,T490544,7.42,,S
1891,1,3,"Anderson, Mrs. Edith",female,15.7,1,6,T135912,15.43,G3,S
1892,0,3,"Miller, Mr. John",male,56.9,1,0,T240421,8.56,,S
1893,0,2,"Moore, Mr. Charles",male,45.4,0,0,T149074,18.06,E127,S
1894,1,3,"Brown, Mrs. Lily",female,41.9,0,0,T689106,10.63,B65,S
1895,0,3,"Smith, Mr. George",male,29.9,0,0,T519386,12.71,,Q
1896,1,3,"Moore, Mrs. Clara",female,51.6,0,0,T84282,13.85,F3,S
1897,0,3,"Wilson, Mr. William",male,13.7,0,0,T435907,8.34,,S
1898,1,1,"Moore, Miss. Emma",female,40.6,0,1,T960334,24.03,,Q
1899,0,3,"Jones, Mr. Richard",male,23.3,2,0,T514708,6.78,,C
1900,0,1,"Moore, Mr. Edward",male,26.1,1,0,T904315,68.64,,S
1901,0,2,"Johnson, Mr. John",male,,0,0,T841000,14.05,,S
1902,0,3,"Miller, Mr. George",male,27.6,2,0,T539701,5.52,A74,S
1903,1,3,"Thomas, Mrs. Emma",female,23.4,1,0,T324036,8.84,B47,S
1904,0,3,"Brown, Mr. Robert",male,22.5,1,0,T667119,6.44,,S
1905,0,3,"Brown, Mr. Robert",male,0.9,0,1,T43372,6.7,,S
1906,1,2,"Davis, Mr. Richard",male,40.8,0,0,T848600,27.2,,S
1907,0,3,"Taylor, Miss. Alice",female,15.1,0,2,T32921,6.44,,S
1908,1,1,"Williams, Miss. Emma",female,56.6,3,0,T848070,24.3,,S
1909,0,3,"Moore, Mr. George",male,25.5,0,0,T558749,5.44,,C
1910,0,1,"Davis, Mr. Richard",male,48.7,0,0,T195852,181.59,,S
1911,0,3,"Miller, Mr. Charles",male,,2,0,T384254,3.94,B82,Q
1912,0,1,"Wilson, Mr. James",male,40.3,0,0,T637046,21.58,D19,S
1913,0,3,"Jones, Mr. Thomas",male,44.0,1,0,T530531,7.44,,S
1914,0,3,"Taylor, Mr. Henry",male,48.6,0,0,T806484,9.66,,S
1915,1,3,"Miller, Miss. Beatrice",female,,0,2,T80470,23.1,D6,S
1916,0,3,"Wilson, Mrs. Alice",female,19.5,0,1,T665719,7.83,,S
1917,0,3,"Johnson, Mr. Thomas",male,38.1,0,0,T726597,14.49,,C
1918,0,3,"Smith, Mr. Robert",male,31.9,0,0,T703047,12.43,,S
1919,1,3,"Taylor, Mrs. Lily",female,34.0,0,2,T494813,3.65,C41,S
1920,1,2,"Taylor, Mr. Henry",male,24.5,2,2,T750664,21.64,A103,S
1921,0,1,"Wilson, Mr. Edward",male,,2,0,T335262,36.0,D48,S
1922,0,1,"Anderson, Mrs. Clara",female,67.5,0,0,T314509,228.72,A23,S
1923,0,2,"Anderson, Mr. Edward",male,,0,0,T188387,43.95,B72,S
1924,1,1,"Brown, Mr. Henry",male,36.3,0,0,T520991,110.28,,S
1925,0,3,"Thomas, Mr. Henry",male,30.5,0,0,T554488,17.68,,S
1926,0,1,"Taylor, Mr. John",male,,0,0,T687524,49.91,,S
1927,0,1,"Moore, Mr. Edward",male,41.7,0,0,T716378,37.13,,S
1928,0,1,"Jones, Mr. Edward",male,14.2,0,0,T646568,57.42,,C
1929,0,3,"Miller, Mr. James",male,,0,0,T172625,6.62,,Q
1930,0,3,"Brown, Mrs. Florence",female,15.1,0,2,T261201,23.48,F137,S
1931,1,2,"Wilson, Mr. Robert",male,68.8,1,0,T316906,35.52,,C
1932,0,3,"Johnson, Master. Charles",male,38.9,0,0,T104814,23.2,,S
1933,0,1,"Thomas, Mr. Robert",male,21.1,1,0,T251966,76.1,,S
1934,0,3,"Taylor, Mr. John",male,,0,0,T393087,18.12,,Q
1935,0,3,"Johnson, Miss. Edith",female,41.4,0,0,T251991,6.65,C70,S
1936,1,1,"Johnson, Mr. Thomas",male,42.8,0,0,T269716,54.55,E140,S
1937,0,3,"Williams, Mr. Charles",male,41.3,1,1,T546469,8.08,E108,S
1938,0,3,"Davis, Mr. Edward",male,23.5,0,0,T23674,13.26,,S
1939,1,2,"Davis, Mr. Edward",male,34.1,0,1,T614868,13.27,,S
1940,0,3,"Thomas, Mr. Charles",male,31.3,4,0,T194743,9.48,,Q
1941,0,1,"Moore, Mr. Edward",male,16.1,0,0,T312639,106.97,C33,S
1942,0,2,"Thomas, Mr. George",male,16.3,0,0,T521941,33.39,G106,S
1943,1,1,"Wilson, Mrs. Dorothy",female,35.7,0,0,T618933,80.84,,Q
1944,0,1,"Anderson, Mrs. Beatrice",female,32.5,0,0,T125014,42.06,G93,C
1945,0,1,"Thomas, Mrs. Beatrice",female,37.7,0,1,T530465,158.31,D102,C
1946,1,3,"Jones, Miss. Edith",female,41.2,0,0,T969000,17.87,C7,C
1947,1,1,"Taylor, Miss. Florence",female,51.4,3,0,T821586,37.71,,S
1948,0,2,"Miller, Mrs. Florence",female,,1,0,T318312,11.14,,S
1949,0,3,"Johnson, Master. Robert",male,38.8,0,0,T63241,19.16,,C
1950,0,3,"Anderson, Mr. John",male,,0,0,T522404,7.8,G12,S
1951,1,3,"Thomas, Miss. Emma",female,25.2,0,0,T661358,17.47,,S
1952,0,3,"Smith, Mr. John",male,31.5,1,1,T15997,7.35,F94,S
1953,0,3,"Moore, Mr. Richard",male,,0,0,T107584,16.51,,S
1954,0,3,"Anderson, Master. William",male,,1,0,T52409,16.22,B91,S
1955,0,3,"Johnson, Mr. Robert",male,31.2,1,0,T215391,5.65,,S
1956,0,3,"Thomas, Mr. John",male,36.2,0,0,T399427,9.6,E80,S
1957,0,1,"Anderson, Master. Charles",male,25.9,2,0,T444495,73.46,A124,S
1958,0,2,"Anderson, Master. John",male,22.7,0,0,T258661,54.27,,Q
1959,0,3,"Anderson, Miss. Clara",female,10.8,0,2,T318338,13.67,,C
1960,1,2,"Jones, Mrs. Emma",female,45.6,0,0,T164332,23.77,F79,S
1961,0,2,"Anderson, Mrs. Beatrice",female,40.8,0,0,T48603,36.78,,S
1962,1,3,"Taylor, Mrs. Alice",female,25.3,1,0,T753029,18.5,,S
1963,0,3,"Johnson, Mr. Robert",male,,0,0,T981181,33.42,,S
1964,1,1,"Thomas, Mr. Robert",male,32.3,0,0,T633658,187.28,,S
1965,0,3,"Thomas, Mr. Robert",male,22.5,0,0,T608846,22.26,A120,S
1966,0,3,"Brown, Miss. Alice",female,,0,0,T727184,9.65,,S
1967,0,3,"Wilson, Mr. Thomas",male,,0,1,T912809,25.56,,S
1968,1,3,"Williams, Mrs. Florence",female,32.8,1,0,T248281,24.15,,S
1969,0,3,"Smith, Mr. Thomas",male,33.1,1,0,T332558,9.75,,S
1970,1,3,"Miller, Miss. Edith",female,45.6,0,2,T706408,9.45,,S
1971,1,1,"Taylor, Mr. John",male,27.5,0,0,T642451,82.49,,S
1972,1,3,"Smith, Mrs. Florence",female,24.9,1,0,T693857,9.74,A62,S
1973,0,3,"Brown, Master. John",male,,0,1,T958283,17.03,,S
1974,0,3,"Brown, Master. Robert",male,45.7,1,0,T465978,12.04,G9,C
1975,0,3,"Miller, Master. Richard",male,42.6,0,0,T371734,6.59,E76,S
1976,1,1,"Smith, Mrs. Lily",female,30.1,0,0,T667797,102.45,,S
1977,0,3,"Jones, Mr. James",male,10.4,0,0,T143033,8.11,G21,S
1978,1,2,"Anderson, Miss. Annie",female,12.1,0,0,T587963,15.19,A19,S
1979,0,1,"Thomas, Miss. Edith",female,21.8,0,0,T766372,192.91,,S
1980,1,1,"Davis, Miss. Mary",female,43.7,0,0,T484113,67.88,,S
1981,1,1,"Anderson, Mr. George",male,33.9,0,1,T623772,126.21,,S
1982,1,3,"Miller, Mr. George",male,8.0,0,3,T761135,16.39,,Q
1983,0,2,"Brown, Mr. Edward",male,35.6,0,0,T630236,46.36,,S
1984,1,2,"Thomas, Miss. Florence",female,17.5,1,1,T884012,16.94,,S
1985,1,3,"Taylor, Mrs. Emma",female,22.1,0,0,T786324,8.16,,S
1986,1,2,"Smith, Mrs. Edith",female,43.8,0,0,T907653,36.11,E135,S
1987,0,1,"Davis, Mr. Henry",male,40.8,0,1,T21772,335.56,,S
1988,0,2,"Jones, Mr. James",male,45.5,0,1,T142069,33.45,,S
1989,1,1,"Davis, Miss. Annie",female,29.4,0,0,T263279,23.77,G27,S
1990,0,1,"Thomas, Mr. James",male,,0,0,T361855,127.92,,S
1991,1,1,"Jones, Miss. Annie",female,21.2,1,4,T827617,160.08,,S
1992,0,3,"Jones, Mr. Richard",male,26.0,2,3,T241952,8.95,,S
1993,0,1,"Thomas, Mr. Charles",male,,0,0,T75491,78.75,,S
1994,1,2,"Thomas, Mrs. Dorothy",female,,0,0,T440478,57.46,,S
1995,0,3,"Taylor, Mr. George",male,11.0,0,0,T419019,5.69,,C
1996,0,2,"Jones, Mr. William",male,,0,1,T247262,18.27,,S
1997,1,3,"Anderson, Mrs. Mary",female,,0,0,T221694,7.09,,S
1998,0,3,"Jones, Mrs. Annie",female,13.9,1,0,T216787,9.29,,S
1999,0,2,"Anderson, Mrs. Mary",female,10.4,0,0,T711128,14.82,D58,S
2000,1,3,"Jones, Miss. Lily",female,11.6,1,0,T183995,19.44,,S
2001,1,1,"Wilson, Mr. William",male,68.3,4,0,T139517,146.44,,S
2002,1,1,"Jones, Mr. Richard",male,36.4,0,0,T233520,108.0,,S
2003,0,3,"Taylor, Mr. John",male,,2,0,T349834,17.86,C124,C
2004,0,3,"Jones, Mr. Richard",male,,1,0,T523289,14.8,,S
2005,0,3,"Moore, Mr. William",male,,0,0,T739262,9.71,,S
2006,0,3,"Williams, Miss. Alice",female,,0,1,T186490,21.11,,S
2007,1,2,"Wilson, Mr. Robert",male,22.2,0,0,T923024,20.84,,S
2008,1,3,"Wilson, Miss. Annie",female,,1,1,T319799,9.26,,C
2009,0,3,"Johnson, Mr. Henry",male,19.2,1,0,T413316,14.96,,S
2010,0,3,"Thomas, Mr. Edward",male,23.9,0,0,T829784,21.18,C48,Q
2011,0,3,"Williams, Mr. Richard",male,34.8,0,0,T277285,10.95,,S
2012,0,3,"Anderson, Miss. Annie",female,15.2,0,1,T491305,5.78,,S
2013,1,2,"Anderson, Mr. Thomas",male,67.5,0,0,T986162,37.25,,S
2014,0,3,"Brown, Mr. James",male,40.6,0,0,T651568,12.21,,Q
2015,1,2,"Johnson, Miss. Annie",female,11.3,0,0,T620825,24.14,,S
2016,0,1,"Moore, Mr. Edward",male,,0,0,T873932,35.53,,S
2017,0,3,"Taylor, Mr. Henry",male,19.7,0,0,T667018,10.37,,S
2018,1,1,"Johnson, Miss. Emma",female,39.6,1,2,T606882,56.96,,S
2019,0,3,"Jones, Mr. Henry",male,36.8,0,0,T571347,7.79,,S
2020,0,1,"Jones, Mr. James",male,,0,0,T711266,79.36,,S
2021,1,3,"Brown, Mr. Charles",male,,0,0,T484246,17.82,B1,C
2022,0,2,"Smith, Mr. Edward",male,16.6,0,0,T404891,21.68,,S
2023,0,2,"Taylor, Mr. Charles",male,23.9,5,0,T29871,18.35,,S
2024,0,1,"Smith, Master. Richard",male,15.0,0,0,T591402,67.75,,S
2025,0,3,"Miller, Mr. Charles",male,23.9,0,0,T859336,7.97,,S
2026,0,2,"Jones, Mr. Robert",male,49.0,0,0,T503140,33.85,,S
2027,0,3,"Anderson, Mr. James",male,18.5,0,2,T907333,9.69,,S
2028,0,1,"Brown, Master. Richard",male,,0,1,T816852,39.31,,S
2029,1,1,"Wilson, Mr. Robert",male,40.8,0,0,T704610,51.13,C102,S
2030,1,1,"Smith, Mrs. Dorothy",female,14.0,1,0,T612226,61.81,A56,C
2031,0,2,"Anderson, Mr. Edward",male,17.5,0,0,T586499,23.68,D15,S
2032,0,3,"Anderson, Miss. Clara",female,45.2,1,0,T466052,7.65,,S
2033,0,3,"Brown, Master. Charles",male,16.3,0,0,T587030,5.48,,S
2034,0,2,"Moore, Mr. Henry",male,28.9,0,0,T658525,41.5,,S
2035,0,3,"Wilson, Mr. Robert",male,,1,0,T345560,9.82,F46,S
2036,0,3,"Jones, Mrs. Edith",female,43.9,0,0,T617268,11.0,,C
2037,0,2,"Anderson, Mr. Henry",male,30.9,1,2,T175169,23.02,,S
2038,0,2,"Anderson, Mr. Robert",male,41.9,0,0,T446604,43.19,,S
2039,0,3,"Williams, Mr. William",male,28.9,1,0,T416408,8.62,,S
2040,1,1,"Anderson, Mr. Charles",male,,0,0,T109716,115.79,E97,S
2041,0,1,"Moore, Mr. George",male,0.5,0,0,T500549,92.58,,Q
2042,0,1,"Wilson, Master. John",male,27.7,0,3,T424255,156.04,A49,S
2043,0,3,"Johnson, Mr. William",male,0.5,0,0,T960536,13.97,,S
2044,1,1,"Wilson, Miss. Mary",female,,0,1,T61891,83.65,,S
2045,0,1,"Brown, Mr. Richard",male,26.3,0,0,T247802,40.37,,S
2046,1,2,"Moore, Master. William",male,49.4,0,0,T646957,16.39,,S
2047,1,1,"Taylor, Mr. Thomas",male,,0,0,T215133,57.67,,S
2048,1,1,"Williams, Mr. Charles",male,22.1,0,0,T906187,209.4,,S
2049,0,3,"Brown, Mr. George",male,23.8,0,1,T969746,11.52,,S
2050,0,1,"Anderson, Mr. George",male,35.2,0,0,T331203,28.03,E64,S
2051,0,3,"Taylor, Mr. John",male,21.4,0,0,T745383,7.43,,S
2052,0,2,"Johnson, Mr. Richard",male,29.2,1,1,T576939,15.69,,S
2053,0,3,"Anderson, Mr. Richard",male,48.8,1,0,T745910,10.14,,S
2054,0,3,"Davis, Mr. James",male,17.7,0,0,T271814,8.87,,S
2055,0,1,"Moore, Mr. William",male,,0,0,T846426,35.29,,C
2056,0,3,"Smith, Mr. Charles",male,25.2,0,2,T986080,9.03,,S
2057,0,3,"Moore, Mr. Charles",male,75.5,1,0,T144225,16.05,,S
2058,1,3,"Johnson, Mr. Richard",male,38.5,0,1,T679170,10.88,,S
2059,0,2,"Moore, Mrs. Dorothy",female,46.1,1,2,T477664,32.67,,S
2060,0,3,"Williams, Mr. Henry",male,40.8,0,0,T272808,14.98,,S
2061,0,3,"Davis, Mr. Charles",male,41.8,1,0,T451704,9.92,,C
2062,0,3,"Johnson, Mrs. Beatrice",female,,0,0,T876573,9.33,,S
2063,0,3,"Wilson, Mr. Thomas",male,,0,0,T469220,6.31,,S
2064,1,3,"Jones, Miss. Annie",female,8.7,0,0,T866330,7.81,D109,S
2065,0,3,"Williams, Mrs. Mary",female,34.9,0,0,T966078,9.55,,C
2066,1,3,"Davis, Miss. Mary",female,28.1,0,0,T385066,6.53,A15,S
2067,1,3,"Miller, Mrs. Annie",female,37.6,0,0,T560915,22.68,,S
2068,1,2,"Brown, Mr. John",male,,0,1,T324290,40.22,,S
2069,0,3,"Miller, Mr. Thomas",male,,1,0,T315768,9.69,,S
2070,1,1,"Johnson, Mrs. Emma",female,43.3,0,0,T204849,96.52,,Q
2071,0,3,"Jones, Mr. James",male,0.5,0,0,T914615,8.97,,S
2072,1,1,"Anderson, Miss. Beatrice",female,23.4,2,0,T382806,99.74,,C
2073,1,2,"Johnson, Mr. Richard",male,2.8,1,0,T609313,26.4,D78,C
2074,0,3,"Thomas, Mr. Thomas",male,33.2,0,0,T351499,17.4,,S
2075,1,1,"Johnson, Mrs. Annie",female,,0,0,T747810,52.62,,S
2076,0,3,"Anderson, Mr. Charles",male,49.4,0,0,T304865,5.04,,S
2077,1,3,"Thomas, Mrs. Annie",female,32.7,0,1,T328606,10.16,,C
2078,0,1,"Miller, Mr. Henry",male,,0,1,T965978,64.96,,S
2079,0,2,"Moore, Miss. Emma",female,43.3,4,0,T393115,14.02,,S
2080,0,3,"Johnson, Mrs. Beatrice",female,25.1,0,0,T66098,11.56,,C
2081,0,1,"Moore, Mr. George",male,22.5,1,1,T35123,37.15,,S
2082,0,3,"Anderson, Mr. Henry",male,35.4,0,0,T731652,17.38,,S
2083,0,3,"Taylor, Mr. Robert",male,53.1,0,0,T605185,7.26,,C
2084,1,1,"Taylor, Miss. Lily",female,42.1,2,0,T393371,77.82,,S
2085,1,1,"Thomas, Mrs. Clara",female,37.9,0,0,T932767,297.55,,S
2086,0,3,"Anderson, Mr. Henry",male,,0,3,T400139,7.11,,S
2087,0,3,"Smith, Mr. Charles",male,,0,1,T504811,9.96,,S
2088,0,2,"Anderson, Miss. Annie",female,,3,0,T366523,25.38,,C
2089,0,1,"Brown, Miss. Beatrice",female,31.8,0,2,T481782,59.52,,S
2090,0,3,"Miller, Mr. Thomas",male,51.7,0,0,T699451,18.77,,S
2091,0,3,"Anderson, Mr. Charles",male,16.0,0,2,T330419,7.39,A87,C
2092,1,2,"Davis, Mrs. Beatrice",female,55.1,0,1,T388298,76.63,D141,S
2093,0,2,"Brown, Mr. Thomas",male,8.8,0,0,T76973,39.21,,S
2094,0,3,"Williams, Mrs. Mary",female,27.9,0,0,T852767,7.35,A28,S
2095,0,3,"Taylor, Mr. Charles",male,32.2,2,1,T718431,21.95,,Q
2096,0,3,"Smith, Mrs. Dorothy",female,16.9,0,0,T901504,22.56,,S
2097,0,3,"Taylor, Mr. John",male,20.7,0,0,T59747,11.64,,S
2098,0,3,"Jones, Mrs. Beatrice",female,41.3,1,0,T875288,19.14,B75,
2099,0,3,"Wilson, Mr. Robert",male,,1,0,T698252,8.12,,S
2100,0,3,"Williams, Master. Henry",male,,1,0,T563005,8.84,D31,S
2101,0,3,"Moore, Mr. Robert",male,32.3,1,0,T121492,13.55,,S
2102,1,3,"Taylor, Mrs. Emma",female,28.1,0,0,T802286,11.0,,Q
2103,0,2,"Wilson, Mr. James",male,,0,0,T236577,22.37,,S
2104,1,2,"Taylor, Mr. James",male,25.1,0,0,T742587,31.9,,S
2105,1,3,"Davis, Mr. Robert",male,11.0,0,0,T642021,11.49,B107,S
2106,0,2,"Smith, Mr. Robert",male,52.1,2,0,T523830,33.93,,S
2107,0,3,"Brown, Mr. James",male,,1,0,T809553,16.29,E98,S
2108,0,2,"Moore, Mr. Robert",male,,1,0,T797065,26.29,,S
2109,0,3,"Miller, Mr. Robert",male,22.6,0,2,T879873,6.61,,S
2110,1,1,"Anderson, Miss. Mary",female,20.9,1,2,T363721,38.92,B137,S
2111,0,3,"Anderson, Miss. Mary",female,,0,0,T619602,35.29,,S
2112,1,3,"Brown, Mrs. Clara",female,,0,0,T509630,4.7,,S
2113,0,1,"Thomas, Mr. John",male,,0,1,T962155,169.88,B134,Q
2114,1,3,"Williams, Miss. Beatrice",female,31.7,1,0,T98906,13.41,,S
2115,0,2,"Wilson, Mr. John",male,28.4,0,1,T26969,53.97,,S
2116,0,2,"Brown, Mr. George",male,,0,0,T981859,18.97,F50,S
2117,0,2,"Wilson, Master. William",male,17.3,0,0,T706926,22.74,F78,
2118,0,1,"Taylor, Mr. William",male,22.5,1,0,T351940,192.36,,S
2119,0,3,"Thomas, Mr. George",male,27.3,0,1,T113986,9.86,G23,S
2120,0,1,"Miller, Mr. John",male,,0,2,T75964,88.41,,S
2121,0,3,"Thomas, Mr. Henry",male,49.7,0,0,T438463,4.07,,S
2122,0,2,"Moore, Mr. George",male,,2,0,T171523,23.99,,S
2123,0,3,"Thomas, Mr. Edward",male,14.6,0,0,T260773,7.2,,S
2124,1,2,"Davis, Master. Thomas",male,,0,0,T928609,22.45,,S
2125,0,3,"Johnson, Mr. Robert",male,58.9,0,1,T707355,6.96,,Q
2126,0,3,"Davis, Mr. James",male,,0,0,T516062,8.62,B36,S
2127,0,3,"Smith, Mr. William",male,42.5,0,0,T365254,16.22,,C
2128,0,1,"Williams, Mr. Richard",male,49.1,1,0,T823409,46.37,,S
2129,0,3,"Wilson, Mr. James",male,24.5,1,0,T714556,10.37,,S
2130,0,2,"Johnson, Miss. Lily",female,19.5,0,1,T602475,27.88,,C
2131,0,1,"Johnson, Mr. Henry",male,38.0,0,0,T363726,151.46,,S
2132,1,2,"Miller, Mr. Richard",male,34.8,0,0,T567739,36.31,F133,S
2133,1,2,"Johnson, Miss. Emma",female,,0,0,T112158,27.91,,S
2134,0,3,"Williams, Mr. Robert",male,59.8,3,0,T812171,11.16,,S
2135,0,3,"Wilson, Mr. William",male,32.1,0,0,T90610,5.32,,S
2136,0,2,"Davis, Mr. William",male,12.4,1,2,T85152,32.36,,S
2137,0,2,"Anderson, Mr. George",male,30.7,0,0,T381685,24.19,,S
2138,1,1,"Brown, Mr. John",male,33.2,0,1,T820570,66.1,,Q
2139,0,3,"Brown, Miss. Lily",female,48.1,0,1,T947276,16.19,E61,C
2140,0,3,"Moore, Mr. James",male,26.8,0,0,T520873,7.89,D36,S
2141,0,2,"Brown, Mr. Thomas",male,23.8,0,0,T589996,21.96,,S
2142,0,3,"Smith, Mr. Robert",male,9.8,0,6,T559619,11.25,,S
2143,1,3,"Williams, Mrs. Dorothy",female,37.6,0,0,T199528,4.56,B46,S
2144,0,3,"Smith, Mrs. Florence",female,78.2,1,0,T394003,8.16,G119,S
2145,0,3,"Thomas, Mr. Robert",male,26.5,0,1,T458041,20.9,,S
2146,0,3,"Davis, Mr. James",male,36.3,0,0,T874469,11.74,,S
2147,0,3,"Williams, Master. Robert",male,21.8,0,0,T698279,2.45,,S
2148,1,2,"Williams, Mr. Robert",male,11.1,0,0,T50948,23.83,D2,S
2149,0,1,"Miller, Mr. Robert",male,,1,0,T69410,84.84,,S
2150,0,1,"Williams, Master. John",male,30.1,0,0,T773944,59.57,F23,S
2151,1,3,"Jones, Mrs. Annie",female,0.5,0,0,T247146,6.58,,S
2152,0,3,"Miller, Mr. Richard",male,53.0,0,0,T388578,9.68,C17,S
2153,0,2,"Anderson, Mr. Charles",male,35.7,5,1,T612606,21.99,,S
2154,1,1,"Moore, Mr. Charles",male,30.8,0,0,T292984,95.95,D38,S
2155,0,3,"Moore, Mr. Robert",male,,0,0,T364444,11.83,,S
2156,1,3,"Moore, Mr. Charles",male,35.6,0,2,T227054,20.34,D65,S
2157,0,3,"Taylor, Mrs. Beatrice",female,36.2,0,0,T995153,14.88,G22,S
2158,0,3,"Davis, Mr. James",male,35.5,0,0,T953962,14.45,,C
2159,0,3,"Wilson, Mrs. Mary",female,45.2,0,0,T175951,12.83,D77,C
2160,1,1,"Jones, Mr. John",male,,2,0,T868567,148.59,,S
2161,0,1,"Moore, Mr. John",male,58.8,0,0,T353179,107.1,,S
2162,0,1,"Williams, Mr. Richard",male,17.6,1,0,T204076,78.15,,S
2163,0,3,"Thomas, Miss. Edith",female,,1,0,T855212,6.12,C22,S
2164,0,1,"Moore, Mr. George",male,,1,0,T346085,75.92,,S
2165,1,3,"Thomas, Mr. Henry",male,,0,0,T912429,6.31,,C
2166,0,3,"Moore, Mr. William",male,20.7,0,1,T760152,19.9,,S
2167,1,2,"Moore, Mrs. Annie",female,36.6,1,0,T717268,36.89,,S
2168,0,3,"Moore, Mr. George",male,42.8,4,0,T16013,12.98,,C
2169,0,1,"Taylor, Mr. James",male,48.2,0,0,T158067,64.8,,S
2170,0,2,"Wilson, Mr. Thomas",male,26.9,0,0,T218908,26.57,D73,S
2171,0,3,"Taylor, Mr. William",male,36.4,2,0,T478097,8.72,,S
2172,0,1,"Miller, Mr. Charles",male,,1,1,T999728,240.39,,C
2173,1,3,"Miller, Mr. Richard",male,30.0,0,0,T90643,11.97,,S
2174,1,3,"Taylor, Miss. Dorothy",female,17.9,3,0,T903367,12.12,,S
2175,0,3,"Moore, Mr. Robert",male,,0,0,T688473,5.47,,C
2176,0,3,"Johnson, Mrs. Clara",female,39.4,0,0,T872648,10.98,,C
2177,0,2,"Moore, Mrs. Alice",female,17.6,1,0,T854640,22.03,,C
2178,0,3,"Taylor, Mr. George",male,3.9,0,0,T495633,6.27,,S
2179,1,1,"Smith, Master. William",male,,0,0,T399244,216.57,,Q
2180,1,2,"Brown, Miss. Lily",female,50.8,2,0,T556494,34.65,,Q
2181,0,1,"Taylor, Mr. Richard",male,0.5,0,2,T832027,208.4,,S
2182,0,2,"Jones, Mr. Robert",male,25.5,0,0,T809887,40.75,,Q
2183,1,3,"Moore, Mrs. Edith",female,39.5,0,0,T823115,6.23,,C
2184,0,2,"Wilson, Mr. Charles",male,3.3,0,0,T50162,27.36,,C
2185,0,3,"Jones, Mrs. Beatrice",female,26.6,0,0,T438471,10.83,,S
2186,0,2,"Smith, Mr. William",male,,0,0,T385624,20.49,,C
2187,0,3,"Smith, Mr. Thomas",male,15.1,1,0,T901010,20.91,D2,S
2188,0,3,"Johnson, Mr. William",male,23.9,0,0,T758251,10.31,,S
2189,0,2,"Davis, Mrs. Clara",female,,0,2,T539587,17.04,,S
2190,0,3,"Smith, Mr. John",male,12.2,0,0,T297247,12.68,E94,S
2191,1,2,"Smith, Mr. Thomas",male,28.8,2,0,T310519,28.78,,Q
2192,1,1,"Johnson, Miss. Florence",female,62.0,1,0,T608738,33.56,,S
2193,0,3,"Davis, Mrs. Edith",female,40.7,1,0,T363738,12.65,,C
2194,0,3,"Taylor, Miss. Alice",female,44.4,1,0,T401397,24.12,,C
2195,1,1,"Jones, Mr. Robert",male,41.3,0,0,T379837,36.71,E70,C
2196,0,1,"Jones, Miss. Annie",female,19.6,0,0,T706606,38.21,,S
2197,0,1,"Taylor, Mr. John",male,34.2,0,2,T159504,82.31,,S
2198,0,3,"Thomas, Master. Edward",male,45.6,0,0,T514811,6.57,C47,S
2199,1,3,"Williams, Miss. Dorothy",female,41.7,0,2,T31942,8.57,,S
2200,0,3,"Taylor, Mr. James",male,,0,0,T960813,7.97,,S
2201,0,3,"Williams, Master. Charles",male,37.2,0,0,T128740,9.21,F118,C
2202,0,3,"Miller, Mr. George",male,65.4,0,0,T742110,6.46,,C
2203,1,3,"Miller, Miss. Clara",female,41.9,0,0,T224543,14.7,,S
2204,0,3,"Wilson, Mr. Thomas",male,25.1,0,0,T496467,7.81,,S
2205,0,3,"Jones, Mr. Thomas",male,28.6,0,0,T365415,10.0,,S
2206,0,3,"Taylor, Mr. Charles",male,14.4,0,0,T735159,10.37,,S
2207,0,3,"Williams, Mr. John",male,,1,1,T513824,13.36,,S
2208,0,3,"Moore, Mrs. Lily",female,53.0,1,0,T921353,14.93,,C
2209,1,3,"Moore, Mr. Robert",male,30.9,2,0,T123653,15.5,,S
2210,1,1,"Johnson, Miss. Beatrice",female,61.3,0,0,T776562,59.57,,S
2211,0,1,"Smith, Mrs. Alice",female,,1,0,T245895,146.47,,S
2212,0,3,"Moore, Mr. James",male,23.5,0,0,T45609,11.28,,S
2213,1,2,"Jones, Master. Charles",male,42.8,0,0,T647730,21.41,,S
2214,0,3,"Moore, Mr. George",male,,0,1,T796894,11.33,E39,S
2215,1,2,"Wilson, Miss. Alice",female,41.8,1,0,T646302,11.95,,S
2216,0,1,"Thomas, Mr. James",male,9.8,0,0,T69802,89.78,G119,S
2217,0,1,"Thomas, Mr. Edward",male,,1,0,T388183,42.77,A135,S
2218,0,1,"Thomas, Mr. John",male,51.3,1,0,T840708,109.82,,S
2219,0,2,"Williams, Mr. Richard",male,54.3,0,0,T157086,18.42,,S
2220,0,3,"Thomas, Mrs. Annie",female,50.2,1,6,T503684,6.06,,Q
2221,1,3,"Brown, Mrs. Edith",female,61.9,0,0,T537815,8.96,,C
2222,0,3,"Johnson, Mr. Edward",male,38.1,1,0,T971522,17.83,B75,S
2223,0,2,"Williams, Mrs. Mary",female,37.1,0,1,T637971,14.04,E122,S
2224,1,3,"Davis, Mrs. Lily",female,16.5,1,0,T970960,9.35,B113,C
2225,0,3,"Smith, Mr. John",male,21.3,0,0,T773160,12.69,E46,Q
2226,0,3,"Jones, Mr. Charles",male,0.9,0,0,T272626,17.03,,S
2227,0,3,"Jones, Mrs. Emma",female,,1,0,T189335,6.16,,C
2228,1,1,"Brown, Mrs. Emma",female,0.5,1,1,T794816,27.43,A115,S
2229,0,1,"Davis, Mr. Richard",male,45.4,0,0,T808096,69.29,,S
2230,1,1,"Johnson, Mr. James",male,35.3,1,0,T941867,108.5,,S
2231,1,1,"Williams, Mrs. Clara",female,0.5,0,2,T155349,51.97,D70,Q
2232,0,3,"Thomas, Mr. Robert",male,,0,0,T985739,19.98,F119,S
2233,1,1,"Miller, Miss. Dorothy",female,,0,0,T187002,119.04,,C
2234,0,3,"Moore, Miss. Lily",female,,0,0,T603413,10.48,,Q
2235,1,3,"Davis, Miss. Mary",female,15.2,0,2,T994886,7.48,,C
2236,1,3,"Anderson, Miss. Clara",female,3.8,1,1,T138896,11.93,G131,S
2237,0,3,"Taylor, Master. William",male,4.2,1,0,T298834,12.09,,S
2238,0,2,"Williams, Mrs. Clara",female,37.5,0,3,T724931,23.18,A5,S
2239,1,3,"Anderson, Mr. Henry",male,23.4,0,0,T768472,16.2,,S
2240,1,1,"Wilson, Miss. Emma",female,24.6,0,4,T680670,47.61,,S
2241,0,3,"Taylor, Mr. Henry",male,23.5,0,1,T181047,13.84,,C
2242,0,3,"Moore, Mr. Robert",male,27.7,0,2,T875875,13.08,,S
2243,0,3,"Smith, Mr. James",male,11.9,0,0,T726431,23.28,,S
2244,1,2,"Wilson, Mrs. Florence",female,34.3,2,0,T674649,48.98,,C
2245,0,3,"Jones, Mr. Charles",male,9.1,1,0,T828253,11.6,F85,S
2246,0,1,"Anderson, Mr. George",male,,1,0,T496287,129.12,,C
2247,1,1,"Thomas, Miss. Alice",female,,0,0,T614174,47.37,,C
2248,0,3,"Wilson, Mrs. Florence",female,35.2,1,0,T993720,16.55,,S
2249,0,2,"Miller, Mr. William",male,39.6,2,1,T653929,20.15,,C
2250,0,3,"Smith, Mr. Henry",male,60.9,0,0,T581913,6.81,,S
2251,0,1,"Thomas, Mr. Henry",male,28.8,0,0,T878327,59.58,,C
2252,1,3,"Taylor, Miss. Edith",female,,1,0,T980555,4.82,,Q
2253,1,3,"Thomas, Miss. Lily",female,25.9,0,0,T523419,8.9,,S
2254,0,3,"Miller, Mrs. Dorothy",female,23.3,0,1,T155700,16.5,,S
2255,0,3,"Anderson, Mr. George",male,,0,0,T218639,12.3,E142,Q
2256,0,3,"Miller, Mr. Richard",male,30.9,0,0,T455709,14.8,D57,S
2257,1,2,"Taylor, Mrs. Alice",female,,0,0,T624808,19.64,C86,S
2258,0,3,"Miller, Mr. John",male,35.7,8,0,T324077,7.9,,C
2259,1,1,"Moore, Mr. Henry",male,30.6,0,0,T935108,29.21,,S
2260,0,1,"Thomas, Mr. William",male,,0,0,T569261,178.57,B13,Q
2261,1,2,"Williams, Miss. Annie",female,30.1,1,0,T341706,26.01,,S
2262,0,3,"Anderson, Miss. Dorothy",female,23.8,0,1,T554702,11.49,,S
2263,0,3,"Smith, Mr. Thomas",male,16.3,1,0,T599666,6.57,,Q
2264,1,3,"Williams, Miss. Clara",female,7.2,1,0,T811742,14.93,,S
2265,0,3,"Thomas, Mr. John",male,50.9,0,2,T583662,9.29,G144,S
2266,1,1,"Williams, Mr. George",male,19.6,0,1,T790901,192.74,A48,S
2267,0,3,"Davis, Mr. John",male,16.3,0,0,T23179,3.72,,S
2268,1,1,"Taylor, Mr. William",male,23.6,2,0,T597250,65.42,,S
2269,0,3,"Jones, Mr. Charles",male,25.7,0,2,T98721,9.76,,S
2270,0,2,"Davis, Miss. Clara",female,,0,0,T873613,13.16,B91,C
2271,0,3,"Thomas, Master. Richard",male,24.9,2,0,T663126,4.95,,S
2272,1,2,"Jones, Mr. George",male,67.9,0,2,T573650,19.54,,C
2273,0,1,"Smith, Mr. Charles",male,30.6,0,0,T235284,49.11,E36,S
2274,0,2,"Wilson, Mr. John",male,59.5,1,0,T23400,20.46,,S
2275,1,1,"Moore, Mr. Edward",male,42.7,0,0,T718367,49.24,,S
2276,0,1,"Moore, Mr. Charles",male,34.9,1,3,T592862,97.81,,S
2277,1,1,"Taylor, Miss. Lily",female,52.6,1,2,T537187,56.08,,S
2278,0,3,"Jones, Mrs. Alice",female,46.0,0,0,T486200,5.53,,S
2279,1,3,"Thomas, Mrs. Alice",female,,0,0,T205259,16.9,,S
2280,0,3,"Jones, Mr. Thomas",male,63.3,1,1,T30565,5.54,,S
2281,1,3,"Williams, Mrs. Edith",female,22.5,0,1,T69810,7.41,,S
2282,0,3,"Moore, Mr. James",male,15.3,1,0,T155690,7.56,,Q
2283,0,3,"Smith, Mr. John",male,19.9,0,0,T605211,14.57,C38,C
2284,0,3,"Moore, Mr. Thomas",male,55.1,0,0,T977072,15.97,G11,S
2285,0,2,"Williams, Mr. Richard",male,50.7,0,0,T421799,21.69,,C
2286,1,3,"Johnson, Mrs. Lily",female,22.1,0,0,T442281,8.17,,S
2287,0,1,"Thomas, Mr. Edward",male,0.5,0,0,T116867,73.13,,S
2288,0,3,"Davis, Mr. Edward",male,26.7,1,1,T550123,8.54,,S
2289,0,3,"Thomas, Mr. Richard",male,15.0,0,0,T736291,5.49,,C
2290,0,2,"Miller, Mrs. Annie",female,22.5,0,0,T861655,26.23,F29,S
2291,1,3,"Thomas, Mrs. Clara",female,,0,0,T693185,11.71,,S
2292,1,1,"Wilson, Mr. William",male,6.4,0,0,T41861,30.07,,S
2293,1,1,"Davis, Mrs. Alice",female,,0,0,T64991,98.83,A139,C
2294,1,1,"Brown, Mrs. Beatrice",female,,1,0,T264625,55.56,,S
2295,0,3,"Moore, Mr. William",male,50.2,0,0,T19823,10.4,,S
2296,0,3,"Miller, Mr. William",male,26.5,0,0,T502783,12.7,C44,Q
2297,0,3,"Smith, Mr. Charles",male,13.3,0,1,T819245,20.58,G143,Q
2298,0,1,"Brown, Mr. Thomas",male,,0,0,T454898,59.85,,Q
2299,0,3,"Wilson, Mrs. Beatrice",female,24.0,0,1,T928159,18.75,,C
2300,1,3,"Anderson, Mr. Henry",male,26.7,0,0,T948671,10.11,,S
2301,1,1,"Jones, Mr. Richard",male,,0,0,T951448,27.92,,Q
2302,1,3,"Moore, Mrs. Lily",female,17.9,1,0,T721349,9.56,,C
2303,1,1,"Moore, Mr. Henry",male,,1,3,T894382,149.17,C146,S
2304,0,1,"Johnson, Mr. George",male,29.0,1,0,T716962,176.88,,C
2305,0,3,"Jones, Mr. Richard",male,43.7,1,0,T236282,34.98,,S
2306,0,3,"Brown, Master. James",male,16.6,2,0,T738225,18.14,,S
2307,0,1,"Smith, Mr. Richard",male,31.9,0,1,T380237,53.53,,S
2308,0,1,"Wilson, Miss. Edith",female,51.5,4,0,T629215,100.19,A135,S
2309,0,1,"Jones, Mr. Edward",male,28.4,1,0,T665959,31.12,,S
2310,1,1,"Anderson, Miss. Florence",female,30.9,0,0,T132910,57.55,,S
2311,0,1,"Williams, Mr. William",male,,1,0,T482243,46.73,,S
2312,0,2,"Brown, Mr. Richard",male,19.8,1,0,T735815,16.88,,S
2313,0,3,"Wilson, Mrs. Emma",female,15.3,0,2,T241110,7.93,,C
2314,1,2,"Jones, Mr. Robert",male,15.4,1,2,T999995,26.63,,S
2315,1,3,"Miller, Miss. Florence",female,35.0,0,0,T795806,4.29,,S
2316,1,3,"Smith, Miss. Mary",female,40.7,1,0,T796881,13.68,G9,S
2317,1,1,"Taylor, Mr. Charles",male,41.4,0,0,T762254,108.32,,C
2318,1,1,"Brown, Mr. Henry",male,24.2,0,0,T168438,32.38,D1,S
2319,0,3,"Moore, Miss. Clara",female,45.6,4,0,T754051,22.13,,Q
2320,1,1,"Wilson, Mrs. Mary",female,34.2,0,0,T793829,41.61,,S
2321,0,1,"Johnson, Mr. George",male,30.7,1,0,T767527,191.83,,C
2322,0,1,"Thomas, Mr. John",male,0.5,1,0,T452328,85.9,,S
2323,0,3,"Moore, Mr. Thomas",male,17.8,1,1,T235084,8.82,,S
2324,0,3,"Thomas, Mr. Robert",male,7.6,1,1,T687117,11.16,,S
2325,0,3,"Jones, Mrs. Clara",female,38.8,2,0,T817307,13.25,G144,S
2326,0,3,"Thomas, Mr. Thomas",male,31.1,0,0,T49027,14.05,B117,S
2327,1,2,"Wilson, Mr. George",male,14.2,0,2,T144770,12.66,,S
2328,1,2,"Johnson, Mr. Thomas",male,34.1,2,0,T925085,56.13,A100,S
2329,0,2,"Williams, Mr. John",male,9.1,0,2,T69681,22.61,,S
2330,0,1,"Jones, Mr. James",male,14.6,0,0,T815101,43.29,,S
2331,1,1,"Moore, Mr. Richard",male,19.4,1,0,T879182,161.66,D116,S
2332,0,1,"Davis, Mr. Richard",male,,2,0,T395101,95.4,B50,S
2333,0,1,"Williams, Mr. Henry",male,50.0,2,2,T54369,130.96,,C
2334,0,2,"Davis, Mr. George",male,21.2,0,0,T546610,15.2,,C
2335,0,2,"Moore, Mr. Edward",male,48.9,1,2,T882510,11.65,,C
2336,1,3,"Moore, Miss. Beatrice",female,30.4,0,0,T894560,7.37,,Q
2337,0,3,"Taylor, Mrs. Lily",female,33.1,0,0,T287167,21.68,,S
2338,0,3,"Thomas, Mr. Charles",male,28.8,0,0,T181180,9.08,,S
2339,0,2,"Taylor, Mr. Charles",male,26.8,0,0,T584166,15.63,,S
2340,1,3,"Thomas, Miss. Annie",female,36.1,4,0,T665061,12.15,,Q
2341,0,2,"Smith, Mr. James",male,40.4,1,0,T587456,55.62,,S
2342,1,1,"Anderson, Mrs. Beatrice",female,16.9,0,2,T790318,49.24,,S
2343,1,1,"Moore, Miss. Mary",female,27.0,0,0,T515372,30.3,A13,S
2344,0,3,"Jones, Mr. Edward",male,53.9,0,0,T326696,14.78,C104,S
2345,0,3,"Johnson, Mr. Charles",male,32.3,0,1,T647151,8.91,,S
2346,0,1,"Miller, Mr. Robert",male,33.9,1,0,T389102,78.03,,S
2347,0,1,"Brown, Mr. Edward",male,46.6,4,0,T987157,137.0,,S
2348,0,2,"Moore, Miss. Emma",female,,0,0,T920884,17.52,,S
2349,1,1,"Brown, Miss. Alice",female,29.2,0,0,T511904,48.69,,Q
2350,0,2,"Miller, Mr. James",male,41.5,2,0,T283390,20.02,,S
2351,0,1,"Davis, Mr. Robert",male,47.7,0,0,T916526,37.81,,S
2352,0,3,"Anderson, Mr. Robert",male,0.5,0,1,T241481,7.85,A67,S
2353,0,2,"Wilson, Mr. Thomas",male,,0,1,T890020,34.61,,S
2354,0,2,"Jones, Mr. Edward",male,15.2,0,0,T237457,24.36,,
2355,1,1,"Johnson, Miss. Edith",female,27.9,0,2,T15382,68.38,,S
2356,0,2,"Jones, Mr. George",male,16.3,0,0,T682917,10.77,,S
2357,0,3,"Miller, Mr. Thomas",male,39.3,3,0,T898835,16.35,D118,S
2358,0,2,"Miller, Mr. Thomas",male,32.2,0,0,T114410,26.55,,C
2359,0,3,"Johnson, Mr. Henry",male,,0,0,T69890,7.69,,C
2360,0,3,"Miller, Mr. Richard",male,43.5,0,0,T334908,10.08,,C
2361,0,3,"Jones, Mr. Richard",male,39.5,0,0,T836335,10.78,,C
2362,0,3,"Johnson, Mr. James",male,,1,0,T789860,3.56,,S
2363,0,3,"Williams, Miss. Alice",female,31.2,0,0,T155506,8.93,,S
2364,0,3,"Thomas, Mr. Edward",male,23.0,0,4,T883160,5.87,D119,C
2365,0,1,"Miller, Master. Edward",male,,0,0,T620395,62.28,,S
2366,1,3,"Thomas, Miss. Edith",female,43.5,0,0,T298245,12.04,,S
2367,0,3,"Smith, Miss. Lily",female,28.5,0,0,T95641,10.91,,C
2368,0,3,"Thomas, Mr. George",male,7.9,0,1,T544897,24.69,G99,S
2369,0,3,"Wilson, Mr. Robert",male,37.5,5,1,T528870,15.38,,S
2370,0,3,"Brown, Mrs. Emma",female,26.5,0,0,T677287,4.9,,S
2371,0,3,"Moore, Mr. James",male,0.5,2,0,T250952,9.81,,S
2372,0,3,"Jones, Mr. Richard",male,,0,1,T699647,10.94,,S
2373,0,3,"Anderson, Master. William",male,19.5,1,0,T435603,18.25,,S
2374,0,3,"Moore, Mr. James",male,32.8,2,1,T436159,13.45,,S
2375,0,3,"Smith, Mr. Henry",male,41.1,0,0,T581607,12.9,,S
2376,0,3,"Taylor, Mr. Robert",male,40.6,0,0,T498505,14.79,,S
2377,1,3,"Thomas, Miss. Clara",female,38.4,0,0,T828560,3.47,,S
2378,0,3,"Smith, Mrs. Dorothy",female,29.2,0,0,T581748,6.22,,S
2379,1,2,"Moore, Mrs. Beatrice",female,54.7,0,4,T91089,21.93,,S
2380,0,1,"Miller, Master. William",male,39.8,0,1,T769591,121.69,,Q
2381,0,3,"Thomas, Mr. Henry",male,,0,1,T892223,7.4,,S
2382,0,3,"Miller, Mrs. Florence",female,37.9,0,0,T618436,11.23,,S
2383,0,2,"Moore, Mr. George",male,23.9,1,0,T657429,30.87,G22,S
2384,0,1,"Wilson, Mr. Thomas",male,28.9,0,0,T156317,81.99,,S
2385,0,3,"Johnson, Mr. John",male,0.5,1,6,T46598,16.74,,C
2386,0,3,"Anderson, Mr. George",male,24.1,1,0,T606029,6.77,,S
2387,0,3,"Thomas, Mr. Richard",male,55.2,0,0,T412467,15.85,,S
2388,1,3,"Brown, Mr. Henry",male,31.9,0,0,T214564,6.06,,S
2389,0,2,"Jones, Miss. Beatrice",female,31.2,1,0,T990632,16.87,,S
2390,1,2,"Wilson, Mr. Robert",male,44.2,0,0,T763205,16.73,D93,S
2391,0,1,"Anderson, Mrs. Dorothy",female,,0,0,T175319,88.65,,S
2392,0,3,"Smith, Mrs. Annie",female,18.3,0,0,T461187,29.38,F148,S
2393,1,1,"Anderson, Mr. John",male,30.0,1,0,T650538,134.59,,S
2394,0,3,"Taylor, Mrs. Florence",female,,0,0,T979805,11.89,C2,S
2395,0,3,"Brown, Miss. Lily",female,32.4,0,0,T556435,4.54,,S
2396,0,3,"Brown, Mr. John",male,,0,0,T255869,12.86,,S
2397,0,3,"Miller, Mr. Charles",male,,1,0,T658967,34.66,,S
2398,0,1,"Smith, Mr. William",male,22.3,5,2,T756458,91.33,,S
2399,0,3,"Smith, Mr. James",male,,1,0,T974050,28.54,,C
2400,0,1,"Davis, Master. George",male,,0,0,T810733,38.13,C14,S
2401,1,1,"Davis, Mr. John",male,35.0,0,0,T986859,87.65,,Q
2402,0,2,"Thomas, Mr. Thomas",male,,0,0,T609258,28.83,,C
2403,0,1,"Brown, Mr. John",male,22.1,0,0,T841420,52.6,,S
2404,0,3,"Jones, Master. Henry",male,31.2,0,1,T774541,10.08,,S
2405,0,3,"Anderson, Mr. Henry",male,,2,0,T482868,19.12,,S
2406,1,1,"Davis, Mrs. Clara",female,0.5,0,0,T597691,104.39,,S
2407,1,1,"Johnson, Mr. Robert",male,38.6,2,3,T407954,40.66,,S
2408,1,3,"Anderson, Miss. Alice",female,,1,0,T897472,5.42,A90,C
2409,0,3,"Smith, Mr. Richard",male,22.5,0,0,T699947,16.79,D81,S
2410,0,2,"Moore, Mr. Thomas",male,19.8,0,0,T432354,42.99,,Q
2411,0,3,"Johnson, Mr. Thomas",male,,1,0,T590197,8.8,,Q
2412,0,3,"Jones, Mr. Henry",male,,0,0,T267498,13.66,,S
2413,1,3,"Williams, Miss. Annie",female,21.9,3,0,T86502,3.06,,Q
2414,0,1,"Williams, Mr. John",male,53.7,0,2,T914018,52.3,,S
2415,0,3,"Smith, Mr. Richard",male,38.7,0,0,T63560,40.85,,S
2416,0,3,"Taylor, Mr. Thomas",male,32.6,1,0,T505756,11.03,C144,S
2417,0,3,"Jones, Mr. Thomas",male,27.3,1,0,T211977,23.17,,S
2418,0,3,"Brown, Miss. Alice",female,47.0,0,0,T487149,6.56,B49,S
2419,0,3,"Jones, Mr. Charles",male,49.1,0,0,T173496,6.04,,S
2420,1,1,"Thomas, Miss. Florence",female,12.9,0,0,T643969,176.48,,Q
2421,0,3,"Wilson, Mr. John",male,19.5,0,0,T697725,7.86,D103,Q
2422,0,3,"Taylor, Mr. Richard",male,38.9,0,0,T526935,11.78,F41,S
2423,1,3,"Smith, Mr. George",male,43.3,1,0,T261036,16.5,A16,S
2424,0,1,"Miller, Mr. Robert",male,25.3,1,0,T931514,169.14,,S
2425,0,2,"Davis, Mrs. Mary",female,18.9,1,0,T615489,14.41,,C
2426,1,3,"Johnson, Mr. Edward",male,30.8,0,1,T270657,17.59,E105,S
2427,0,3,"Anderson, Mr. William",male,51.1,1,2,T100926,12.44,F40,S
2428,1,1,"Davis, Mrs. Alice",female,,3,0,T323399,127.47,,S
2429,0,3,"Anderson, Mr. George",male,11.4,0,0,T18336,7.8,,C
2430,0,1,"Davis, Mr. Henry",male,31.3,1,0,T877356,173.67,,S
2431,0,3,"Wilson, Mr. James",male,41.0,0,4,T909127,7.94,,S
2432,0,3,"Smith, Mr. Henry",male,28.2,0,0,T44023,10.36,C143,S
2433,0,1,"Moore, Mr. James",male,47.9,0,0,T774979,89.83,F5,S
2434,0,3,"Smith, Mr. Edward",male,42.3,0,0,T614079,3.46,,Q
2435,1,3,"Williams, Mrs. Alice",female,28.8,1,0,T472709,6.25,,C
2436,0,2,"Taylor, Mr. Robert",male,30.3,0,0,T549137,13.59,,S
2437,0,3,"Anderson, Miss. Annie",female,3.0,2,0,T369712,11.01,,S
2438,0,2,"Moore, Mr. Charles",male,,3,0,T268234,26.73,A102,S
2439,0,3,"Jones, Mr. Charles",male,,3,1,T221692,6.52,,Q
2440,0,2,"Wilson, Miss. Clara",female,23.9,0,0,T463286,28.85,,S
2441,0,2,"Smith, Mrs. Florence",female,21.7,0,6,T292166,13.32,,S
2442,0,2,"Anderson, Mr. George",male,36.3,0,0,T454402,11.1,,S
2443,1,1,"Thomas, Mr. Thomas",male,,2,1,T750898,63.53,,C
2444,1,3,"Smith, Mrs. Beatrice",female,15.4,0,0,T20014,9.15,,Q
2445,1,2,"Smith, Miss. Beatrice",female,28.9,0,0,T826153,25.34,,S
2446,1,2,"Wilson, Mrs. Lily",female,20.6,0,0,T797179,18.05,C64,S
2447,0,3,"Moore, Master. William",male,34.6,4,0,T365039,17.55,D105,Q
2448,0,3,"Taylor, Mr. Richard",male,,3,0,T910400,15.12,G111,S
2449,0,3,"Taylor, Mr. William",male,52.8,0,2,T404555,18.19,,S
2450,0,3,"Johnson, Mrs. Alice",female,,0,0,T165888,13.39,D105,S
2451,0,3,"Brown, Mr. Charles",male,39.6,0,2,T805441,8.97,E147,S
2452,1,1,"Johnson, Mr. William",male,20.9,1,0,T51081,132.96,,S
2453,1,3,"Johnson, Miss. Lily",female,64.6,0,0,T17867,19.64,,S
2454,0,3,"Williams, Mr. William",male,23.3,0,0,T218258,8.33,,Q
2455,1,2,"Davis, Miss. Florence",female,19.3,1,0,T693667,21.69,,S
2456,1,2,"Williams, Mr. Thomas",male,39.9,0,0,T201415,19.72,F5,S
2457,1,1,"Anderson, Mr. Thomas",male,32.5,0,0,T568964,19.7,,S
2458,1,1,"Williams, Mr. Charles",male,17.8,0,2,T130494,102.46,B28,C
2459,0,3,"Jones, Mr. John",male,61.5,1,0,T579345,12.81,,S
2460,0,3,"Thomas, Mr. William",male,43.8,1,0,T166902,15.31,,S
2461,0,3,"Jones, Mr. Richard",male,,0,0,T817927,5.69,,C
2462,1,3,"Moore, Mr. Henry",male,64.5,1,0,T993614,18.34,,C
2463,1,2,"Taylor, Miss. Dorothy",female,,1,0,T949372,23.58,,S
2464,0,1,"Anderson, Mr. John",male,29.5,2,3,T207836,141.7,D119,S
2465,0,3,"Wilson, Mr. George",male,62.8,1,0,T344812,20.64,F52,S
2466,0,2,"Davis, Mr. Richard",male,,1,4,T422094,17.28,,S
2467,0,2,"Moore, Mr. William",male,38.6,0,1,T337986,25.14,E132,S
2468,0,3,"Anderson, Miss. Edith",female,24.1,0,0,T495445,15.7,,S
2469,0,3,"Moore, Mr. Thomas",male,30.4,0,0,T658745,2.95,D109,S
2470,0,1,"Johnson, Mr. Henry",male,23.7,0,0,T949271,66.31,F36,S
2471,1,3,"Miller, Mrs. Emma",female,50.6,0,1,T653865,15.71,,C
2472,0,3,"Miller, Mr. John",male,6.4,0,0,T801477,10.33,,C
2473,0,1,"Jones, Mr. Robert",male,49.5,0,0,T806745,71.36,,C
2474,1,3,"Johnson, Mrs. Beatrice",female,17.0,1,0,T988853,8.73,,C
2475,1,2,"Smith, Mrs. Dorothy",female,,0,0,T177095,23.88,,Q
2476,0,3,"Thomas, Mr. William",male,25.4,0,1,T493179,12.28,,S
2477,0,3,"Thomas, Mr. George",male,22.2,0,0,T586576,7.07,,S
2478,0,3,"Davis, Miss. Dorothy",female,39.7,0,0,T794193,9.23,D2,S
2479,0,2,"Miller, Mr. Henry",male,,0,0,T197562,28.1,,S
2480,1,1,"Davis, Mrs. Emma",female,20.0,1,0,T463154,74.29,,S
2481,1,1,"Davis, Miss. Dorothy",female,31.9,1,2,T769542,46.54,,S
2482,1,3,"Williams, Miss. Lily",female,19.6,0,0,T753104,24.97,,S
2483,0,1,"Moore, Mr. Robert",male,21.9,0,0,T37843,67.63,,S
2484,0,2,"Davis, Mr. Richard",male,8.0,0,0,T210066,21.42,E54,S
2485,1,1,"Moore, Mr. Richard",male,23.2,3,0,T182119,96.48,,S
2486,0,2,"Davis, Master. Edward",male,36.9,1,0,T640070,12.12,,S
2487,1,1,"Taylor, Mrs. Florence",female,30.2,1,0,T100879,91.22,,C
2488,0,3,"Williams, Mr. Richard",male,56.0,0,0,T325728,17.54,D1,S
2489,0,1,"Taylor, Mr. George",male,67.6,0,0,T216746,83.07,B102,S
2490,1,2,"Taylor, Miss. Mary",female,23.0,0,1,T795560,26.45,F127,S
2491,0,3,"Wilson, Master. Edward",male,17.6,0,0,T46154,5.8,,S
2492,0,3,"Wilson, Mr. Henry",male,46.1,1,0,T28899,13.06,,S
2493,1,1,"Anderson, Mr. John",male,34.6,0,0,T823606,60.76,,S
2494,0,1,"Johnson, Master. Edward",male,46.2,1,0,T867963,112.67,,S
2495,0,3,"Jones, Miss. Alice",female,,0,0,T228037,6.09,E115,S
2496,0,2,"Jones, Mrs. Edith",female,,0,0,T487490,25.32,,Q
2497,0,3,"Jones, Mr. Edward",male,,1,0,T943405,6.53,,C
2498,0,2,"Williams, Mr. John",male,36.0,0,1,T912085,35.49,C140,S
2499,1,2,"Johnson, Mrs. Alice",female,26.6,0,0,T951338,11.01,C117,S
2500,0,3,"Johnson, Miss. Dorothy",female,47.4,1,1,T911252,22.39,,S
2501,1,3,"Jones, Mr. Edward",male,10.8,0,0,T985513,3.65,E148,C
2502,0,3,"Miller, Mrs. Alice",female,47.3,1,0,T667315,18.56,,S
2503,1,1,"Thomas, Mr. James",male,,2,0,T845466,49.72,,S
2504,0,3,"Jones, Master. William",male,31.8,0,0,T171525,3.12,C77,S
2505,1,1,"Williams, Miss. Lily",female,,1,0,T14969,18.61,E11,S
2506,0,3,"Miller, Mr. Thomas",male,7.7,1,2,T254919,6.57,,S
2507,1,3,"Moore, Master. Henry",male,0.5,0,0,T628902,8.53,,S
2508,0,2,"Anderson, Mr. John",male,13.8,1,0,T70290,44.76,,S
2509,0,3,"Smith, Mr. Thomas",male,30.4,0,1,T811265,4.79,,S
2510,0,3,"Wilson, Mr. George",male,21.0,0,1,T166878,5.66,C17,S
2511,0,3,"Miller, Mr. William",male,14.6,4,0,T87753,6.85,,S
2512,0,3,"Johnson, Mr. George",male,49.3,0,0,T273723,34.51,A116,S
2513,0,1,"Taylor, Mr. Edward",male,11.8,0,0,T645124,101.41,,S
2514,1,1,"Moore, Miss. Florence",female,39.5,0,0,T22888,127.9,,S
2515,0,2,"Moore, Mr. William",male,16.8,0,1,T675935,16.38,G37,C
2516,0,1,"Smith, Miss. Emma",female,13.4,0,0,T696586,40.87,,S
2517,0,3,"Moore, Mr. Thomas",male,20.9,0,1,T405359,9.28,A79,S
2518,1,3,"Miller, Mrs. Lily",female,38.7,0,0,T770857,9.13,,S
2519,1,3,"Thomas, Miss. Clara",female,9.8,0,0,T279380,6.1,,S
2520,0,2,"Taylor, Mr. George",male,33.9,1,0,T634137,19.33,,S
2521,0,3,"Taylor, Mr. Henry",male,,0,0,T78682,27.38,,S
2522,1,3,"Jones, Miss. Annie",female,18.4,0,0,T164976,3.86,F58,Q
2523,0,3,"Johnson, Mr. Robert",male,35.5,0,1,T559851,6.93,,S
2524,0,1,"Anderson, Mr. John",male,,0,0,T260424,35.52,,C
2525,0,3,"Davis, Mr. William",male,16.5,1,0,T358495,14.45,,C
2526,0,2,"Davis, Mr. William",male,,0,0,T229137,18.94,,S
2527,1,2,"Anderson, Mrs. Alice",female,25.2,0,1,T119212,27.97,,S
2528,0,2,"Thomas, Mrs. Mary",female,22.8,0,0,T338577,22.46,,S
2529,0,3,"Smith, Mr. Robert",male,45.2,0,2,T598373,10.83,,C
2530,0,3,"Thomas, Master. Henry",male,17.5,1,4,T745818,12.89,,S
2531,0,3,"Wilson, Mr. James",male,,1,0,T251058,25.59,,S
2532,0,3,"Taylor, Master. Edward",male,36.4,0,0,T731759,9.89,F107,S
2533,1,1,"Davis, Mrs. Clara",female,52.8,1,0,T856820,73.91,,C
2534,1,3,"Miller, Mrs. Florence",female,40.6,0,0,T348798,8.74,,C
2535,0,3,"Smith, Mr. Richard",male,9.3,1,0,T10959,12.74,,S
2536,1,1,"Wilson, Mr. John",male,,2,0,T805780,120.97,,S
2537,0,3,"Anderson, Mr. Richard",male,43.9,2,0,T149226,4.01,,S
2538,0,1,"Wilson, Mrs. Edith",female,52.6,0,0,T393794,90.93,F130,S
2539,0,3,"Johnson, Mr. James",male,33.0,0,0,T757723,19.63,F102,S
2540,1,2,"Davis, Mr. Charles",male,21.3,0,0,T684695,31.07,,C
2541,1,2,"Moore, Miss. Lily",female,,0,0,T184204,32.36,,C
2542,0,3,"Johnson, Miss. Alice",female,28.6,0,1,T613778,8.75,C92,C
2543,0,1,"Johnson, Mrs. Beatrice",female,20.9,0,0,T338927,169.5,,S
2544,1,2,"Williams, Mr. Edward",male,18.5,0,0,T932389,50.28,,S
2545,0,2,"Johnson, Mr. George",male,12.4,0,0,T507982,59.1,,S
2546,0,2,"Thomas, Mr. James",male,70.8,0,0,T758827,12.54,,C
2547,0,3,"Thomas, Mrs. Florence",female,50.3,0,0,T293865,34.23,,C
2548,0,3,"Davis, Miss. Beatrice",female,20.2,0,0,T377148,21.78,,S
2549,1,3,"Anderson, Miss. Alice",female,54.8,1,0,T368292,13.56,,S
2550,0,3,"Anderson, Mr. Charles",male,37.4,2,0,T213466,9.55,,S
2551,1,2,"Williams, Miss. Clara",female,,1,2,T787242,28.82,,C
2552,1,1,"Anderson, Mr. Robert",male,19.3,0,0,T105338,23.8,D120,C
2553,0,3,"Taylor, Mr. John",male,22.2,0,2,T617494,9.18,,C
2554,0,3,"Jones, Mr. Richard",male,,1,2,T871925,5.8,,C
2555,1,2,"Moore, Mrs. Edith",female,,0,1,T326778,14.29,,S
2556,0,2,"Thomas, Mr. Edward",male,,0,2,T430680,15.76,,Q
2557,0,3,"Davis, Miss. Edith",female,29.8,0,0,T760894,4.3,,S
2558,1,3,"Johnson, Mrs. Edith",female,48.7,0,4,T511039,5.33,,S
2559,0,3,"Smith, Mr. John",male,20.8,1,1,T66442,4.11,,S
2560,0,1,"Taylor, Miss. Lily",female,41.5,1,0,T478833,325.31,,Q
2561,0,3,"Thomas, Mr. Edward",male,0.5,0,0,T177290,15.41,,S
2562,0,1,"Davis, Mr. James",male,46.6,0,0,T823354,60.2,,Q
2563,0,3,"Taylor, Mr. Thomas",male,16.6,0,0,T298793,13.41,,S
2564,0,3,"Williams, Miss. Lily",female,31.6,1,1,T503381,15.82,,S
2565,1,3,"Moore, Mr. James",male,35.6,2,0,T851035,7.45,,S
2566,1,1,"Johnson, Mrs. Clara",female,32.7,1,0,T845449,65.67,,S
2567,1,3,"Smith, Miss. Alice",female,28.2,1,0,T46604,8.29,,S
2568,0,3,"Miller, Mr. Charles",male,,0,0,T753673,14.25,,S
2569,0,3,"Taylor, Mr. William",male,16.8,0,0,T947892,6.69,E118,C
2570,0,2,"Miller, Miss. Clara",female,44.1,0,0,T189832,30.21,,S
2571,0,1,"Williams, Mr. Henry",male,21.0,2,0,T603969,64.13,,S
2572,1,3,"Smith, Miss. Annie",female,28.2,1,0,T230459,24.26,,S
2573,1,3,"Wilson, Miss. Alice",female,8.1,0,0,T518647,5.01,,S
2574,0,3,"Taylor, Mr. Edward",male,,0,0,T496526,15.15,,S
2575,0,2,"Williams, Mrs. Lily",female,10.6,0,0,T36486,29.69,,S
2576,0,2,"Johnson, Mr. Charles",male,,0,0,T785680,17.62,,S
2577,1,3,"Miller, Mrs. Lily",female,,0,1,T575538,14.85,D5,S
2578,0,3,"Anderson, Mr. George",male,,1,0,T896083,17.39,,C
2579,1,1,"Taylor, Miss. Emma",female,,1,0,T823489,157.5,C74,Q
2580,0,1,"Davis, Master. Henry",male,21.6,0,0,T749015,86.44,,C
2581,1,3,"Williams, Mrs. Lily",female,,1,0,T896337,29.73,,S
2582,1,1,"Brown, Mr. James",male,,0,0,T949531,76.95,,S
2583,0,3,"Davis, Mr. William",male,24.5,0,1,T43906,21.7,A57,S
2584,0,2,"Williams, Mr. John",male,42.9,0,0,T22487,20.63,,C
2585,1,3,"Moore, Miss. Annie",female,8.2,1,1,T564234,7.36,,S
2586,0,2,"Taylor, Mr. George",male,,0,1,T612280,14.51,,S
2587,1,3,"Taylor, Mrs. Alice",female,46.5,1,1,T655563,10.73,,S
2588,0,1,"Wilson, Mrs. Dorothy",female,17.6,1,0,T719022,41.25,,S
2589,0,3,"Wilson, Miss. Lily",female,42.2,0,0,T709988,9.32,,S
2590,1,1,"Taylor, Mr. George",male,30.4,0,0,T949742,40.87,,S
2591,1,3,"Taylor, Mrs. Annie",female,12.8,0,2,T322607,22.18,F90,S
2592,0,3,"Williams, Mr. John",male,,0,0,T845310,3.53,B38,S
2593,1,3,"Taylor, Miss. Clara",female,23.8,0,0,T679778,9.25,,C
2594,0,3,"Jones, Miss. Clara",female,14.1,0,0,T148414,11.93,,C
2595,0,3,"Jones, Mr. Edward",male,14.5,0,2,T872429,22.81,,S
2596,0,3,"Miller, Mr. George",male,4.6,0,1,T792962,12.12,B75,C
2597,0,3,"Anderson, Mr. Richard",male,35.5,0,0,T829272,5.05,A26,C
2598,0,3,"Brown, Mr. John",male,16.1,1,0,T906657,13.97,F63,S
2599,1,2,"Smith, Miss. Clara",female,,1,0,T108927,24.31,,S
2600,1,3,"Brown, Mr. Charles",male,27.1,0,0,T791260,21.89,,Q
2601,1,1,"Davis, Mrs. Florence",female,16.0,4,0,T493515,36.4,,S
2602,0,2,"Brown, Mr. William",male,7.6,0,1,T730669,21.98,,S
2603,0,1,"Davis, Miss. Dorothy",female,66.4,3,3,T431358,79.9,,Q
2604,1,2,"Thomas, Mrs. Mary",female,,1,0,T855596,42.62,,S
2605,0,3,"Davis, Miss. Emma",female,,0,0,T487363,3.83,F38,Q
2606,0,3,"Jones, Mr. John",male,46.6,0,0,T386626,18.9,,S
2607,0,3,"Williams, Mr. James",male,25.0,0,0,T914349,13.83,C148,S
2608,1,3,"Anderson, Mr. Charles",male,32.3,2,0,T579070,31.93,,Q
2609,0,3,"Moore, Master. James",male,31.9,0,0,T491092,10.33,G20,S
2610,0,3,"Johnson, Mr. Thomas",male,56.4,0,0,T225619,6.08,,S
2611,0,2,"Williams, Mrs. Clara",female,41.7,0,0,T179649,24.47,,C
2612,0,3,"Anderson, Mr. Thomas",male,18.0,1,0,T628042,8.55,,S
2613,0,3,"Davis, Mr. Edward",male,34.8,1,0,T306478,14.16,,S
2614,0,3,"Jones, Mr. Charles",male,41.4,0,0,T790969,18.11,,S
2615,0,3,"Davis, Mr. Richard",male,12.7,0,0,T962992,17.5,,S
2616,1,3,"Davis, Mr. Charles",male,36.9,1,0,T935424,18.79,E28,S
2617,1,2,"Wilson, Miss. Emma",female,49.2,2,1,T872016,47.0,G31,S
2618,0,2,"Thomas, Mr. George",male,17.3,0,0,T19234,33.96,B27,S
2619,1,3,"Thomas, Miss. Mary",female,19.3,1,0,T836766,10.42,B129,S
2620,0,3,"Miller, Mr. Thomas",male,46.5,0,0,T910931,20.05,,S
2621,1,3,"Wilson, Mrs. Mary",female,24.6,0,0,T590354,9.17,,C
2622,0,2,"Moore, Mr. Henry",male,15.5,1,0,T776823,16.25,,Q
2623,1,2,"Miller, Miss. Emma",female,,1,1,T485067,22.32,,S
2624,0,3,"Williams, Mr. Edward",male,,0,2,T939962,19.52,,C
2625,0,3,"Davis, Mr. Edward",male,31.1,1,1,T605508,11.37,,S
2626,0,3,"Wilson, Mr. Richard",male,46.0,1,0,T822869,18.16,A116,S
2627,1,2,"Brown, Mrs. Dorothy",female,47.0,0,0,T361742,14.29,,C
2628,0,2,"Jones, Mrs. Clara",female,28.5,0,1,T161446,9.8,,S
2629,0,3,"Jones, Mr. Charles",male,58.3,0,0,T760000,3.54,G124,C
2630,0,1,"Williams, Mr. James",male,52.7,2,0,T56700,24.24,,C
2631,0,3,"Smith, Mr. James",male,0.9,0,0,T437950,10.55,,S
2632,0,3,"Thomas, Mr. William",male,14.8,0,0,T119681,11.18,D136,S
2633,1,1,"Thomas, Mr. Thomas",male,0.5,0,0,T515040,119.76,A139,S
2634,1,3,"Taylor, Miss. Emma",female,25.0,5,0,T297752,8.33,,Q
2635,1,3,"Brown, Mrs. Alice",female,12.1,0,0,T213457,21.52,C2,Q
2636,1,1,"Smith, Mrs. Beatrice",female,17.9,1,0,T621121,35.14,,S
2637,1,2,"Jones, Mrs. Mary",female,45.5,0,0,T58564,23.27,,S
2638,0,2,"Taylor, Mr. Henry",male,,0,0,T724856,23.3,,Q
2639,1,3,"Thomas, Mr. James",male,31.6,0,0,T277612,5.62,,S
2640,0,3,"Williams, Mr. Thomas",male,31.5,0,0,T774274,9.7,G107,C
2641,0,3,"Smith, Mr. Edward",male,28.5,0,0,T726201,17.49,,S
2642,0,3,"Thomas, Mr. George",male,31.6,1,0,T592573,10.58,A83,S
2643,0,3,"Thomas, Mrs. Clara",female,0.5,0,1,T455406,9.31,E105,S
2644,0,3,"Thomas, Miss. Alice",female,18.0,0,0,T645743,9.45,,S
2645,0,3,"Brown, Mr. Charles",male,,1,0,T797191,20.1,,C
2646,0,2,"Taylor, Mr. Richard",male,12.3,0,4,T530249,20.55,,S
2647,1,3,"Brown, Mrs. Emma",female,,1,0,T223248,5.05,D23,C
2648,1,3,"Smith, Mrs. Clara",female,9.3,0,0,T666989,16.15,,C
2649,0,3,"Johnson, Mr. Richard",male,7.6,0,0,T61035,10.76,,S
2650,1,3,"Moore, Miss. Florence",female,,0,2,T692748,11.34,D34,S
2651,0,1,"Johnson, Mrs. Beatrice",female,46.1,0,0,T934889,127.04,,C
2652,0,3,"Smith, Mr. Charles",male,21.8,4,0,T894817,14.69,E79,C
2653,0,2,"Jones, Mr. William",male,34.7,0,0,T175623,23.59,,Q
2654,1,3,"Thomas, Mrs. Edith",female,30.8,1,0,T530960,12.94,,C
2655,0,3,"Davis, Miss. Florence",female,28.9,0,0,T98435,11.12,,S
2656,0,3,"Anderson, Mr. Charles",male,48.2,0,0,T32994,14.73,B137,S
2657,0,3,"Moore, Mrs. Beatrice",female,,0,0,T867954,11.56,G91,S
2658,1,3,"Davis, Mrs. Alice",female,13.1,0,2,T990768,5.96,,C
2659,0,1,"Brown, Miss. Lily",female,25.7,0,0,T818519,49.63,,S
2660,0,3,"Moore, Master. Edward",male,55.0,0,0,T995075,19.33,,S
2661,0,3,"Anderson, Miss. Clara",female,34.3,0,0,T932608,13.73,,C
2662,0,3,"Wilson, Mr. James",male,7.8,0,0,T379498,22.69,,S
2663,1,2,"Wilson, Mr. Charles",male,,1,0,T562804,16.06,,S
2664,1,3,"Miller, Mrs. Clara",female,42.6,0,0,T51129,16.33,,S
2665,0,1,"Davis, Mr. Richard",male,,0,1,T377495,56.73,,S
2666,1,3,"Thomas, Mr. William",male,16.3,0,0,T587209,22.86,,S
2667,1,1,"Taylor, Mrs. Florence",female,,0,0,T752507,64.84,G19,S
2668,0,3,"Miller, Mr. George",male,52.9,1,0,T875391,10.36,C46,S
2669,0,3,"Anderson, Mr. Charles",male,50.8,0,0,T927727,14.57,,S
2670,0,2,"Miller, Mr. Richard",male,53.0,0,2,T152034,37.94,,Q
2671,0,3,"Miller, Mr. John",male,,1,0,T991149,16.99,,C
2672,0,3,"Wilson, Mr. Charles",male,27.1,0,0,T529227,6.76,F23,S
2673,1,1,"Wilson, Mrs. Mary",female,23.9,0,0,T362739,89.15,B69,S
2674,0,3,"Miller, Miss. Florence",female,29.4,0,0,T763275,8.13,,C
2675,0,1,"Smith, Mrs. Dorothy",female,17.0,1,0,T740889,51.81,,S
2676,0,1,"Moore, Mr. James",male,24.5,0,0,T954063,115.57,,S
2677,1,1,"Jones, Mrs. Clara",female,48.2,0,0,T804531,118.74,,S
2678,0,3,"Brown, Master. George",male,6.4,0,0,T917791,10.64,,S
2679,0,2,"Johnson, Mrs. Edith",female,7.4,0,0,T225298,24.25,,S
2680,0,3,"Smith, Mr. William",male,41.7,1,2,T119397,7.25,,S
2681,0,3,"Moore, Mr. John",male,,3,0,T235266,11.15,,S
2682,0,1,"Smith, Mr. Charles",male,,0,2,T190308,27.64,,Q
2683,0,3,"Thomas, Mr. James",male,28.8,0,0,T92909,7.24,,S
2684,1,1,"Thomas, Mrs. Clara",female,26.7,0,0,T55722,93.51,,S
2685,0,3,"Jones, Miss. Clara",female,23.4,0,0,T88401,9.33,,S
2686,1,1,"Wilson, Mrs. Mary",female,,1,0,T209623,80.32,,C
2687,0,2,"Brown, Miss. Emma",female,10.4,0,1,T869562,16.79,,S
2688,0,3,"Brown, Master. Thomas",male,,5,0,T560038,10.95,,S
2689,0,3,"Smith, Mr. James",male,26.6,1,0,T87350,13.8,,S
2690,1,2,"Taylor, Mrs. Mary",female,30.2,0,1,T251061,17.17,,S
2691,0,3,"Anderson, Mr. Henry",male,,2,0,T615544,4.98,,S
2692,0,1,"Thomas, Mr. Thomas",male,22.1,3,0,T214195,46.28,A66,S
2693,0,3,"Moore, Miss. Dorothy",female,,1,0,T745885,25.92,,S
2694,0,3,"Wilson, Mr. Thomas",male,37.5,1,5,T498820,18.15,,C
2695,0,1,"Smith, Mr. James",male,,0,1,T760975,81.63,E88,C
2696,0,2,"Miller, Mr. Thomas",male,41.4,1,2,T954990,27.54,C104,C
2697,0,1,"Jones, Mr. John",male,36.4,0,0,T360136,353.44,,S
2698,0,2,"Davis, Mr. Robert",male,48.1,2,0,T553918,25.35,,Q
2699,0,1,"Thomas, Mr. John",male,25.3,0,0,T234818,99.34,,C
2700,0,3,"Brown, Mr. Henry",male,52.2,0,0,T770466,11.42,E62,Q
2701,0,3,"Thomas, Mr. Thomas",male,45.9,0,0,T80941,12.5,,S
2702,1,1,"Jones, Mr. Thomas",male,,0,2,T204319,93.85,E14,C
2703,0,3,"Moore, Mrs. Dorothy",female,57.6,0,0,T146267,9.33,,S
2704,0,3,"Smith, Mr. William",male,36.2,0,0,T910671,9.0,,S
2705,0,3,"Williams, Mr. Richard",male,,0,0,T57931,16.62,D1,S
2706,0,3,"Brown, Master. Henry",male,,1,1,T715239,8.52,E133,S
2707,0,3,"Miller, Mr. Robert",male,,0,0,T215865,9.94,,S
2708,0,3,"Jones, Mr. Robert",male,18.6,0,2,T800949,10.78,,Q
2709,0,2,"Davis, Mr. William",male,24.5,0,2,T401100,61.76,,S
2710,0,1,"Wilson, Mrs. Beatrice",female,,0,0,T832495,254.99,E27,S
2711,0,2,"Taylor, Master. William",male,,0,0,T640321,27.99,,S
2712,1,1,"Smith, Mrs. Dorothy",female,,0,0,T894498,355.52,B125,S
2713,0,3,"Smith, Mr. Edward",male,6.3,0,0,T190647,6.24,,S
2714,0,2,"Anderson, Mr. Thomas",male,32.8,0,1,T785726,14.27,,S
2715,1,3,"Miller, Mr. Charles",male,31.5,0,0,T483661,25.79,,S
2716,1,1,"Wilson, Mrs. Mary",female,22.9,1,0,T345684,42.31,F81,S
2717,0,3,"Johnson, Mr. Thomas",male,33.6,0,0,T784380,5.57,,S
2718,0,3,"Williams, Master. Edward",male,29.1,0,0,T67005,13.89,E97,S
2719,0,1,"Williams, Mr. Richard",male,38.9,0,0,T108622,60.53,,S
2720,1,2,"Thomas, Miss. Florence",female,38.0,0,1,T965438,30.78,,S
2721,1,3,"Davis, Mrs. Lily",female,35.0,0,2,T428177,11.26,,S
2722,1,1,"Jones, Mrs. Florence",female,10.9,0,0,T327618,95.43,,S
2723,0,2,"Wilson, Mr. George",male,60.4,0,1,T916463,39.61,,S
2724,0,2,"Anderson, Master. William",male,7.1,1,0,T33167,24.17,F94,S
2725,1,3,"Johnson, Mrs. Mary",female,27.8,0,0,T701930,15.65,,Q
2726,0,3,"Wilson, Mr. Edward",male,13.8,1,0,T420625,5.07,,C
2727,0,3,"Brown, Mr. Henry",male,35.4,1,0,T999988,12.83,A55,S
2728,0,3,"Taylor, Mrs. Clara",female,31.7,0,0,T235444,11.86,,C
2729,0,3,"Taylor, Mr. James",male,,0,1,T12488,15.06,,S
2730,0,3,"Taylor, Miss. Alice",female,,0,0,T317349,6.71,,C
2731,0,3,"Davis, Mr. John",male,45.8,0,0,T216689,28.49,F116,S
2732,0,1,"Johnson, Mr. James",male,25.0,0,0,T404303,56.96,C41,S
2733,0,1,"Taylor, Mr. John",male,41.4,0,0,T532458,167.84,G127,S
2734,1,3,"Moore, Miss. Annie",female,52.4,1,0,T656736,7.05,E7,S
2735,0,3,"Taylor, Mr. Thomas",male,,1,0,T369334,5.97,,S
2736,1,1,"Smith, Mr. Thomas",male,27.7,8,0,T813414,34.2,D13,S
2737,1,1,"Smith, Mrs. Alice",female,6.6,0,0,T53593,137.97,,S
2738,1,3,"Wilson, Mr. Henry",male,34.4,0,0,T708126,5.45,,S
2739,0,3,"Johnson, Mr. John",male,39.4,1,1,T885964,6.77,,S
2740,1,2,"Miller, Miss. Dorothy",female,18.5,0,1,T416459,45.0,,C
2741,1,3,"Johnson, Miss. Edith",female,,0,2,T689356,5.29,,S
2742,0,3,"Smith, Mr. Charles",male,28.5,0,3,T564429,28.97,,S
2743,0,3,"Moore, Mr. John",male,49.8,0,0,T154423,7.7,,C
2744,1,2,"Smith, Mrs. Beatrice",female,56.6,0,0,T411059,24.89,,C
2745,0,1,"Anderson, Mr. Robert",male,,0,0,T177274,108.9,,S
2746,1,2,"Taylor, Miss. Alice",female,,0,1,T941494,15.25,,C
2747,0,3,"Wilson, Mr. James",male,46.3,0,0,T738591,9.47,G31,S
2748,1,3,"Smith, Mrs. Beatrice",female,39.1,0,0,T821126,10.47,,S
2749,0,1,"Moore, Mr. Henry",male,28.6,0,3,T922283,102.13,F89,S
2750,1,3,"Brown, Mr. James",male,60.0,0,0,T444978,13.53,,S
2751,0,2,"Brown, Mr. George",male,19.0,0,0,T298759,53.7,C91,S
2752,1,1,"Thomas, Mr. Henry",male,38.5,0,0,T600751,67.21,E135,S
2753,0,3,"Johnson, Mr. Edward",male,,2,0,T505667,17.2,,S
2754,0,3,"Williams, Mr. Charles",male,25.5,1,0,T880190,9.48,E97,S
2755,0,2,"Jones, Miss. Lily",female,37.8,0,0,T285671,25.07,,S
2756,0,3,"Miller, Mr. George",male,,0,0,T452814,17.05,B53,Q
2757,0,3,"Johnson, Mr. John",male,33.2,0,0,T310948,14.93,,S
2758,0,3,"Moore, Mrs. Edith",female,,0,3,T754168,17.33,,Q
2759,0,3,"Jones, Mrs. Emma",female,31.2,0,0,T409186,11.67,,S
2760,0,1,"Williams, Mr. William",male,41.3,0,2,T616367,141.32,,S
2761,0,3,"Williams, Mr. William",male,26.4,0,1,T979453,12.46,,S
2762,0,3,"Miller, Mr. Edward",male,25.2,1,0,T323121,10.05,,C
2763,1,1,"Miller, Mrs. Annie",female,30.0,0,0,T612547,34.1,,S
2764,0,2,"Taylor, Mrs. Clara",female,46.9,0,0,T292961,11.36,,S
2765,0,3,"Jones, Mr. William",male,4.4,0,0,T346138,11.97,,S
2766,1,2,"Brown, Mr. John",male,16.5,0,0,T850010,11.87,A80,S
2767,0,3,"Brown, Mr. James",male,62.7,0,0,T986891,10.63,,S
2768,0,3,"Anderson, Mr. Charles",male,33.7,1,1,T586337,17.13,,C
2769,0,1,"Anderson, Mr. William",male,23.8,0,0,T471735,84.94,,Q
2770,1,1,"Jones, Mrs. Beatrice",female,41.2,0,1,T914960,317.67,,S
2771,0,3,"Smith, Mr. George",male,18.3,0,0,T533415,7.28,A44,S
2772,1,3,"Thomas, Mrs. Mary",female,0.5,0,0,T387896,27.81,,S
2773,0,3,"Thomas, Mrs. Beatrice",female,34.8,1,0,T694486,9.08,,C
2774,1,3,"Davis, Miss. Emma",female,19.1,0,0,T800901,5.26,,S
2775,0,3,"Anderson, Mr. Robert",male,31.2,0,0,T898784,14.84,,S
2776,1,3,"Miller, Mr. Richard",male,,0,0,T367003,9.91,,C
2777,0,2,"Taylor, Mr. John",male,31.8,0,0,T98768,18.44,B133,C
2778,1,1,"Smith, Miss. Alice",female,4.9,1,1,T810878,75.46,,S
2779,0,3,"Anderson, Mr. Robert",male,30.1,1,0,T616045,11.8,,C
2780,0,3,"Jones, Mr. Richard",male,36.1,0,0,T140774,8.75,,C
2781,0,3,"Anderson, Mr. Charles",male,9.4,0,0,T918858,5.94,,C
2782,0,3,"Jones, Mr. Robert",male,7.7,1,0,T370007,11.45,,S
2783,0,3,"Wilson, Mrs. Emma",female,14.2,0,0,T203515,8.53,,S
2784,0,3,"Jones, Mr. Charles",male,40.5,0,0,T302880,8.95,,S
2785,0,2,"Davis, Mr. John",male,,0,2,T928661,54.74,,S
2786,0,3,"Thomas, Master. Richard",male,,0,0,T897355,33.06,,C
2787,0,3,"Taylor, Mr. James",male,,1,0,T273479,33.23,,C
2788,0,3,"Smith, Miss. Dorothy",female,26.0,0,0,T468379,18.83,,S
2789,0,1,"Anderson, Master. George",male,8.2,1,0,T168228,87.62,,S
2790,0,3,"Anderson, Mr. Richard",male,18.2,0,1,T496218,15.31,B68,S
2791,0,3,"Taylor, Miss. Mary",female,41.0,0,0,T321489,9.04,,S
2792,1,2,"Williams, Mrs. Alice",female,47.9,0,0,T636558,14.28,,S
2793,1,3,"Williams, Mr. Robert",male,14.7,0,0,T203171,16.28,F145,S
2794,0,3,"Anderson, Mr. Henry",male,46.3,0,0,T171599,8.27,,S
2795,0,1,"Davis, Mr. Charles",male,39.6,2,0,T124287,105.26,,S
2796,0,3,"Taylor, Mr. Robert",male,29.6,0,0,T457763,9.49,,C
2797,1,2,"Moore, Mr. Robert",male,19.0,0,0,T167790,25.79,,C
2798,1,1,"Moore, Mr. William",male,21.3,4,0,T402355,147.98,B81,S
2799,1,2,"Brown, Miss. Florence",female,56.1,0,0,T262221,16.55,,S
2800,0,3,"Jones, Mr. Edward",male,,0,1,T328999,15.64,,S
2801,0,3,"Miller, Mrs. Alice",female,49.0,0,0,T622309,6.89,,C
2802,1,3,"Davis, Mrs. Clara",female,,0,2,T139928,10.0,,S
2803,0,3,"Smith, Miss. Mary",female,23.1,5,0,T31689,13.82,B86,C
2804,1,1,"Taylor, Mr. William",male,38.2,0,0,T77632,85.17,,S
2805,1,1,"Johnson, Miss. Clara",female,,4,0,T234464,113.01,,C
2806,0,3,"Anderson, Miss. Clara",female,20.4,0,0,T872433,7.3,,S
2807,1,2,"Moore, Mr. George",male,43.0,0,1,T924612,30.84,D65,S
2808,0,3,"Brown, Mr. Charles",male,32.5,0,0,T161306,13.35,,S
2809,0,3,"Anderson, Mr. George",male,8.7,0,0,T224405,7.32,,C
2810,1,3,"Jones, Mr. James",male,8.4,1,0,T211658,15.05,,Q
2811,0,2,"Moore, Mr. John",male,23.1,1,0,T605890,11.18,,S
2812,0,3,"Smith, Mr. Richard",male,34.7,0,0,T388454,3.98,,S
2813,0,3,"Miller, Miss. Edith",female,,0,2,T190719,9.03,,S
2814,0,1,"Anderson, Mr. Thomas",male,6.9,3,0,T153472,146.85,,C
2815,0,3,"Smith, Miss. Annie",female,39.2,0,1,T364038,18.07,,C
2816,1,2,"Davis, Master. Henry",male,,0,0,T760510,24.76,,C
2817,1,2,"Anderson, Miss. Annie",female,29.7,0,0,T472636,27.78,,S
2818,1,2,"Johnson, Master. Robert",male,38.2,1,1,T709559,44.86,D93,S
2819,0,1,"Brown, Mr. George",male,55.0,0,0,T653289,160.51,,S
2820,0,3,"Moore, Mrs. Lily",female,34.1,0,1,T256536,21.06,,S
2821,0,2,"Smith, Mr. Henry",male,10.0,0,0,T29207,18.05,,S
2822,0,1,"Anderson, Mr. Richard",male,27.0,0,0,T267456,88.38,,S
2823,1,2,"Williams, Miss. Emma",female,42.1,2,0,T722883,19.99,,S
2824,0,2,"Jones, Mr. William",male,42.5,1,0,T678141,30.15,,S
2825,1,2,"Moore, Miss. Dorothy",female,39.4,0,0,T222761,33.87,,S
2826,0,1,"Moore, Mr. Henry",male,22.3,0,1,T731651,64.92,,Q
2827,0,3,"Miller, Mr. George",male,9.9,0,0,T273563,9.37,,Q
2828,0,3,"Wilson, Mr. Henry",male,38.2,0,1,T346480,10.31,C40,S
2829,1,3,"Williams, Mrs. Annie",female,12.1,1,0,T560380,8.46,,C
2830,0,3,"Johnson, Mr. George",male,39.7,1,0,T336975,23.0,D42,S
2831,1,3,"Jones, Mrs. Lily",female,39.8,0,0,T724438,12.77,,S
2832,0,3,"Wilson, Mrs. Florence",female,22.9,1,0,T568454,5.85,F77,S
2833,0,3,"Jones, Mr. Edward",male,,0,0,T186975,24.18,,S
2834,0,2,"Moore, Master. Thomas",male,32.6,2,0,T133545,47.65,,S
2835,0,3,"Davis, Mrs. Clara",female,,0,0,T808808,8.78,A109,S
2836,0,2,"Thomas, Mr. James",male,,0,0,T514183,20.38,,S
2837,0,2,"Miller, Mr. James",male,29.1,0,0,T539954,26.97,,S
2838,0,3,"Davis, Mr. Edward",male,30.6,1,0,T664954,12.41,,Q
2839,1,1,"Johnson, Mrs. Clara",female,49.4,0,2,T350316,111.34,,S
2840,0,2,"Anderson, Mrs. Beatrice",female,18.4,0,0,T664769,22.29,,S
2841,0,1,"Johnson, Mr. William",male,45.2,0,0,T34809,54.04,A121,S
2842,0,2,"Williams, Mr. John",male,13.1,0,0,T356971,52.39,,S
2843,1,1,"Johnson, Miss. Annie",female,10.2,0,2,T766879,36.17,,S
2844,0,3,"Smith, Mr. John",male,25.3,0,0,T212322,6.0,D148,C
2845,1,3,"Jones, Mrs. Edith",female,16.1,0,0,T92599,18.13,,S
2846,0,3,"Johnson, Mr. James",male,10.0,1,0,T83306,3.97,,C
2847,1,2,"Brown, Mrs. Dorothy",female,57.9,0,0,T138066,45.17,,S
2848,1,3,"Wilson, Miss. Lily",female,23.2,0,0,T820977,8.43,,S
2849,0,3,"Brown, Mr. Richard",male,,0,0,T236960,10.34,,S
2850,0,2,"Anderson, Mr. Robert",male,15.3,0,1,T883247,27.92,B121,S
2851,0,3,"Davis, Master. William",male,,0,0,T903335,39.59,F28,C
2852,0,3,"Jones, Mr. George",male,,1,0,T643826,8.11,,C
2853,1,3,"Wilson, Mr. John",male,19.2,0,0,T225714,12.47,,S
2854,1,1,"Anderson, Miss. Dorothy",female,31.7,0,0,T878447,73.46,,S
2855,0,3,"Davis, Master. Charles",male,,0,1,T374084,11.61,E107,S
2856,0,3,"Wilson, Mr. Charles",male,29.1,0,0,T634507,9.01,,Q
2857,0,3,"Wilson, Mrs. Lily",female,,0,0,T83614,3.16,,C
2858,1,3,"Taylor, Mr. Henry",male,28.6,1,0,T865972,17.03,,S
2859,0,3,"Johnson, Mr. Thomas",male,22.8,1,0,T66728,10.38,,C
2860,1,3,"Miller, Mrs. Annie",female,33.0,0,0,T109924,16.33,,S
2861,1,2,"Thomas, Miss. Beatrice",female,,0,0,T734941,16.55,,C
2862,0,3,"Smith, Mr. Edward",male,,0,0,T182438,8.19,,C
2863,0,1,"Wilson, Mr. Henry",male,36.2,0,0,T323398,108.22,,Q
2864,0,3,"Brown, Mr. William",male,28.1,0,1,T117526,7.79,,Q
2865,0,3,"Davis, Mrs. Annie",female,23.4,0,0,T101396,9.41,,Q
2866,0,1,"Taylor, Miss. Edith",female,36.5,0,1,T454365,60.15,,S
2867,0,3,"Davis, Mrs. Emma",female,28.1,0,0,T370274,11.96,A11,S
2868,0,2,"Davis, Mr. Robert",male,28.6,3,0,T504186,19.36,E14,S
2869,0,1,"Anderson, Mr. Henry",male,35.5,2,0,T621014,156.82,,S
2870,1,2,"Anderson, Miss. Lily",female,14.7,1,0,T756439,33.7,,Q
2871,1,1,"Anderson, Mr. John",male,50.4,0,0,T550227,71.11,,C
2872,0,2,"Williams, Mr. Edward",male,26.1,1,0,T590613,16.39,C131,S
2873,0,2,"Brown, Mr. George",male,31.5,2,1,T315019,30.12,,C
2874,1,3,"Taylor, Mrs. Lily",female,29.1,1,0,T775796,6.38,,S
2875,0,3,"Wilson, Master. James",male,39.2,0,1,T681625,10.5,D78,S
2876,0,3,"Jones, Mr. George",male,,0,0,T549441,15.87,,C
2877,0,1,"Brown, Mr. Charles",male,29.0,2,0,T609547,70.6,,C
2878,0,3,"Williams, Master. George",male,50.7,5,1,T440960,9.83,F47,S
2879,1,3,"Taylor, Miss. Lily",female,0.5,1,0,T691211,7.21,,S
2880,0,1,"Wilson, Mr. Edward",male,47.7,0,1,T610461,114.48,G20,S
2881,0,3,"Thomas, Mr. William",male,43.0,1,1,T978204,17.72,,C
2882,0,1,"Brown, Mr. Edward",male,3.1,2,0,T110325,60.97,,S
2883,0,3,"Smith, Mr. Charles",male,43.2,0,0,T757369,12.74,,S
2884,0,3,"Taylor, Mr. James",male,45.0,0,0,T717839,9.07,,S
2885,0,2,"Jones, Mr. Charles",male,37.8,0,0,T148310,42.98,,S
2886,1,3,"Williams, Miss. Annie",female,7.1,0,0,T489636,13.79,,S
2887,0,2,"Wilson, Mr. James",male,39.6,0,0,T574960,21.14,,S
2888,0,1,"Williams, Mr. Thomas",male,44.3,0,0,T996506,103.49,,S
2889,0,3,"Thomas, Mr. Robert",male,21.4,1,0,T925461,32.07,G141,S
2890,0,3,"Anderson, Mr. John",male,36.1,0,0,T616627,7.21,,S
2891,0,3,"Jones, Mr. Charles",male,,0,0,T812378,25.43,,S
2892,1,3,"Smith, Mrs. Dorothy",female,42.5,1,0,T59718,7.67,,S
2893,0,1,"Thomas, Mr. Charles",male,25.2,0,0,T54065,124.12,,S
2894,0,3,"Thomas, Mr. William",male,,0,0,T446701,7.57,,S
2895,0,1,"Taylor, Master. George",male,29.1,0,0,T569942,112.74,,S
2896,0,1,"Moore, Mr. James",male,10.2,0,0,T423613,113.75,,S
2897,0,3,"Jones, Mr. William",male,27.7,0,0,T466484,6.16,G33,S
2898,1,1,"Davis, Mrs. Florence",female,35.0,0,2,T956107,104.35,,S
2899,0,1,"Jones, Mr. George",male,42.3,0,0,T814753,259.97,,S
2900,1,2,"Anderson, Mr. Henry",male,,0,0,T661824,19.66,,S
2901,1,1,"Taylor, Miss. Mary",female,8.9,0,0,T871276,64.41,B102,S
2902,0,1,"Anderson, Mr. William",male,,0,0,T508004,146.87,F86,S
2903,0,1,"Smith, Mr. Robert",male,50.5,2,2,T380573,30.46,B36,C
2904,0,1,"Williams, Mr. Henry",male,31.3,1,0,T841247,123.45,,S
2905,0,3,"Miller, Mr. Edward",male,18.8,2,1,T293801,3.93,,S
2906,0,3,"Moore, Mr. Thomas",male,22.0,0,0,T626564,10.28,,S
2907,0,3,"Wilson, Mr. George",male,26.7,0,0,T267246,6.74,D6,S
2908,0,3,"Davis, Mr. James",male,33.7,0,0,T84746,10.82,C115,Q
2909,1,1,"Davis, Miss. Mary",female,,0,3,T545858,142.5,,S
2910,1,1,"Williams, Miss. Lily",female,17.3,0,0,T920840,62.91,E56,S
2911,1,2,"Thomas, Mrs. Mary",female,,0,1,T457050,23.81,,S
2912,0,3,"Thomas, Miss. Clara",female,33.4,0,0,T931951,11.9,,C
2913,0,3,"Anderson, Mr. James",male,,0,2,T807529,13.04,,S
2914,0,3,"Anderson, Mr. Thomas",male,33.9,1,0,T132174,11.2,C98,S
2915,0,2,"Anderson, Mr. Robert",male,32.0,2,0,T987824,23.62,,S
2916,1,1,"Thomas, Miss. Beatrice",female,19.3,0,0,T694091,159.24,E67,S
2917,0,3,"Jones, Master. Richard",male,47.0,2,2,T968116,21.41,,Q
2918,0,2,"Anderson, Mr. Edward",male,,0,0,T819866,17.65,,S
2919,1,3,"Miller, Mrs. Clara",female,,0,0,T919971,17.49,G135,S
2920,0,3,"Brown, Mrs. Beatrice",female,28.5,0,0,T179676,11.26,,C
2921,0,3,"Davis, Mrs. Annie",female,,0,0,T814257,10.23,,S
2922,0,3,"Smith, Mr. James",male,28.7,0,0,T398795,7.38,E149,S
2923,1,3,"Moore, Mr. Richard",male,28.5,0,0,T376432,15.97,,S
2924,0,3,"Brown, Mr. Thomas",male,45.2,0,0,T637001,9.31,F120,C
2925,0,3,"Jones, Mr. William",male,9.1,0,2,T662970,33.61,,Q
2926,0,2,"Jones, Mr. Thomas",male,11.6,2,1,T809939,15.22,,S
2927,0,3,"Thomas, Mr. Charles",male,41.0,0,0,T933189,38.84,G130,S
2928,0,3,"Davis, Mr. Richard",male,64.7,0,2,T475351,9.18,,C
2929,0,1,"Williams, Mr. William",male,42.4,0,0,T977673,52.86,B124,C
2930,0,2,"Davis, Mrs. Florence",female,56.7,0,0,T612225,12.7,,S
2931,1,1,"Taylor, Miss. Beatrice",female,23.4,0,0,T92363,59.52,,Q
2932,0,3,"Anderson, Mr. Henry",male,20.5,1,2,T863770,7.76,A71,Q
2933,0,3,"Johnson, Mr. Richard",male,,2,0,T503761,18.85,,S
2934,1,2,"Davis, Mr. Edward",male,43.5,1,0,T326437,21.22,,S
2935,0,1,"Taylor, Mr. George",male,10.7,1,0,T650003,38.37,,C
2936,0,3,"Moore, Mrs. Lily",female,26.6,0,0,T397113,12.55,,S
2937,1,3,"Johnson, Miss. Alice",female,29.3,1,0,T63803,15.0,,S
2938,1,3,"Brown, Miss. Alice",female,19.9,1,2,T531469,14.11,,S
2939,0,2,"Jones, Mr. Richard",male,21.5,0,0,T453249,15.88,,S
2940,1,3,"Miller, Miss. Emma",female,41.9,0,0,T181918,10.66,,S
2941,0,3,"Jones, Mr. Thomas",male,36.5,0,0,T298331,14.79,E63,S
2942,0,1,"Jones, Mr. Charles",male,41.3,0,0,T551536,128.61,,S
2943,0,1,"Thomas, Master. Henry",male,34.6,0,6,T865455,48.69,,C
2944,1,2,"Anderson, Mrs. Mary",female,17.0,1,0,T93013,25.31,,S
2945,0,1,"Brown, Mr. Robert",male,35.8,0,0,T610170,462.59,,S
2946,0,3,"Wilson, Mr. John",male,,0,3,T950288,15.39,,C
2947,0,1,"Jones, Mr. Thomas",male,25.2,0,0,T147701,117.36,,S
2948,0,2,"Smith, Mr. Charles",male,14.7,2,0,T382327,23.91,,S
2949,0,3,"Williams, Mr. Richard",male,20.8,1,1,T261109,13.9,,C
2950,0,2,"Anderson, Mr. James",male,31.0,0,0,T472355,19.16,,C
2951,0,3,"Miller, Mr. Edward",male,,0,0,T265723,11.83,,S
2952,1,1,"Brown, Miss. Lily",female,16.9,2,0,T613249,36.66,,S
2953,0,3,"Williams, Mr. Henry",male,46.2,0,0,T792660,4.28,,S
2954,0,2,"Taylor, Mr. Henry",male,28.0,0,0,T993399,25.35,,C
2955,0,3,"Brown, Mr. Henry",male,22.0,0,0,T262082,5.67,,S
2956,0,3,"Davis, Miss. Beatrice",female,,0,0,T32529,9.02,,S
2957,0,3,"Wilson, Mr. John",male,,0,4,T974173,10.02,C94,Q
2958,0,3,"Anderson, Mrs. Alice",female,26.5,1,1,T397472,17.18,,S
2959,0,3,"Thomas, Mr. Robert",male,9.7,4,0,T197953,9.95,,S
2960,1,2,"Brown, Mr. Charles",male,,0,0,T574945,27.17,,S
2961,0,3,"Anderson, Mrs. Lily",female,30.1,0,0,T443296,16.81,,S
2962,0,3,"Wilson, Mr. John",male,52.3,2,0,T340343,10.09,,C
2963,0,3,"Wilson, Mr. Thomas",male,32.9,0,0,T265390,11.67,,S
2964,0,1,"Jones, Mr. John",male,,0,0,T74567,58.43,,Q
2965,0,2,"Davis, Mr. Thomas",male,,1,0,T173689,19.36,,S
2966,0,3,"Taylor, Mr. Richard",male,,0,1,T43566,7.51,,Q
2967,1,2,"Thomas, Mrs. Edith",female,10.9,0,1,T263731,18.15,,C
2968,0,2,"Brown, Miss. Mary",female,23.8,1,1,T905762,32.44,,S
2969,0,2,"Williams, Mr. Charles",male,54.0,0,1,T810060,18.16,,S
2970,0,3,"Williams, Mr. George",male,38.6,1,0,T516271,17.85,,C
2971,1,3,"Thomas, Mrs. Mary",female,35.4,2,1,T932960,7.54,C132,S
2972,0,3,"Williams, Mr. John",male,43.4,0,1,T22631,13.09,,S
2973,0,1,"Brown, Master. William",male,42.9,0,0,T978940,51.36,,S
2974,0,1,"Anderson, Mrs. Annie",female,52.6,2,2,T240887,48.52,,S
2975,1,1,"Brown, Miss. Annie",female,21.0,1,4,T180627,58.2,,C
2976,1,3,"Anderson, Miss. Emma",female,24.2,0,0,T374868,17.98,,Q
2977,0,3,"Moore, Miss. Alice",female,16.3,0,3,T190723,12.43,,S
2978,0,1,"Jones, Miss. Alice",female,29.2,0,0,T623236,87.18,,S
2979,0,3,"Thomas, Mr. Edward",male,27.8,0,2,T69182,12.45,,S
2980,0,3,"Johnson, Miss. Alice",female,4.3,0,1,T160014,12.56,,S
2981,1,2,"Smith, Mr. Thomas",male,20.2,1,2,T753034,29.7,,S
2982,0,2,"Johnson, Mr. John",male,50.6,0,0,T480515,22.47,F43,S
2983,0,3,"Moore, Mr. George",male,33.2,0,0,T545592,3.86,,S
2984,1,2,"Smith, Mrs. Lily",female,,1,0,T571536,19.1,,Q
2985,1,3,"Brown, Mr. Thomas",male,28.0,0,0,T192873,6.71,,S
2986,1,3,"Johnson, Mrs. Edith",female,,0,0,T998585,8.23,,S
2987,0,3,"Williams, Mr. Robert",male,27.8,1,2,T517586,8.75,,S
2988,0,3,"Davis, Mr. Richard",male,44.8,0,0,T88358,11.01,,S
2989,0,3,"Anderson, Mrs. Alice",female,12.5,1,0,T873957,10.67,E1,S
2990,0,3,"Williams, Miss. Florence",female,40.5,0,0,T429550,11.56,F130,S
2991,0,3,"Taylor, Miss. Florence",female,5.0,1,0,T790604,11.25,A103,S
2992,0,3,"Anderson, Mr. John",male,30.0,0,0,T401495,6.27,,S
2993,1,1,"Jones, Mrs. Mary",female,37.6,0,2,T858045,60.35,B99,S
2994,1,2,"Jones, Mrs. Clara",female,25.2,1,1,T40667,24.02,,C
2995,0,3,"Taylor, Mr. Charles",male,65.6,0,0,T115557,18.34,A48,S
2996,0,3,"Brown, Mr. William",male,22.5,0,0,T459834,10.84,,S
2997,0,1,"Moore, Mr. Robert",male,21.3,0,0,T358174,35.67,A9,S
2998,0,1,"Davis, Mrs. Edith",female,32.7,0,0,T521517,139.81,,S
2999,0,3,"Taylor, Mr. James",male,,1,0,T824523,16.96,,C
3000,0,2,"Moore, Mr. Henry",male,8.8,0,2,T664231,17.01,,C
3001,1,3,"Johnson, Miss. Alice",female,13.8,4,0,T198528,3.85,,S
3002,0,3,"Taylor, Mr. Henry",male,40.7,0,0,T498062,15.31,,S
3003,1,3,"Smith, Mrs. Mary",female,25.3,1,0,T994088,11.87,,C
3004,0,1,"Moore, Mr. John",male,54.4,0,0,T588356,61.38,,S
3005,0,1,"Williams, Mr. Robert",male,23.3,0,0,T689865,80.97,,C
3006,0,1,"Miller, Mr. Edward",male,,5,0,T158993,32.96,,C
3007,1,2,"Wilson, Mrs. Alice",female,37.1,0,0,T731984,47.78,,C
3008,0,3,"Moore, Miss. Edith",female,,0,0,T284259,12.36,B19,S
3009,0,3,"Davis, Mrs. Lily",female,17.0,0,0,T650940,20.52,,Q
3010,1,1,"Miller, Miss. Beatrice",female,4.6,2,0,T509883,63.41,,S
3011,0,1,"Smith, Mr. Richard",male,37.7,0,0,T833449,37.23,,S
3012,1,1,"Taylor, Mr. Henry",male,47.1,5,0,T774295,73.85,,S
3013,0,3,"Anderson, Mr. Edward",male,6.6,0,0,T440162,15.37,,S
3014,0,3,"Thomas, Mr. Edward",male,24.3,1,0,T773038,4.01,,S
3015,0,3,"Anderson, Mrs. Annie",female,20.0,0,1,T328798,19.17,,S
3016,0,3,"Anderson, Mr. George",male,37.7,0,3,T365945,5.6,,S
3017,0,3,"Moore, Mrs. Beatrice",female,24.9,4,0,T65091,15.85,,S
3018,1,3,"Johnson, Mrs. Annie",female,48.9,0,0,T727569,18.8,,S
3019,0,1,"Brown, Mr. Henry",male,24.1,0,0,T36561,120.05,,S
3020,1,3,"Davis, Mrs. Clara",female,,0,0,T70977,14.81,,C
3021,0,2,"Wilson, Mr. James",male,22.9,0,0,T983177,11.01,,C
3022,1,3,"Davis, Miss. Emma",female,,0,0,T253164,13.74,B57,S
3023,0,1,"Davis, Mr. James",male,37.3,0,0,T65008,70.91,,S
3024,0,3,"Anderson, Mr. William",male,24.3,0,0,T274585,6.11,,C
3025,0,1,"Thomas, Mr. Richard",male,36.1,1,0,T84991,75.86,,S
3026,1,3,"Miller, Miss. Lily",female,18.2,0,1,T206653,18.83,,S
3027,1,2,"Smith, Mrs. Mary",female,25.4,1,3,T106953,30.89,,S
3028,0,3,"Williams, Mr. John",male,18.3,0,0,T196452,4.58,,S
3029,1,3,"Moore, Mrs. Mary",female,,2,0,T420836,12.91,,S
3030,1,2,"Moore, Mr. Edward",male,48.2,1,0,T456698,27.44,,C
3031,1,3,"Miller, Mrs. Clara",female,19.3,1,0,T192540,15.94,,S
3032,1,3,"Thomas, Mr. Edward",male,24.7,0,0,T666818,10.85,,S
3033,1,1,"Taylor, Mr. William",male,44.8,2,1,T563295,35.37,,S
3034,0,3,"Thomas, Miss. Lily",female,,0,0,T773986,18.09,,S
3035,0,3,"Davis, Mr. Robert",male,,0,0,T649959,7.98,F85,S
3036,0,3,"Anderson, Mr. William",male,36.7,0,0,T942025,7.54,,S
3037,0,2,"Williams, Master. Thomas",male,,1,0,T235341,31.34,,C
3038,0,3,"Smith, Mr. William",male,59.5,0,4,T662566,26.55,,S
3039,0,3,"Jones, Mr. James",male,,3,2,T934669,4.38,A31,S
3040,1,2,"Johnson, Mrs. Mary",female,27.5,0,0,T129454,24.42,,Q
3041,0,3,"Jones, Mr. Henry",male,,1,1,T233623,14.03,,S
3042,1,1,"Williams, Mr. Richard",male,,2,0,T65017,63.66,B66,S
3043,1,1,"Williams, Mr. Richard",male,26.3,3,0,T964264,123.15,,S
3044,1,3,"Moore, Miss. Emma",female,,0,3,T953925,13.1,,C
3045,1,3,"Williams, Mrs. Clara",female,53.3,0,0,T520166,4.1,,S
3046,1,3,"Thomas, Mrs. Alice",female,29.4,0,0,T789658,11.84,,S
3047,0,1,"Wilson, Master. John",male,32.4,0,0,T784875,108.87,,S
3048,0,2,"Moore, Mr. Richard",male,59.8,4,0,T613180,21.8,,C
3049,0,2,"Johnson, Miss. Florence",female,19.8,0,0,T465766,27.94,,S
3050,0,3,"Jones, Mrs. Clara",female,39.2,0,0,T910652,9.43,,S
3051,0,3,"Jones, Mr. Edward",male,18.2,0,2,T244620,4.6,,S
3052,0,3,"Anderson, Mr. John",male,34.4,0,0,T554699,16.44,,C
3053,1,1,"Wilson, Mr. Edward",male,32.6,0,0,T239311,92.6,,S
3054,0,3,"Davis, Mr. William",male,41.2,0,0,T924676,9.47,,S
3055,1,3,"Jones, Mrs. Alice",female,47.2,0,0,T528124,17.5,,S
3056,0,3,"Jones, Mr. Charles",male,,3,1,T761146,14.21,E110,C
3057,0,1,"Anderson, Mr. Thomas",male,50.2,0,1,T995212,163.78,,S
3058,0,3,"Wilson, Mr. Henry",male,51.3,0,0,T595455,16.16,D110,S
3059,0,1,"Johnson, Mr. Robert",male,,0,0,T344527,105.05,G60,S
3060,1,2,"Jones, Mr. Charles",male,,1,0,T454846,23.19,,C
3061,1,1,"Williams, Mr. Edward",male,22.5,0,0,T235763,71.77,,S
3062,0,1,"Williams, Mrs. Florence",female,25.3,0,0,T138828,65.92,,S
3063,1,1,"Miller, Mr. Henry",male,12.2,1,0,T253937,173.38,C37,C
3064,0,1,"Moore, Mr. Richard",male,,0,0,T558938,49.22,,S
3065,0,1,"Wilson, Mr. Robert",male,0.5,1,0,T176640,117.85,E131,C
3066,0,3,"Williams, Mr. George",male,19.6,0,0,T127255,8.22,F49,S
3067,0,1,"Miller, Mr. Robert",male,,0,0,T222641,106.35,E90,S
3068,0,3,"Thomas, Mr. Henry",male,48.5,0,0,T335639,2.93,,S
3069,1,1,"Williams, Mrs. Dorothy",female,21.8,0,0,T925960,102.3,,S
3070,1,3,"Moore, Mr. Robert",male,35.9,0,0,T831299,10.12,,C
3071,1,3,"Wilson, Miss. Edith",female,28.5,0,0,T744288,8.88,,Q
3072,0,1,"Moore, Mr. Charles",male,,0,0,T599269,170.4,,S
3073,0,3,"Davis, Mr. Robert",male,35.1,0,3,T352535,10.58,,S
3074,1,1,"Wilson, Mrs. Clara",female,41.7,2,0,T114765,155.1,,S
3075,0,3,"Taylor, Mr. James",male,21.7,0,2,T512592,8.35,G111,S
3076,0,3,"Thomas, Mr. Charles",male,15.0,1,0,T819613,7.13,E102,S
3077,0,1,"Davis, Mr. James",male,35.0,0,0,T705364,88.77,,C
3078,0,2,"Smith, Mr. George",male,22.6,1,0,T145514,19.24,A41,S
3079,0,1,"Johnson, Mr. William",male,30.1,1,0,T363199,64.55,,C
3080,0,2,"Wilson, Mr. Thomas",male,34.3,0,0,T857856,33.44,,S
3081,0,3,"Brown, Miss. Beatrice",female,47.7,0,0,T86886,7.86,,S
3082,0,3,"Thomas, Miss. Emma",female,41.1,0,0,T255749,10.32,,S
3083,0,2,"Johnson, Mr. Robert",male,,0,0,T884123,31.47,,S
3084,0,1,"Williams, Master. John",male,13.1,0,1,T145999,102.03,,S
3085,0,2,"Moore, Mr. Edward",male,54.5,1,0,T804611,48.59,C117,C
3086,1,1,"Davis, Mr. Thomas",male,6.8,0,0,T88971,35.04,,C
3087,1,3,"Brown, Miss. Dorothy",female,,0,3,T528429,19.89,B74,S
3088,0,1,"Wilson, Mr. George",male,39.1,0,0,T95127,41.49,F39,Q
3089,0,3,"Moore, Mr. Charles",male,53.5,0,0,T545420,6.57,C69,S
3090,0,2,"Jones, Miss. Florence",female,,0,2,T224503,50.8,,S
3091,0,1,"Thomas, Mrs. Mary",female,30.1,0,1,T224337,97.74,,Q
3092,1,3,"Smith, Miss. Beatrice",female,17.0,2,0,T859092,5.16,,Q
3093,0,3,"Thomas, Mrs. Mary",female,31.5,2,1,T667104,5.89,C26,C
3094,0,2,"Wilson, Miss. Annie",female,13.0,0,0,T664754,30.23,,S
3095,0,3,"Thomas, Mr. William",male,18.8,1,0,T623454,6.44,,S
3096,0,3,"Jones, Mr. William",male,40.8,1,0,T363163,16.21,,S
3097,0,2,"Wilson, Mr. Thomas",male,23.4,0,0,T169714,19.13,,S
3098,0,3,"Wilson, Mr. George",male,43.0,1,0,T285561,7.69,,S
3099,0,3,"Anderson, Mrs. Edith",female,27.5,2,0,T938367,11.23,,S
3100,0,1,"Smith, Master. Charles",male,,0,0,T278914,173.21,,S
3101,1,3,"Jones, Mr. George",male,46.6,0,0,T811346,9.95,,S
3102,1,1,"Smith, Mr. John",male,10.6,0,4,T136601,51.08,,S
3103,0,1,"Thomas, Mr. Charles",male,,0,0,T175249,137.5,B91,S
3104,0,3,"Wilson, Mrs. Florence",female,26.8,1,0,T55710,10.46,D120,S
3105,0,3,"Jones, Mr. Charles",male,,1,0,T590982,13.14,,S
3106,0,3,"Moore, Mr. Edward",male,,0,0,T661454,14.82,,S
3107,0,1,"Taylor, Mr. Henry",male,,0,2,T868246,90.87,,C
3108,1,2,"Williams, Mrs. Annie",female,32.1,2,0,T260131,17.94,,C
3109,0,3,"Anderson, Mrs. Mary",female,26.6,0,0,T974795,11.99,D96,S
3110,1,1,"Davis, Mr. Thomas",male,22.9,0,0,T473111,89.5,,S
3111,0,3,"Wilson, Miss. Alice",female,32.8,0,0,T136318,11.11,,C
3112,1,3,"Anderson, Mrs. Mary",female,12.2,0,0,T884585,5.92,,S
3113,1,3,"Taylor, Mrs. Emma",female,,0,0,T801175,22.93,,C
3114,1,1,"Williams, Miss. Emma",female,60.7,0,1,T145965,71.92,,S
3115,1,1,"Williams, Mrs. Edith",female,31.2,0,0,T959356,88.2,,S
3116,0,3,"Johnson, Mr. Robert",male,,1,2,T55907,11.86,,S
3117,1,3,"Thomas, Mrs. Dorothy",female,18.4,0,0,T692037,3.75,,S
3118,1,3,"Taylor, Mrs. Alice",female,,0,0,T936389,5.86,,Q
3119,1,1,"Moore, Mrs. Clara",female,22.0,0,1,T890350,112.25,,Q
3120,1,3,"Thomas, Miss. Alice",female,0.5,0,0,T565263,11.02,A73,S
3121,0,3,"Jones, Mr. George",male,21.5,0,0,T481419,9.57,,Q
3122,0,1,"Brown, Mr. Henry",male,25.6,0,0,T397740,373.73,,S
3123,1,3,"Jones, Mr. Richard",male,27.2,0,0,T680388,10.33,,S
3124,0,3,"Moore, Mrs. Edith",female,26.8,0,1,T141805,17.0,,C
3125,0,1,"Miller, Master. George",male,,0,0,T360238,47.87,C42,S
3126,0,2,"Brown, Mr. Charles",male,,0,0,T128787,20.61,,C
3127,0,3,"Miller, Mr. Edward",male,25.4,5,0,T941228,11.5,,S
3128,0,3,"Johnson, Mr. John",male,5.8,2,2,T71739,15.78,A144,S
3129,0,3,"Williams, Mrs. Alice",female,1.3,2,0,T97133,14.58,,C
3130,0,2,"Miller, Miss. Alice",female,31.1,0,0,T336014,21.83,,S
3131,1,2,"Davis, Mrs. Annie",female,31.4,0,4,T174600,62.16,,S
3132,0,3,"Anderson, Mr. Richard",male,42.5,0,0,T453925,14.43,G146,S
3133,0,3,"Miller, Mrs. Dorothy",female,,1,0,T284934,6.41,,C
3134,0,1,"Thomas, Mr. Thomas",male,12.4,5,0,T183693,175.68,,S
3135,0,3,"Miller, Mr. Thomas",male,1.6,0,0,T776047,7.72,,S
3136,1,1,"Taylor, Mrs. Florence",female,16.8,1,1,T817819,55.02,B2,S
3137,0,1,"Miller, Miss. Annie",female,35.8,0,0,T460077,57.45,,S
3138,0,2,"Jones, Miss. Mary",female,,1,0,T166676,48.05,G56,S
3139,0,2,"Taylor, Mr. Thomas",male,30.5,0,2,T711633,17.45,,Q
3140,0,3,"Williams, Mr. Charles",male,12.1,1,0,T600714,9.64,,C
3141,1,3,"Davis, Mr. George",male,16.9,0,0,T344021,5.98,D76,C
3142,0,3,"Johnson, Mr. Richard",male,,0,0,T700794,7.61,,S
3143,0,3,"Moore, Mr. Edward",male,23.8,0,0,T640378,12.0,G122,S
3144,0,2,"Jones, Mr. Edward",male,,0,0,T929970,18.88,G134,S
3145,0,3,"Jones, Master. Robert",male,47.1,1,1,T562521,7.72,,S
3146,0,3,"Johnson, Mr. Henry",male,27.2,0,1,T25695,9.69,,Q
3147,1,3,"Taylor, Mrs. Annie",female,32.4,0,1,T907071,24.82,,S
3148,1,3,"Jones, Miss. Dorothy",female,18.1,0,0,T392421,10.96,,Q
3149,0,3,"Smith, Mrs. Lily",female,4.9,1,0,T326338,11.89,G35,C
3150,0,1,"Thomas, Mr. Richard",male,55.6,0,1,T772343,87.75,B146,S
3151,0,3,"Thomas, Mr. Henry",male,0.5,1,0,T167327,10.94,,C
3152,0,3,"Anderson, Mr. George",male,3.1,0,0,T187199,11.94,,Q
3153,0,3,"Williams, Mr. Robert",male,55.7,0,3,T156342,9.82,F110,S
3154,1,1,"Smith, Master. Edward",male,29.9,1,0,T990096,79.72,A130,S
3155,0,3,"Brown, Master. Henry",male,13.4,0,0,T351372,20.04,,S
3156,0,3,"Wilson, Miss. Emma",female,39.6,0,0,T803103,23.16,,C
3157,0,2,"Smith, Mr. John",male,40.9,1,0,T322851,47.85,,S
3158,1,3,"Anderson, Miss. Lily",female,10.4,4,2,T399535,9.37,,S
3159,1,2,"Thomas, Miss. Edith",female,22.0,0,0,T405649,29.19,,S
3160,1,2,"Johnson, Mr. Edward",male,42.4,1,0,T400202,38.83,,Q
3161,0,2,"Thomas, Mr. George",male,17.9,0,0,T754186,24.28,,Q
3162,1,3,"Smith, Miss. Mary",female,33.8,1,0,T655562,15.1,,S
3163,1,2,"Taylor, Mr. Henry",male,50.4,0,2,T806117,11.47,,C
3164,1,3,"Wilson, Master. Charles",male,0.5,1,0,T192532,9.82,,S
3165,1,2,"Anderson, Mrs. Edith",female,24.8,0,0,T635857,27.98,F109,S
3166,1,1,"Moore, Mrs. Dorothy",female,33.5,0,0,T479232,101.44,D25,S
3167,1,1,"Moore, Mrs. Annie",female,,0,0,T816054,88.16,,S
3168,1,1,"Miller, Mr. John",male,22.0,0,0,T208699,56.39,,C
3169,0,3,"Brown, Master. Edward",male,44.8,0,0,T427960,6.17,,S
3170,0,3,"Thomas, Mr. Robert",male,19.5,3,0,T592495,10.13,,S
3171,0,1,"Johnson, Mr. William",male,,0,1,T645768,127.87,A6,C
3172,1,1,"Davis, Mr. James",male,46.1,0,0,T240973,117.2,,S
3173,0,3,"Johnson, Mr. Charles",male,,0,0,T868186,8.75,,Q
3174,1,2,"Wilson, Miss. Edith",female,28.7,0,0,T829993,36.13,F83,S
3175,0,3,"Williams, Miss. Mary",female,28.3,0,1,T635714,6.51,G101,Q
3176,1,3,"Brown, Mrs. Florence",female,44.6,0,0,T222574,15.28,,S
3177,1,2,"Anderson, Mrs. Florence",female,34.0,0,0,T938139,14.91,A63,Q
3178,1,2,"Brown, Mr. John",male,,0,0,T580101,21.45,,Q
3179,1,3,"Williams, Mr. Henry",male,19.7,0,0,T236009,24.87,,C
3180,1,1,"Jones, Mrs. Mary",female,1.9,0,0,T673470,39.44,,C
3181,1,1,"Miller, Miss. Alice",female,38.7,0,0,T712768,152.31,C55,C
3182,1,1,"Moore, Mr. Thomas",male,45.7,0,4,T160858,75.96,,S
3183,0,3,"Williams, Mr. Robert",male,,0,0,T882816,7.36,,S
3184,1,3,"Johnson, Mrs. Edith",female,42.6,0,2,T679397,28.38,,Q
3185,0,1,"Davis, Mr. Charles",male,24.8,0,0,T512235,103.84,,S
3186,0,3,"Jones, Master. Edward",male,,2,0,T791589,12.61,,C
3187,0,2,"Davis, Mr. Edward",male,55.1,1,0,T502372,53.84,,S
3188,1,3,"Williams, Mrs. Clara",female,25.5,0,0,T657019,10.45,,S
3189,0,1,"Wilson, Master. Charles",male,24.6,0,0,T279237,84.45,,S
3190,1,3,"Smith, Miss. Florence",female,2.6,1,0,T352857,4.81,,S
3191,0,3,"Jones, Mr. George",male,39.7,0,2,T784964,36.13,G134,S
3192,1,1,"Thomas, Mr. Edward",male,,1,0,T951349,36.6,,S
3193,1,2,"Moore, Miss. Lily",female,31.8,1,4,T833832,16.47,,S
3194,0,2,"Johnson, Mr. James",male,25.1,0,0,T529420,15.22,,S
3195,0,2,"Brown, Mr. William",male,23.2,1,1,T784246,17.96,,C
3196,1,2,"Jones, Mr. John",male,28.0,0,0,T725661,15.52,,S
3197,1,3,"Moore, Miss. Lily",female,29.1,1,0,T724479,8.04,,S
3198,0,3,"Taylor, Master. James",male,46.8,1,0,T485682,12.3,E45,S
3199,0,1,"Jones, Master. Edward",male,,1,0,T425304,115.41,,S
3200,0,3,"Thomas, Miss. Annie",female,39.1,0,0,T691125,8.94,,S
3201,0,3,"Moore, Mr. George",male,48.1,0,1,T995533,4.73,,S
3202,0,3,"Jones, Mr. John",male,42.1,0,1,T718196,8.7,,S
3203,0,2,"Anderson, Miss. Lily",female,,0,1,T259347,8.24,B86,Q
3204,0,1,"Smith, Master. Richard",male,50.8,0,1,T108716,125.16,,C
3205,0,3,"Thomas, Mr. William",male,10.7,0,0,T176601,5.82,,C
3206,0,2,"Smith, Mr. William",male,19.8,0,0,T742960,20.63,,C
3207,0,3,"Smith, Mrs. Clara",female,17.8,1,0,T25494,6.74,,S
3208,1,3,"Brown, Mr. George",male,25.3,0,0,T855556,9.37,,C
3209,1,1,"Taylor, Mr. John",male,,0,0,T312672,82.74,,S
3210,1,1,"Wilson, Mrs. Annie",female,13.5,0,0,T267795,75.32,,S
3211,0,3,"Wilson, Mr. Thomas",male,,2,0,T308441,9.53,,S
3212,0,3,"Jones, Mr. Richard",male,,0,0,T416720,17.35,A74,S
3213,0,3,"Anderson, Mr. Richard",male,,0,2,T82041,9.85,,S
3214,0,1,"Williams, Mrs. Florence",female,32.6,0,1,T723043,224.66,,S
3215,0,3,"Johnson, Mr. John",male,54.1,0,4,T669910,8.62,,S
3216,1,3,"Johnson, Miss. Beatrice",female,19.4,0,0,T544280,8.6,F130,S
3217,0,3,"Jones, Miss. Edith",female,28.5,0,0,T705839,9.23,,C
3218,1,1,"Anderson, Mr. Thomas",male,14.1,0,0,T684075,77.97,,S
3219,1,2,"Thomas, Mr. Edward",male,19.2,0,0,T57323,19.33,G58,Q
3220,0,2,"Moore, Mrs. Edith",female,13.9,0,2,T29517,12.95,D21,S
3221,0,3,"Davis, Mr. Henry",male,,0,0,T439057,6.09,,C
3222,1,3,"Taylor, Mr. John",male,,0,2,T711051,5.94,,C
3223,1,3,"Miller, Mr. William",male,,0,0,T284307,6.92,,S
3224,0,3,"Davis, Mr. Thomas",male,,1,0,T614412,6.68,,C
3225,0,1,"Anderson, Mr. Henry",male,37.1,0,0,T647520,39.32,,S
3226,0,1,"Davis, Mr. Henry",male,31.3,4,0,T585813,117.41,,S
3227,0,1,"Smith, Mr. Charles",male,,0,0,T721175,145.75,,S
3228,1,2,"Johnson, Mr. John",male,11.7,0,0,T202429,22.63,,S
3229,1,3,"Jones, Miss. Edith",female,31.9,0,0,T947099,4.07,,S
3230,0,3,"Wilson, Mrs. Alice",female,32.4,0,0,T613774,22.58,,S
3231,0,1,"Johnson, Mr. Henry",male,31.2,1,0,T936610,38.99,,S
3232,0,3,"Wilson, Mr. Thomas",male,35.5,3,0,T45706,16.1,,S
3233,0,3,"Thomas, Mr. William",male,39.8,0,0,T938988,12.68,,S
3234,1,3,"Thomas, Mr. William",male,13.8,5,2,T652783,17.44,B30,Q
3235,0,1,"Brown, Mr. Richard",male,,0,0,T501675,45.19,B50,S
3236,0,3,"Davis, Mr. James",male,37.2,0,0,T247188,10.66,,S
3237,0,2,"Thomas, Mrs. Clara",female,25.8,0,0,T689082,23.56,,S
3238,0,3,"Jones, Mr. Thomas",male,43.6,0,1,T292992,22.83,,S
3239,1,2,"Moore, Mr. Henry",male,,0,0,T362267,43.38,,S
3240,0,1,"Johnson, Mr. Robert",male,1.4,2,0,T762416,276.54,,S
3241,0,3,"Miller, Mr. Henry",male,41.9,0,0,T233156,9.17,,S
3242,0,3,"Moore, Miss. Beatrice",female,28.0,1,1,T218926,8.81,C146,S
3243,0,3,"Anderson, Mr. George",male,4.0,1,1,T90536,15.93,,S
3244,1,3,"Anderson, Miss. Annie",female,26.0,0,0,T856214,22.04,,C
3245,0,1,"Thomas, Master. William",male,11.3,0,0,T746230,41.2,,S
3246,0,1,"Taylor, Master. George",male,40.6,0,0,T776872,112.82,,S
3247,0,3,"Brown, Miss. Edith",female,29.2,0,2,T726956,5.27,,C
3248,1,2,"Williams, Master. Richard",male,16.3,0,1,T234458,17.84,,S
3249,0,3,"Thomas, Mr. John",male,41.5,1,0,T707620,6.74,,Q
3250,1,2,"Smith, Miss. Clara",female,36.3,3,0,T797511,12.79,C104,S
3251,0,1,"Johnson, Mr. Thomas",male,26.3,1,0,T294182,81.52,E118,C
3252,1,3,"Wilson, Mrs. Beatrice",female,11.6,0,2,T835093,10.97,,S
3253,0,1,"Johnson, Master. Thomas",male,17.5,0,1,T712181,26.17,E38,C
3254,0,3,"Moore, Mr. Henry",male,17.3,0,1,T266726,9.13,,S
3255,0,3,"Davis, Master. Thomas",male,40.5,0,0,T729945,7.69,,S
3256,1,3,"Wilson, Miss. Dorothy",female,5.3,2,0,T578955,10.76,F51,S
3257,0,3,"Miller, Mr. Charles",male,29.0,1,0,T945842,9.89,,S
3258,0,1,"Thomas, Mr. Richard",male,,0,1,T247562,137.65,,Q
3259,0,3,"Brown, Mr. Robert",male,,2,2,T947348,5.03,,C
3260,0,3,"Williams, Mr. William",male,33.1,1,0,T890891,12.89,,Q
3261,0,3,"Moore, Mr. John",male,37.5,0,0,T433229,10.66,G109,S
3262,0,3,"Brown, Mr. George",male,,0,1,T749921,5.38,,S
3263,0,3,"Moore, Miss. Clara",female,11.9,0,2,T897636,21.33,,C
3264,0,3,"Brown, Mr. William",male,25.0,0,0,T186974,5.32,,S
3265,1,3,"Miller, Mr. Henry",male,41.0,0,0,T103899,14.35,E77,S
3266,0,2,"Taylor, Mr. George",male,40.9,1,0,T99639,48.78,G82,S
3267,0,1,"Miller, Mr. Edward",male,,0,0,T539660,105.64,,S
3268,1,3,"Moore, Mrs. Beatrice",female,17.2,2,0,T988557,19.44,,C
3269,0,1,"Taylor, Master. Edward",male,14.4,1,0,T454614,75.23,B36,S
3270,1,1,"Moore, Master. James",male,,0,0,T180459,51.3,,C
3271,1,1,"Miller, Mr. Edward",male,,0,0,T655090,54.17,,S
3272,0,3,"Moore, Miss. Florence",female,51.1,0,2,T924044,7.01,,C
3273,1,2,"Moore, Miss. Emma",female,,1,2,T53654,16.7,,S
3274,0,3,"Wilson, Mr. William",male,38.6,2,0,T142497,13.99,E89,C
3275,1,2,"Thomas, Mr. James",male,18.4,0,0,T501311,29.7,,C
3276,0,3,"Jones, Mr. John",male,30.3,1,0,T869859,30.22,,C
3277,0,2,"Brown, Mr. Edward",male,31.7,0,0,T916713,11.02,,S
3278,0,3,"Thomas, Mr. George",male,,0,0,T507761,4.23,,C
3279,1,2,"Miller, Mrs. Annie",female,29.4,4,1,T798710,23.05,B34,S
3280,0,3,"Miller, Mr. Robert",male,,0,0,T59380,7.5,,Q
3281,0,3,"Smith, Miss. Clara",female,,0,0,T922379,22.95,A104,S
3282,1,3,"Davis, Mr. Thomas",male,,1,0,T200157,20.96,,S
3283,0,3,"Davis, Mrs. Annie",female,,1,0,T695390,7.7,,S
3284,0,2,"Anderson, Mr. Robert",male,45.8,1,0,T970591,20.4,,Q
3285,0,3,"Thomas, Mr. John",male,4.9,0,1,T112904,15.97,,S
3286,1,3,"Brown, Miss. Mary",female,34.2,0,0,T943142,6.79,,C
3287,0,3,"Jones, Master. Charles",male,63.9,1,2,T800369,17.15,G107,Q
3288,0,3,"Brown, Mr. Henry",male,29.1,0,0,T395491,32.7,G4,C
3289,1,3,"Thomas, Mrs. Beatrice",female,32.3,0,2,T687650,12.69,,Q
3290,0,3,"Anderson, Mr. Richard",male,,1,2,T325529,4.52,,S
3291,1,2,"Thomas, Mr. George",male,,0,0,T966593,18.3,,S
3292,0,3,"Taylor, Mrs. Annie",female,,1,0,T667185,9.93,B89,C
3293,0,3,"Brown, Mrs. Florence",female,19.9,0,0,T350071,37.8,,S
3294,1,3,"Davis, Mrs. Annie",female,28.0,0,1,T729077,8.46,,S
3295,1,2,"Brown, Mr. Edward",male,13.5,0,0,T192706,38.62,D129,C
3296,1,3,"Thomas, Mrs. Clara",female,28.0,1,2,T160343,14.54,,S
3297,0,3,"Davis, Mrs. Florence",female,,0,1,T937026,9.88,,S
3298,1,1,"Jones, Mrs. Annie",female,31.7,0,0,T450276,107.99,,C
3299,0,3,"Johnson, Mrs. Mary",female,19.4,0,1,T713936,7.65,A57,C
3300,0,2,"Thomas, Mr. Richard",male,26.6,0,0,T889404,24.66,,Q
3301,0,3,"Wilson, Mr. Edward",male,29.8,0,0,T447872,23.65,,S
3302,0,3,"Brown, Mr. Richard",male,,0,0,T504249,3.98,,Q
3303,1,1,"Johnson, Mrs. Emma",female,33.7,0,0,T450955,79.05,B96,C
3304,0,2,"Johnson, Mr. Thomas",male,,0,0,T393313,33.52,,S
3305,1,3,"Johnson, Miss. Emma",female,,0,0,T575050,6.51,,S
3306,0,1,"Anderson, Miss. Clara",female,30.9,0,1,T527750,177.18,,Q
3307,1,3,"Johnson, Miss. Edith",female,27.1,0,2,T757926,14.6,,S
3308,0,3,"Thomas, Mrs. Edith",female,44.6,0,0,T332046,8.71,,Q
3309,1,3,"Jones, Mrs. Clara",female,,1,2,T403103,2.96,,Q
3310,0,1,"Taylor, Miss. Beatrice",female,,0,0,T28734,196.21,,S
3311,1,3,"Johnson, Miss. Beatrice",female,,4,0,T562105,9.1,,S
3312,0,3,"Moore, Mr. Henry",male,41.6,2,3,T964264,28.31,,S
3313,0,1,"Smith, Mr. Edward",male,10.2,4,0,T611668,49.93,,S
3314,0,1,"Johnson, Mr. Richard",male,38.1,0,0,T913021,61.43,D23,S
3315,1,1,"Wilson, Mr. James",male,42.7,0,0,T694677,59.22,,S
3316,0,3,"Williams, Mr. Edward",male,,1,0,T722174,10.93,,C
3317,1,1,"Davis, Mrs. Annie",female,26.3,0,0,T194461,105.49,,C
3318,1,1,"Thomas, Miss. Edith",female,32.4,0,0,T719611,77.46,,S
3319,0,3,"Wilson, Mr. Charles",male,38.0,1,0,T917289,27.56,B135,Q
3320,0,3,"Smith, Miss. Lily",female,15.4,0,1,T85482,10.45,A142,S
3321,0,3,"Wilson, Mr. James",male,46.5,1,0,T696838,15.77,,S
3322,0,3,"Brown, Mr. James",male,0.5,0,0,T75165,9.57,,S
3323,1,1,"Davis, Mrs. Dorothy",female,48.9,0,0,T791691,175.38,,S
3324,0,3,"Jones, Mr. Henry",male,,0,0,T360519,6.03,,S
3325,1,1,"Thomas, Miss. Annie",female,20.7,0,1,T367738,132.31,F92,S
3326,0,3,"Smith, Mr. Thomas",male,42.2,1,0,T273121,10.63,,S
3327,0,3,"Davis, Mr. Thomas",male,,1,0,T454625,24.52,,C
3328,1,1,"Moore, Miss. Edith",female,31.4,5,2,T720861,226.63,,S
3329,0,3,"Taylor, Mr. William",male,,3,0,T856975,9.81,B119,S
3330,1,3,"Williams, Miss. Emma",female,33.1,0,0,T679368,5.64,,S
3331,0,1,"Brown, Mr. James",male,17.5,0,0,T21509,66.53,,S
3332,0,3,"Brown, Mr. Charles",male,22.5,1,1,T589398,10.41,C108,C
3333,0,3,"Johnson, Mrs. Clara",female,31.5,0,0,T565867,20.19,,S
3334,1,3,"Moore, Miss. Florence",female,19.2,0,0,T14356,9.75,D28,S
3335,0,3,"Moore, Master. Richard",male,33.6,1,0,T584567,9.05,,Q
3336,0,3,"Anderson, Mr. George",male,20.8,2,0,T129356,3.0,B135,S
3337,1,1,"Smith, Mrs. Edith",female,44.2,1,0,T934671,77.12,,S
3338,1,2,"Brown, Mr. James",male,,0,0,T562112,13.7,,Q
3339,0,3,"Brown, Mr. Thomas",male,25.4,0,0,T156382,16.31,,S
3340,1,1,"Smith, Miss. Mary",female,43.0,0,0,T993344,71.11,,S
3341,0,3,"Thomas, Mr. Charles",male,26.6,0,0,T83825,14.74,,S
3342,1,2,"Taylor, Mr. Charles",male,16.1,0,0,T250708,60.73,A13,S
3343,1,2,"Davis, Mr. George",male,23.5,0,0,T892291,21.67,F80,S
3344,0,1,"Jones, Miss. Annie",female,30.9,1,1,T229203,119.08,,S
3345,0,3,"Jones, Master. John",male,3.8,0,0,T464800,18.93,,S
3346,1,3,"Williams, Miss. Alice",female,38.8,2,0,T778128,11.08,,S
3347,0,2,"Smith, Mr. William",male,30.9,0,0,T657228,15.52,,S
3348,0,3,"Brown, Mr. Richard",male,44.2,0,0,T442393,9.78,E124,S
3349,0,1,"Miller, Mr. James",male,38.5,1,0,T365233,256.69,,S
3350,0,3,"Wilson, Mr. Charles",male,31.4,2,0,T504204,12.47,,S
3351,0,1,"Taylor, Mr. Edward",male,24.5,2,0,T354764,53.5,,S
3352,0,3,"Wilson, Mr. George",male,51.8,0,0,T825537,11.27,,S
3353,0,3,"Williams, Miss. Florence",female,61.2,2,0,T479536,15.34,F66,S
3354,0,3,"Miller, Miss. Mary",female,,1,0,T694457,24.93,D145,S
3355,0,2,"Anderson, Mr. Richard",male,44.8,0,0,T909674,14.57,,S
3356,1,3,"Johnson, Miss. Annie",female,19.5,0,0,T814055,33.39,,Q
3357,0,3,"Thomas, Miss. Edith",female,21.2,0,0,T248066,7.19,F6,S
3358,0,3,"Johnson, Master. John",male,,0,0,T580551,15.86,,S
3359,0,2,"Anderson, Mr. John",male,39.6,0,5,T171396,33.13,,S
3360,0,2,"Davis, Mr. George",male,14.1,0,0,T869498,22.67,,C
3361,0,3,"Smith, Mr. Thomas",male,52.2,0,1,T141163,11.69,,S
3362,0,1,"Brown, Mr. Robert",male,43.3,0,0,T237026,106.89,,S
3363,0,1,"Williams, Mr. George",male,39.3,0,0,T77777,266.59,,S
3364,0,1,"Miller, Mr. Henry",male,25.4,0,0,T867530,52.66,,Q
3365,0,3,"Wilson, Mrs. Annie",female,41.7,0,0,T267920,12.41,D15,S
3366,1,1,"Jones, Miss. Lily",female,0.5,0,0,T797628,157.92,,S
3367,0,3,"Williams, Mr. William",male,36.1,0,0,T799272,5.88,B9,S
3368,1,3,"Miller, Miss. Dorothy",female,32.0,0,4,T18450,5.85,D132,S
3369,1,1,"Wilson, Mr. William",male,,1,0,T515286,100.86,,S
3370,0,2,"Brown, Miss. Lily",female,35.6,0,0,T228200,30.84,,S
3371,0,1,"Williams, Mr. Robert",male,,2,0,T842078,138.67,E99,S
3372,0,3,"Brown, Mr. George",male,2.8,0,1,T722307,8.06,G98,S
3373,0,3,"Jones, Mr. Henry",male,12.5,0,0,T162120,12.99,,C
3374,0,3,"Brown, Mr. William",male,59.6,1,1,T897363,9.33,,S
3375,0,1,"Brown, Mr. Robert",male,27.0,1,2,T600977,30.0,,C
3376,0,3,"Taylor, Master. George",male,43.8,0,0,T520981,20.84,,Q
3377,0,3,"Brown, Mr. James",male,46.0,1,0,T456584,11.7,B138,S
3378,0,3,"Jones, Mr. James",male,,0,0,T935410,11.2,,S
3379,1,3,"Davis, Mrs. Beatrice",female,44.4,0,0,T888881,4.9,G7,S
3380,0,1,"Moore, Mr. Henry",male,0.5,0,0,T234084,84.64,,S
3381,1,3,"Moore, Mrs. Mary",female,26.4,0,1,T449420,8.2,,Q
3382,1,2,"Williams, Mrs. Annie",female,0.5,1,0,T305286,15.37,,S
3383,1,1,"Davis, Mr. Thomas",male,4.4,0,0,T64842,188.98,,S
3384,0,3,"Miller, Mr. John",male,21.8,0,0,T766757,33.1,,S
3385,0,3,"Taylor, Mrs. Dorothy",female,20.1,0,0,T711875,8.88,,S
3386,0,3,"Johnson, Mr. Henry",male,30.3,0,0,T794232,19.65,,S
3387,0,1,"Anderson, Mrs. Mary",female,29.4,1,0,T900096,114.35,,S
3388,0,2,"Jones, Mr. Robert",male,,0,0,T426269,44.01,,S
3389,0,3,"Jones, Mr. George",male,32.2,3,2,T686845,18.42,,S
3390,0,3,"Davis, Mr. Robert",male,34.5,0,1,T409273,23.18,,S
3391,0,1,"Miller, Mr. Charles",male,,0,0,T959744,44.02,,S
3392,0,3,"Brown, Miss. Beatrice",female,19.2,0,0,T966230,5.49,A8,S
3393,1,2,"Moore, Miss. Clara",female,,1,0,T952788,18.66,,S
3394,0,3,"Moore, Mrs. Edith",female,,0,0,T39838,2.87,,S
3395,0,3,"Jones, Mr. James",male,14.0,1,0,T921411,17.42,,Q
3396,0,2,"Taylor, Mr. William",male,45.4,1,0,T907775,29.02,,S
3397,0,2,"Johnson, Mr. Thomas",male,40.2,0,1,T172509,26.27,,S
3398,0,3,"Thomas, Miss. Edith",female,,1,0,T189684,6.93,,S
3399,0,3,"Taylor, Mr. Thomas",male,26.7,0,1,T60978,13.35,E22,S
3400,0,3,"Wilson, Mr. John",male,58.8,0,0,T288332,14.41,,C
3401,1,3,"Moore, Mrs. Dorothy",female,32.0,0,1,T395904,7.6,G118,S
3402,0,1,"Davis, Mr. Richard",male,35.4,1,0,T568456,126.45,,S
3403,0,3,"Miller, Mr. William",male,20.9,0,0,T559211,4.99,,C
3404,0,1,"Williams, Mr. Henry",male,25.2,1,0,T265076,62.92,E126,S
3405,0,3,"Taylor, Mr. Henry",male,51.6,1,0,T515177,9.98,,S
3406,0,2,"Davis, Miss. Mary",female,31.3,0,0,T285397,19.54,,S
3407,0,3,"Taylor, Mr. William",male,28.7,0,1,T382655,7.09,,C
3408,0,2,"Williams, Mr. Edward",male,29.8,0,0,T840766,15.3,,C
3409,1,2,"Jones, Mr. Robert",male,,0,0,T75735,17.05,,C
3410,0,2,"Moore, Mr. George",male,30.3,2,0,T835289,26.42,B7,Q
3411,0,3,"Thomas, Mr. Thomas",male,,0,0,T799805,18.95,D43,C
3412,0,3,"Anderson, Mr. George",male,20.2,3,0,T369957,13.13,,S
3413,0,3,"Wilson, Mr. Edward",male,,0,0,T982489,4.92,,S
3414,0,2,"Thomas, Mr. Charles",male,9.0,3,0,T183138,23.63,,Q
3415,1,3,"Brown, Miss. Beatrice",female,36.2,0,1,T751663,9.47,,S
3416,0,3,"Brown, Mr. John",male,19.2,0,0,T524445,22.38,,Q
3417,0,1,"Miller, Mrs. Beatrice",female,2.7,0,0,T502567,94.4,,S
3418,0,2,"Thomas, Mr. Thomas",male,,0,0,T502817,26.24,E24,C
3419,0,3,"Moore, Mr. James",male,30.1,0,1,T928006,7.2,,C
3420,1,2,"Wilson, Mrs. Mary",female,49.9,0,0,T110213,15.66,,S
3421,0,2,"Anderson, Mr. Edward",male,42.9,0,1,T723498,27.12,F48,S
3422,0,3,"Brown, Mr. George",male,25.4,0,0,T951841,9.84,,Q
3423,1,1,"Anderson, Mr. Henry",male,43.8,8,0,T951437,91.1,A74,S
3424,0,3,"Brown, Mr. George",male,24.5,0,0,T371795,6.55,,C
3425,0,3,"Williams, Mr. Richard",male,8.4,0,1,T406700,13.2,,S
3426,1,3,"Johnson, Mr. Henry",male,30.0,0,0,T867218,21.3,,Q
3427,1,3,"Thomas, Mrs. Dorothy",female,7.9,1,0,T930656,10.89,C13,S
3428,1,1,"Jones, Mr. Thomas",male,41.2,0,1,T726994,223.01,A124,S
3429,1,3,"Brown, Mrs. Mary",female,41.4,0,0,T43606,8.75,,Q
3430,1,2,"Brown, Mr. James",male,16.9,8,0,T201390,27.3,,S
3431,0,3,"Smith, Mr. Richard",male,31.8,1,0,T13580,9.02,B23,S
3432,1,3,"Davis, Mrs. Emma",female,31.7,0,0,T957418,16.53,B59,C
3433,0,3,"Thomas, Mr. James",male,42.3,0,0,T744845,16.2,,S
3434,1,3,"Taylor, Miss. Alice",female,11.6,1,4,T352501,15.72,,S
3435,0,2,"Johnson, Mr. Richard",male,,1,0,T395922,24.04,,S
3436,1,1,"Johnson, Mr. Thomas",male,10.6,0,0,T211164,175.31,,C
3437,1,3,"Davis, Mrs. Annie",female,41.0,0,0,T311841,5.87,D53,S
3438,1,1,"Thomas, Miss. Clara",female,45.1,2,0,T896909,88.97,,C
3439,0,3,"Anderson, Mr. Richard",male,20.0,0,0,T213861,8.46,,S
3440,1,1,"Smith, Mrs. Beatrice",female,47.4,0,2,T510908,126.88,,S
3441,1,3,"Williams, Miss. Beatrice",female,6.9,1,0,T159131,14.04,,S
3442,0,1,"Anderson, Mr. Richard",male,,0,0,T308022,53.0,,S
3443,0,3,"Taylor, Mrs. Emma",female,50.6,2,0,T373441,20.45,,S
3444,0,3,"Brown, Miss. Clara",female,34.7,0,1,T408013,22.48,,C
3445,1,3,"Thomas, Mr. John",male,26.9,0,0,T226758,27.52,,S
3446,1,2,"Williams, Mr. George",male,34.2,0,0,T231970,40.09,F95,S
3447,0,3,"Anderson, Mrs. Dorothy",female,,0,4,T31933,13.07,,S
3448,0,2,"Brown, Mr. James",male,67.8,1,0,T454509,44.04,D34,S
3449,0,2,"Smith, Mr. James",male,21.2,1,1,T493957,35.49,E136,S
3450,0,2,"Williams, Master. Edward",male,48.8,1,0,T557380,38.18,,S
3451,0,3,"Jones, Mr. William",male,19.0,0,0,T60539,17.65,,S
3452,0,1,"Williams, Mr. Charles",male,52.9,0,4,T491147,63.9,,S
3453,1,3,"Johnson, Mrs. Lily",female,58.9,0,0,T449262,10.38,C42,S
3454,1,3,"Smith, Miss. Florence",female,,0,0,T102112,13.46,B135,C
3455,1,1,"Miller, Mr. Thomas",male,33.9,1,0,T989163,89.67,,S
3456,0,3,"Johnson, Miss. Edith",female,15.8,0,0,T662008,6.8,,S
3457,0,3,"Anderson, Mr. George",male,14.1,1,1,T251731,11.53,A54,C
3458,1,1,"Miller, Mr. William",male,34.0,1,0,T889876,139.44,,S
3459,0,3,"Thomas, Mr. Henry",male,50.8,0,2,T757142,7.88,,S
3460,1,3,"Miller, Miss. Mary",female,21.8,1,0,T964767,14.35,A94,S
3461,0,1,"Williams, Mr. Robert",male,,1,5,T682857,108.72,,S
3462,0,3,"Thomas, Mr. Thomas",male,20.9,0,0,T928675,20.69,,S
3463,0,2,"Moore, Mr. William",male,33.0,0,3,T669587,24.19,,S
3464,1,2,"Anderson, Mrs. Edith",female,,0,0,T907119,25.79,,S
3465,0,3,"Moore, Miss. Dorothy",female,28.2,0,0,T794072,9.12,B60,S
3466,0,3,"Thomas, Mr. Richard",male,,0,0,T305810,12.42,,S
3467,0,3,"Moore, Mr. Henry",male,,3,0,T695756,14.87,,C
3468,1,3,"Miller, Mrs. Alice",female,32.6,0,0,T711044,8.94,,S
3469,1,3,"Wilson, Mrs. Mary",female,28.3,0,0,T290946,22.51,,Q
3470,0,3,"Williams, Mr. William",male,38.9,0,0,T796399,7.35,,C
3471,0,1,"Brown, Miss. Emma",female,40.7,0,0,T915009,63.12,,Q
3472,1,3,"Moore, Mrs. Florence",female,26.2,5,0,T390343,5.33,,C
3473,0,3,"Miller, Mr. Henry",male,,1,0,T534660,5.47,C26,S
3474,0,1,"Moore, Mr. Edward",male,52.2,0,0,T739729,51.62,B68,S
3475,0,3,"Johnson, Mr. George",male,,1,3,T693227,26.7,,S
3476,1,1,"Johnson, Mrs. Florence",female,21.1,0,0,T601044,49.01,,S
3477,1,3,"Thomas, Mr. Thomas",male,17.4,0,0,T93469,37.14,,S
3478,0,3,"Davis, Mr. Thomas",male,40.5,2,0,T105945,9.5,,S
3479,0,3,"Wilson, Miss. Annie",female,,0,0,T307771,8.08,,S
3480,1,1,"Miller, Mrs. Emma",female,27.2,2,0,T746159,63.58,,S
3481,0,3,"Moore, Mr. Edward",male,33.0,4,0,T983285,9.15,,C
3482,0,1,"Moore, Mr. William",male,35.9,0,0,T950718,92.55,A124,S
3483,0,3,"Smith, Master. George",male,55.9,0,0,T475755,8.31,,S
3484,0,3,"Taylor, Mr. James",male,4.0,1,1,T91147,19.77,,S
3485,1,3,"Williams, Miss. Edith",female,40.5,0,0,T86989,13.49,E129,S
3486,0,3,"Thomas, Mr. Charles",male,,0,0,T56722,18.0,,S
3487,0,3,"Williams, Mr. Thomas",male,24.3,0,0,T785526,12.13,,S
3488,1,1,"Johnson, Mrs. Beatrice",female,34.4,0,0,T735272,59.31,,Q
3489,0,2,"Anderson, Mr. Richard",male,40.4,0,0,T123181,22.25,F81,S
3490,0,3,"Johnson, Mr. George",male,,0,0,T194695,20.44,,S
3491,0,3,"Brown, Mr. Edward",male,,2,2,T990579,7.64,,S
3492,1,1,"Taylor, Miss. Mary",female,31.5,1,0,T610037,252.06,,S
3493,0,3,"Davis, Mr. Charles",male,30.1,1,0,T309577,19.39,,S
3494,1,2,"Brown, Mr. George",male,,0,0,T527789,20.92,,S
3495,0,2,"Johnson, Mr. Edward",male,,0,0,T242206,35.98,,S
3496,1,3,"Brown, Mrs. Lily",female,29.2,1,0,T700398,9.18,,S
3497,0,2,"Smith, Mr. Charles",male,29.9,0,0,T147898,19.3,A4,S
3498,0,1,"Williams, Mr. William",male,,0,1,T244968,83.6,F117,S
3499,0,1,"Anderson, Mrs. Dorothy",female,,0,0,T737676,47.46,E115,S
3500,1,3,"Williams, Miss. Alice",female,20.9,0,0,T991782,12.18,,S
3501,1,3,"Jones, Mrs. Mary",female,35.8,1,1,T354301,18.22,,Q
3502,0,3,"Moore, Mr. Richard",male,25.6,0,0,T915433,9.55,D45,S
3503,0,2,"Taylor, Miss. Lily",female,38.6,1,0,T712527,15.56,,S
3504,0,3,"Miller, Mr. Charles",male,31.3,0,1,T581578,9.39,,S
3505,0,3,"Anderson, Mr. Thomas",male,24.1,0,0,T464193,18.19,,S
3506,0,3,"Davis, Mr. Henry",male,52.4,1,0,T113567,8.98,,S
3507,0,3,"Thomas, Mr. William",male,28.2,0,0,T501767,19.31,,S
3508,0,2,"Taylor, Mr. Thomas",male,38.7,0,0,T367712,51.75,,C
3509,0,3,"Williams, Mr. George",male,19.6,0,0,T505258,13.0,B35,C
3510,1,1,"Jones, Miss. Florence",female,0.5,0,0,T826272,93.43,,C
3511,0,2,"Brown, Mr. James",male,21.5,1,2,T427360,26.08,,S
3512,0,3,"Brown, Mr. George",male,0.5,0,0,T157283,14.43,,S
3513,0,3,"Miller, Mr. James",male,,3,1,T482193,5.02,C2,Q
3514,1,3,"Moore, Mrs. Emma",female,,1,0,T842630,10.89,B69,S
3515,0,3,"Miller, Mr. Charles",male,16.6,1,0,T416947,10.49,,C
3516,0,1,"Wilson, Mr. Robert",male,0.5,0,0,T406566,165.69,G24,S
3517,1,1,"Moore, Master. William",male,51.5,1,0,T51307,67.56,,S
3518,1,2,"Anderson, Mrs. Annie",female,22.8,1,5,T980201,25.29,,S
3519,0,3,"Miller, Mr. George",male,29.5,0,0,T55162,7.68,E148,C
3520,0,3,"Brown, Mr. Henry",male,41.1,0,0,T292609,16.72,E109,C
3521,1,1,"Thomas, Mr. Charles",male,37.3,1,0,T553282,41.15,,S
3522,0,3,"Anderson, Mrs. Annie",female,,0,0,T815195,4.22,A113,S
3523,0,2,"Johnson, Mr. Robert",male,,0,0,T107616,58.24,,S
3524,0,3,"Taylor, Mr. Henry",male,4.4,1,0,T159416,19.4,,S
3525,0,3,"Miller, Mr. William",male,9.2,0,0,T573675,5.83,G75,S
3526,1,1,"Williams, Mrs. Edith",female,46.7,0,0,T978074,136.79,D138,S
3527,0,3,"Smith, Mr. Thomas",male,18.4,2,2,T443125,9.87,,S
3528,0,3,"Miller, Mr. Edward",male,19.9,0,0,T273050,11.25,C34,S
3529,0,3,"Williams, Mr. Edward",male,11.4,0,0,T306910,21.16,,S
3530,0,3,"Johnson, Mr. Thomas",male,23.8,0,2,T261289,8.05,,S
3531,0,1,"Wilson, Mr. James",male,24.6,1,0,T218284,166.14,,S
3532,0,3,"Taylor, Mr. Charles",male,16.1,0,1,T80041,13.09,,Q
3533,1,3,"Thomas, Mrs. Florence",female,,0,0,T521254,12.74,,S
3534,0,1,"Moore, Mr. George",male,34.3,0,0,T50906,46.19,D22,S
3535,0,2,"Wilson, Miss. Clara",female,18.0,0,0,T704147,16.53,,S
3536,0,3,"Miller, Mr. Richard",male,20.9,0,0,T985561,8.23,,S
3537,1,2,"Johnson, Mrs. Clara",female,,0,0,T699660,22.6,G98,S
3538,0,3,"Wilson, Mr. Charles",male,57.8,1,1,T788473,6.41,,S
3539,0,3,"Jones, Mr. Henry",male,,0,0,T317644,7.81,G21,S
3540,0,3,"Johnson, Mr. William",male,22.5,0,0,T990199,13.73,,S
3541,0,2,"Miller, Mrs. Dorothy",female,16.7,0,2,T374576,41.49,,C
3542,1,2,"Anderson, Mrs. Beatrice",female,29.9,0,2,T31114,18.94,,S
3543,1,1,"Taylor, Mr. Henry",male,29.5,1,0,T654534,60.94,,C
3544,0,3,"Davis, Mr. Edward",male,11.2,0,0,T619987,10.33,F9,S
3545,0,3,"Brown, Mr. Edward",male,0.5,0,0,T228851,7.84,,S
3546,0,3,"Taylor, Mr. James",male,22.1,0,0,T17175,10.08,,S
3547,0,3,"Jones, Mr. William",male,7.0,1,0,T215269,7.23,,S
3548,0,2,"Smith, Mr. George",male,32.2,3,4,T514596,30.99,,S
3549,0,1,"Jones, Mr. Robert",male,,1,0,T502893,122.47,,S
3550,0,3,"Taylor, Miss. Florence",female,,0,0,T345992,13.72,G125,S
3551,0,3,"Wilson, Mrs. Beatrice",female,,0,0,T905163,19.97,,S
3552,0,2,"Thomas, Mr. Thomas",male,55.3,0,0,T249453,26.61,F24,S
3553,1,1,"Smith, Miss. Lily",female,40.9,0,0,T39357,84.59,,C
3554,0,1,"Thomas, Mr. Charles",male,23.1,0,0,T89425,98.9,,Q
3555,1,2,"Taylor, Miss. Beatrice",female,62.9,0,1,T171814,20.68,,C
3556,0,3,"Smith, Mr. James",male,12.3,0,0,T448049,11.72,,Q
3557,1,3,"Jones, Mrs. Edith",female,17.9,0,1,T366543,21.98,,S
3558,0,3,"Smith, Master. Richard",male,28.1,0,0,T740077,7.36,,S
3559,0,3,"Anderson, Master. John",male,7.5,0,0,T155215,14.36,G85,C
3560,1,3,"Williams, Miss. Emma",female,,0,2,T904363,5.6,,C
3561,0,3,"Brown, Mr. Thomas",male,32.4,2,2,T550292,13.57,,S
3562,0,1,"Anderson, Mr. Robert",male,,5,0,T274610,31.59,,S
3563,1,3,"Miller, Mr. Thomas",male,36.2,0,2,T411544,18.82,,S
3564,1,1,"Taylor, Mrs. Florence",female,31.8,1,0,T990725,99.73,,S
3565,0,2,"Davis, Mr. Thomas",male,25.3,0,0,T100661,40.37,,Q
3566,1,1,"Anderson, Mr. Thomas",male,12.2,0,0,T155133,79.33,,S
3567,0,3,"Brown, Mr. Thomas",male,8.9,0,2,T743266,8.08,A62,Q
3568,0,2,"Smith, Mr. John",male,61.4,0,0,T167352,18.26,,S
3569,0,1,"Jones, Mr. Thomas",male,10.1,0,0,T774219,325.22,,C
3570,0,3,"Miller, Miss. Beatrice",female,54.3,0,0,T249878,6.92,,S
3571,0,3,"Moore, Master. Richard",male,17.5,0,0,T267213,13.09,A7,C
3572,0,3,"Jones, Mr. Edward",male,41.2,0,0,T598916,8.53,A111,Q
3573,0,3,"Taylor, Mr. Robert",male,36.4,0,0,T184617,13.2,,C
3574,1,1,"Miller, Mr. James",male,39.3,0,0,T48989,71.75,,S
3575,1,1,"Brown, Miss. Edith",female,,0,0,T342255,163.42,,C
3576,0,3,"Brown, Mr. Henry",male,6.3,0,0,T472630,7.5,,C
3577,1,3,"Davis, Miss. Dorothy",female,,0,0,T948569,19.36,,S
3578,1,3,"Taylor, Mr. Edward",male,9.9,0,0,T663825,4.52,C2,C
3579,0,3,"Wilson, Mr. Robert",male,32.4,1,0,T673333,7.44,F123,S
3580,1,3,"Jones, Mr. Richard",male,10.5,4,2,T653908,28.54,,S
3581,1,3,"Thomas, Mrs. Beatrice",female,1.0,1,0,T319189,12.85,,S
3582,0,2,"Thomas, Mrs. Dorothy",female,26.3,0,0,T688906,11.11,,S
3583,0,1,"Miller, Mr. Charles",male,,0,0,T139307,112.08,,C
3584,0,3,"Smith, Mrs. Mary",female,33.5,0,0,T239134,16.09,,Q
3585,0,1,"Wilson, Mr. Charles",male,11.5,0,1,T709932,196.01,,S
3586,0,2,"Jones, Mrs. Florence",female,17.5,0,0,T499373,26.73,F55,S
3587,1,1,"Wilson, Mrs. Clara",female,0.5,1,2,T272187,48.25,B77,S
3588,1,2,"Wilson, Mrs. Dorothy",female,53.6,1,0,T555271,22.81,,S
3589,0,1,"Williams, Miss. Mary",female,8.5,1,1,T654331,87.07,,S
3590,1,1,"Smith, Mrs. Emma",female,24.4,0,0,T563822,175.64,,S
3591,1,3,"Thomas, Miss. Beatrice",female,3.7,1,0,T481134,4.59,,S
3592,0,3,"Smith, Master. Henry",male,,1,0,T838450,9.62,,C
3593,0,3,"Anderson, Master. John",male,55.1,0,0,T929449,8.84,,S
3594,0,3,"Thomas, Mr. James",male,34.0,0,0,T372359,28.9,,S
3595,0,1,"Johnson, Miss. Annie",female,19.2,0,0,T82264,202.81,,S
3596,0,2,"Wilson, Mr. Charles",male,29.2,1,1,T470468,12.36,G67,S
3597,0,1,"Miller, Master. Henry",male,21.6,0,0,T853247,316.77,,S
3598,0,3,"Williams, Miss. Dorothy",female,28.4,0,0,T910276,6.6,,S
3599,1,3,"Anderson, Mrs. Annie",female,,1,0,T625430,7.84,,S
3600,0,1,"Taylor, Mr. Robert",male,24.9,0,6,T670236,70.33,,S
3601,0,2,"Wilson, Master. William",male,32.9,1,4,T247139,27.1,,S
3602,0,3,"Thomas, Mr. Charles",male,33.1,0,0,T101890,27.81,,C
3603,0,3,"Wilson, Mr. Henry",male,25.0,1,0,T734668,5.81,D5,C
3604,0,3,"Anderson, Mrs. Alice",female,19.0,1,0,T532094,6.44,,S
3605,0,2,"Smith, Miss. Emma",female,,1,0,T916973,11.31,,C
3606,0,1,"Thomas, Master. James",male,39.8,1,0,T871682,127.14,F79,S
3607,1,3,"Taylor, Mr. James",male,41.0,0,0,T821226,18.58,,S
3608,0,3,"Wilson, Miss. Mary",female,13.2,0,0,T138505,7.04,,S
3609,0,3,"Anderson, Mr. Charles",male,,0,0,T743104,17.04,,C
3610,0,3,"Johnson, Mr. Thomas",male,18.8,0,0,T492525,19.31,,S
3611,1,3,"Anderson, Miss. Florence",female,41.3,0,0,T436664,10.97,G86,S
3612,0,3,"Davis, Mrs. Alice",female,22.9,0,0,T263079,19.7,C3,S
3613,0,2,"Jones, Mr. William",male,61.6,0,0,T602157,34.32,,S
3614,1,2,"Davis, Mrs. Florence",female,32.9,0,0,T157840,25.97,F143,S
3615,0,3,"Jones, Mr. Richard",male,,0,0,T405543,9.73,,S
3616,1,2,"Jones, Mr. Thomas",male,15.0,0,0,T72227,21.7,G22,S
3617,0,3,"Johnson, Mr. George",male,29.9,0,0,T29381,23.37,G33,S
3618,1,3,"Williams, Mr. Thomas",male,38.6,1,4,T222735,8.43,,S
3619,0,3,"Taylor, Master. William",male,,0,0,T673760,18.76,D118,S
3620,0,2,"Wilson, Mr. Richard",male,30.0,0,0,T632686,25.54,,S
3621,0,2,"Williams, Mrs. Beatrice",female,,1,0,T755155,19.19,,S
3622,1,3,"Moore, Mr. George",male,25.0,2,1,T551537,11.54,,S
3623,0,3,"Brown, Mr. Edward",male,17.3,0,2,T303408,5.19,,C
3624,0,3,"Moore, Mr. Robert",male,55.8,3,0,T860652,14.76,,S
3625,0,3,"Wilson, Mr. Richard",male,12.7,2,0,T960387,6.73,,S
3626,0,2,"Anderson, Mr. Richard",male,,0,0,T467787,34.92,,S
3627,0,3,"Williams, Mr. Richard",male,19.4,0,0,T979810,9.64,,C
3628,1,3,"Smith, Miss. Clara",female,16.1,0,0,T789597,5.46,,C
3629,0,3,"Miller, Mr. Richard",male,40.5,1,0,T737896,6.72,D63,C
3630,0,1,"Johnson, Mr. William",male,,0,1,T846992,101.98,D62,C
3631,0,2,"Jones, Mr. William",male,35.6,0,0,T390670,24.38,,C
3632,0,3,"Taylor, Mr. Edward",male,0.5,1,0,T651914,6.02,,S
3633,0,3,"Williams, Mrs. Beatrice",female,37.0,0,0,T133797,9.78,,S
3634,0,3,"Johnson, Mr. Robert",male,19.3,0,0,T998909,10.07,,S
3635,0,2,"Moore, Mr. James",male,2.5,1,2,T580243,39.94,,C
3636,0,1,"Jones, Miss. Florence",female,57.0,0,0,T394947,78.15,,S
3637,0,3,"Davis, Mr. Richard",male,38.4,0,0,T158066,19.77,,S
3638,0,1,"Anderson, Mr. Edward",male,33.0,0,0,T876993,201.68,,Q
3639,1,3,"Miller, Mrs. Annie",female,47.8,1,1,T13315,14.67,B20,C
3640,1,3,"Miller, Miss. Florence",female,33.3,1,1,T529286,8.79,D130,C
3641,0,3,"Anderson, Mr. George",male,18.1,0,2,T975734,20.16,,Q
3642,0,2,"Johnson, Mr. Thomas",male,27.2,0,1,T175600,26.54,D127,S
3643,1,3,"Taylor, Mrs. Mary",female,19.9,0,0,T118815,7.56,,S
3644,1,2,"Miller, Mr. Thomas",male,22.4,0,0,T654537,27.19,,S
3645,0,2,"Smith, Mr. Charles",male,,0,1,T154620,17.74,,S
3646,1,3,"Thomas, Mr. Robert",male,15.6,0,1,T952626,18.98,,S
3647,0,3,"Smith, Mr. Charles",male,42.7,0,0,T722395,7.6,,S
3648,0,3,"Miller, Master. John",male,34.5,2,0,T807027,12.53,,S
3649,0,1,"Jones, Mr. James",male,22.4,0,0,T872578,54.99,,S
3650,0,1,"Davis, Miss. Clara",female,14.8,0,0,T825405,332.49,,S
3651,0,1,"Thomas, Mr. Robert",male,23.8,1,0,T676549,49.07,,S
3652,0,1,"Wilson, Mr. James",male,5.3,0,0,T592726,66.39,C113,S
3653,1,3,"Anderson, Mr. Robert",male,31.5,0,0,T569747,10.21,,S
3654,1,2,"Davis, Mrs. Annie",female,,0,2,T52059,16.2,,S
3655,0,3,"Johnson, Mr. John",male,64.0,0,1,T460374,6.32,,S
3656,0,2,"Taylor, Mr. George",male,13.7,0,0,T357309,22.45,,Q
3657,0,2,"Thomas, Mr. Thomas",male,,0,0,T476766,27.8,,C
3658,0,3,"Williams, Mr. George",male,19.4,0,0,T985685,12.42,,C
3659,0,2,"Brown, Miss. Emma",female,13.3,1,0,T973472,18.75,,S
3660,1,2,"Anderson, Mr. William",male,13.3,0,0,T48352,39.06,,S
3661,0,2,"Thomas, Mr. William",male,31.7,0,0,T386067,13.91,C115,S
3662,1,1,"Wilson, Miss. Mary",female,16.2,2,0,T576150,105.05,D88,C
3663,0,3,"Jones, Master. Richard",male,20.9,1,0,T703091,20.64,,S
3664,1,2,"Davis, Mr. Thomas",male,23.3,0,0,T459862,16.8,D68,S
3665,1,3,"Smith, Mr. Robert",male,19.0,0,0,T125365,9.5,,S
3666,0,3,"Johnson, Mr. John",male,17.9,0,1,T749363,14.41,G106,Q
3667,0,3,"Williams, Mr. Henry",male,0.5,0,0,T385145,10.0,,S
3668,0,1,"Smith, Mr. John",male,31.0,0,0,T357575,120.29,,S
3669,0,3,"Jones, Mr. Charles",male,30.7,0,0,T638704,7.91,,S
3670,0,1,"Jones, Mr. Charles",male,18.1,0,0,T207654,46.29,,S
3671,1,3,"Jones, Mrs. Beatrice",female,34.9,1,2,T182251,16.15,,S
3672,1,3,"Johnson, Mrs. Dorothy",female,50.0,1,0,T544555,13.65,,Q
3673,0,1,"Smith, Mrs. Beatrice",female,30.0,0,0,T128304,136.14,,C
3674,0,3,"Davis, Mr. Richard",male,49.0,0,0,T57829,11.85,,C
3675,1,3,"Wilson, Miss. Alice",female,62.2,0,0,T512310,14.2,,S
3676,0,3,"Brown, Mr. George",male,,0,0,T704805,5.32,C49,C
3677,0,2,"Jones, Mr. James",male,12.5,0,0,T896972,31.11,A36,C
3678,0,3,"Williams, Mr. Henry",male,12.5,0,0,T818387,15.69,,C
3679,0,3,"Miller, Master. Richard",male,23.3,1,0,T823911,10.73,,S
3680,0,2,"Brown, Mr. Charles",male,,0,1,T555466,44.52,A142,Q
3681,1,3,"Wilson, Mr. Thomas",male,,0,0,T188679,5.63,,S
3682,1,1,"Thomas, Master. James",male,,0,0,T686047,84.28,,S
3683,1,1,"Taylor, Master. Henry",male,,2,0,T375809,85.35,,S
3684,1,3,"Smith, Miss. Annie",female,20.8,0,0,T857469,9.24,,S
3685,1,3,"Smith, Master. James",male,,0,0,T672588,10.66,F132,S
3686,0,3,"Davis, Mr. George",male,8.1,0,0,T330140,2.24,,S
3687,1,3,"Moore, Miss. Florence",female,29.9,0,0,T116190,14.49,,S
3688,0,1,"Jones, Mr. William",male,12.5,0,0,T290800,79.86,,S
3689,1,1,"Anderson, Mr. Henry",male,5.8,0,0,T49389,259.22,G88,S
3690,0,3,"Williams, Mr. Edward",male,,0,0,T701127,9.21,,C
3691,1,1,"Taylor, Miss. Mary",female,,0,0,T846310,76.88,,C
3692,0,3,"Taylor, Miss. Edith",female,35.6,0,0,T131705,6.62,,S
3693,0,3,"Jones, Mr. James",male,,2,0,T153290,8.14,,S
3694,0,1,"Wilson, Mr. Edward",male,44.1,0,0,T387649,77.98,,S
3695,0,2,"Williams, Mr. Richard",male,42.5,0,2,T991188,18.63,,S
3696,0,3,"Moore, Master. William",male,32.7,1,0,T369412,17.79,,S
3697,1,3,"Miller, Miss. Florence",female,,1,0,T611254,9.66,,C
3698,0,3,"Thomas, Master. Thomas",male,31.6,0,0,T922865,17.63,B24,S
3699,1,3,"Johnson, Mr. James",male,27.6,0,0,T700344,12.89,,C
3700,1,3,"Wilson, Mrs. Clara",female,0.5,0,0,T883848,14.46,,S
3701,0,2,"Williams, Master. Charles",male,46.2,1,3,T209876,17.26,F41,S
3702,1,1,"Davis, Miss. Beatrice",female,35.5,1,1,T905546,38.73,,S
3703,1,2,"Brown, Mrs. Edith",female,12.1,0,0,T293324,26.86,,S
3704,0,1,"Wilson, Mr. Henry",male,50.4,0,0,T548801,46.71,,S
3705,1,1,"Thomas, Mrs. Annie",female,21.1,0,0,T633339,153.56,,S
3706,0,2,"Johnson, Mr. Richard",male,28.1,0,0,T18374,25.55,,S
3707,0,2,"Anderson, Master. James",male,44.5,0,0,T891027,24.34,,C
3708,0,1,"Davis, Miss. Florence",female,32.9,1,0,T624159,71.58,,S
3709,0,3,"Miller, Mr. Robert",male,49.1,0,0,T791514,12.49,,C
3710,0,3,"Jones, Mr. Robert",male,24.6,0,1,T342274,9.34,E44,S
3711,0,1,"Wilson, Mr. Richard",male,54.2,1,1,T371626,51.86,,S
3712,0,3,"Brown, Mr. Richard",male,18.4,0,0,T22182,6.1,,S
3713,1,1,"Taylor, Mr. Charles",male,48.8,0,0,T590064,216.83,F48,S
3714,0,3,"Anderson, Mr. Richard",male,0.5,1,0,T388454,14.98,,S
3715,0,1,"Thomas, Master. Robert",male,,0,0,T755996,116.35,,S
3716,0,3,"Brown, Mr. Edward",male,,0,1,T49545,17.42,,Q
3717,0,1,"Miller, Mrs. Mary",female,23.9,0,0,T298580,66.29,,C
3718,0,3,"Wilson, Master. George",male,28.6,0,0,T485615,6.07,D55,S
3719,0,2,"Miller, Mr. William",male,30.3,0,0,T310598,34.44,,S
3720,0,3,"Miller, Mr. Richard",male,,0,0,T685303,6.26,,S
3721,0,2,"Taylor, Master. Richard",male,13.5,1,0,T400857,19.55,,C
3722,0,1,"Taylor, Mr. John",male,33.1,0,0,T103390,90.44,,C
3723,0,3,"Moore, Master. Charles",male,20.0,1,1,T133982,6.27,,S
3724,0,1,"Smith, Mr. Thomas",male,49.1,0,0,T642635,227.81,,S
3725,0,3,"Brown, Miss. Clara",female,26.9,0,0,T517094,15.99,,S
3726,1,1,"Taylor, Mr. Edward",male,40.1,1,0,T761020,49.23,,S
3727,0,3,"Moore, Master. William",male,,0,0,T28745,10.24,,S
3728,0,3,"Williams, Mr. James",male,21.0,0,0,T350287,12.58,,S
3729,0,2,"Davis, Mr. John",male,1.0,0,1,T371633,35.37,,S
3730,0,1,"Davis, Mr. Charles",male,46.9,1,0,T373139,140.54,F63,Q
3731,0,3,"Smith, Mr. Richard",male,15.5,2,0,T197381,10.6,,S
3732,0,3,"Moore, Mr. Richard",male,23.8,0,0,T742236,10.73,,Q
3733,1,3,"Wilson, Mrs. Annie",female,27.5,0,0,T268524,12.64,,S
3734,0,2,"Williams, Mr. Henry",male,29.0,0,2,T771160,44.44,,S
3735,1,3,"Johnson, Mrs. Florence",female,43.6,0,0,T467796,13.16,A38,S
3736,0,2,"Moore, Mrs. Clara",female,29.8,1,0,T878235,10.27,,S
3737,0,2,"Brown, Mr. George",male,27.9,1,0,T808433,13.46,,S
3738,0,3,"Williams, Mr. Richard",male,44.5,0,0,T291267,8.29,,S
3739,0,2,"Taylor, Mr. Robert",male,38.4,1,0,T282135,31.42,E70,S
3740,0,2,"Johnson, Mr. Richard",male,19.0,0,0,T454883,21.94,,C
3741,1,2,"Williams, Mrs. Dorothy",female,13.1,0,0,T961055,13.89,E123,S
3742,0,3,"Williams, Mr. Edward",male,17.8,0,0,T757991,12.79,,S
3743,1,3,"Smith, Mrs. Annie",female,29.0,1,0,T305059,7.51,,C
3744,1,3,"Jones, Miss. Emma",female,,4,0,T510551,19.71,,S
3745,0,3,"Anderson, Mr. Henry",male,,0,0,T59436,12.94,,S
3746,0,3,"Davis, Mr. Thomas",male,27.8,1,1,T570914,13.88,,S
3747,0,3,"Johnson, Mr. James",male,0.5,0,1,T367299,41.57,,S
3748,1,1,"Davis, Mrs. Edith",female,9.3,0,0,T318137,118.36,,S
3749,1,1,"Williams, Miss. Florence",female,0.5,0,0,T826344,31.02,,S
3750,0,1,"Miller, Master. Robert",male,24.7,1,1,T997684,127.64,C128,S
3751,0,3,"Smith, Mr. Edward",male,45.3,0,0,T229714,8.0,,Q
3752,0,3,"Wilson, Master. William",male,2.3,0,0,T739214,14.58,,S
3753,0,2,"Miller, Mrs. Florence",female,10.5,1,0,T926114,38.11,,Q
3754,0,2,"Smith, Miss. Edith",female,27.3,1,0,T203075,35.66,,S
3755,0,3,"Johnson, Mr. Robert",male,,1,0,T922774,15.29,,C
3756,1,3,"Thomas, Mr. George",male,14.2,1,0,T481606,10.1,E140,S
3757,0,3,"Moore, Master. Edward",male,37.6,1,1,T782104,11.5,C118,S
3758,0,2,"Anderson, Mr. George",male,22.5,1,0,T330007,16.8,,C
3759,1,1,"Smith, Mrs. Annie",female,8.1,0,0,T606178,180.67,,S
3760,0,1,"Thomas, Mr. William",male,0.5,1,0,T776052,141.56,B80,S
3761,0,1,"Taylor, Mr. Edward",male,61.7,2,0,T207063,105.82,E56,S
3762,0,2,"Thomas, Mr. Thomas",male,46.1,1,0,T588606,15.63,F18,C
3763,0,3,"Moore, Mr. Charles",male,23.2,0,0,T757799,2.6,,S
3764,1,1,"Anderson, Mr. Charles",male,31.0,0,1,T333905,237.77,,S
3765,1,1,"Miller, Mrs. Annie",female,22.6,1,1,T310427,62.38,B113,S
3766,0,1,"Moore, Miss. Florence",female,37.1,0,0,T95040,37.43,,S
3767,1,3,"Johnson, Mr. Edward",male,17.3,0,2,T15440,25.2,,S
3768,1,3,"Moore, Mr. Robert",male,21.8,0,0,T22364,9.42,,S
3769,0,3,"Moore, Master. James",male,,1,1,T707446,3.9,,C
3770,0,2,"Davis, Mr. John",male,50.8,0,0,T244503,44.34,G68,S
3771,1,2,"Taylor, Mr. John",male,,0,0,T863626,21.42,,S
3772,0,1,"Taylor, Mr. George",male,47.6,0,0,T763461,65.43,,Q
3773,0,1,"Miller, Mr. Richard",male,25.2,0,0,T769533,36.31,,Q
3774,1,3,"Williams, Mrs. Lily",female,20.7,0,0,T438955,8.56,,S
3775,1,3,"Jones, Mr. Henry",male,1.6,0,0,T185625,13.79,,C
3776,1,3,"Williams, Mr. Charles",male,30.7,0,0,T90560,9.52,,C
3777,0,3,"Jones, Mr. James",male,,1,0,T535105,5.04,B65,S
3778,0,3,"Anderson, Mrs. Florence",female,25.3,0,0,T472409,17.81,,S
3779,0,1,"Johnson, Mr. George",male,18.4,2,0,T921889,104.22,,Q
3780,0,3,"Wilson, Mr. Robert",male,47.7,1,0,T632601,13.09,C79,C
3781,1,1,"Williams, Mr. Edward",male,,0,0,T669412,148.98,,C
3782,0,3,"Smith, Mr. Richard",male,48.7,0,0,T538961,9.1,,S
3783,0,2,"Johnson, Mrs. Clara",female,15.9,0,0,T872216,28.83,,C
3784,0,2,"Williams, Mrs. Edith",female,19.4,0,0,T839054,30.53,C136,C
3785,0,3,"Anderson, Mr. William",male,47.1,0,2,T216575,7.52,A10,C
3786,0,2,"Taylor, Mrs. Emma",female,29.0,0,0,T349493,21.56,,S
3787,0,2,"Williams, Mr. Henry",male,21.4,0,0,T333206,46.99,,S
3788,1,2,"Smith, Mr. Edward",male,22.5,0,0,T837138,16.58,,C
3789,1,2,"Taylor, Mrs. Alice",female,29.5,0,0,T822697,18.62,,S
3790,0,3,"Moore, Mr. George",male,,0,0,T24726,9.68,,C
3791,0,3,"Smith, Mr. William",male,,0,0,T743299,10.39,,S
3792,0,3,"Taylor, Mrs. Florence",female,41.2,1,0,T920375,5.09,,C
3793,1,1,"Moore, Mr. Charles",male,36.5,0,0,T902504,140.42,,S
3794,0,3,"Anderson, Mr. Robert",male,,0,1,T920692,15.34,,S
3795,1,1,"Williams, Mrs. Dorothy",female,17.0,0,0,T897394,58.08,,Q
3796,0,1,"Taylor, Miss. Lily",female,,1,1,T619965,37.89,G5,S
3797,0,2,"Jones, Miss. Edith",female,10.3,0,0,T225013,12.55,,Q
3798,1,3,"Taylor, Mr. George",male,22.2,0,1,T958962,9.48,,S
3799,1,1,"Davis, Mrs. Dorothy",female,51.6,0,2,T384901,36.04,,S
3800,0,1,"Thomas, Miss. Florence",female,,0,2,T165718,135.03,,S
3801,1,3,"Jones, Mr. Henry",male,,1,0,T657845,8.03,,C
3802,1,2,"Taylor, Miss. Clara",female,57.5,1,0,T507299,14.58,,S
3803,0,3,"Williams, Mr. John",male,16.2,0,2,T641665,13.53,,S
3804,1,3,"Miller, Mr. Thomas",male,15.8,0,0,T821484,10.17,C136,S
3805,0,2,"Johnson, Mr. James",male,47.5,0,0,T652996,22.3,,S
3806,1,1,"Jones, Mr. James",male,39.3,4,0,T400997,170.17,C29,C
3807,1,1,"Anderson, Mr. Charles",male,27.8,0,2,T182180,107.57,,S
3808,0,3,"Johnson, Mr. Henry",male,41.8,2,0,T77817,8.57,,S
3809,0,3,"Taylor, Mr. Robert",male,34.1,0,0,T120660,10.38,,S
3810,0,1,"Miller, Mr. Henry",male,12.5,0,0,T53175,436.16,,S
3811,0,1,"Brown, Mr. Charles",male,0.5,0,0,T199876,58.64,,Q
3812,1,1,"Davis, Miss. Mary",female,21.5,0,0,T929791,93.7,,C
3813,0,3,"Smith, Mrs. Lily",female,45.4,0,0,T45562,9.97,,S
3814,0,3,"Moore, Mrs. Emma",female,23.5,0,0,T188741,7.77,F86,S
3815,0,2,"Williams, Mr. John",male,36.4,0,2,T136921,15.29,,S
3816,1,3,"Moore, Mrs. Dorothy",female,32.4,0,0,T744240,18.0,E97,S
3817,0,3,"Williams, Mr. Richard",male,5.1,0,0,T837072,5.38,,S
3818,0,3,"Smith, Master. William",male,23.8,2,0,T135424,6.56,F19,S
3819,0,1,"Davis, Miss. Emma",female,34.9,0,0,T18035,164.4,F60,S
3820,0,1,"Johnson, Mr. George",male,18.3,0,0,T405087,48.74,,C
3821,0,1,"Taylor, Mrs. Emma",female,,0,0,T390996,52.63,,S
3822,0,3,"Miller, Mr. Richard",male,,1,0,T425382,13.32,,Q
3823,0,3,"Anderson, Mr. Robert",male,30.8,0,0,T413509,16.56,,Q
3824,1,3,"Jones, Mrs. Edith",female,44.9,0,4,T151058,6.7,,S
3825,1,1,"Moore, Mr. Robert",male,35.3,0,0,T692925,204.81,,S
3826,1,2,"Wilson, Mrs. Edith",female,15.8,0,0,T816161,24.72,,S
3827,1,2,"Smith, Miss. Clara",female,22.8,0,0,T645650,42.86,,S
3828,0,3,"Smith, Master. Robert",male,30.0,0,0,T745593,9.07,,S
3829,1,2,"Wilson, Mr. William",male,49.1,0,0,T963458,30.88,D103,Q
3830,0,1,"Moore, Mr. William",male,22.8,0,0,T28690,28.54,,S
3831,0,3,"Smith, Mr. James",male,4.6,1,0,T926109,16.26,D42,S
3832,1,2,"Williams, Mr. Thomas",male,36.1,0,0,T312215,18.75,F136,S
3833,1,3,"Miller, Mr. James",male,18.7,0,1,T52783,9.97,,C
3834,1,1,"Johnson, Mrs. Clara",female,11.1,0,0,T696941,41.85,,C
3835,1,3,"Anderson, Miss. Dorothy",female,30.0,0,0,T160546,11.67,,S
3836,1,3,"Johnson, Miss. Mary",female,43.8,1,0,T132629,16.44,,S
3837,0,3,"Smith, Mr. Thomas",male,21.4,0,2,T693848,12.25,,C
3838,0,3,"Thomas, Mr. Richard",male,,0,0,T782655,11.0,,S
3839,1,3,"Anderson, Mrs. Mary",female,39.6,1,0,T963565,6.21,,S
3840,1,3,"Davis, Mr. William",male,,0,0,T241607,7.74,,C
3841,1,3,"Davis, Miss. Dorothy",female,19.1,0,0,T684117,8.15,,C
3842,0,3,"Jones, Miss. Dorothy",female,,0,0,T393292,16.74,,Q
3843,0,2,"Brown, Mr. Richard",male,15.4,0,0,T476095,35.17,,S
3844,0,2,"Wilson, Mrs. Beatrice",female,41.2,1,0,T774958,16.18,D5,C
3845,0,1,"Moore, Mr. William",male,39.4,0,4,T441273,105.38,G136,S
3846,1,3,"Williams, Miss. Lily",female,,0,1,T340740,10.16,,S
3847,0,3,"Moore, Mr. William",male,60.6,0,0,T169956,7.11,F64,C
3848,0,3,"Brown, Mr. William",male,14.1,0,0,T748855,9.88,,S
3849,1,1,"Jones, Miss. Mary",female,,3,2,T238790,166.66,,S
3850,0,2,"Wilson, Mrs. Edith",female,51.7,0,0,T711774,18.61,B55,S
3851,0,1,"Anderson, Mr. George",male,31.3,3,0,T929274,121.44,,S
3852,0,3,"Johnson, Mr. William",male,18.5,0,0,T395300,6.46,,S
3853,0,1,"Miller, Mrs. Alice",female,,1,0,T998458,69.09,C146,S
3854,0,3,"Miller, Mrs. Alice",female,25.9,0,1,T291037,16.37,,S
3855,1,1,"Thomas, Miss. Dorothy",female,45.4,0,0,T147529,143.55,D84,S
3856,1,2,"Johnson, Mrs. Mary",female,12.3,0,1,T843701,24.75,,S
3857,1,3,"Anderson, Mrs. Dorothy",female,3.0,5,1,T761743,9.25,,S
3858,1,3,"Williams, Mrs. Florence",female,34.9,1,0,T835291,15.22,C117,S
3859,0,1,"Taylor, Mr. Robert",male,38.1,1,0,T942476,180.44,,C
3860,0,3,"Williams, Mr. Charles",male,58.2,0,2,T738590,15.48,B46,S
3861,0,1,"Brown, Mr. Edward",male,9.7,1,0,T340428,169.03,,S
3862,0,3,"Miller, Miss. Beatrice",female,,1,0,T418612,5.05,F42,S
3863,0,3,"Jones, Miss. Florence",female,46.5,0,0,T794138,7.39,,S
3864,0,2,"Thomas, Mr. William",male,31.5,0,0,T808813,33.29,,S
3865,0,3,"Thomas, Mr. John",male,26.9,2,0,T463496,6.22,G57,S
3866,0,1,"Smith, Mr. Edward",male,,0,0,T909066,75.17,,S
3867,0,3,"Williams, Mr. William",male,21.0,0,2,T211333,8.43,,S
3868,1,3,"Smith, Mr. Henry",male,42.0,0,1,T542578,9.75,,S
3869,0,3,"Moore, Mr. George",male,11.5,0,0,T112562,9.26,,
3870,0,2,"Smith, Mrs. Annie",female,7.7,0,0,T82361,32.97,G69,S
3871,0,2,"Jones, Mr. Richard",male,25.7,0,2,T550713,13.92,,S
3872,0,1,"Miller, Mr. Robert",male,0.5,1,0,T309059,186.41,G122,S
3873,0,3,"Taylor, Mr. Charles",male,30.9,3,0,T736628,6.31,G75,S
3874,1,3,"Moore, Mrs. Clara",female,4.6,1,0,T575480,13.34,,S
3875,1,3,"Brown, Miss. Emma",female,33.8,0,0,T958617,22.08,,Q
3876,0,3,"Taylor, Mr. William",male,32.4,0,1,T435162,5.73,G44,S
3877,1,1,"Davis, Mrs. Mary",female,28.7,1,2,T438033,122.3,,S
3878,0,1,"Johnson, Master. Robert",male,36.0,0,0,T962705,295.44,,S
3879,0,1,"Smith, Mr. Charles",male,32.7,1,0,T60669,50.19,,S
3880,0,1,"Johnson, Mr. Henry",male,,1,0,T948064,68.82,D81,S
3881,0,1,"Brown, Mr. Richard",male,,1,0,T427255,212.86,,S
3882,0,3,"Smith, Mr. John",male,35.4,0,0,T677248,4.74,,S
3883,1,2,"Brown, Miss. Emma",female,,3,2,T92380,44.84,G117,Q
3884,1,1,"Miller, Miss. Mary",female,45.3,0,0,T673461,90.36,,S
3885,0,3,"Thomas, Mr. Charles",male,,4,0,T268369,10.03,,C
3886,1,1,"Johnson, Mr. Robert",male,59.6,1,0,T780232,57.73,,C
3887,0,3,"Anderson, Master. William",male,32.1,0,2,T152387,11.98,,
3888,0,2,"Wilson, Mr. Edward",male,29.6,1,0,T741097,27.37,,C
3889,0,3,"Taylor, Mr. Richard",male,20.3,0,0,T75946,10.88,,S
3890,0,3,"Jones, Mr. Richard",male,26.0,1,0,T620036,8.68,,S
3891,1,1,"Anderson, Mrs. Florence",female,,0,0,T297345,117.77,,S
3892,0,3,"Davis, Mrs. Annie",female,39.5,0,0,T575044,13.69,,S
3893,0,3,"Jones, Mr. Robert",male,16.5,1,2,T672438,9.34,F126,S
3894,0,3,"Thomas, Mr. Thomas",male,30.8,3,1,T798900,9.41,C39,Q
3895,0,2,"Wilson, Master. Charles",male,37.8,0,0,T503792,48.27,A116,S
3896,0,2,"Taylor, Mr. Robert",male,31.9,0,0,T356040,17.25,,S
3897,0,3,"Davis, Mr. Richard",male,16.7,0,2,T606945,23.86,F28,C
3898,0,3,"Miller, Mr. Charles",male,,2,0,T256812,11.07,A121,S
3899,0,1,"Jones, Mr. William",male,28.5,0,0,T823635,162.13,,S
3900,0,1,"Smith, Miss. Edith",female,0.5,2,1,T153727,101.82,,S
3901,0,2,"Williams, Mr. John",male,,4,0,T296173,23.66,,S
3902,1,1,"Davis, Mrs. Edith",female,50.0,2,0,T838837,104.58,,S
3903,0,2,"Thomas, Mr. Thomas",male,,1,0,T673120,60.73,,S
3904,1,1,"Thomas, Mrs. Dorothy",female,37.3,0,0,T376712,42.39,,C
3905,0,1,"Moore, Mr. Henry",male,,0,0,T849087,35.8,C90,
3906,1,1,"Miller, Mr. George",male,,1,1,T218615,215.1,,S
3907,0,3,"Wilson, Mr. James",male,25.9,2,0,T18312,14.76,,S
3908,0,1,"Thomas, Mr. Richard",male,,1,2,T469532,93.18,,S
3909,0,1,"Jones, Mr. Henry",male,35.9,0,0,T777699,65.07,,S
3910,0,2,"Thomas, Mrs. Annie",female,30.6,0,1,T62408,26.39,,S
3911,1,3,"Williams, Miss. Alice",female,27.0,0,0,T795123,13.38,,C
3912,0,3,"Jones, Mr. Edward",male,,0,0,T739860,10.41,D97,C
3913,1,3,"Moore, Mr. Thomas",male,,0,0,T840453,7.14,,C
3914,0,1,"Wilson, Mr. John",male,39.1,0,0,T792106,108.02,,S
3915,1,3,"Williams, Mrs. Annie",female,30.7,0,0,T408806,6.1,,S
3916,1,2,"Taylor, Mrs. Annie",female,24.5,1,1,T26650,35.11,,S
3917,0,2,"Taylor, Mr. John",male,39.7,0,0,T491826,26.55,,C
3918,1,3,"Jones, Mrs. Clara",female,13.7,0,1,T442593,5.71,D93,C
3919,0,3,"Taylor, Miss. Mary",female,,0,0,T337019,5.27,,S
3920,0,3,"Wilson, Mr. Robert",male,8.7,3,0,T649998,4.87,F111,C
3921,0,3,"Johnson, Master. John",male,47.6,2,0,T543812,5.72,,S
3922,0,3,"Miller, Miss. Emma",female,,0,2,T640265,11.85,,S
3923,1,1,"Taylor, Miss. Lily",female,,0,0,T914642,99.9,,S
3924,0,2,"Moore, Mr. George",male,,0,0,T507950,20.75,,S
3925,0,1,"Jones, Mrs. Dorothy",female,71.7,0,1,T547450,66.27,,S
3926,0,3,"Miller, Master. James",male,36.1,0,1,T950430,17.98,,S
3927,0,1,"Wilson, Mr. William",male,2.7,1,0,T782322,24.26,,S
3928,0,3,"Davis, Mr. Thomas",male,46.7,0,0,T636406,9.06,,S
3929,1,2,"Smith, Miss. Florence",female,24.1,1,1,T559125,18.28,,S
3930,1,2,"Wilson, Mr. Robert",male,26.8,1,0,T703468,18.3,D50,Q
3931,0,1,"Johnson, Mr. Edward",male,19.9,0,0,T972394,76.91,,Q
3932,0,2,"Williams, Mr. Richard",male,32.5,0,1,T102123,15.85,F112,Q
3933,0,3,"Davis, Mr. Edward",male,,0,0,T976530,9.44,,S
3934,0,1,"Moore, Mrs. Clara",female,20.3,1,0,T709542,40.98,,S
3935,1,2,"Jones, Mr. Robert",male,,1,1,T57961,20.41,,S
3936,1,1,"Jones, Mrs. Mary",female,,0,0,T238378,85.94,,C
3937,1,2,"Thomas, Mrs. Clara",female,0.5,2,0,T458121,18.87,,S
3938,0,1,"Johnson, Master. John",male,8.8,0,2,T405909,69.92,,S
3939,1,2,"Miller, Mrs. Annie",female,53.9,0,4,T643504,42.55,E7,C
3940,0,3,"Johnson, Mr. Thomas",male,34.5,0,0,T428637,31.16,,S
3941,0,2,"Taylor, Mr. George",male,22.1,0,0,T210692,15.98,,S
3942,1,2,"Taylor, Mr. William",male,5.1,0,0,T232067,14.58,,S
3943,0,3,"Anderson, Mrs. Edith",female,28.9,0,0,T485026,17.83,,S
3944,0,1,"Wilson, Mr. John",male,44.0,0,0,T381303,209.16,,C
3945,1,2,"Thomas, Mr. Henry",male,68.0,0,0,T829602,17.57,,S
3946,1,3,"Anderson, Mrs. Annie",female,,0,0,T207018,6.48,,S
3947,1,1,"Wilson, Miss. Lily",female,16.8,0,0,T28353,115.69,,S
3948,1,3,"Davis, Mr. Thomas",male,22.5,1,1,T481481,14.79,,S
3949,0,3,"Moore, Mr. Charles",male,8.4,0,0,T822530,6.18,,S
3950,0,3,"Miller, Mr. Charles",male,17.5,1,0,T870073,7.09,,S
3951,0,3,"Davis, Mr. James",male,26.6,0,1,T365119,5.59,,S
3952,0,1,"Taylor, Mr. Charles",male,,0,1,T91714,53.33,D4,S
3953,0,2,"Jones, Mr. Charles",male,59.5,1,1,T290167,32.47,,S
3954,0,2,"Johnson, Mr. Richard",male,10.6,0,0,T694392,17.32,B1,S
3955,1,1,"Wilson, Mrs. Beatrice",female,29.0,0,0,T44753,71.43,,S
3956,0,3,"Williams, Mr. Henry",male,0.5,0,0,T393404,16.99,,S
3957,0,3,"Jones, Mr. Edward",male,34.5,1,1,T190493,5.59,G23,S
3958,1,3,"Johnson, Mr. George",male,10.2,2,0,T955328,4.8,,S
3959,0,3,"Brown, Mr. Edward",male,45.7,0,1,T740167,5.84,C84,Q
3960,0,1,"Moore, Master. Henry",male,25.5,1,0,T122539,121.0,,S
3961,0,3,"Thomas, Mr. James",male,9.4,0,0,T42569,13.84,,S
3962,1,3,"Jones, Mr. Richard",male,0.5,1,0,T474009,4.13,F5,S
3963,1,3,"Taylor, Mr. George",male,,0,0,T665102,26.65,,S
3964,1,2,"Smith, Mr. Edward",male,,1,0,T32693,21.68,,S
3965,0,3,"Smith, Mr. Charles",male,35.8,0,0,T535467,21.58,,S
3966,0,2,"Thomas, Mr. Charles",male,22.5,0,0,T561436,13.1,,C
3967,0,3,"Johnson, Mr. James",male,43.1,0,0,T845064,12.03,,C
3968,0,3,"Moore, Mr. George",male,13.2,2,0,T854012,11.27,,S
3969,0,2,"Davis, Miss. Beatrice",female,0.5,0,0,T131086,15.39,C103,S
3970,0,3,"Moore, Mrs. Dorothy",female,33.8,0,0,T481952,5.34,,Q
3971,0,3,"Johnson, Mr. John",male,,0,0,T887438,9.69,,S
3972,1,1,"Johnson, Mrs. Beatrice",female,48.5,0,0,T796116,57.58,,Q
3973,0,3,"Brown, Mrs. Clara",female,10.9,0,0,T276926,12.15,B47,S
3974,0,3,"Anderson, Miss. Emma",female,21.8,0,1,T248020,6.65,,C
3975,0,3,"Taylor, Mr. Richard",male,40.2,0,0,T574498,12.94,,S
3976,0,3,"Taylor, Miss. Alice",female,20.6,0,0,T952305,15.5,,C
3977,1,3,"Anderson, Miss. Beatrice",female,31.2,0,0,T984568,13.14,,C
3978,0,3,"Taylor, Mr. William",male,,0,2,T365946,14.83,,C
3979,1,1,"Brown, Mr. William",male,13.9,0,0,T535222,55.6,D111,C
3980,1,1,"Brown, Miss. Alice",female,16.7,0,0,T583822,131.86,,S
3981,0,3,"Johnson, Mr. George",male,43.6,0,0,T464847,16.73,,S
3982,0,3,"Jones, Mr. James",male,,0,0,T923758,24.91,,S
3983,1,3,"Jones, Miss. Mary",female,48.1,0,2,T245928,5.25,,S
3984,0,3,"Thomas, Mr. William",male,37.2,0,0,T356930,12.62,,S
3985,0,3,"Johnson, Mr. Thomas",male,53.0,1,0,T67536,1.72,,S
3986,1,2,"Jones, Mr. Edward",male,,0,0,T174465,16.46,E28,S
3987,0,3,"Davis, Mr. William",male,40.7,0,1,T940005,12.77,,S
3988,0,2,"Wilson, Mrs. Emma",female,28.0,0,0,T476341,27.68,,S
3989,1,3,"Davis, Mr. William",male,73.3,0,0,T856063,22.42,,S
3990,0,3,"Wilson, Mrs. Alice",female,31.3,3,0,T221548,11.24,D115,C
3991,0,3,"Miller, Mr. James",male,1.1,2,2,T362193,19.67,,C
3992,0,2,"Wilson, Mr. John",male,,0,1,T242552,24.0,F105,C
3993,0,3,"Johnson, Mr. John",male,15.5,0,0,T359545,8.03,,S
3994,0,3,"Wilson, Mr. John",male,44.4,0,0,T624109,7.03,,S
3995,0,3,"Jones, Mrs. Mary",female,,0,0,T906400,20.72,,S
3996,0,1,"Brown, Master. James",male,26.9,1,0,T52147,75.36,,S
3997,1,3,"Davis, Mrs. Mary",female,16.8,0,0,T863683,4.17,,S
3998,0,3,"Anderson, Mr. William",male,,0,0,T273949,6.67,,Q
3999,0,3,"Miller, Mr. Henry",male,20.4,0,0,T716320,16.71,,S
4000,0,3,"Davis, Mr. Henry",male,,0,0,T110891,17.14,E132,S
4001,1,1,"Thomas, Mrs. Florence",female,,0,0,T372373,24.91,,S
4002,0,1,"Brown, Mr. Edward",male,72.3,0,2,T663704,53.7,,C
4003,1,3,"Anderson, Miss. Annie",female,23.2,0,0,T754586,5.71,,S
4004,1,1,"Thomas, Miss. Florence",female,25.3,8,1,T16983,79.09,D105,Q
4005,0,3,"Williams, Mr. Edward",male,,0,0,T824126,13.14,,Q
4006,0,1,"Thomas, Mr. Richard",male,28.1,5,0,T242883,59.31,,S
4007,0,3,"Williams, Master. George",male,44.6,1,0,T135685,16.51,,S
4008,1,1,"Brown, Mrs. Annie",female,25.7,1,0,T785958,106.42,,S
4009,0,3,"Smith, Mr. Robert",male,58.3,1,0,T691925,7.61,,S
4010,1,2,"Jones, Mr. Thomas",male,38.1,2,0,T191716,12.73,,Q
4011,0,1,"Williams, Mr. Charles",male,22.7,0,0,T225760,36.15,,S
4012,0,2,"Jones, Miss. Lily",female,,0,0,T25270,22.54,,S
4013,0,2,"Wilson, Mrs. Clara",female,44.8,0,0,T26842,17.7,,C
4014,1,3,"Jones, Mrs. Annie",female,30.1,0,0,T511734,26.51,,C
4015,1,1,"Moore, Mrs. Annie",female,29.8,4,0,T749332,125.04,E26,S
4016,0,3,"Davis, Mr. James",male,21.0,1,0,T579950,17.49,C105,C
4017,0,3,"Anderson, Mr. Edward",male,,0,0,T470879,8.26,,C
4018,1,3,"Wilson, Miss. Dorothy",female,20.4,5,0,T393051,11.15,,S
4019,1,3,"Wilson, Mrs. Alice",female,49.4,0,1,T431533,12.43,,S
4020,0,3,"Miller, Mr. John",male,40.1,0,0,T191144,7.88,G111,S
4021,1,3,"Miller, Mr. Henry",male,27.2,0,0,T488411,24.75,,S
4022,1,3,"Jones, Mrs. Edith",female,,0,0,T732498,10.59,,S
4023,0,1,"Jones, Mr. James",male,31.0,0,2,T163424,113.86,C40,Q
4024,0,2,"Wilson, Mr. John",male,29.6,0,0,T351172,28.81,E23,S
4025,0,3,"Jones, Miss. Lily",female,15.8,0,0,T450131,19.37,F33,S
4026,1,3,"Anderson, Miss. Lily",female,2.1,2,2,T865109,10.62,,S
4027,1,3,"Wilson, Mr. William",male,18.1,1,0,T401217,11.31,,S
4028,0,3,"Smith, Mr. Thomas",male,27.8,0,1,T364927,6.48,,S
4029,1,2,"Taylor, Mr. George",male,19.0,1,0,T827934,38.84,D58,S
4030,1,3,"Brown, Mrs. Edith",female,41.6,0,0,T615599,9.26,,C
4031,0,3,"Johnson, Mrs. Lily",female,26.4,0,0,T639972,6.76,,C
4032,0,1,"Wilson, Mrs. Clara",female,56.9,1,0,T246727,100.58,,S
4033,0,3,"Williams, Mr. Charles",male,21.6,1,0,T802503,24.94,,C
4034,0,2,"Wilson, Mr. Edward",male,31.7,3,3,T339595,34.6,,S
4035,1,3,"Davis, Miss. Annie",female,,0,0,T776145,12.67,,C
4036,0,3,"Williams, Mr. Edward",male,36.1,0,5,T423807,11.22,,S
4037,0,2,"Miller, Mr. John",male,,0,0,T699858,26.9,,Q
4038,0,3,"Jones, Mr. Richard",male,,0,0,T46760,13.87,,S
4039,0,3,"Moore, Mr. Robert",male,,0,6,T702890,13.97,,S
4040,0,2,"Davis, Mrs. Mary",female,36.9,0,0,T217322,70.36,,S
4041,0,1,"Taylor, Mr. Thomas",male,15.0,0,1,T846694,129.41,,S
4042,0,3,"Smith, Miss. Edith",female,25.2,1,0,T11288,12.37,E107,S
4043,0,1,"Taylor, Mr. Richard",male,39.7,0,0,T782028,73.91,,S
4044,0,3,"Davis, Mrs. Alice",female,13.5,0,0,T246067,15.17,A64,C
4045,0,2,"Jones, Miss. Mary",female,46.5,4,0,T287258,30.62,,C
4046,0,3,"Moore, Mr. Richard",male,,1,0,T228918,9.59,,S
4047,0,3,"Thomas, Master. Thomas",male,61.2,4,0,T303766,20.85,,S
4048,1,1,"Taylor, Mr. Charles",male,30.7,0,0,T280604,44.54,,S
4049,0,3,"Davis, Mr. Robert",male,54.4,0,0,T444118,32.74,,S
4050,0,3,"Jones, Mrs. Dorothy",female,47.1,1,0,T375033,5.03,,S
4051,0,3,"Brown, Mr. John",male,20.8,0,1,T169022,12.73,,Q
4052,0,3,"Smith, Mr. George",male,10.8,0,0,T77148,34.54,,Q
4053,0,3,"Davis, Mr. George",male,31.3,0,0,T986771,15.2,,C
4054,0,3,"Moore, Mr. John",male,21.3,0,1,T941626,54.9,,S
4055,1,3,"Thomas, Mrs. Annie",female,52.6,0,0,T298792,17.23,,S
4056,1,3,"Jones, Mr. George",male,26.1,1,0,T51171,9.99,,C
4057,1,2,"Anderson, Mr. William",male,25.3,1,0,T342104,14.85,E125,S
4058,1,3,"Miller, Miss. Dorothy",female,9.5,0,0,T901416,23.2,,S
4059,0,2,"Brown, Mr. William",male,35.8,0,0,T572916,12.66,D1,
4060,1,1,"Thomas, Mrs. Annie",female,12.7,1,0,T264536,128.59,G30,S
4061,0,2,"Williams, Mr. Edward",male,36.1,0,2,T570424,51.44,,C
4062,0,1,"Anderson, Mr. Richard",male,38.1,0,0,T225659,134.74,,S
4063,0,1,"Brown, Mr. Robert",male,18.8,0,0,T570978,317.51,A109,S
4064,0,2,"Davis, Mr. Edward",male,,0,0,T983707,38.9,,S
4065,1,1,"Anderson, Miss. Florence",female,25.7,0,3,T809740,147.01,,C
4066,0,3,"Brown, Mr. Edward",male,8.4,0,0,T632242,7.09,,S
4067,1,1,"Thomas, Mr. John",male,52.1,0,0,T183891,131.65,,S
4068,1,1,"Moore, Mr. George",male,16.3,2,0,T10055,57.85,,S
4069,0,1,"Brown, Mr. John",male,,2,1,T956642,30.01,,S
4070,0,1,"Thomas, Miss. Florence",female,35.9,5,1,T276033,137.7,E114,S
4071,0,2,"Smith, Mr. George",male,35.3,0,0,T91963,51.05,C104,S
4072,0,3,"Johnson, Miss. Dorothy",female,35.1,0,0,T328829,6.21,,S
4073,1,3,"Moore, Mrs. Annie",female,15.6,1,0,T863509,26.96,A122,S
4074,0,3,"Moore, Mr. Robert",male,54.2,0,0,T524462,4.94,,S
4075,1,3,"Moore, Miss. Beatrice",female,,1,0,T522878,13.64,,S
4076,1,1,"Miller, Mr. William",male,,0,0,T837890,26.33,,S
4077,0,2,"Davis, Mr. George",male,,0,0,T826479,11.53,,S
4078,0,1,"Anderson, Mr. Thomas",male,,0,0,T922584,40.02,,S
4079,0,3,"Smith, Mr. Robert",male,39.2,0,0,T107017,8.15,,C
4080,1,1,"Moore, Mrs. Edith",female,,8,0,T839560,76.72,B96,S
4081,1,3,"Moore, Mr. James",male,34.6,0,1,T572735,5.55,,S
4082,0,2,"Anderson, Mr. Henry",male,10.4,0,0,T164969,30.28,,Q
4083,0,2,"Smith, Mr. George",male,17.1,1,0,T435989,28.54,,S
4084,1,3,"Thomas, Mrs. Annie",female,,0,0,T546612,7.1,,S
4085,0,3,"Johnson, Mr. Richard",male,33.3,0,0,T697594,17.51,A24,S
4086,1,3,"Brown, Miss. Beatrice",female,45.9,1,0,T47089,4.2,,S
4087,0,3,"Miller, Mr. John",male,34.7,3,0,T510455,23.05,,Q
4088,0,3,"Smith, Mrs. Edith",female,36.3,0,0,T278658,15.32,,S
4089,0,3,"Davis, Mrs. Beatrice",female,,0,0,T63396,15.34,,S
4090,1,3,"Moore, Mrs. Edith",female,39.6,0,0,T207865,9.69,,S
4091,0,2,"Thomas, Mr. Thomas",male,36.5,1,0,T703082,19.24,C59,C
4092,0,3,"Davis, Mr. Thomas",male,,0,0,T654733,15.56,,S
4093,0,3,"Thomas, Miss. Annie",female,42.8,1,2,T697667,10.76,A125,C
4094,0,2,"Davis, Mr. George",male,41.3,0,0,T704226,28.29,,S
4095,0,3,"Williams, Mr. Richard",male,24.4,1,0,T288618,7.31,,C
4096,0,3,"Taylor, Mr. Robert",male,1.1,0,0,T401234,7.68,A89,S
4097,0,3,"Moore, Mr. Edward",male,33.2,0,4,T740840,8.45,,S
4098,0,2,"Anderson, Mr. James",male,34.4,0,0,T110385,29.09,,C
4099,0,3,"Smith, Mr. George",male,23.3,1,0,T884674,5.67,A53,S
4100,0,3,"Thomas, Mr. James",male,,0,0,T849828,13.91,C138,S
4101,0,3,"Jones, Mr. Charles",male,45.2,1,2,T317839,9.3,,S
4102,1,1,"Miller, Mr. Henry",male,64.5,0,0,T377050,233.13,G8,C
4103,0,3,"Williams, Mr. George",male,31.8,0,0,T102058,13.78,,Q
4104,1,1,"Anderson, Miss. Clara",female,34.5,1,0,T659627,117.17,,S
4105,0,3,"Miller, Mr. George",male,17.8,0,0,T347923,7.05,,S
4106,0,2,"Brown, Mr. Thomas",male,22.4,5,0,T803451,23.38,A18,C
4107,1,3,"Williams, Mr. John",male,27.7,1,2,T795064,7.42,,S
4108,0,3,"Brown, Mr. Richard",male,46.8,1,0,T245316,14.18,D139,S
4109,0,1,"Jones, Mr. John",male,,1,0,T202815,102.01,,Q
4110,1,1,"Johnson, Master. Henry",male,57.7,1,0,T16105,135.95,,C
4111,0,2,"Moore, Miss. Emma",female,8.1,0,3,T533604,38.53,D71,S
4112,0,1,"Jones, Mr. John",male,10.5,0,0,T243254,114.77,,S
4113,1,2,"Moore, Mrs. Emma",female,45.7,0,0,T41683,22.67,,S
4114,0,3,"Jones, Mrs. Annie",female,50.7,0,3,T573428,14.48,,C
4115,0,3,"Davis, Mr. Thomas",male,30.2,1,0,T868160,15.27,,S
4116,1,3,"Jones, Mr. James",male,0.5,0,1,T380367,6.96,,S
4117,0,3,"Jones, Mr. Thomas",male,18.9,0,0,T382406,4.9,,C
4118,0,2,"Wilson, Miss. Alice",female,,0,2,T698234,24.13,B73,S
4119,0,2,"Williams, Miss. Annie",female,16.7,4,1,T96211,49.38,,S
4120,1,1,"Moore, Miss. Emma",female,32.4,0,0,T291494,94.72,,Q
4121,0,3,"Brown, Mr. William",male,,4,0,T447431,10.05,,S
4122,1,3,"Thomas, Miss. Alice",female,50.4,1,0,T522264,21.23,B38,S
4123,1,1,"Wilson, Miss. Florence",female,41.4,0,0,T108663,135.43,,S
4124,0,2,"Johnson, Mr. Charles",male,28.8,0,0,T492967,11.28,,S
4125,0,3,"Moore, Mr. Thomas",male,22.5,0,0,T117639,7.65,,S
4126,0,3,"Brown, Mr. Richard",male,,0,1,T332588,9.28,,S
4127,0,3,"Anderson, Mr. Thomas",male,30.1,3,0,T136470,9.78,,S
4128,1,2,"Thomas, Mrs. Emma",female,30.6,0,2,T880801,20.89,,S
4129,0,3,"Brown, Mr. Richard",male,7.2,0,0,T124113,3.13,,S
4130,1,2,"Jones, Mr. Charles",male,19.3,0,2,T813611,64.21,,S
4131,0,3,"Wilson, Mr. Thomas",male,,1,0,T247098,11.15,,S
4132,0,3,"Davis, Mr. John",male,13.7,0,0,T466360,9.29,,S
4133,0,3,"Jones, Mr. Richard",male,33.6,0,1,T171598,8.55,,S
4134,1,1,"Wilson, Mrs. Mary",female,35.7,1,0,T112940,91.02,,S
4135,0,1,"Taylor, Mr. James",male,,0,0,T235964,105.83,,S
4136,1,3,"Taylor, Mr. Robert",male,,1,2,T822816,7.37,C36,S
4137,0,2,"Johnson, Mr. George",male,38.8,0,0,T60175,26.13,,C
4138,0,3,"Wilson, Master. William",male,20.7,0,0,T329070,6.13,,S
4139,0,3,"Smith, Mr. Edward",male,8.4,1,0,T202912,10.68,,S
4140,0,1,"Wilson, Mr. Charles",male,17.0,0,0,T123822,60.98,E133,C
4141,0,3,"Wilson, Mr. Henry",male,,0,1,T709222,5.2,,S
4142,0,1,"Anderson, Mr. Henry",male,12.3,0,0,T164505,20.64,G19,C
4143,0,3,"Williams, Mr. George",male,14.6,0,0,T152789,12.01,,C
4144,0,3,"Miller, Mr. Thomas",male,14.5,0,0,T131701,18.27,C62,Q
4145,1,3,"Williams, Miss. Mary",female,2.9,0,1,T519422,6.31,,S
4146,0,1,"Jones, Mr. Robert",male,13.1,0,0,T336042,213.83,,S
4147,1,3,"Jones, Mrs. Emma",female,,0,5,T873050,7.09,F33,C
4148,0,3,"Smith, Mr. Edward",male,19.3,0,0,T490659,5.05,,C
4149,1,2,"Anderson, Mr. Robert",male,4.3,1,0,T602173,21.94,,S
4150,1,3,"Brown, Mrs. Edith",female,,0,3,T293204,15.95,,S
4151,1,3,"Williams, Mr. Richard",male,37.1,1,2,T363951,6.83,,C
4152,0,3,"Thomas, Mr. Henry",male,3.2,0,0,T53076,12.5,,S
4153,0,3,"Smith, Mr. James",male,43.5,0,1,T859853,8.4,,S
4154,0,2,"Wilson, Mrs. Clara",female,8.8,0,1,T834021,49.4,,C
4155,0,3,"Smith, Mr. Edward",male,24.0,0,2,T807120,9.85,,S
4156,0,2,"Taylor, Mr. Edward",male,23.8,0,0,T422541,19.56,,S
4157,0,2,"Jones, Mr. Thomas",male,21.6,0,0,T435363,28.27,,S
4158,0,1,"Anderson, Miss. Dorothy",female,28.8,1,1,T126274,106.7,,C
4159,0,2,"Thomas, Mr. Charles",male,41.0,0,6,T993374,25.33,,S
4160,0,1,"Anderson, Mr. Richard",male,29.1,0,0,T655373,45.25,,S
4161,1,3,"Thomas, Mr. John",male,20.9,0,0,T955482,5.57,,S
4162,0,3,"Taylor, Mrs. Annie",female,36.3,1,0,T434479,18.04,,S
4163,0,3,"Taylor, Mr. James",male,32.7,1,1,T137930,11.04,C39,S
4164,0,2,"Moore, Mr. Henry",male,20.0,0,0,T38598,10.63,,C
4165,1,2,"Thomas, Miss. Florence",female,30.3,0,0,T227819,27.23,,S
4166,0,3,"Moore, Mr. Robert",male,18.8,0,0,T531499,9.03,,S
4167,0,3,"Smith, Master. Thomas",male,17.1,0,2,T313248,10.47,F127,S
4168,1,3,"Taylor, Mrs. Edith",female,,1,0,T19889,13.75,,C
4169,1,2,"Moore, Mrs. Florence",female,36.2,1,0,T160459,23.82,G36,S
4170,0,3,"Anderson, Mr. George",male,40.9,0,1,T507466,14.38,,S
4171,0,1,"Thomas, Mr. Edward",male,38.9,0,0,T831947,99.1,C114,C
4172,0,3,"Moore, Mr. John",male,16.8,0,0,T191975,5.05,,S
4173,0,3,"Thomas, Miss. Alice",female,44.2,0,0,T937937,10.48,A106,S
4174,1,3,"Johnson, Mrs. Emma",female,,1,0,T952011,7.64,,
4175,0,3,"Anderson, Mr. George",male,43.2,0,0,T843626,10.46,,C
4176,0,2,"Williams, Miss. Annie",female,,2,0,T877199,31.26,,S
4177,1,3,"Smith, Mrs. Florence",female,34.2,2,0,T735256,14.54,,S
4178,0,3,"Wilson, Mr. Thomas",male,34.7,1,0,T573538,6.17,,S
4179,1,3,"Miller, Mr. Edward",male,41.5,0,0,T307123,12.98,,C
4180,0,1,"Johnson, Mr. William",male,6.0,0,0,T269640,94.41,,C
4181,0,3,"Williams, Mr. James",male,,0,0,T483462,11.88,,C
4182,0,3,"Brown, Mrs. Lily",female,39.4,0,0,T872684,22.74,,S
4183,1,2,"Taylor, Miss. Florence",female,34.9,5,2,T934170,18.89,B50,Q
4184,0,2,"Wilson, Mr. William",male,18.5,0,0,T760298,24.93,B111,C
4185,0,1,"Wilson, Mr. Richard",male,,0,0,T302531,102.33,,S
4186,0,3,"Williams, Mr. James",male,9.3,0,0,T721804,22.6,,S
4187,1,2,"Smith, Mrs. Annie",female,,0,4,T431670,31.82,,C
4188,0,3,"Jones, Mr. James",male,48.7,0,0,T465127,3.31,F5,Q
4189,0,3,"Jones, Mr. Thomas",male,38.7,0,2,T78442,12.87,D33,Q
4190,0,3,"Williams, Mr. Thomas",male,,1,1,T182095,8.36,,S
4191,0,3,"Anderson, Mr. Henry",male,20.7,1,1,T893994,5.77,,S
4192,0,1,"Thomas, Mr. John",male,10.7,0,0,T153271,183.03,,S
4193,0,3,"Smith, Mrs. Annie",female,28.0,0,0,T526191,19.2,,S
4194,0,3,"Jones, Mr. Henry",male,17.2,0,0,T792444,16.83,C53,S
4195,0,3,"Smith, Mr. Robert",male,18.1,0,0,T824443,11.58,,S
4196,0,3,"Davis, Mr. Henry",male,9.2,0,0,T326245,34.26,,S
4197,0,3,"Brown, Mr. Richard",male,,0,1,T434058,6.42,,S
4198,0,1,"Davis, Mr. George",male,,0,0,T131594,178.42,,S
4199,0,3,"Taylor, Master. William",male,37.5,3,1,T409280,5.6,,S
4200,0,3,"Johnson, Miss. Clara",female,,0,0,T219641,14.07,,C
4201,0,3,"Davis, Mr. James",male,,1,0,T896138,19.78,G31,S
4202,0,3,"Miller, Mr. Richard",male,,2,1,T46986,4.03,B32,Q
4203,0,1,"Brown, Mr. William",male,41.6,0,0,T598975,67.65,,S
4204,1,3,"Anderson, Mrs. Edith",female,11.4,0,0,T892669,11.86,,Q
4205,0,3,"Jones, Mr. John",male,36.4,0,0,T280197,10.55,,S
4206,1,1,"Johnson, Miss. Florence",female,28.9,0,0,T480720,115.07,F12,S
4207,0,3,"Anderson, Mr. William",male,10.2,1,0,T442244,8.95,,Q
4208,1,2,"Brown, Mr. Edward",male,9.1,0,0,T146481,29.96,,S
4209,0,3,"Smith, Mr. Richard",male,36.3,0,0,T47632,36.48,,S
4210,1,2,"Davis, Mrs. Annie",female,39.8,1,0,T174393,11.78,,C
4211,0,3,"Moore, Mr. Richard",male,14.5,1,0,T542283,18.74,,C
4212,0,1,"Jones, Mr. James",male,43.8,0,0,T931570,117.6,,S
4213,0,3,"Moore, Mr. Charles",male,33.8,0,0,T932972,5.06,,S
4214,0,2,"Miller, Mr. Richard",male,47.0,0,0,T993185,18.46,,S
4215,1,2,"Williams, Mr. George",male,45.5,1,0,T891861,40.36,,S
4216,0,3,"Wilson, Master. Henry",male,27.4,1,0,T131477,20.56,,S
4217,0,1,"Moore, Mr. Thomas",male,53.4,0,0,T735210,210.42,,C
4218,0,3,"Brown, Mr. Robert",male,13.4,1,0,T883638,11.33,,S
4219,0,3,"Williams, Mr. John",male,64.4,0,0,T131142,36.86,,C
4220,1,3,"Williams, Mr. Richard",male,17.0,0,0,T690820,18.34,,S
4221,0,3,"Taylor, Mr. John",male,29.0,0,0,T33186,13.51,,S
4222,0,2,"Jones, Mr. Henry",male,,0,0,T692661,18.75,,C
4223,0,2,"Williams, Mr. Edward",male,24.2,2,0,T821394,19.36,,S
4224,0,3,"Williams, Mr. William",male,72.1,0,0,T934532,9.26,,S
4225,0,1,"Moore, Mr. Charles",male,23.0,1,3,T203138,364.56,B32,C
4226,1,3,"Williams, Master. George",male,42.0,1,1,T437621,17.86,,C
4227,0,1,"Davis, Mr. Charles",male,26.3,3,0,T677923,91.36,,S
4228,0,3,"Thomas, Master. Robert",male,43.3,0,0,T580488,6.06,,C
4229,0,1,"Taylor, Mr. Henry",male,21.8,8,0,T118358,43.87,,S
4230,0,3,"Anderson, Mr. Edward",male,33.4,0,1,T904084,9.68,,S
4231,0,1,"Taylor, Master. Richard",male,38.8,0,0,T560680,255.38,,S
4232,0,1,"Thomas, Mr. John",male,,1,0,T159737,61.87,,S
4233,0,3,"Williams, Mr. Charles",male,,0,0,T665412,7.59,,S
4234,0,2,"Williams, Mr. John",male,,0,0,T409564,18.61,,S
4235,0,3,"Johnson, Miss. Lily",female,26.4,1,0,T425627,30.43,,Q
4236,1,3,"Wilson, Mr. James",male,19.6,3,0,T279892,7.64,,C
4237,1,1,"Wilson, Miss. Emma",female,31.0,1,0,T864923,91.17,,S
4238,0,3,"Davis, Mr. Charles",male,12.1,1,0,T206561,10.62,,C
4239,0,3,"Moore, Miss. Annie",female,55.5,0,2,T410450,10.19,E126,S
4240,0,3,"Smith, Mr. John",male,36.0,0,0,T356421,8.68,B63,S
4241,0,3,"Anderson, Mrs. Beatrice",female,28.4,2,0,T433811,14.34,,C
4242,0,3,"Johnson, Mr. Edward",male,44.9,1,2,T94202,15.06,A70,S
4243,1,2,"Wilson, Mr. Thomas",male,19.2,0,1,T473890,18.38,,S
4244,0,1,"Brown, Mr. George",male,,0,2,T424548,90.58,,C
4245,0,3,"Brown, Miss. Dorothy",female,27.8,1,0,T87784,22.25,,C
4246,0,2,"Miller, Mrs. Dorothy",female,31.5,1,2,T301976,38.77,,C
4247,0,2,"Taylor, Mr. Thomas",male,,0,0,T760339,21.78,,S
4248,0,3,"Anderson, Mr. Edward",male,8.3,0,0,T319430,11.06,F74,C
4249,0,3,"Wilson, Mr. George",male,,1,0,T703498,6.56,,S
4250,1,1,"Davis, Mr. Henry",male,0.5,0,0,T745254,65.05,,C
4251,0,2,"Brown, Mr. Robert",male,12.6,1,0,T532570,14.21,,C
4252,0,2,"Smith, Miss. Mary",female,40.1,0,0,T654050,29.85,A28,C
4253,1,1,"Davis, Mr. Robert",male,,0,0,T532048,113.68,,S
4254,1,1,"Williams, Mr. Charles",male,13.1,1,0,T931347,146.77,,C
4255,1,1,"Brown, Mr. Robert",male,25.0,0,0,T892184,94.17,,S
4256,1,3,"Taylor, Mr. James",male,,0,0,T610105,10.33,,S
4257,0,3,"Brown, Mr. Robert",male,45.3,0,0,T530774,5.33,,S
4258,1,1,"Miller, Mr. George",male,51.9,2,0,T744105,48.66,A149,S
4259,1,1,"Johnson, Mr. William",male,31.9,0,0,T780037,73.37,,S
4260,0,3,"Davis, Mr. Edward",male,,1,1,T20260,15.51,,C
4261,1,2,"Davis, Mr. James",male,,0,1,T500607,8.96,,Q
4262,0,3,"Thomas, Mr. Richard",male,31.3,3,2,T216202,10.06,,S
4263,0,3,"Anderson, Miss. Mary",female,59.8,1,0,T837017,6.33,C93,S
4264,0,3,"Williams, Mr. Edward",male,48.4,1,0,T568601,30.23,D20,S
4265,1,1,"Brown, Miss. Emma",female,32.2,0,0,T959437,78.31,,S
4266,0,3,"Moore, Mr. Robert",male,34.1,1,2,T622032,8.03,,S
4267,1,3,"Moore, Mr. James",male,19.7,0,0,T367475,9.92,,S
4268,0,3,"Jones, Mr. William",male,,0,0,T376146,5.44,,S
4269,1,3,"Anderson, Miss. Florence",female,31.8,1,0,T349298,8.05,G2,C
4270,1,2,"Davis, Miss. Beatrice",female,31.9,0,0,T151804,22.2,,S
4271,0,2,"Brown, Mr. George",male,44.4,0,1,T916251,35.64,A24,S
4272,0,3,"Anderson, Mr. Richard",male,43.7,1,0,T530794,17.21,,S
4273,0,3,"Johnson, Mrs. Florence",female,37.2,0,0,T398816,13.47,,S
4274,0,3,"Miller, Master. Richard",male,15.2,2,0,T275106,10.72,,S
4275,0,3,"Davis, Mr. Edward",male,15.8,1,1,T84697,10.27,F29,S
4276,1,1,"Taylor, Mr. James",male,16.8,1,0,T85818,216.26,,S
4277,0,1,"Jones, Mr. Henry",male,33.1,0,0,T381289,46.88,,S
4278,0,3,"Jones, Mr. Richard",male,0.5,0,0,T84631,12.92,,S
4279,0,1,"Johnson, Mr. Edward",male,29.6,0,0,T13763,47.83,,S
4280,0,3,"Brown, Mr. George",male,50.1,1,0,T68086,6.13,,S
4281,0,2,"Jones, Mr. John",male,39.4,0,0,T140049,39.24,E106,C
4282,0,3,"Brown, Mr. Richard",male,24.6,0,0,T956507,19.64,,S
4283,0,3,"Johnson, Mr. Edward",male,19.6,0,0,T624965,14.66,E92,Q
4284,0,3,"Wilson, Mr. Edward",male,41.4,4,1,T169607,11.05,,S
4285,0,1,"Davis, Mr. George",male,34.1,0,0,T765367,65.32,,S
4286,0,3,"Anderson, Mrs. Lily",female,26.1,0,0,T473004,6.33,,S
4287,1,3,"Taylor, Miss. Clara",female,21.2,3,0,T966487,10.57,,S
4288,0,3,"Thomas, Mr. William",male,30.8,0,0,T375838,4.87,C7,S
4289,1,1,"Taylor, Miss. Emma",female,25.3,0,0,T438057,53.79,,S
4290,0,1,"Miller, Mr. Thomas",male,,0,0,T430271,102.79,,C
4291,0,2,"Johnson, Mr. George",male,47.7,0,0,T833907,22.24,C100,C
4292,0,1,"Moore, Mr. John",male,,2,0,T256952,90.16,,S
4293,1,3,"Taylor, Miss. Dorothy",female,11.9,1,1,T566099,7.02,,S
4294,0,3,"Moore, Mrs. Emma",female,,0,1,T508428,7.1,,Q
4295,1,2,"Moore, Mr. Thomas",male,32.1,0,0,T602497,23.12,,S
4296,0,2,"Moore, Mr. Thomas",male,13.3,0,0,T400816,20.76,,S
4297,1,1,"Miller, Mr. Charles",male,,0,0,T974747,87.57,,C
4298,0,3,"Anderson, Master. Thomas",male,34.7,1,0,T483521,4.02,B54,C
4299,0,3,"Wilson, Mr. John",male,61.6,0,0,T661764,9.66,,S
4300,0,3,"Smith, Mr. William",male,26.3,3,0,T796634,11.12,,C
4301,1,2,"Anderson, Mrs. Dorothy",female,45.8,2,0,T997101,10.77,,S
4302,1,3,"Williams, Miss. Mary",female,8.7,0,0,T173892,16.31,B100,S
4303,0,2,"Wilson, Mr. Edward",male,49.9,0,0,T649724,42.41,,S
4304,0,2,"Miller, Mr. Robert",male,,0,0,T679529,48.2,,S
4305,0,3,"Thomas, Mrs. Annie",female,,0,0,T306113,10.26,,S
4306,0,3,"Thomas, Mrs. Annie",female,45.8,0,1,T73005,17.01,,S
4307,1,2,"Williams, Mr. John",male,,2,0,T782835,36.2,C149,Q
4308,1,1,"Brown, Mr. James",male,12.7,4,0,T887303,121.4,,S
4309,0,2,"Anderson, Miss. Florence",female,21.0,2,0,T275696,16.64,,C
4310,1,2,"Taylor, Miss. Lily",female,4.2,0,0,T592636,33.35,G41,C
4311,0,3,"Moore, Master. Charles",male,16.3,1,0,T356526,21.37,,S
4312,1,3,"Miller, Mr. Thomas",male,,0,0,T709137,32.64,F77,S
4313,1,1,"Taylor, Mr. George",male,29.0,2,0,T90462,220.46,,C
4314,0,2,"Wilson, Mr. William",male,26.5,0,0,T250331,35.52,,S
4315,1,1,"Moore, Miss. Annie",female,18.2,0,0,T890455,359.79,,S
4316,1,3,"Smith, Mr. Robert",male,4.0,0,0,T535250,16.38,,S
4317,0,2,"Davis, Mrs. Clara",female,32.3,0,0,T951410,13.47,C92,C
4318,0,3,"Wilson, Mr. John",male,,2,4,T652231,8.83,,S
4319,1,2,"Brown, Master. James",male,15.3,0,0,T726960,26.69,,S
4320,0,3,"Brown, Master. Henry",male,22.0,0,0,T526254,12.44,,S
4321,0,3,"Jones, Miss. Alice",female,52.1,0,3,T563238,11.72,,Q
4322,0,3,"Smith, Miss. Clara",female,46.5,0,0,T288628,9.71,G66,C
4323,0,3,"Wilson, Master. Richard",male,8.2,0,0,T456206,13.68,A72,S
4324,0,3,"Williams, Mr. William",male,28.5,0,0,T999356,9.64,,C
4325,1,3,"Moore, Mrs. Beatrice",female,50.8,0,0,T754556,12.05,,S
4326,1,1,"Thomas, Mr. Charles",male,26.6,0,0,T208434,117.18,,S
4327,1,1,"Wilson, Miss. Lily",female,25.8,1,0,T25719,30.99,,C
4328,0,1,"Jones, Mr. John",male,45.5,0,0,T437380,47.3,,S
4329,0,3,"Thomas, Mr. James",male,44.0,0,0,T177616,11.05,,S
4330,0,3,"Davis, Mr. George",male,43.3,0,1,T439954,37.79,,S
4331,1,1,"Taylor, Miss. Dorothy",female,25.9,0,0,T187161,195.35,,S
4332,1,3,"Davis, Miss. Alice",female,39.3,0,0,T909571,9.59,E39,S
4333,0,3,"Johnson, Master. Henry",male,51.4,1,0,T101769,11.94,E33,S
4334,0,3,"Smith, Mr. Thomas",male,29.0,0,0,T221065,12.11,,S
4335,0,3,"Taylor, Mr. James",male,23.9,0,0,T315435,16.85,,C
4336,0,3,"Taylor, Mr. James",male,47.5,0,2,T987999,43.96,,S
4337,1,2,"Moore, Mr. Henry",male,59.4,0,0,T148755,16.69,,S
4338,1,2,"Brown, Mrs. Clara",female,60.4,1,0,T812932,31.25,,S
4339,0,3,"Brown, Mr. John",male,24.3,0,0,T817791,7.9,,S
4340,0,2,"Miller, Mr. William",male,25.7,4,0,T859772,12.18,,S
4341,1,1,"Thomas, Mr. George",male,14.8,1,0,T900552,85.87,,S
4342,0,3,"Miller, Mr. James",male,31.4,0,0,T86995,16.33,,S
4343,0,3,"Anderson, Master. George",male,,0,2,T600358,15.04,,S
4344,1,3,"Taylor, Miss. Lily",female,,0,0,T454775,11.33,,S
4345,1,2,"Davis, Mr. James",male,39.9,1,0,T284683,28.55,,S
4346,0,3,"Anderson, Master. Edward",male,35.4,0,0,T160422,15.69,,S
4347,0,2,"Thomas, Mr. James",male,3.4,0,0,T874689,20.01,,S
4348,1,1,"Brown, Mrs. Alice",female,52.5,0,0,T436574,104.03,B92,Q
4349,0,3,"Williams, Mr. Robert",male,13.9,0,0,T160272,9.29,,Q
4350,1,1,"Taylor, Mr. William",male,,0,0,T923252,164.92,E2,Q
4351,1,1,"Jones, Miss. Beatrice",female,11.7,0,0,T461095,34.35,G142,S
4352,0,3,"Jones, Miss. Dorothy",female,20.1,0,0,T82107,14.87,,S
4353,0,1,"Williams, Mr. Charles",male,,1,0,T516432,60.18,,Q
4354,0,3,"Smith, Mr. John",male,17.0,2,0,T795708,19.05,,S
4355,0,3,"Brown, Mrs. Emma",female,0.5,0,0,T174337,15.72,F81,S
4356,0,3,"Jones, Mr. Edward",male,31.6,2,0,T929916,12.84,,S
4357,0,1,"Davis, Mr. John",male,,0,0,T341468,100.0,,C
4358,1,3,"Moore, Mr. John",male,62.2,2,0,T580872,7.08,,S
4359,0,2,"Anderson, Mr. Richard",male,36.8,0,0,T969397,35.18,,S
4360,1,3,"Miller, Miss. Lily",female,22.5,0,0,T925408,10.19,A136,S
4361,0,2,"Miller, Mr. Edward",male,12.3,0,0,T423879,33.54,B99,C
4362,0,2,"Moore, Mr. John",male,28.3,1,0,T466882,13.41,,S
4363,1,3,"Brown, Miss. Emma",female,36.2,1,1,T274477,13.23,E86,S
4364,0,2,"Anderson, Mr. Thomas",male,,0,0,T675427,46.31,,Q
4365,0,1,"Taylor, Mr. Henry",male,30.6,0,1,T810617,107.98,,S
4366,0,2,"Thomas, Mr. James",male,,0,0,T107796,19.8,,S
4367,0,3,"Moore, Mr. William",male,,1,0,T27384,21.26,,S
4368,0,2,"Miller, Master. Charles",male,2.3,0,0,T147028,27.14,,S
4369,0,2,"Jones, Mr. Richard",male,,2,0,T800389,19.84,,S
4370,0,1,"Miller, Mr. Henry",male,34.3,0,0,T302077,355.71,F106,C
4371,0,3,"Miller, Mr. George",male,4.9,0,0,T359942,10.63,,S
4372,0,3,"Brown, Mr. George",male,35.9,0,0,T235276,12.14,,S
4373,0,2,"Thomas, Mr. Thomas",male,15.2,0,0,T628916,20.6,,S
4374,0,2,"Thomas, Mr. Thomas",male,36.1,1,0,T963039,23.44,G118,C
4375,0,1,"Wilson, Mr. James",male,57.4,4,0,T431012,461.09,C31,C
4376,1,1,"Anderson, Mr. Richard",male,27.1,0,0,T827377,59.91,,S
4377,1,1,"Johnson, Mrs. Mary",female,45.4,0,0,T548349,37.46,,S
4378,0,3,"Taylor, Mrs. Dorothy",female,11.9,3,0,T126337,12.78,B98,S
4379,0,3,"Williams, Master. Thomas",male,,0,0,T887381,12.95,,S
4380,1,3,"Moore, Miss. Mary",female,59.0,0,0,T596473,16.76,,Q
4381,1,1,"Johnson, Mrs. Annie",female,34.2,1,1,T766862,43.45,B45,S
4382,0,3,"Wilson, Mr. Henry",male,38.9,0,4,T328021,5.37,,S
4383,0,3,"Brown, Master. George",male,46.4,0,6,T241369,10.91,F60,S
4384,1,3,"Williams, Mrs. Alice",female,,0,0,T44526,12.09,,C
4385,0,3,"Moore, Mr. Edward",male,41.7,1,1,T684437,33.36,,S
4386,0,1,"Davis, Mr. Charles",male,39.5,0,0,T320082,71.1,,S
4387,1,1,"Smith, Miss. Clara",female,10.9,0,0,T195080,76.22,,S
4388,0,3,"Smith, Mr. George",male,51.6,0,0,T695099,16.42,,S
4389,0,2,"Smith, Mr. Charles",male,48.6,1,0,T775878,28.74,,C
4390,1,1,"Taylor, Mr. Henry",male,11.1,1,0,T895555,112.04,,C
4391,0,2,"Williams, Mr. Henry",male,32.6,0,0,T529768,23.36,F41,S
4392,0,2,"Anderson, Master. Robert",male,26.3,0,0,T396387,11.57,F29,C
4393,1,3,"Moore, Miss. Dorothy",female,,0,2,T670194,13.01,D91,S
4394,0,1,"Anderson, Mr. Edward",male,9.2,0,1,T186576,58.47,,Q
4395,0,2,"Anderson, Mr. Henry",male,80.0,0,0,T679619,36.01,,S
4396,0,3,"Brown, Mr. Charles",male,27.2,0,0,T822446,12.35,,S
4397,0,3,"Wilson, Mr. Edward",male,40.4,1,0,T372748,11.54,,Q
4398,0,3,"Anderson, Mrs. Clara",female,49.8,0,0,T486109,11.09,,Q
4399,1,1,"Anderson, Mr. George",male,26.9,0,0,T331602,182.88,,Q
4400,0,3,"Thomas, Mr. Edward",male,28.0,0,0,T348683,19.1,,S
4401,0,3,"Taylor, Mr. Henry",male,22.4,0,0,T701535,9.0,,S
4402,0,3,"Miller, Mr. George",male,16.9,0,0,T170205,12.57,,S
4403,1,2,"Taylor, Master. Robert",male,33.6,1,0,T494930,29.54,,S
4404,0,3,"Wilson, Mr. Charles",male,27.7,0,0,T941461,4.9,,S
4405,0,3,"Moore, Mr. James",male,22.3,4,0,T517616,9.58,,C
4406,1,3,"Davis, Mr. George",male,23.2,0,5,T624888,3.07,,S
4407,0,1,"Thomas, Mrs. Edith",female,38.1,0,1,T424475,88.84,,S
4408,1,1,"Miller, Master. George",male,18.1,2,0,T116561,54.04,,S
4409,0,3,"Davis, Mr. William",male,26.1,1,0,T883279,10.58,A130,S
4410,1,3,"Thomas, Miss. Florence",female,42.7,0,0,T602170,6.7,,C
4411,0,2,"Anderson, Mrs. Mary",female,33.3,0,0,T633469,23.87,,S
4412,0,3,"Miller, Mr. Charles",male,14.5,0,0,T301259,25.6,,S
4413,1,3,"Wilson, Mrs. Lily",female,29.4,0,0,T109650,7.01,,S
4414,0,3,"Moore, Mrs. Clara",female,,0,0,T771164,15.36,,S
4415,1,3,"Brown, Mr. Edward",male,44.0,0,0,T70446,18.35,C32,C
4416,0,2,"Moore, Mr. Robert",male,18.7,1,1,T354008,19.0,,C
4417,0,3,"Anderson, Mr. Charles",male,21.6,0,2,T57271,19.74,,S
4418,0,3,"Anderson, Mr. Thomas",male,19.6,0,0,T999288,16.53,,S
4419,0,3,"Thomas, Mr. Thomas",male,20.3,0,1,T57943,6.79,,S
4420,1,2,"Taylor, Mr. James",male,35.6,0,0,T53029,21.05,,S
4421,0,3,"Anderson, Miss. Emma",female,38.3,0,0,T686600,3.98,,S
4422,0,2,"Johnson, Master. Richard",male,44.9,1,0,T37772,10.69,,S
4423,0,2,"Wilson, Mr. Thomas",male,,2,2,T43487,20.52,,S
4424,0,3,"Davis, Mr. James",male,9.3,1,2,T772847,10.38,,S
4425,0,3,"Anderson, Mr. George",male,39.4,2,0,T918706,4.66,,C
4426,0,3,"Taylor, Mrs. Mary",female,32.0,1,0,T30579,33.51,B77,C
4427,0,2,"Wilson, Mr. John",male,30.6,0,0,T180688,30.12,,C
4428,0,3,"Anderson, Mr. William",male,11.1,0,0,T616971,6.19,G125,C
4429,0,2,"Moore, Master. Charles",male,26.9,0,0,T275542,50.98,C95,C
4430,0,3,"Moore, Miss. Lily",female,,0,0,T431297,6.51,,S
4431,0,2,"Brown, Mr. Edward",male,36.7,0,0,T638336,42.88,B80,S
4432,0,3,"Taylor, Mr. Robert",male,23.5,0,0,T233271,4.56,,S
4433,0,3,"Miller, Mr. John",male,22.2,0,1,T14073,13.14,,S
4434,0,2,"Miller, Miss. Edith",female,7.4,2,0,T748671,18.37,,S
4435,0,2,"Brown, Mr. George",male,44.6,0,0,T551514,29.84,,S
4436,0,3,"Jones, Mrs. Lily",female,26.0,1,0,T368922,19.07,,Q
4437,0,3,"Davis, Mr. Edward",male,31.0,1,0,T90844,14.06,,S
4438,0,3,"Davis, Mr. John",male,19.0,0,0,T721720,17.38,,C
4439,0,3,"Anderson, Mr. Charles",male,5.8,1,0,T806675,8.07,,S
4440,1,2,"Brown, Mr. George",male,22.0,1,0,T431336,24.99,,S
4441,0,2,"Smith, Mrs. Lily",female,24.3,1,4,T19218,31.7,,C
4442,0,2,"Davis, Mrs. Annie",female,33.9,2,1,T694407,31.17,,S
4443,1,1,"Wilson, Mrs. Edith",female,,2,1,T162393,37.76,A22,S
4444,0,3,"Anderson, Mr. Richard",male,19.3,0,0,T943060,5.66,A136,S
4445,1,1,"Miller, Miss. Alice",female,7.9,0,0,T94811,64.15,,Q
4446,0,3,"Davis, Mr. Charles",male,30.4,0,0,T135089,23.8,A27,C
4447,1,3,"Miller, Mrs. Mary",female,,0,0,T352603,9.53,E74,S
4448,1,3,"Williams, Mrs. Annie",female,48.9,0,0,T820548,32.45,,Q
4449,0,3,"Johnson, Mr. Charles",male,31.9,0,0,T624693,12.17,C133,C
4450,1,2,"Thomas, Miss. Clara",female,37.9,0,0,T941278,38.38,,S
4451,0,3,"Wilson, Mr. Thomas",male,26.1,0,0,T70756,16.09,,S
4452,1,1,"Moore, Mr. Robert",male,32.6,2,0,T97798,113.82,G43,S
4453,0,1,"Miller, Mr. John",male,16.8,0,0,T801555,116.43,,S
4454,0,3,"Jones, Mr. George",male,12.6,0,0,T873946,10.11,,S
4455,0,1,"Wilson, Mr. Henry",male,29.9,0,2,T980105,54.37,,S
4456,1,3,"Taylor, Mrs. Emma",female,38.0,0,0,T107865,17.12,E109,S
4457,0,3,"Moore, Mr. James",male,1.5,0,0,T627414,9.5,,S
4458,0,3,"Thomas, Mr. George",male,,4,0,T769624,10.37,,C
4459,0,2,"Brown, Mr. Thomas",male,56.4,0,0,T867873,73.22,,S
4460,0,3,"Wilson, Mr. Edward",male,36.6,0,0,T490558,6.47,,C
4461,0,1,"Brown, Mr. George",male,,1,1,T501930,61.07,,S
4462,0,3,"Williams, Mr. James",male,20.5,0,0,T963450,11.68,,S
4463,0,1,"Smith, Mr. John",male,,0,0,T95275,58.15,,S
4464,0,3,"Smith, Mr. John",male,,0,2,T947656,28.28,,S
4465,1,1,"Williams, Mrs. Dorothy",female,38.7,0,0,T151279,139.59,,C
4466,1,1,"Miller, Mr. Charles",male,28.3,1,0,T80217,88.11,,S
4467,0,3,"Anderson, Mr. Charles",male,,4,0,T59889,15.76,,S
4468,1,1,"Brown, Miss. Dorothy",female,46.5,1,1,T422406,146.72,,S
4469,0,3,"Moore, Mrs. Florence",female,,0,0,T456852,9.19,A146,S
4470,0,1,"Jones, Master. Edward",male,,1,0,T263331,174.8,,S
4471,1,2,"Moore, Mr. Richard",male,,0,2,T766534,12.6,,S
4472,1,3,"Jones, Mrs. Florence",female,22.9,0,0,T984941,15.68,,S
4473,1,2,"Jones, Miss. Lily",female,,0,0,T523568,19.38,,S
4474,1,2,"Johnson, Mrs. Dorothy",female,33.6,0,1,T323535,45.98,D142,C
4475,0,3,"Miller, Mr. Robert",male,12.2,0,1,T298402,11.41,F88,S
4476,0,1,"Thomas, Mr. Thomas",male,29.2,0,0,T919057,75.61,,S
4477,1,1,"Thomas, Mr. Richard",male,6.3,0,0,T564705,246.79,C105,S
4478,0,2,"Jones, Mr. Thomas",male,36.6,0,0,T302685,23.6,,S
4479,0,2,"Wilson, Mr. William",male,62.1,0,0,T380116,17.29,,Q
4480,0,3,"Taylor, Mr. Robert",male,20.4,0,0,T263116,5.95,,Q
4481,0,2,"Miller, Mr. Henry",male,27.3,0,0,T889673,24.72,,C
4482,0,3,"Wilson, Miss. Annie",female,28.0,0,1,T801185,7.89,,C
4483,0,1,"Jones, Mr. Henry",male,44.0,0,2,T754108,182.01,,C
4484,1,2,"Brown, Mr. Robert",male,35.6,2,0,T54274,19.65,B107,S
4485,1,2,"Johnson, Miss. Florence",female,43.0,0,0,T785246,14.72,E71,S
4486,1,3,"Anderson, Master. John",male,22.4,0,0,T274854,11.28,,S
4487,0,3,"Johnson, Mr. Robert",male,,1,0,T80961,16.72,,Q
4488,0,3,"Miller, Mr. Edward",male,0.5,3,0,T77203,6.5,B120,S
4489,0,3,"Smith, Mr. John",male,39.4,0,0,T282993,13.44,,S
4490,0,2,"Davis, Mr. Henry",male,12.0,3,2,T238631,34.47,,S
4491,1,1,"Taylor, Mrs. Dorothy",female,24.9,0,2,T311067,92.45,,S
4492,0,1,"Anderson, Mr. Charles",male,40.5,1,0,T298028,137.44,,S
4493,0,2,"Smith, Miss. Dorothy",female,7.4,0,0,T350229,37.6,,S
4494,0,2,"Anderson, Mr. Richard",male,45.5,0,0,T165543,13.47,G84,S
4495,0,1,"Johnson, Mr. Robert",male,27.9,1,0,T317797,153.99,,C
4496,1,2,"Johnson, Mrs. Dorothy",female,50.8,4,1,T711178,24.31,,S
4497,0,2,"Thomas, Mr. Henry",male,16.6,0,4,T750752,16.25,,C
4498,0,1,"Smith, Mr. George",male,3.4,1,2,T249928,91.61,,S
4499,0,2,"Smith, Mr. Thomas",male,29.3,0,0,T167727,33.85,,S
4500,1,3,"Moore, Mr. Henry",male,38.2,2,0,T966504,10.69,,S
4501,0,2,"Brown, Mr. James",male,39.4,0,0,T459916,30.43,,S
4502,0,3,"Taylor, Miss. Dorothy",female,13.2,0,1,T93892,8.8,,S
4503,0,3,"Jones, Mr. Thomas",male,6.1,0,0,T467497,5.41,,S
4504,1,2,"Thomas, Miss. Clara",female,,1,2,T414186,32.15,,Q
4505,0,1,"Taylor, Mr. Charles",male,37.2,0,0,T571862,50.3,,S
4506,1,2,"Taylor, Mr. Thomas",male,,2,0,T108850,36.0,,S
4507,0,3,"Moore, Mr. Thomas",male,52.5,0,0,T787185,8.67,,S
4508,0,2,"Miller, Mr. Richard",male,24.3,0,1,T166186,23.81,C131,C
4509,0,1,"Miller, Mr. Henry",male,2.9,0,0,T941719,141.39,B89,
4510,0,1,"Williams, Mrs. Edith",female,,0,1,T46002,62.32,,S
4511,0,3,"Moore, Mr. Edward",male,32.5,0,0,T366369,4.75,,Q
4512,0,2,"Wilson, Mr. William",male,,0,0,T564902,31.93,,S
4513,0,3,"Moore, Mrs. Mary",female,40.8,0,0,T546925,8.1,,S
4514,0,3,"Miller, Mr. Thomas",male,,0,0,T717087,15.51,,S
4515,1,3,"Thomas, Mr. Thomas",male,29.4,0,0,T832588,13.01,,S
4516,0,3,"Davis, Mr. Thomas",male,46.8,2,0,T110728,23.56,,S
4517,0,3,"Smith, Mr. Thomas",male,37.7,1,0,T161933,13.99,,Q
4518,0,3,"Anderson, Master. Charles",male,20.2,1,0,T797185,4.2,,S
4519,0,3,"Thomas, Mr. George",male,,0,0,T586289,11.93,,S
4520,0,1,"Thomas, Mr. William",male,,1,0,T666512,45.61,,S
4521,1,1,"Williams, Miss. Mary",female,19.4,0,0,T130904,349.34,,S
4522,1,3,"Smith, Mrs. Mary",female,42.6,0,0,T268531,13.17,,S
4523,1,3,"Moore, Miss. Dorothy",female,32.0,0,0,T339195,9.09,,S
4524,0,3,"Moore, Mr. James",male,,0,1,T742867,10.08,,C
4525,1,3,"Johnson, Mr. Robert",male,50.6,0,0,T476348,18.29,B134,S
4526,0,3,"Johnson, Mr. Richard",male,34.9,1,0,T670095,11.31,,S
4527,0,2,"Jones, Mr. Thomas",male,30.7,1,0,T406601,26.2,,Q
4528,0,3,"Wilson, Mr. Charles",male,28.5,1,0,T894243,9.56,,S
4529,0,1,"Anderson, Mr. John",male,,0,0,T134396,166.98,,S
4530,0,3,"Moore, Mr. Robert",male,34.2,0,0,T975328,9.39,,C
4531,1,3,"Moore, Miss. Dorothy",female,49.5,0,0,T935867,11.11,,Q
4532,0,3,"Brown, Mr. John",male,20.8,1,0,T380569,8.77,,C
4533,1,2,"Jones, Mrs. Clara",female,19.7,1,0,T809021,9.84,F3,C
4534,0,1,"Davis, Miss. Annie",female,48.3,0,0,T635514,70.12,F66,S
4535,0,2,"Thomas, Master. George",male,21.5,0,0,T875276,40.28,,C
4536,0,3,"Johnson, Mr. Henry",male,32.8,0,0,T189581,11.95,,S
4537,1,3,"Davis, Mr. William",male,,1,0,T308343,14.18,,S
4538,0,2,"Williams, Mrs. Alice",female,5.3,0,2,T534024,22.01,,C
4539,0,3,"Thomas, Mr. James",male,32.6,1,0,T168392,9.16,A68,S
4540,0,3,"Moore, Mr. William",male,45.9,1,2,T997813,9.72,,S
4541,0,1,"Anderson, Mr. George",male,,0,0,T971899,108.21,,Q
4542,0,3,"Smith, Mr. Edward",male,8.2,0,2,T411679,15.64,,S
4543,0,3,"Smith, Miss. Alice",female,31.3,4,0,T839862,9.57,,C
4544,0,3,"Johnson, Mr. Henry",male,18.7,0,0,T332912,11.33,,Q
4545,0,3,"Moore, Mr. Richard",male,,1,0,T928170,13.91,,S
4546,0,3,"Wilson, Mr. James",male,,0,0,T951796,14.24,,S
4547,1,3,"Miller, Miss. Beatrice",female,37.2,0,1,T187023,6.26,,Q
4548,1,1,"Wilson, Mr. Robert",male,46.8,1,0,T699007,93.8,F147,S
4549,1,3,"Brown, Miss. Edith",female,,5,0,T547295,30.23,,S
4550,0,1,"Johnson, Mrs. Annie",female,,1,0,T550494,14.59,,S
4551,1,1,"Thomas, Miss. Dorothy",female,43.2,0,0,T591199,54.81,,S
4552,1,2,"Moore, Mr. Thomas",male,11.1,0,0,T463148,29.51,,C
4553,0,1,"Smith, Mr. John",male,53.2,0,0,T434871,126.57,E104,S
4554,0,3,"Johnson, Mr. James",male,48.1,0,0,T55968,4.03,,S
4555,0,3,"Miller, Mr. Thomas",male,24.4,0,0,T370743,18.0,,S
4556,0,2,"Johnson, Mr. Henry",male,39.6,0,0,T531542,21.11,,S
4557,1,3,"Brown, Mr. John",male,38.1,3,0,T514417,9.05,,S
4558,0,3,"Davis, Mr. Henry",male,51.0,1,0,T411516,6.83,,C
4559,0,3,"Wilson, Mr. Robert",male,27.5,1,0,T425030,18.49,,S
4560,0,3,"Wilson, Mr. Robert",male,18.9,1,0,T844147,19.06,,S
4561,0,1,"Davis, Mr. James",male,22.6,1,1,T674345,123.41,,C
4562,1,3,"Miller, Miss. Clara",female,42.7,0,0,T950057,11.28,,S
4563,0,3,"Davis, Mr. Thomas",male,,1,0,T757914,6.61,F99,S
4564,1,3,"Anderson, Mrs. Mary",female,0.5,0,0,T326661,10.81,,S
4565,0,3,"Miller, Mr. Robert",male,42.7,1,0,T302120,5.65,E79,C
4566,0,3,"Anderson, Miss. Mary",female,,0,0,T817779,7.49,,S
4567,0,3,"Davis, Miss. Annie",female,30.0,0,0,T36793,10.62,,S
4568,0,3,"Thomas, Mr. George",male,,1,0,T963519,17.25,,S
4569,0,3,"Williams, Master. Robert",male,,0,0,T863505,9.43,,S
4570,0,2,"Moore, Mr. Charles",male,20.5,3,3,T547179,21.67,,S
4571,0,2,"Smith, Mr. Richard",male,34.9,0,0,T928784,52.46,,C
4572,1,1,"Brown, Mrs. Florence",female,21.2,0,0,T568582,53.21,,C
4573,0,3,"Jones, Mr. Charles",male,,0,0,T910135,5.56,,S
4574,1,3,"Thomas, Mr. William",male,,1,0,T141363,7.97,A100,S
4575,0,1,"Anderson, Mr. Henry",male,22.2,1,0,T368656,76.22,,C
4576,1,3,"Moore, Miss. Dorothy",female,39.9,3,0,T467200,9.19,,S
4577,0,3,"Taylor, Mr. John",male,,0,0,T239902,7.74,,C
4578,1,3,"Jones, Miss. Dorothy",female,25.0,0,1,T666576,13.51,,S
4579,0,1,"Williams, Mr. George",male,,0,0,T49762,52.56,,S
4580,1,3,"Thomas, Mr. Charles",male,,0,1,T480040,13.91,,C
4581,0,3,"Brown, Mr. Charles",male,34.8,0,0,T725341,9.9,,S
4582,0,3,"Brown, Mr. John",male,36.7,0,0,T847461,29.8,,S
4583,1,3,"Brown, Mrs. Florence",female,33.0,1,0,T534630,16.96,B93,S
4584,1,3,"Brown, Miss. Edith",female,20.8,1,0,T57549,12.21,,S
4585,0,2,"Thomas, Mr. Henry",male,26.8,0,0,T339798,41.81,,C
4586,0,3,"Anderson, Mr. John",male,52.8,0,0,T386609,11.02,E74,S
4587,0,1,"Miller, Mr. Richard",male,9.1,0,0,T454682,40.95,A123,S
4588,0,2,"Wilson, Mr. Richard",male,57.0,1,0,T995423,31.0,,C
4589,1,1,"Thomas, Mr. James",male,,1,0,T907006,70.1,,Q
4590,0,2,"Taylor, Mr. James",male,27.1,0,0,T701493,27.37,,S
4591,1,2,"Smith, Miss. Annie",female,,0,0,T42136,24.23,,C
4592,1,3,"Smith, Mrs. Dorothy",female,0.5,0,1,T988947,21.38,A140,S
4593,0,3,"Johnson, Mr. Charles",male,,0,2,T365244,12.42,,S
4594,0,2,"Davis, Mrs. Emma",female,56.6,0,0,T127303,38.56,C95,S
4595,0,3,"Wilson, Mr. Richard",male,45.5,2,0,T791415,11.61,,S
4596,0,1,"Jones, Master. Edward",male,0.5,0,2,T311858,59.77,,S
4597,1,1,"Brown, Mr. Charles",male,40.8,0,0,T286630,40.55,,Q
4598,1,3,"Davis, Miss. Dorothy",female,53.6,0,0,T940583,10.75,,Q
4599,0,3,"Miller, Miss. Edith",female,52.1,0,1,T286853,37.99,,S
4600,0,3,"Anderson, Miss. Lily",female,,0,0,T247571,7.44,,C
4601,0,2,"Smith, Mrs. Edith",female,44.4,0,0,T727223,49.19,,S
4602,0,3,"Taylor, Master. William",male,,0,0,T981517,5.32,F56,C
4603,0,3,"Moore, Mr. Thomas",male,,0,0,T407306,19.14,,S
4604,0,3,"Brown, Mr. John",male,8.6,4,0,T207811,11.2,,C
4605,1,1,"Miller, Mrs. Beatrice",female,41.7,1,0,T625653,119.13,,S
4606,0,3,"Davis, Miss. Lily",female,45.0,0,0,T345201,16.0,G141,Q
4607,0,3,"Taylor, Mr. John",male,27.7,0,0,T311627,5.46,G28,S
4608,0,3,"Brown, Mrs. Emma",female,12.4,0,0,T48561,7.92,,S
4609,0,1,"Johnson, Mr. Charles",male,43.9,2,0,T302766,79.79,C20,S
4610,0,3,"Moore, Mr. George",male,18.6,0,0,T232494,7.03,,S
4611,0,2,"Davis, Mr. Henry",male,,0,2,T743599,41.24,,S
4612,1,3,"Jones, Miss. Emma",female,52.3,0,0,T615219,10.86,,S
4613,1,1,"Anderson, Mr. John",male,5.6,0,0,T147813,106.36,,S
4614,1,1,"Smith, Mrs. Annie",female,42.9,3,0,T846498,154.21,,S
4615,0,3,"Miller, Mr. William",male,26.7,2,0,T785596,14.7,E148,S
4616,0,2,"Anderson, Mr. Charles",male,27.1,2,2,T207154,31.75,,S
4617,1,1,"Miller, Mr. Henry",male,,0,0,T858805,39.93,,Q
4618,1,2,"Moore, Miss. Dorothy",female,18.5,0,0,T821689,9.83,,C
4619,0,1,"Smith, Mr. John",male,12.7,0,2,T774347,52.22,,S
4620,0,3,"Brown, Mrs. Annie",female,,0,0,T950558,13.73,E138,S
4621,0,3,"Williams, Mr. William",male,,0,1,T650055,11.69,,S
4622,0,3,"Smith, Mr. Robert",male,24.3,1,0,T475637,9.39,,S
4623,1,2,"Anderson, Mrs. Annie",female,38.0,1,0,T301771,37.17,,S
4624,0,3,"Williams, Mr. Charles",male,22.7,0,2,T937367,10.95,,S
4625,0,3,"Johnson, Mrs. Lily",female,,0,2,T342515,13.2,,S
4626,0,3,"Williams, Mr. William",male,39.2,0,2,T463988,16.42,,S
4627,0,3,"Anderson, Master. Robert",male,34.5,0,0,T286189,17.43,,S
4628,0,3,"Thomas, Miss. Florence",female,26.3,8,0,T599042,8.57,,C
4629,0,3,"Brown, Miss. Beatrice",female,34.1,0,0,T847615,19.54,,
4630,0,2,"Thomas, Master. Henry",male,15.8,0,0,T773926,14.61,F92,C
4631,0,1,"Thomas, Mr. William",male,,0,0,T713722,132.76,,S
4632,0,3,"Taylor, Mr. John",male,48.4,0,4,T92246,13.82,F122,Q
4633,1,3,"Anderson, Mr. Robert",male,40.7,1,1,T256933,10.32,,S
4634,0,1,"Wilson, Mr. Robert",male,24.3,0,0,T939315,52.64,,S
4635,1,2,"Brown, Mr. Charles",male,30.6,0,0,T406454,,,S
4636,1,3,"Taylor, Mrs. Beatrice",female,52.4,0,0,T525163,11.09,,C
4637,0,3,"Anderson, Miss. Dorothy",female,48.3,0,0,T460507,5.08,,S
4638,0,1,"Moore, Mr. George",male,58.6,0,0,T253650,69.1,,S
4639,0,2,"Brown, Miss. Emma",female,,0,0,T663676,21.88,,S
4640,0,3,"Thomas, Mr. Charles",male,17.1,0,1,T988981,5.85,,C
4641,0,3,"Moore, Mr. Charles",male,,0,0,T982587,5.1,,Q
4642,1,2,"Anderson, Mrs. Mary",female,35.6,1,0,T372915,19.31,,S
4643,0,3,"Anderson, Mrs. Beatrice",female,,0,0,T58276,5.31,C28,C
4644,0,3,"Jones, Mr. James",male,,0,0,T39973,3.89,,S
4645,1,3,"Wilson, Mrs. Edith",female,48.1,1,0,T659622,14.06,,S
4646,0,3,"Brown, Mr. Thomas",male,28.4,0,0,T878605,12.4,B142,C
4647,1,3,"Davis, Miss. Alice",female,12.1,0,1,T504470,12.14,,S
4648,0,2,"Johnson, Mr. Richard",male,13.8,1,4,T843798,13.41,,S
4649,0,1,"Smith, Mrs. Edith",female,33.3,0,1,T339236,126.23,,S
4650,0,2,"Jones, Mr. William",male,73.2,1,0,T263099,15.68,,S
4651,1,1,"Johnson, Mr. James",male,15.5,1,0,T832093,159.42,C36,Q
4652,0,1,"Williams, Mr. Charles",male,25.1,0,0,T253497,172.34,,S
4653,1,2,"Wilson, Mr. Thomas",male,64.6,0,0,T502678,24.82,,S
4654,1,3,"Jones, Mrs. Annie",female,,0,0,T108884,7.61,,S
4655,1,3,"Anderson, Mrs. Alice",female,36.3,0,0,T556660,16.52,,S
4656,1,3,"Jones, Miss. Edith",female,56.9,2,0,T437154,11.98,E19,S
4657,0,3,"Jones, Mr. Edward",male,15.9,0,0,T575848,9.21,,C
4658,0,1,"Brown, Miss. Alice",female,25.2,0,1,T132763,49.2,D58,C
4659,1,1,"Williams, Mr. Edward",male,22.7,0,0,T38680,97.67,B68,S
4660,0,1,"Johnson, Mr. Charles",male,7.7,0,0,T286864,25.83,,C
4661,1,3,"Jones, Mrs. Beatrice",female,52.5,1,0,T443715,12.03,,S
4662,0,1,"Anderson, Mr. John",male,21.2,0,0,T35258,182.78,C43,S
4663,1,3,"Smith, Mrs. Lily",female,17.0,1,0,T844396,7.24,,S
4664,0,3,"Williams, Miss. Florence",female,23.3,0,0,T55290,14.79,,S
4665,0,1,"Anderson, Mr. John",male,,0,0,T203874,98.55,,S
4666,1,1,"Miller, Master. Thomas",male,31.3,0,0,T764958,25.94,,S
4667,0,3,"Wilson, Master. William",male,,0,0,T960883,11.12,,S
4668,1,3,"Anderson, Miss. Alice",female,35.6,0,0,T502734,15.13,,S
4669,0,3,"Wilson, Mr. Henry",male,41.5,0,0,T881829,15.74,,C
4670,0,2,"Williams, Mr. Richard",male,29.4,1,0,T711205,29.01,D67,S
4671,0,3,"Brown, Mr. Richard",male,26.3,0,1,T697069,8.2,,Q
4672,0,2,"Taylor, Mr. William",male,44.4,0,0,T696790,66.53,,S
4673,1,3,"Miller, Mrs. Lily",female,27.1,0,0,T326399,6.95,,S
4674,0,3,"Johnson, Mr. Richard",male,53.0,1,0,T265548,9.86,,S
4675,0,3,"Jones, Mrs. Beatrice",female,18.7,0,0,T685005,12.23,,S
4676,0,2,"Jones, Mr. John",male,,2,0,T345621,11.83,,S
4677,0,3,"Williams, Mr. Edward",male,16.6,0,0,T455964,9.92,,C
4678,0,2,"Brown, Mr. Thomas",male,26.2,1,1,T345543,29.44,,S
4679,1,1,"Anderson, Miss. Emma",female,29.7,0,0,T12547,111.08,G3,S
4680,0,2,"Thomas, Mr. Robert",male,,0,0,T70877,19.58,,C
4681,0,3,"Jones, Mr. Henry",male,31.1,0,0,T754385,9.04,D142,S
4682,0,3,"Davis, Mr. Thomas",male,37.9,1,0,T598009,5.2,,S
4683,0,1,"Thomas, Mr. Thomas",male,,0,0,T231135,213.49,,S
4684,0,3,"Wilson, Mr. Robert",male,22.1,1,0,T565814,8.91,,Q
4685,1,2,"Miller, Miss. Annie",female,37.9,1,0,T45232,23.87,,Q
4686,0,2,"Taylor, Mr. Robert",male,,0,0,T425104,17.8,,S
4687,0,2,"Miller, Mr. Henry",male,25.1,3,0,T312941,26.5,,S
4688,0,3,"Moore, Mrs. Clara",female,45.5,1,0,T527322,13.72,,S
4689,0,3,"Thomas, Mr. Charles",male,55.7,0,0,T946461,13.44,,S
4690,1,3,"Moore, Mr. John",male,36.1,0,0,T307892,12.61,,S
4691,0,3,"Smith, Mr. Thomas",male,27.2,1,1,T242996,5.45,,S
4692,1,2,"Smith, Mr. Robert",male,22.4,0,1,T100612,12.05,,C
4693,1,3,"Davis, Mr. Robert",male,42.9,2,0,T114418,10.31,,S
4694,0,1,"Davis, Mr. Robert",male,,4,1,T201599,80.91,,S
4695,0,3,"Jones, Mr. James",male,,0,1,T810917,12.38,,S
4696,0,3,"Wilson, Mr. Richard",male,42.9,0,0,T72750,9.06,,S
4697,0,3,"Anderson, Mr. Edward",male,20.9,1,0,T56673,5.01,,S
4698,1,3,"Williams, Mrs. Alice",female,17.2,2,0,T604249,11.85,,S
4699,1,3,"Moore, Mrs. Emma",female,27.5,0,0,T111527,24.09,,S
4700,0,1,"Smith, Miss. Beatrice",female,44.1,4,0,T859687,118.5,B79,C
4701,0,3,"Johnson, Mr. Richard",male,34.2,0,1,T58799,13.6,,S
4702,0,1,"Johnson, Mr. Richard",male,33.8,0,0,T719988,144.36,A72,S
4703,1,1,"Anderson, Miss. Annie",female,34.8,0,0,T548293,115.3,,S
4704,0,3,"Johnson, Mr. Charles",male,36.5,1,0,T457521,8.35,,S
4705,0,3,"Johnson, Mr. John",male,28.0,0,1,T355716,14.37,F105,S
4706,0,1,"Miller, Mr. Edward",male,38.9,0,0,T202887,34.63,,S
4707,0,3,"Jones, Mr. Charles",male,,0,0,T754265,12.45,E97,S
4708,1,3,"Moore, Miss. Emma",female,39.1,4,0,T134845,7.05,,S
4709,1,3,"Miller, Mrs. Beatrice",female,,0,1,T44765,9.8,C40,S
4710,1,3,"Anderson, Miss. Florence",female,39.8,0,2,T447718,26.63,,S
4711,0,3,"Thomas, Miss. Beatrice",female,40.6,0,0,T218671,24.7,,S
4712,0,2,"Wilson, Mr. Richard",male,36.4,0,0,T393931,40.58,,Q
4713,0,3,"Jones, Mrs. Florence",female,46.7,1,1,T120894,10.95,,C
4714,0,3,"Davis, Mr. Henry",male,0.5,3,0,T628110,17.21,E84,C
4715,1,3,"Johnson, Mrs. Lily",female,42.1,0,0,T907528,19.97,,S
4716,0,3,"Moore, Mr. William",male,58.3,0,3,T487899,12.96,,S
4717,0,2,"Smith, Miss. Florence",female,20.7,5,0,T580920,15.95,G91,C
4718,1,1,"Taylor, Mrs. Emma",female,19.1,0,2,T804967,65.91,,C
4719,0,2,"Moore, Mr. Thomas",male,,0,0,T550705,11.28,C95,C
4720,0,2,"Williams, Mr. Charles",male,16.3,3,1,T569150,14.44,B140,S
4721,0,2,"Miller, Mr. Robert",male,,0,0,T71971,14.62,,S
4722,0,2,"Anderson, Mr. Edward",male,32.2,0,0,T723564,21.78,,Q
4723,0,3,"Johnson, Mr. George",male,,1,0,T519199,4.66,,S
4724,0,3,"Moore, Miss. Clara",female,42.4,0,0,T665219,14.5,E3,C
4725,0,3,"Smith, Mr. George",male,18.2,0,0,T991991,36.13,,C
4726,0,3,"Brown, Mr. Charles",male,34.9,0,0,T27841,5.23,,Q
4727,1,1,"Wilson, Mrs. Alice",female,33.8,1,0,T367993,216.62,,S
4728,1,1,"Smith, Mr. William",male,53.8,1,0,T21656,89.04,,Q
4729,0,3,"Miller, Mr. Charles",male,46.6,0,0,T241787,14.4,F77,C
4730,0,3,"Wilson, Mrs. Annie",female,22.0,0,2,T633537,11.71,,C
4731,1,3,"Davis, Mrs. Lily",female,,0,1,T18883,9.37,,S
4732,0,1,"Wilson, Mr. Thomas",male,,0,5,T393362,127.97,,Q
4733,0,2,"Smith, Mr. Charles",male,20.2,1,2,T771289,30.04,,C
4734,0,3,"Thomas, Mr. Henry",male,24.8,0,1,T525751,14.53,,C
4735,0,3,"Smith, Mr. Edward",male,14.3,0,0,T832784,25.37,,S
4736,0,3,"Wilson, Master. Charles",male,,0,0,T597190,24.29,,S
4737,1,3,"Jones, Mrs. Alice",female,20.3,1,0,T502806,11.15,,S
4738,1,3,"Davis, Mrs. Lily",female,,1,1,T735214,16.85,,Q
4739,0,3,"Thomas, Mr. Edward",male,29.4,0,1,T925688,8.88,C59,S
4740,0,3,"Williams, Mr. Robert",male,,0,0,T643740,12.64,,S
4741,0,3,"Taylor, Mr. Edward",male,,0,1,T829705,10.93,F58,S
4742,0,3,"Taylor, Mr. James",male,26.2,0,4,T911943,11.52,,S
4743,0,3,"Wilson, Mr. Richard",male,18.9,0,0,T527909,13.36,,C
4744,0,3,"Brown, Miss. Florence",female,,5,0,T846111,14.24,,S
4745,1,1,"Wilson, Mr. James",male,31.2,1,0,T128037,89.39,,S
4746,0,3,"Moore, Mr. Edward",male,,0,0,T188437,8.67,F71,S
4747,0,3,"Wilson, Mr. Henry",male,19.4,0,1,T51076,13.27,,C
4748,1,1,"Moore, Master. Charles",male,30.6,0,0,T802576,43.33,,S
4749,0,3,"Wilson, Mr. George",male,42.1,0,2,T558865,11.98,,Q
4750,0,1,"Smith, Mr. John",male,45.8,0,0,T116202,208.13,B149,S
4751,0,3,"Smith, Mr. Robert",male,,1,0,T907217,10.02,,C
4752,1,3,"Miller, Master. Edward",male,24.5,0,2,T574260,3.46,,S
4753,0,1,"Taylor, Miss. Annie",female,,0,2,T377632,334.05,,S
4754,0,3,"Smith, Mr. Robert",male,,0,0,T857504,9.33,E83,S
4755,0,3,"Smith, Mr. Richard",male,17.8,0,3,T108309,22.29,,S
4756,0,3,"Jones, Mr. Edward",male,49.7,1,0,T560272,11.39,A137,S
4757,0,2,"Anderson, Mr. Thomas",male,,1,0,T164385,26.42,B94,S
4758,0,3,"Jones, Mr. Robert",male,46.4,0,0,T538008,26.8,,Q
4759,0,3,"Davis, Mr. James",male,,0,0,T690479,19.75,,S
4760,0,3,"Wilson, Mr. William",male,52.4,5,0,T519072,4.3,,S
4761,1,1,"Brown, Miss. Clara",female,23.0,0,1,T483490,103.95,,C
4762,0,3,"Johnson, Mr. William",male,25.2,0,0,T660742,6.19,B79,C
4763,0,1,"Johnson, Mrs. Annie",female,,0,0,T710464,218.62,,S
4764,0,3,"Taylor, Miss. Clara",female,7.4,1,1,T96156,18.51,,S
4765,0,3,"Moore, Mr. William",male,4.1,0,0,T439568,12.33,,C
4766,0,1,"Davis, Mr. Robert",male,37.1,1,1,T367228,72.43,B53,S
4767,0,3,"Brown, Mr. Charles",male,44.0,0,2,T62773,16.0,,C
4768,1,2,"Brown, Mr. Charles",male,38.5,0,0,T549371,25.73,,S
4769,0,3,"Davis, Mr. Edward",male,11.5,0,0,T599861,23.78,,S
4770,0,3,"Miller, Mr. Edward",male,36.7,0,0,T160051,14.6,,S
4771,1,3,"Anderson, Miss. Alice",female,15.3,0,0,T599001,14.6,,C
4772,0,3,"Davis, Mr. James",male,35.6,0,0,T100722,14.87,,C
4773,0,3,"Wilson, Mr. Henry",male,46.1,4,1,T258601,17.68,,S
4774,0,3,"Moore, Mr. Richard",male,35.0,1,0,T935999,10.67,,S
4775,0,3,"Thomas, Mr. Robert",male,51.0,0,0,T971376,18.18,,S
4776,0,2,"Anderson, Mrs. Dorothy",female,,1,0,T182199,19.57,,S
4777,0,3,"Smith, Mr. John",male,26.6,1,0,T543686,22.98,,C
4778,0,3,"Taylor, Mr. William",male,30.7,0,0,T241827,14.54,,S
4779,1,2,"Davis, Mrs. Dorothy",female,10.2,0,0,T519180,33.1,,Q
4780,1,2,"Taylor, Mrs. Lily",female,23.9,0,0,T171793,19.81,,S
4781,0,2,"Anderson, Miss. Lily",female,25.1,0,2,T629007,39.11,,S
4782,0,2,"Williams, Mrs. Edith",female,25.6,1,5,T677558,16.63,A30,S
4783,0,1,"Jones, Mr. Edward",male,33.6,0,0,T288503,74.78,,S
4784,1,3,"Johnson, Mr. Richard",male,8.2,0,0,T749803,10.03,,C
4785,0,3,"Wilson, Mr. George",male,13.1,0,0,T259180,4.32,,S
4786,0,3,"Wilson, Mr. William",male,46.1,0,0,T296196,18.39,,S
4787,0,2,"Smith, Master. Robert",male,0.6,0,0,T444136,28.74,,S
4788,1,3,"Davis, Mrs. Lily",female,38.6,0,0,T945001,14.45,,S
4789,0,3,"Jones, Master. James",male,,0,0,T677741,13.84,E22,S
4790,0,3,"Brown, Mrs. Alice",female,,0,0,T844876,19.81,,S
4791,0,3,"Davis, Mr. William",male,52.3,0,3,T109187,6.2,,S
4792,1,1,"Johnson, Mrs. Emma",female,27.8,0,0,T818377,70.4,,S
4793,0,3,"Davis, Mr. John",male,38.8,0,0,T384072,10.55,G117,Q
4794,1,3,"Thomas, Mrs. Beatrice",female,,0,0,T997200,11.08,,S
4795,0,2,"Brown, Mr. George",male,28.1,0,0,T404651,15.88,D91,S
4796,0,1,"Thomas, Mr. Robert",male,26.3,0,0,T859501,78.0,,S
4797,0,1,"Brown, Master. Robert",male,39.9,0,0,T900380,87.32,B140,S
4798,1,1,"Taylor, Miss. Lily",female,,0,0,T445944,49.32,G60,S
4799,1,1,"Moore, Mr. George",male,13.3,1,0,T70336,44.04,,S
4800,0,3,"Thomas, Mr. Richard",male,30.8,0,0,T86436,16.14,,S
4801,0,3,"Miller, Master. James",male,32.5,0,3,T33100,9.54,,C
4802,0,3,"Brown, Mr. Henry",male,3.2,0,0,T750820,12.56,,S
4803,0,3,"Taylor, Miss. Alice",female,29.5,1,0,T630071,4.35,,C
4804,0,3,"Moore, Mrs. Edith",female,,0,1,T193690,11.49,,S
4805,0,3,"Davis, Miss. Mary",female,,0,1,T239978,27.16,,S
4806,0,3,"Davis, Mr. John",male,3.5,1,1,T877524,14.86,G26,C
4807,0,2,"Taylor, Mr. Thomas",male,,0,0,T511772,26.9,,S
4808,0,3,"Wilson, Mrs. Annie",female,24.8,0,0,T761819,6.8,,S
4809,0,3,"Brown, Miss. Edith",female,17.2,0,0,T158391,15.75,,S
4810,1,1,"Johnson, Miss. Emma",female,,1,1,T517424,108.44,,C
4811,1,3,"Williams, Mrs. Florence",female,37.8,0,0,T247497,5.79,,C
4812,0,3,"Williams, Mr. Henry",male,42.6,0,0,T103277,5.34,,S
4813,0,3,"Jones, Mr. John",male,25.7,0,3,T833746,7.21,,S
4814,1,2,"Davis, Mrs. Dorothy",female,8.8,0,0,T634175,24.78,,S
4815,1,3,"Brown, Mrs. Edith",female,12.1,2,3,T776934,18.67,,S
4816,0,1,"Wilson, Miss. Mary",female,33.9,0,0,T989422,90.28,,S
4817,0,2,"Anderson, Mr. John",male,44.0,0,0,T534933,51.25,,S
4818,1,1,"Moore, Mr. John",male,45.9,0,0,T470106,33.21,,C
4819,0,3,"Moore, Master. George",male,32.1,0,0,T32820,22.1,,C
4820,0,3,"Jones, Mr. Richard",male,43.7,0,0,T990654,17.59,,S
4821,0,1,"Jones, Mr. John",male,,1,0,T607228,63.48,,S
4822,1,3,"Brown, Miss. Beatrice",female,47.0,0,0,T218804,5.85,D119,C
4823,1,1,"Davis, Mr. Henry",male,43.1,1,1,T31926,100.7,,S
4824,0,1,"Moore, Mr. George",male,18.0,2,0,T296585,88.03,,S
4825,0,3,"Anderson, Mr. John",male,43.7,0,0,T974978,5.07,G88,S
4826,1,1,"Wilson, Miss. Clara",female,,1,0,T993685,23.13,,S
4827,0,3,"Davis, Master. George",male,,0,0,T289185,7.95,A92,S
4828,1,1,"Miller, Mrs. Lily",female,48.0,3,1,T723937,22.99,,S
4829,0,1,"Miller, Mr. Richard",male,34.9,1,0,T976067,33.72,G107,S
4830,0,3,"Moore, Mr. Thomas",male,28.2,1,0,T961818,7.97,,C
4831,0,3,"Brown, Miss. Annie",female,14.2,0,1,T50169,8.37,,S
4832,1,1,"Williams, Master. William",male,25.4,2,1,T108181,76.2,,C
4833,0,3,"Smith, Mr. George",male,32.8,0,1,T648970,9.77,F124,S
4834,0,3,"Davis, Mr. Richard",male,33.7,0,0,T290772,13.89,,C
4835,0,3,"Williams, Mrs. Mary",female,33.2,1,2,T81703,30.8,G14,S
4836,0,1,"Johnson, Mr. Edward",male,43.6,0,0,T914257,41.75,,C
4837,0,3,"Miller, Mr. Thomas",male,42.2,1,1,T804351,12.59,,S
4838,1,3,"Moore, Mrs. Lily",female,28.8,0,0,T191026,24.35,,S
4839,0,1,"Smith, Master. James",male,17.4,0,0,T961521,60.21,F126,S
4840,1,3,"Johnson, Mr. William",male,35.3,0,1,T100473,18.08,,Q
4841,0,3,"Miller, Mr. George",male,62.3,2,0,T315665,11.62,,C
4842,0,3,"Davis, Mr. Charles",male,,0,0,T431107,10.27,,C
4843,0,3,"Smith, Mr. James",male,,1,0,T532497,9.17,G19,S
4844,0,3,"Johnson, Mrs. Emma",female,37.5,1,2,T789246,7.99,,S
4845,1,3,"Smith, Mrs. Alice",female,,0,0,T675378,9.82,,S
4846,0,3,"Williams, Mr. George",male,38.2,2,0,T972396,21.15,,Q
4847,1,3,"Anderson, Miss. Edith",female,49.6,0,0,T861808,10.47,B48,S
4848,0,3,"Miller, Mr. James",male,,1,6,T475668,5.3,,
4849,0,2,"Davis, Master. Robert",male,,1,0,T159866,29.94,,C
4850,0,2,"Davis, Miss. Dorothy",female,,0,0,T956291,27.01,,C
4851,0,3,"Williams, Mr. Richard",male,51.6,0,0,T466810,22.44,A104,Q
4852,0,1,"Miller, Mr. Charles",male,47.2,1,0,T186698,41.6,,S
4853,0,3,"Anderson, Mr. John",male,43.1,1,0,T202672,7.65,D10,C
4854,0,3,"Wilson, Mr. Robert",male,41.1,0,0,T511941,9.47,,S
4855,0,3,"Wilson, Mr. George",male,,1,0,T178550,12.2,G140,C
4856,1,3,"Williams, Mrs. Annie",female,45.3,3,2,T714204,7.47,,S
4857,1,3,"Davis, Mrs. Mary",female,17.4,1,1,T514094,19.12,,S
4858,1,1,"Johnson, Mr. William",male,33.3,1,1,T329459,73.54,,S
4859,0,3,"Wilson, Mr. Henry",male,25.9,0,0,T260386,9.96,,S
4860,0,2,"Johnson, Mr. James",male,59.6,0,0,T178216,26.4,,S
4861,0,2,"Thomas, Mr. Thomas",male,47.8,3,0,T355706,15.44,,S
4862,1,2,"Williams, Mr. George",male,59.2,1,0,T477646,14.5,,Q
4863,0,2,"Miller, Mr. Edward",male,18.7,0,0,T660658,27.95,,C
4864,0,2,"Moore, Mr. Richard",male,45.7,3,0,T186692,30.25,,S
4865,0,2,"Taylor, Mr. James",male,9.9,1,1,T703796,17.34,,S
4866,1,3,"Smith, Mrs. Florence",female,6.6,0,0,T255606,17.05,,S
4867,0,3,"Taylor, Mr. Henry",male,23.9,0,0,T677178,15.27,B123,S
4868,0,2,"Williams, Mrs. Dorothy",female,51.6,1,0,T638098,19.44,E136,S
4869,1,1,"Wilson, Mrs. Dorothy",female,15.3,2,0,T261570,81.6,,S
4870,0,3,"Thomas, Miss. Alice",female,29.5,0,4,T807230,18.31,A88,
4871,0,3,"Wilson, Miss. Clara",female,,0,0,T371529,12.56,,S
4872,0,3,"Taylor, Mr. James",male,42.0,0,0,T281593,17.43,,S
4873,0,1,"Davis, Mr. James",male,61.8,1,0,T487143,16.08,D42,C
4874,0,3,"Jones, Mr. George",male,,0,0,T452498,5.31,,C
4875,1,3,"Anderson, Miss. Annie",female,23.3,0,0,T172374,13.05,,S
4876,0,3,"Brown, Mr. Henry",male,13.8,0,2,T655452,12.05,,S
4877,0,1,"Thomas, Mr. John",male,,0,0,T376846,143.39,A85,S
4878,1,2,"Brown, Mrs. Dorothy",female,13.7,0,0,T598088,29.21,,S
4879,0,1,"Brown, Mr. George",male,,0,1,T880423,167.59,,S
4880,0,2,"Taylor, Mr. Thomas",male,58.2,0,2,T741749,16.18,,S
4881,0,3,"Moore, Master. William",male,30.4,0,0,T659181,8.5,,S
4882,1,3,"Taylor, Miss. Florence",female,,2,2,T138836,12.83,,S
4883,0,3,"Davis, Miss. Emma",female,17.5,0,0,T847782,5.83,,S
4884,1,3,"Taylor, Mrs. Beatrice",female,,1,0,T24184,7.48,,S
4885,0,3,"Thomas, Miss. Edith",female,18.5,0,0,T304059,15.03,,S
4886,0,2,"Smith, Mr. Edward",male,20.4,0,4,T245317,19.18,F144,S
4887,0,3,"Wilson, Miss. Edith",female,42.4,0,0,T300714,21.4,,C
4888,0,3,"Wilson, Mr. William",male,37.9,1,0,T133582,9.69,,S
4889,0,2,"Johnson, Miss. Emma",female,42.4,0,0,T18314,36.0,,S
4890,0,1,"Davis, Mr. George",male,49.2,0,0,T615438,131.21,,C
4891,0,3,"Taylor, Mr. John",male,45.8,0,0,T948151,5.09,,S
4892,1,3,"Jones, Miss. Dorothy",female,15.1,0,1,T729955,12.76,,C
4893,0,1,"Smith, Master. Robert",male,22.1,1,1,T753749,151.69,,Q
4894,0,3,"Williams, Mr. Thomas",male,31.5,0,0,T844269,26.02,,S
4895,1,3,"Smith, Mrs. Beatrice",female,80.0,0,0,T64513,4.41,,C
4896,0,3,"Jones, Mr. William",male,40.9,1,0,T376204,22.94,,S
4897,1,1,"Thomas, Mr. William",male,31.2,0,0,T774485,40.39,,S
4898,0,2,"Moore, Mr. Edward",male,39.5,1,0,T34945,38.91,,S
4899,1,3,"Johnson, Mr. Charles",male,21.0,0,0,T309280,8.71,,S
4900,0,3,"Smith, Miss. Edith",female,33.5,2,1,T807674,10.42,,C
4901,0,2,"Miller, Master. Edward",male,43.5,0,0,T463300,30.79,,C
4902,0,1,"Taylor, Mr. Edward",male,29.3,0,0,T728755,124.14,,S
4903,0,2,"Davis, Master. James",male,18.7,0,0,T429263,30.21,,S
4904,1,2,"Williams, Mr. Charles",male,28.6,0,0,T487306,47.52,,S
4905,1,3,"Brown, Mr. Edward",male,25.1,0,0,T864268,18.81,,S
4906,1,3,"Thomas, Mr. William",male,,2,0,T131550,9.79,,S
4907,1,2,"Smith, Mrs. Lily",female,21.4,0,0,T95811,35.66,,Q
4908,1,1,"Jones, Miss. Annie",female,,0,1,T201312,203.24,,S
4909,1,3,"Jones, Mrs. Clara",female,11.8,0,0,T112424,10.29,,S
4910,0,1,"Johnson, Mr. Richard",male,13.2,0,0,T685371,145.15,,Q
4911,0,3,"Miller, Mr. Robert",male,,0,0,T535789,12.46,F147,C
4912,0,3,"Wilson, Mr. Richard",male,51.3,0,0,T780538,17.33,,S
4913,0,3,"Davis, Mr. William",male,7.4,0,0,T592183,13.24,,C
4914,0,1,"Anderson, Mrs. Edith",female,52.6,0,0,T798991,159.94,,S
4915,0,1,"Taylor, Mr. Charles",male,,0,2,T981472,114.41,B131,S
4916,0,3,"Thomas, Master. James",male,40.5,0,0,T594644,11.47,,S
4917,0,3,"Moore, Mr. John",male,33.4,1,2,T296586,17.23,B90,S
4918,0,2,"Miller, Mr. George",male,38.9,0,0,T675007,27.87,,S
4919,1,3,"Moore, Mr. Richard",male,12.8,5,0,T160968,8.3,,C
4920,0,3,"Davis, Mr. Richard",male,3.4,0,0,T532223,15.36,A17,Q
4921,0,3,"Jones, Mr. Thomas",male,18.1,0,1,T941440,4.42,,C
4922,1,1,"Smith, Mr. Robert",male,35.9,0,1,T569401,76.74,A32,S
4923,0,3,"Smith, Mr. Henry",male,58.1,2,0,T559865,9.54,,S
4924,0,3,"Brown, Miss. Lily",female,14.8,8,0,T947634,27.81,,S
4925,1,2,"Johnson, Mrs. Mary",female,,0,0,T535450,28.95,,S
4926,0,3,"Williams, Mrs. Lily",female,18.8,0,0,T716843,10.42,,S
4927,0,1,"Thomas, Mr. Robert",male,29.5,1,0,T29627,79.12,,S
4928,1,2,"Taylor, Mr. Edward",male,1.7,2,0,T359715,20.14,,S
4929,1,1,"Taylor, Miss. Alice",female,51.4,0,1,T142223,181.36,,S
4930,0,3,"Wilson, Mr. Richard",male,,2,1,T586897,10.19,,C
4931,0,3,"Davis, Mr. Richard",male,43.0,2,0,T12664,9.85,C28,S
4932,0,2,"Jones, Mr. Richard",male,26.3,1,2,T686515,18.99,D93,S
4933,0,1,"Brown, Mr. George",male,32.5,0,0,T70809,136.45,,S
4934,1,1,"Wilson, Mr. Thomas",male,46.1,0,0,T593611,45.02,A41,S
4935,1,1,"Miller, Mrs. Clara",female,31.6,0,0,T36284,97.3,,S
4936,0,3,"Smith, Mr. Charles",male,,0,0,T195426,17.52,A9,S
4937,0,2,"Jones, Mr. Robert",male,,0,1,T293449,29.85,D81,S
4938,1,2,"Miller, Mr. Edward",male,22.0,0,1,T804008,22.34,B53,Q
4939,0,3,"Wilson, Mr. Thomas",male,15.0,0,0,T84274,8.22,E35,S
4940,0,3,"Thomas, Mr. William",male,,0,0,T548198,17.33,,S
4941,0,3,"Wilson, Mr. John",male,,0,0,T923642,4.97,D92,S
4942,1,1,"Smith, Mr. George",male,,1,0,T579889,45.98,,Q
4943,0,2,"Thomas, Miss. Beatrice",female,11.6,0,0,T155543,50.16,,C
4944,0,3,"Johnson, Mr. Richard",male,35.4,8,0,T86481,17.74,F145,S
4945,0,1,"Thomas, Mr. Henry",male,25.1,0,0,T488137,93.21,,C
4946,1,1,"Jones, Mr. Robert",male,50.0,0,0,T40808,82.57,,S
4947,0,3,"Moore, Mr. James",male,,1,1,T719512,10.86,,Q
4948,0,3,"Davis, Mr. Richard",male,29.6,0,0,T198632,15.75,,S
4949,0,1,"Thomas, Mr. Richard",male,,0,0,T407868,67.95,,S
4950,0,2,"Thomas, Miss. Edith",female,7.5,0,0,T593516,24.05,,S
4951,0,3,"Wilson, Mr. Charles",male,40.7,0,0,T197157,11.7,,C
4952,1,1,"Wilson, Miss. Florence",female,34.8,1,0,T26630,90.21,,S
4953,0,3,"Thomas, Mr. Edward",male,,1,2,T100619,14.18,,S
4954,1,3,"Miller, Miss. Edith",female,21.0,1,2,T833437,11.77,A38,S
4955,0,3,"Williams, Mr. Charles",male,27.6,0,0,T459135,27.31,,S
4956,1,3,"Smith, Mr. Richard",male,41.2,0,0,T297978,11.98,D103,C
4957,1,1,"Johnson, Miss. Clara",female,,0,0,T440639,60.24,,S
4958,1,1,"Jones, Mr. Thomas",male,12.6,0,0,T534106,25.04,,C
4959,1,3,"Anderson, Mr. James",male,,1,0,T678913,13.15,,Q
4960,0,3,"Thomas, Mr. Edward",male,9.5,8,0,T363522,15.49,,S
4961,0,3,"Wilson, Miss. Mary",female,32.6,2,1,T327106,9.07,,C
4962,0,3,"Miller, Mrs. Alice",female,42.5,2,0,T999836,6.78,,S
4963,0,3,"Miller, Miss. Emma",female,25.7,0,2,T134802,17.29,,Q
4964,0,3,"Williams, Mrs. Florence",female,20.1,0,1,T486398,10.66,,S
4965,0,3,"Williams, Mr. Richard",male,24.8,1,0,T897987,10.37,,S
4966,0,3,"Taylor, Mr. George",male,63.1,1,0,T162867,22.89,,C
4967,0,3,"Williams, Mr. William",male,47.0,0,2,T615234,10.92,,S
4968,1,1,"Brown, Miss. Emma",female,40.3,1,0,T612799,61.23,D90,S
4969,0,3,"Wilson, Mr. Charles",male,34.3,0,0,T675257,8.42,,S
4970,0,3,"Miller, Mrs. Clara",female,29.5,0,0,T735475,11.2,,Q
4971,1,2,"Jones, Mr. Henry",male,16.6,2,3,T562362,27.38,,S
4972,1,3,"Johnson, Mrs. Alice",female,,2,0,T519411,18.38,D63,S
4973,0,3,"Moore, Mr. Robert",male,21.5,1,0,T672242,17.53,,S
4974,0,3,"Anderson, Mrs. Alice",female,15.9,0,0,T818964,17.06,,S
4975,0,1,"Davis, Mr. John",male,,0,0,T972955,61.47,,S
4976,0,3,"Smith, Mr. Thomas",male,28.2,0,0,T870626,12.13,,C
4977,1,2,"Miller, Mr. Henry",male,29.3,0,0,T641742,28.72,,Q
4978,0,3,"Anderson, Mr. Richard",male,,0,0,T247799,9.55,,S
4979,1,1,"Moore, Mr. Henry",male,36.9,0,0,T839180,64.72,,S
4980,0,3,"Wilson, Mrs. Annie",female,27.0,0,1,T269866,5.67,,S
4981,0,3,"Brown, Master. James",male,32.8,0,0,T287666,6.67,,C
4982,0,2,"Thomas, Mr. William",male,18.9,2,0,T256345,32.74,,S
4983,0,3,"Davis, Mr. Thomas",male,39.7,0,0,T876162,12.97,,S
4984,0,3,"Davis, Mr. Thomas",male,21.9,5,0,T327431,22.35,D32,S
4985,1,2,"Jones, Miss. Dorothy",female,53.0,0,0,T687403,35.0,,S
4986,1,1,"Williams, Mrs. Alice",female,26.4,1,0,T307312,145.8,,S
4987,1,2,"Jones, Mrs. Edith",female,28.3,1,0,T392894,27.22,,S
4988,0,2,"Johnson, Mr. Edward",male,38.3,0,0,T422590,20.65,,S
4989,0,3,"Wilson, Mr. Robert",male,41.5,0,1,T335034,17.27,,S
4990,0,3,"Anderson, Mr. Henry",male,43.0,1,0,T320051,7.99,,S
4991,0,1,"Wilson, Mr. Thomas",male,,0,0,T34432,115.15,,S
4992,1,3,"Jones, Miss. Emma",female,39.3,0,0,T137504,8.29,,S
4993,0,3,"Davis, Mr. James",male,,0,0,T110214,6.21,,S
4994,0,1,"Thomas, Mr. Robert",male,22.0,0,0,T52186,112.25,,S
4995,1,2,"Taylor, Mrs. Mary",female,27.8,0,0,T928691,21.4,,S
4996,0,2,"Miller, Mrs. Dorothy",female,51.2,0,0,T330036,27.36,G44,S
4997,0,3,"Miller, Mr. Thomas",male,9.6,0,0,T458657,11.09,,Q
4998,0,3,"Davis, Mrs. Dorothy",female,17.8,0,0,T247854,11.08,,C
4999,0,3,"Thomas, Mr. Henry",male,26.5,0,0,T702891,3.86,,S
5000,1,1,"Taylor, Mrs. Mary",female,17.6,0,0,T218960,120.03,,Q
5001,0,3,"Anderson, Mr. John",male,23.8,3,0,T872366,15.91,B65,C
5002,0,3,"Thomas, Mr. John",male,55.9,1,0,T503683,8.36,,S
5003,0,3,"Davis, Mr. Richard",male,25.4,1,2,T632490,17.53,,S
5004,0,2,"Brown, Mr. George",male,35.7,0,0,T537399,30.68,,S
5005,0,3,"Moore, Mr. Edward",male,5.7,1,0,T220571,13.54,,S
5006,1,3,"Johnson, Miss. Mary",female,13.7,0,0,T253659,3.79,,S
5007,1,2,"Smith, Mr. William",male,43.2,0,0,T514666,10.82,,C
5008,1,2,"Williams, Mrs. Emma",female,53.9,0,1,T167978,20.39,,S
5009,0,3,"Anderson, Mr. William",male,,0,0,T495052,8.7,,Q
5010,0,3,"Brown, Mr. James",male,25.3,1,0,T755330,9.89,,S
5011,0,3,"Miller, Mrs. Clara",female,36.9,0,1,T736637,22.09,,S
5012,1,3,"Brown, Miss. Clara",female,0.5,0,0,T997984,6.74,,S
5013,0,3,"Davis, Mr. Richard",male,,0,0,T583939,4.12,,S
5014,0,1,"Brown, Mr. Richard",male,14.5,0,0,T830888,61.38,,S
5015,0,2,"Williams, Mr. Richard",male,41.2,0,0,T873837,17.73,,S
5016,0,3,"Williams, Mr. Thomas",male,0.5,5,4,T26009,9.28,G66,S
5017,0,2,"Davis, Mr. Charles",male,,1,3,T387191,33.42,,Q
5018,0,1,"Davis, Mr. Robert",male,,8,2,T924446,26.04,,S
5019,0,3,"Johnson, Mr. Richard",male,18.7,0,0,T560777,17.87,F142,S
5020,0,3,"Anderson, Mr. Charles",male,24.3,0,2,T751522,6.72,A39,S
5021,1,2,"Johnson, Miss. Clara",female,42.8,1,0,T767827,11.22,,Q
5022,1,2,"Moore, Mr. James",male,,0,0,T849822,24.09,F148,S
5023,0,3,"Anderson, Mr. Charles",male,16.2,1,0,T463626,13.54,C60,S
5024,1,1,"Wilson, Mrs. Florence",female,43.3,5,0,T259060,34.51,,S
5025,1,3,"Thomas, Mrs. Clara",female,33.3,1,0,T93726,21.56,,S
5026,0,2,"Williams, Mr. James",male,33.9,0,0,T275718,34.18,F126,S
5027,0,3,"Davis, Miss. Emma",female,16.8,0,0,T354672,4.73,,Q
5028,0,3,"Anderson, Mrs. Lily",female,0.5,0,2,T647362,9.81,,S
5029,0,3,"Brown, Master. Thomas",male,16.6,1,0,T343836,5.53,,S
5030,0,2,"Taylor, Mr. William",male,,2,2,T772576,21.67,,C
5031,1,3,"Thomas, Miss. Emma",female,20.8,0,0,T196322,4.63,E62,S
5032,0,2,"Williams, Mr. James",male,17.5,0,0,T485194,22.76,,C
5033,1,2,"Smith, Mr. James",male,,0,1,T761610,10.73,,C
5034,0,3,"Miller, Miss. Lily",female,,1,0,T785948,16.7,F87,S
5035,0,3,"Johnson, Mr. William",male,45.3,0,0,T427221,4.19,,S
5036,0,3,"Williams, Mr. James",male,41.8,0,2,T93512,43.36,B95,S
5037,0,1,"Williams, Mr. William",male,16.7,1,2,T342469,93.5,,C
5038,1,1,"Williams, Mr. Thomas",male,,0,0,T110135,136.9,,S
5039,0,3,"Taylor, Mr. John",male,52.4,0,3,T676723,13.05,,C
5040,0,3,"Taylor, Mr. James",male,6.7,1,0,T255022,5.61,,S
5041,1,3,"Davis, Miss. Lily",female,49.2,1,0,T393924,12.03,G29,S
5042,1,3,"Davis, Mrs. Annie",female,15.3,1,1,T247836,12.57,,S
5043,0,1,"Wilson, Mr. George",male,34.0,2,0,T258599,95.68,,S
5044,0,3,"Davis, Mrs. Alice",female,35.7,0,0,T727148,13.23,,S
5045,0,1,"Williams, Mr. Thomas",male,,1,0,T698624,146.8,,S
5046,0,3,"Davis, Mr. James",male,62.0,1,0,T441159,9.93,,S
5047,0,3,"Taylor, Mr. John",male,25.3,0,0,T317501,4.67,,S
5048,0,3,"Davis, Mr. Henry",male,5.9,0,0,T792206,7.4,,S
5049,0,3,"Miller, Mr. Edward",male,34.9,1,1,T207377,9.9,,S
5050,0,1,"Thomas, Mr. Edward",male,27.2,0,2,T643653,33.3,D133,S
5051,0,3,"Moore, Mr. John",male,37.7,0,0,T993631,13.94,B12,S
5052,1,1,"Anderson, Mr. John",male,42.5,4,0,T848131,68.01,,S
5053,1,1,"Johnson, Mrs. Alice",female,29.2,0,0,T648411,68.58,,C
5054,1,1,"Wilson, Miss. Clara",female,36.0,1,1,T950827,54.43,E27,S
5055,0,3,"Taylor, Mrs. Beatrice",female,31.8,1,0,T522857,46.27,,Q
5056,0,1,"Taylor, Mr. William",male,55.7,0,1,T205423,165.92,,S
5057,0,3,"Anderson, Master. Thomas",male,,1,0,T60537,20.95,A111,S
5058,0,3,"Wilson, Mr. Henry",male,19.7,0,0,T920531,3.92,,S
5059,0,3,"Moore, Mr. Robert",male,,0,2,T249236,35.87,,C
5060,1,1,"Thomas, Miss. Edith",female,16.2,2,0,T579491,142.6,D10,S
5061,0,1,"Smith, Mr. Henry",male,35.4,0,0,T257463,31.36,,S
5062,0,3,"Miller, Mr. James",male,,0,0,T657260,11.84,B137,S
5063,0,3,"Wilson, Mr. Richard",male,,0,0,T292072,34.36,,S
5064,1,1,"Davis, Mr. James",male,65.0,0,0,T440673,40.54,,C
5065,0,3,"Williams, Mr. Thomas",male,47.6,0,0,T814245,10.71,,C
5066,0,3,"Davis, Mr. Henry",male,44.5,0,0,T704068,10.46,,S
5067,0,3,"Jones, Mr. George",male,37.4,0,0,T64087,5.3,,S
5068,0,3,"Jones, Miss. Annie",female,19.7,0,0,T636343,27.37,,S
5069,0,3,"Brown, Mr. Robert",male,33.5,0,0,T420542,21.46,,S
5070,0,3,"Taylor, Miss. Edith",female,38.2,0,2,T234252,24.76,,C
5071,1,2,"Johnson, Miss. Edith",female,32.6,0,0,T92377,35.94,C36,S
5072,1,3,"Taylor, Mrs. Clara",female,31.1,0,0,T251872,19.22,,Q
5073,0,3,"Miller, Mr. Richard",male,23.9,1,0,T424253,8.22,,S
5074,0,2,"Davis, Mr. Richard",male,33.7,0,0,T906367,11.96,,C
5075,0,3,"Moore, Mr. William",male,22.1,3,0,T302281,6.46,,S
5076,0,1,"Anderson, Mr. George",male,39.9,1,0,T594915,135.94,,S
5077,1,1,"Williams, Mr. John",male,0.5,1,1,T508458,109.92,,C
5078,0,2,"Wilson, Mr. George",male,49.4,0,0,T656657,27.55,,S
5079,1,3,"Smith, Miss. Mary",female,10.7,0,0,T117804,10.14,,S
5080,1,3,"Davis, Miss. Lily",female,14.2,0,0,T482069,6.1,,S
5081,0,3,"Davis, Mr. Henry",male,35.6,3,0,T871331,9.1,,S
5082,0,3,"Davis, Mr. Robert",male,,0,0,T397538,6.75,,S
5083,1,1,"Moore, Mrs. Lily",female,,0,0,T699994,83.52,,S
5084,0,3,"Johnson, Mr. Robert",male,,0,0,T264575,16.28,,S
5085,0,3,"Taylor, Master. Henry",male,29.1,0,0,T746913,10.12,,Q
5086,0,3,"Davis, Mr. Thomas",male,32.5,0,1,T250230,25.85,C102,S
5087,0,3,"Thomas, Mrs. Lily",female,52.8,1,1,T717605,9.22,,S
5088,0,2,"Jones, Mr. Henry",male,,0,0,T493762,18.72,,S
5089,0,3,"Williams, Mr. Charles",male,27.0,0,0,T525085,9.51,,S
5090,0,3,"Miller, Mr. Robert",male,37.6,0,0,T443129,8.18,C148,S
5091,0,1,"Moore, Mrs. Lily",female,28.6,0,0,T805000,38.52,,S
5092,1,3,"Wilson, Mrs. Dorothy",female,28.3,0,1,T358677,22.02,,S
5093,0,3,"Anderson, Mr. Richard",male,56.9,0,1,T447524,6.04,,C
5094,0,2,"Davis, Miss. Lily",female,,0,0,T449103,42.37,,C
5095,1,3,"Thomas, Mr. Edward",male,,1,0,T804375,16.46,,S
5096,0,3,"Smith, Mr. Richard",male,34.3,0,0,T754209,10.46,,S
5097,1,3,"Johnson, Mrs. Beatrice",female,47.1,1,0,T956581,12.06,,S
5098,1,1,"Johnson, Mr. George",male,32.9,0,0,T406997,61.13,A138,S
5099,0,2,"Jones, Mr. Edward",male,37.0,0,0,T835974,30.89,,Q
5100,0,1,"Jones, Mr. Charles",male,40.6,0,0,T373362,119.84,,Q
5101,1,3,"Moore, Miss. Alice",female,31.3,0,0,T324549,5.03,,S
5102,1,3,"Smith, Miss. Annie",female,37.8,1,1,T822706,24.21,,C
5103,0,3,"Miller, Miss. Lily",female,37.5,0,6,T389245,8.28,,C
5104,1,2,"Johnson, Master. James",male,1.3,1,0,T899132,23.13,,S
5105,0,1,"Wilson, Miss. Florence",female,31.4,1,0,T858564,41.47,,S
5106,0,3,"Brown, Master. Edward",male,6.9,0,0,T607301,4.86,,C
5107,0,3,"Williams, Mr. George",male,29.1,1,0,T495560,11.43,,C
5108,0,3,"Smith, Mrs. Annie",female,22.5,0,0,T790872,15.29,,Q
5109,1,3,"Wilson, Master. Thomas",male,44.7,3,0,T797535,13.65,,C
5110,0,3,"Thomas, Mr. James",male,33.2,1,0,T152538,15.72,,S
5111,0,3,"Johnson, Master. Robert",male,36.6,0,0,T446271,9.75,,S
5112,0,3,"Miller, Mr. Thomas",male,,0,1,T887012,3.65,,Q
5113,1,2,"Moore, Mr. Edward",male,45.0,0,0,T585785,24.95,,S
5114,0,3,"Williams, Mr. Charles",male,6.5,0,0,T173094,18.7,,S
5115,0,3,"Brown, Mr. Edward",male,16.7,0,0,T424901,10.81,,Q
5116,0,2,"Smith, Mr. James",male,,1,0,T426317,13.74,F113,Q
5117,0,1,"Jones, Miss. Beatrice",female,23.4,0,0,T87497,112.76,,S
5118,0,2,"Smith, Mr. William",male,0.5,0,0,T354787,31.75,,S
5119,0,3,"Smith, Mr. John",male,,1,0,T707822,10.67,,S
5120,0,2,"Jones, Mrs. Dorothy",female,,1,0,T340739,22.96,,Q
5121,1,1,"Taylor, Miss. Edith",female,40.0,0,0,T129633,46.74,,C
5122,0,3,"Miller, Mr. William",male,31.1,0,0,T852524,6.33,,S
5123,0,1,"Taylor, Master. William",male,,0,3,T417983,131.96,A101,S
5124,1,3,"Williams, Miss. Beatrice",female,47.9,1,0,T976023,7.98,,C
5125,0,3,"Johnson, Mr. James",male,52.1,0,1,T47937,4.39,,S
5126,1,3,"Wilson, Mrs. Mary",female,,0,0,T935064,12.82,E136,S
5127,1,1,"Johnson, Mr. William",male,31.5,5,1,T546185,65.99,B104,C
5128,1,2,"Wilson, Mr. James",male,23.9,1,2,T592445,20.23,,S
5129,0,2,"Brown, Mr. Robert",male,11.3,0,1,T396693,23.49,,S
5130,0,3,"Miller, Mr. George",male,37.0,1,1,T373844,11.41,,S
5131,0,3,"Johnson, Miss. Florence",female,38.2,2,0,T176316,10.52,,C
5132,1,1,"Taylor, Mrs. Florence",female,24.6,0,0,T433628,94.22,,S
5133,1,3,"Williams, Miss. Lily",female,,1,0,T161704,10.68,,S
5134,1,2,"Thomas, Miss. Edith",female,24.9,0,0,T98414,21.58,,C
5135,1,3,"Thomas, Mrs. Florence",female,,0,0,T124401,15.0,,S
5136,0,3,"Johnson, Miss. Lily",female,,1,0,T608992,20.25,D118,C
5137,0,3,"Taylor, Mrs. Clara",female,14.4,0,0,T250184,6.85,C51,C
5138,0,3,"Wilson, Mr. John",male,26.2,0,0,T409513,16.65,,S
5139,0,3,"Brown, Mr. Richard",male,41.7,0,0,T238691,16.86,E148,S
5140,1,3,"Wilson, Master. James",male,12.9,1,0,T585089,11.15,D60,C
5141,1,3,"Jones, Miss. Emma",female,,0,0,T817941,5.16,,S
5142,1,3,"Williams, Miss. Clara",female,5.9,1,2,T889199,10.73,,S
5143,1,3,"Anderson, Mrs. Lily",female,26.1,1,0,T283888,6.35,D74,S
5144,0,3,"Johnson, Mr. George",male,9.2,0,0,T125258,12.67,,S
5145,0,3,"Taylor, Miss. Emma",female,0.5,0,0,T53475,8.49,,S
5146,0,3,"Wilson, Mrs. Annie",female,35.0,0,0,T917246,29.6,,S
5147,0,3,"Smith, Mr. Richard",male,27.1,0,2,T384075,6.27,D121,C
5148,1,1,"Anderson, Mrs. Clara",female,9.4,0,0,T492314,74.18,,S
5149,0,2,"Davis, Mr. Robert",male,,1,0,T210238,18.65,,S
5150,0,1,"Moore, Mr. Charles",male,36.1,0,1,T261699,89.61,,C
5151,0,3,"Davis, Mrs. Beatrice",female,,1,0,T790553,7.42,E75,C
5152,0,3,"Brown, Mr. Richard",male,,1,0,T95930,9.75,,S
5153,0,3,"Wilson, Mr. Richard",male,23.9,0,0,T544182,8.8,B78,Q
5154,0,3,"Moore, Mr. Thomas",male,21.3,0,2,T462050,17.39,,S
5155,0,3,"Moore, Mr. Edward",male,,2,0,T869546,27.04,C114,S
5156,0,2,"Wilson, Mr. John",male,20.6,0,0,T247479,36.92,,S
5157,0,3,"Wilson, Mr. Thomas",male,18.8,1,0,T536817,9.35,,C
5158,0,3,"Taylor, Miss. Lily",female,,0,0,T718387,4.51,,S
5159,0,3,"Johnson, Mr. Robert",male,24.2,1,0,T661639,5.14,,Q
5160,0,2,"Anderson, Mr. George",male,20.4,1,2,T527267,11.38,,S
5161,0,3,"Williams, Miss. Alice",female,14.2,0,0,T169789,6.26,,S
5162,0,3,"Smith, Miss. Dorothy",female,40.8,5,0,T583508,10.57,G7,S
5163,1,3,"Wilson, Mrs. Clara",female,47.6,0,0,T81241,5.99,,C
5164,0,3,"Williams, Mr. William",male,,0,0,T534350,20.96,,S
5165,0,3,"Davis, Mr. Thomas",male,30.7,0,0,T596911,5.11,G45,S
5166,0,3,"Smith, Mr. Henry",male,19.7,1,4,T825271,8.06,,
5167,0,3,"Jones, Mr. William",male,45.2,0,0,T84407,4.52,,S
5168,0,3,"Thomas, Mrs. Lily",female,54.9,0,0,T376683,6.25,B87,Q
5169,0,3,"Smith, Mr. Edward",male,27.3,0,0,T190212,18.38,B101,S
5170,1,2,"Miller, Mrs. Annie",female,,2,0,T195327,31.72,B67,C
5171,0,2,"Wilson, Mr. James",male,34.7,0,0,T295973,10.42,,C
5172,0,1,"Johnson, Master. John",male,,0,0,T490200,90.04,,S
5173,0,1,"Thomas, Mr. James",male,,0,0,T651345,31.56,,Q
5174,1,1,"Johnson, Mrs. Alice",female,36.5,1,0,T253404,378.3,E135,C
5175,0,1,"Taylor, Mr. John",male,43.3,0,0,T767026,195.19,,S
5176,0,3,"Davis, Mr. Edward",male,,0,2,T34602,11.68,,C
5177,1,2,"Davis, Mr. Robert",male,66.6,0,0,T920712,20.06,,C
5178,0,2,"Wilson, Mr. Thomas",male,7.5,0,0,T464684,37.28,F29,S
5179,1,3,"Williams, Mr. William",male,,1,0,T68530,6.29,,S
5180,1,3,"Miller, Mr. Edward",male,,0,0,T113460,15.31,G16,S
5181,0,3,"Williams, Mr. George",male,62.3,0,1,T299778,5.64,,S
5182,0,3,"Thomas, Mrs. Lily",female,21.5,0,0,T965033,13.84,,S
5183,0,3,"Taylor, Mr. George",male,14.2,0,0,T531219,37.07,,S
5184,0,2,"Taylor, Mr. Thomas",male,37.7,0,0,T905586,38.02,,C
5185,0,1,"Davis, Mr. George",male,26.1,0,1,T368281,210.42,,C
5186,0,1,"Thomas, Mr. George",male,39.3,0,0,T626339,39.72,,S
5187,0,2,"Miller, Mr. Henry",male,28.7,0,1,T769152,17.79,,S
5188,0,3,"Taylor, Mrs. Edith",female,17.3,0,0,T325067,19.4,,S
5189,0,1,"Brown, Mr. William",male,63.8,0,0,T907545,164.26,,S
5190,0,1,"Wilson, Mr. Robert",male,0.5,0,0,T43309,100.84,,C
5191,0,1,"Johnson, Mr. Richard",male,56.1,0,0,T486746,79.12,,Q
5192,0,3,"Thomas, Mr. Edward",male,43.2,1,0,T906655,19.81,,C
5193,1,2,"Anderson, Mr. George",male,,1,0,T691350,38.06,F4,S
5194,0,3,"Anderson, Mrs. Dorothy",female,,0,0,T440197,12.72,A68,S
5195,0,1,"Miller, Mr. Thomas",male,9.8,0,4,T490150,132.78,,S
5196,0,2,"Smith, Mr. Thomas",male,44.3,0,0,T240951,30.43,,S
5197,1,1,"Davis, Miss. Lily",female,0.5,0,0,T91920,80.08,,S
5198,0,3,"Williams, Mr. Richard",male,13.1,1,0,T694332,8.71,E99,S
5199,0,1,"Moore, Mr. Henry",male,13.0,0,0,T934422,83.16,B78,S
5200,0,3,"Williams, Miss. Lily",female,,0,0,T266381,7.57,,S
5201,0,3,"Taylor, Mrs. Edith",female,29.9,0,0,T92216,5.23,,S
5202,0,3,"Wilson, Miss. Edith",female,17.7,0,2,T151635,8.97,,Q
5203,0,2,"Williams, Mr. Edward",male,0.5,1,0,T881937,20.99,,C
5204,0,2,"Johnson, Mr. Henry",male,36.4,0,0,T674848,20.64,,S
5205,1,1,"Smith, Mr. John",male,30.4,0,0,T844023,127.09,,C
5206,0,3,"Anderson, Mr. Thomas",male,35.6,1,1,T421016,12.18,,S
5207,0,3,"Brown, Mr. John",male,32.2,0,1,T671130,11.99,,S
5208,0,3,"Johnson, Miss. Edith",female,43.5,1,1,T560187,17.53,,S
5209,1,3,"Taylor, Mr. John",male,28.6,1,1,T876898,23.07,,C
5210,0,3,"Williams, Mr. Charles",male,44.4,1,0,T953543,12.99,,S
5211,0,3,"Taylor, Mr. Thomas",male,18.5,0,0,T501277,12.07,,S
5212,1,1,"Davis, Miss. Florence",female,,1,0,T189630,86.76,,S
5213,1,3,"Wilson, Miss. Beatrice",female,49.7,0,0,T108247,14.24,,S
5214,1,1,"Wilson, Mrs. Dorothy",female,49.4,1,0,T126410,56.51,,C
5215,0,3,"Johnson, Mr. Robert",male,38.0,1,0,T860107,8.58,,S
5216,0,2,"Smith, Mr. Charles",male,16.8,0,0,T91440,36.0,,S
5217,0,1,"Johnson, Master. George",male,15.6,0,1,T590535,216.28,,C
5218,0,3,"Brown, Mrs. Mary",female,,1,0,T831889,8.46,,S
5219,0,3,"Moore, Mr. Thomas",male,48.2,0,0,T767761,19.04,G128,C
5220,1,2,"Moore, Mr. Edward",male,28.8,0,1,T535371,30.82,,S
5221,0,1,"Davis, Mr. George",male,63.7,0,0,T103587,35.86,,S
5222,0,3,"Williams, Mr. James",male,36.4,5,0,T590502,9.88,G95,Q
5223,0,3,"Jones, Mr. Thomas",male,,0,1,T811873,9.18,,C
5224,0,3,"Jones, Mr. Charles",male,25.7,0,0,T127405,12.95,,S
5225,0,3,"Moore, Mr. John",male,29.8,1,1,T636388,9.13,,S
5226,0,1,"Anderson, Mr. Robert",male,31.0,0,0,T859187,48.36,,S
5227,0,3,"Miller, Mr. Henry",male,47.8,8,1,T526024,15.24,,S
5228,1,3,"Jones, Miss. Annie",female,15.8,1,0,T692128,22.62,,S
5229,0,3,"Taylor, Mr. Robert",male,10.4,2,1,T271500,8.31,G149,S
5230,1,1,"Davis, Mrs. Edith",female,,0,0,T530087,284.7,,C
5231,0,3,"Wilson, Mr. Henry",male,22.3,0,0,T577269,7.77,,S
5232,0,3,"Davis, Mr. Henry",male,64.8,0,0,T263512,18.0,,S
5233,0,3,"Taylor, Mr. George",male,,0,0,T961456,14.27,,S
5234,0,3,"Miller, Mrs. Alice",female,22.1,0,0,T457544,10.14,,S
5235,0,3,"Davis, Mr. Richard",male,47.3,1,0,T76785,22.71,,S
5236,0,3,"Miller, Mr. Edward",male,40.3,0,0,T188988,2.85,,S
5237,1,1,"Johnson, Mr. James",male,38.9,1,6,T223173,126.52,,C
5238,1,2,"Jones, Mr. Richard",male,27.9,1,1,T85066,20.75,D84,S
5239,0,3,"Jones, Mr. John",male,35.8,0,0,T26903,4.22,,C
5240,0,3,"Moore, Mr. Richard",male,0.5,0,2,T137855,12.87,,S
5241,1,1,"Wilson, Mr. Edward",male,48.8,0,0,T901249,83.21,,C
5242,0,3,"Davis, Mr. Henry",male,0.5,0,0,T632523,16.87,,S
5243,0,2,"Smith, Mrs. Mary",female,23.3,1,2,T312862,27.91,,S
5244,1,1,"Taylor, Mr. William",male,,0,0,T737678,95.69,,S
5245,1,3,"Miller, Mr. Richard",male,22.4,2,0,T208302,4.82,,S
5246,1,3,"Anderson, Mrs. Edith",female,28.6,0,0,T964943,11.53,,S
5247,0,1,"Davis, Mr. William",male,12.3,0,0,T743188,126.39,,C
5248,0,3,"Moore, Mr. John",male,,1,0,T437177,12.35,,S
5249,0,3,"Miller, Mr. George",male,32.7,0,1,T95353,19.75,G71,S
5250,0,3,"Miller, Mr. Henry",male,60.0,1,1,T952876,13.44,,S
5251,1,1,"Wilson, Mr. William",male,24.6,0,0,T577181,78.25,,S
5252,0,3,"Jones, Miss. Clara",female,43.6,8,0,T297923,10.69,,S
5253,0,2,"Moore, Master. Richard",male,51.5,0,0,T686020,25.9,,C
5254,0,2,"Thomas, Master. Edward",male,,0,0,T572188,16.93,,Q
5255,1,3,"Moore, Miss. Edith",female,23.1,1,1,T629451,9.79,G130,S
5256,1,3,"Wilson, Miss. Mary",female,11.2,0,3,T281151,18.18,,C
5257,1,1,"Wilson, Mr. Richard",male,18.0,0,0,T193193,12.51,,S
5258,0,3,"Johnson, Mrs. Emma",female,54.4,0,0,T715747,8.41,,S
5259,0,3,"Anderson, Mr. Richard",male,32.9,0,0,T381614,3.67,,S
5260,0,3,"Jones, Mrs. Lily",female,41.1,0,0,T467842,11.63,,S
5261,0,3,"Thomas, Mrs. Beatrice",female,29.1,0,0,T57139,12.09,,S
5262,0,2,"Jones, Mr. Thomas",male,,1,0,T822570,18.63,,S
5263,0,3,"Taylor, Mr. Robert",male,39.5,0,0,T143348,5.43,,S
5264,0,2,"Taylor, Mr. Robert",male,47.9,2,5,T549262,20.85,,S
5265,1,3,"Jones, Master. Edward",male,34.3,0,1,T228208,18.53,,S
5266,0,1,"Smith, Mr. James",male,,0,1,T274796,95.14,,S
5267,0,2,"Miller, Mrs. Emma",female,11.8,0,0,T609130,24.63,,S
5268,0,3,"Jones, Mr. Robert",male,39.9,0,0,T243219,6.95,,S
5269,1,2,"Taylor, Mr. Charles",male,49.2,0,0,T567770,43.55,,Q
5270,0,2,"Smith, Miss. Alice",female,35.6,1,1,T418792,13.87,,Q
5271,0,3,"Anderson, Mr. Richard",male,,0,0,T544647,6.63,E40,S
5272,0,3,"Jones, Mr. Richard",male,53.4,0,0,T874388,6.23,,S
5273,0,3,"Thomas, Mr. George",male,16.0,1,3,T91970,2.79,,S
5274,0,2,"Johnson, Mr. Henry",male,35.3,2,3,T690513,22.37,,Q
5275,0,2,"Williams, Mr. Charles",male,43.5,2,0,T45879,34.75,G148,Q
5276,0,2,"Miller, Mrs. Emma",female,45.4,1,0,T143068,22.03,,S
5277,0,3,"Miller, Mr. Richard",male,3.6,0,0,T575879,19.4,,C
5278,0,3,"Davis, Mrs. Edith",female,31.4,0,0,T267908,12.37,,S
5279,0,1,"Jones, Mr. Charles",male,30.4,1,0,T521258,119.01,E4,S
5280,0,1,"Thomas, Mr. Thomas",male,50.6,3,0,T307466,150.4,C35,S
5281,0,2,"Johnson, Mr. Edward",male,36.4,0,0,T901366,32.72,A62,Q
5282,0,2,"Anderson, Mr. Robert",male,,1,4,T841696,17.29,,C
5283,1,2,"Johnson, Mrs. Beatrice",female,,1,0,T27374,16.73,,S
5284,0,3,"Anderson, Master. James",male,28.6,0,0,T661445,12.76,,C
5285,0,2,"Anderson, Mr. George",male,32.5,0,2,T226441,26.48,,C
5286,0,3,"Taylor, Mr. Thomas",male,51.8,0,0,T759770,7.62,,S
5287,1,3,"Smith, Miss. Dorothy",female,10.9,0,1,T155674,15.51,,C
5288,0,1,"Anderson, Mr. Charles",male,42.8,0,0,T176790,104.96,D66,S
5289,0,3,"Jones, Mrs. Mary",female,20.6,0,0,T587605,12.07,,S
5290,0,3,"Smith, Mr. James",male,17.5,0,0,T244525,15.29,,S
5291,0,2,"Taylor, Mr. Thomas",male,44.5,1,0,T433516,19.4,,S
5292,0,3,"Davis, Mr. John",male,16.9,0,2,T272614,31.82,E14,Q
5293,0,2,"Jones, Mrs. Florence",female,35.2,0,0,T819292,30.02,E74,S
5294,0,3,"Brown, Mrs. Clara",female,22.6,0,0,T172933,25.54,,S
5295,0,3,"Thomas, Mr. James",male,,0,0,T332980,14.81,,S
5296,1,3,"Thomas, Mrs. Lily",female,36.6,0,0,T45275,9.46,,C
5297,0,3,"Wilson, Mr. Edward",male,31.5,1,0,T743100,9.31,,Q
5298,0,3,"Anderson, Mr. George",male,2.0,1,3,T791137,9.2,,C
5299,0,3,"Davis, Master. William",male,19.6,0,1,T661260,10.85,A42,C
5300,0,3,"Davis, Mr. James",male,3.5,0,0,T66651,12.6,,C
5301,1,2,"Williams, Mr. Thomas",male,40.3,0,0,T320522,22.06,,Q
5302,0,3,"Thomas, Mr. John",male,49.8,0,0,T856786,11.48,,S
5303,0,1,"Jones, Mr. Charles",male,42.0,1,0,T260543,84.55,,Q
5304,0,1,"Anderson, Mr. James",male,44.0,0,0,T179443,47.03,,S
5305,0,3,"Anderson, Mr. James",male,22.2,0,0,T287876,11.59,,S
5306,0,1,"Thomas, Mr. John",male,,2,0,T846816,111.43,,Q
5307,0,1,"Brown, Mr. Richard",male,29.6,0,0,T41497,109.1,E114,S
5308,0,3,"Moore, Mr. John",male,32.4,0,1,T856988,17.26,,S
5309,1,1,"Williams, Miss. Dorothy",female,43.6,0,0,T873803,72.99,,S
5310,0,2,"Johnson, Mr. Charles",male,46.7,0,2,T893478,66.65,,S
5311,0,3,"Anderson, Mr. James",male,24.0,1,0,T123949,10.87,,S
5312,0,3,"Thomas, Mr. Charles",male,9.3,1,1,T447367,9.23,,S
5313,0,3,"Brown, Mr. George",male,27.0,0,1,T459340,5.38,C53,C
5314,0,3,"Thomas, Mr. Thomas",male,26.5,0,3,T647211,21.66,G141,S
5315,0,3,"Wilson, Mr. Edward",male,33.8,0,0,T172966,9.02,,S
5316,0,3,"Moore, Mr. Henry",male,41.8,0,0,T940756,13.19,,S
5317,0,3,"Smith, Mr. Thomas",male,1.9,0,1,T468032,7.17,,S
5318,0,3,"Thomas, Mr. Richard",male,,1,0,T403629,15.73,,S
5319,0,3,"Moore, Mr. Edward",male,,0,1,T874456,9.71,,S
5320,0,2,"Smith, Mr. Thomas",male,47.8,2,3,T779633,35.77,C148,S
5321,1,2,"Jones, Mrs. Alice",female,26.7,0,0,T433279,31.35,,S
5322,1,1,"Miller, Miss. Annie",female,22.3,1,0,T796811,155.26,A13,S
5323,0,3,"Johnson, Mr. Richard",male,37.5,0,0,T166577,7.44,A131,S
5324,1,1,"Moore, Mrs. Mary",female,21.1,2,0,T904531,193.54,,S
5325,0,3,"Jones, Mr. Thomas",male,29.5,1,1,T398685,14.39,,S
5326,0,3,"Thomas, Mr. William",male,,0,0,T418833,12.94,A45,S
5327,0,3,"Moore, Master. Edward",male,55.6,0,1,T813631,6.17,,S
5328,0,2,"Wilson, Mr. James",male,,1,1,T217429,38.12,,S
5329,0,3,"Johnson, Mrs. Lily",female,27.1,1,0,T431367,14.02,,S
5330,0,2,"Wilson, Master. Edward",male,20.7,0,0,T14552,49.43,,S
5331,1,3,"Thomas, Mrs. Edith",female,1.8,0,0,T158375,8.63,,S
5332,1,3,"Wilson, Mr. Thomas",male,44.7,0,4,T853149,9.86,F13,S
5333,0,1,"Moore, Mr. James",male,64.8,0,0,T287834,103.64,,S
5334,0,3,"Williams, Mr. Edward",male,23.3,0,0,T570743,13.76,,S
5335,1,1,"Williams, Mrs. Edith",female,17.9,1,4,T522344,48.41,C53,S
5336,0,3,"Johnson, Mr. Thomas",male,25.7,0,0,T367149,14.0,,S
5337,0,1,"Moore, Mr. Richard",male,30.9,1,2,T687335,103.61,,C
5338,0,2,"Johnson, Mr. John",male,13.2,0,0,T971441,21.71,,S
5339,1,1,"Taylor, Mrs. Annie",female,23.1,0,0,T765350,88.11,,S
5340,1,1,"Taylor, Miss. Lily",female,44.4,0,0,T244962,132.59,,S
5341,0,3,"Williams, Mr. Thomas",male,31.5,0,0,T982864,8.3,,S
5342,1,3,"Taylor, Miss. Beatrice",female,,0,0,T526942,7.98,B54,S
5343,0,3,"Smith, Master. Henry",male,35.0,0,2,T930313,12.65,,C
5344,0,2,"Taylor, Mr. John",male,,5,0,T70776,23.67,E98,S
5345,1,2,"Johnson, Mr. William",male,21.3,1,0,T53383,18.3,C13,
5346,0,3,"Anderson, Mr. Charles",male,33.3,0,0,T277181,8.57,,S
5347,0,2,"Jones, Mr. Thomas",male,,0,0,T211533,22.41,,S
5348,1,3,"Miller, Mrs. Alice",female,11.5,0,2,T95557,12.09,,S
5349,1,3,"Smith, Mr. Charles",male,,4,0,T786591,22.2,,S
5350,0,1,"Jones, Mr. Charles",male,,0,0,T262859,172.3,,C
5351,1,3,"Miller, Miss. Annie",female,24.4,2,0,T313457,12.17,,C
5352,0,3,"Davis, Miss. Emma",female,46.8,0,1,T221690,13.07,C24,C
5353,0,3,"Taylor, Mr. James",male,16.7,1,2,T326096,21.52,,S
5354,0,1,"Williams, Mr. Charles",male,0.5,1,0,T432713,162.09,,S
5355,0,2,"Johnson, Mr. Thomas",male,27.8,0,1,T751269,38.42,,S
5356,1,2,"Williams, Miss. Florence",female,,0,0,T399812,40.28,,S
5357,0,2,"Brown, Mr. Richard",male,30.2,4,1,T82449,29.45,,S
5358,1,1,"Brown, Mr. William",male,9.8,0,0,T15424,104.98,,S
5359,0,3,"Wilson, Miss. Annie",female,6.1,1,2,T552604,7.56,,S
5360,0,3,"Jones, Miss. Emma",female,,1,0,T185522,10.24,,Q
5361,0,3,"Anderson, Mr. Thomas",male,18.0,1,0,T732452,17.66,,S
5362,0,1,"Jones, Mr. George",male,,1,2,T271928,36.96,C42,S
5363,0,3,"Thomas, Mr. Robert",male,39.2,5,1,T92503,14.1,,S
5364,1,1,"Anderson, Mrs. Edith",female,18.5,0,0,T420780,137.84,,C
5365,0,3,"Brown, Mr. William",male,,0,2,T230397,18.46,,S
5366,0,3,"Moore, Mr. Thomas",male,16.3,3,1,T155224,11.35,,C
5367,0,3,"Davis, Mr. Edward",male,8.7,1,0,T623940,8.81,,Q
5368,0,3,"Taylor, Mr. Edward",male,17.1,5,0,T857491,14.94,,S
5369,0,3,"Davis, Mr. Robert",male,40.8,0,0,T996818,6.78,,S
5370,1,1,"Williams, Miss. Lily",female,46.2,0,0,T30850,51.1,,S
5371,1,1,"Smith, Mrs. Dorothy",female,24.0,0,0,T871034,37.33,,S
5372,0,2,"Johnson, Mr. James",male,2.6,0,1,T658707,29.06,,C
5373,0,1,"Williams, Mr. Charles",male,7.1,0,1,T903018,49.72,,S
5374,0,3,"Moore, Mr. Thomas",male,,1,0,T990260,16.65,,S
5375,0,2,"Miller, Mr. William",male,,2,0,T854909,34.21,B21,S
5376,0,3,"Brown, Mr. Thomas",male,33.5,0,0,T379017,11.03,,S
5377,0,2,"Moore, Mr. Thomas",male,57.8,0,2,T696045,21.13,,C
5378,1,3,"Moore, Mr. Henry",male,41.2,0,1,T664798,13.92,E127,S
5379,0,3,"Miller, Mr. Henry",male,13.3,0,2,T737439,10.55,,S
5380,1,2,"Moore, Miss. Florence",female,19.6,0,0,T582251,29.74,,S
5381,1,3,"Taylor, Mrs. Dorothy",female,22.5,0,2,T437702,8.22,C95,C
5382,0,3,"Smith, Mrs. Mary",female,35.3,1,0,T772315,12.66,,S
5383,1,1,"Moore, Mrs. Dorothy",female,52.5,0,0,T525544,70.3,,S
5384,1,3,"Taylor, Mrs. Clara",female,22.9,0,0,T551723,6.25,,Q
5385,0,2,"Wilson, Master. William",male,52.0,3,0,T56714,23.88,,S
5386,0,3,"Jones, Mr. James",male,60.2,0,0,T380747,8.15,,S
5387,0,3,"Smith, Mr. George",male,24.6,1,0,T962307,4.99,E95,C
5388,0,3,"Brown, Mrs. Annie",female,24.3,1,0,T907396,15.62,,S
5389,0,3,"Williams, Mr. John",male,24.5,5,1,T286724,8.47,,C
5390,1,1,"Thomas, Mrs. Florence",female,,0,0,T806525,187.99,,S
5391,0,3,"Williams, Mr. Thomas",male,,0,0,T844179,10.46,,S
5392,0,3,"Anderson, Mr. Richard",male,42.5,0,0,T377202,10.31,,S
5393,0,3,"Williams, Mr. Robert",male,,0,0,T935094,6.83,,S
5394,1,3,"Taylor, Miss. Annie",female,21.9,0,0,T20820,11.46,,S
5395,1,2,"Miller, Mr. James",male,34.5,0,0,T173057,19.47,C6,S
5396,0,3,"Johnson, Mr. Thomas",male,42.3,1,1,T57132,9.87,,S
5397,0,2,"Johnson, Master. Edward",male,61.5,0,0,T235016,13.8,,S
5398,0,3,"Wilson, Mr. Henry",male,,0,0,T853280,8.09,,S
5399,0,1,"Davis, Mr. Henry",male,20.2,1,0,T755118,107.24,,S
5400,0,3,"Jones, Mr. Thomas",male,0.5,0,0,T681843,9.0,,S
5401,0,3,"Miller, Mr. Robert",male,13.6,1,0,T416366,13.79,,S
5402,0,3,"Miller, Mr. Henry",male,4.1,0,0,T220954,11.6,G3,C
5403,1,1,"Brown, Miss. Edith",female,,0,0,T350909,85.54,,C
5404,1,3,"Wilson, Mrs. Dorothy",female,26.4,0,0,T533686,5.23,,Q
5405,0,3,"Davis, Mr. Robert",male,36.5,0,0,T550317,17.6,,S
5406,0,3,"Moore, Mr. George",male,25.4,0,0,T328367,12.25,,S
5407,1,2,"Anderson, Mr. Richard",male,36.5,0,1,T944855,15.47,,C
5408,0,3,"Williams, Miss. Lily",female,,0,0,T326873,14.23,,S
5409,1,1,"Williams, Mr. John",male,14.7,0,0,T37914,60.71,E71,S
5410,0,3,"Johnson, Mr. John",male,5.2,0,0,T327850,51.94,,Q
5411,1,2,"Jones, Mr. Robert",male,,2,0,T129557,25.88,,S
5412,0,2,"Wilson, Mr. Henry",male,53.6,0,0,T509894,58.76,,C
5413,1,1,"Anderson, Mr. William",male,66.5,3,0,T83832,57.38,,S
5414,1,1,"Taylor, Mrs. Alice",female,43.3,1,0,T554261,65.47,,C
5415,0,1,"Miller, Mr. Robert",male,50.8,0,6,T846198,56.55,,S
5416,0,3,"Moore, Mr. William",male,36.4,1,0,T845997,12.02,,S
5417,0,3,"Johnson, Master. James",male,34.1,0,1,T936737,9.55,,C
5418,1,2,"Brown, Mrs. Beatrice",female,31.3,0,0,T170614,64.59,,S
5419,0,3,"Smith, Mr. Robert",male,28.2,0,0,T76854,19.54,,C
5420,0,3,"Anderson, Mr. John",male,38.5,0,0,T800861,20.55,,Q
5421,0,3,"Anderson, Mrs. Edith",female,22.2,1,0,T115406,22.63,,C
5422,1,1,"Thomas, Mrs. Mary",female,,2,1,T51614,40.55,F72,S
5423,0,2,"Anderson, Mr. Edward",male,12.6,2,0,T121921,15.79,,C
5424,1,3,"Miller, Mr. Richard",male,36.6,0,0,T868292,16.01,,S
5425,0,2,"Thomas, Mr. James",male,15.8,1,0,T396275,34.46,,S
5426,1,1,"Anderson, Mrs. Edith",female,30.2,0,2,T847206,40.04,F71,S
5427,0,1,"Thomas, Mr. Thomas",male,,0,2,T319795,120.54,,S
5428,1,1,"Davis, Mr. Edward",male,38.2,5,0,T638440,127.69,,S
5429,0,3,"Brown, Mr. William",male,40.9,0,0,T622360,10.28,C55,S
5430,1,2,"Smith, Mr. Robert",male,26.6,0,2,T238156,21.98,,S
5431,0,3,"Miller, Mr. Thomas",male,36.7,0,0,T934772,14.41,,S
5432,1,3,"Davis, Miss. Lily",female,,0,0,T554407,7.95,,S
5433,0,3,"Taylor, Mr. George",male,,0,0,T728802,12.36,,S
5434,0,1,"Jones, Miss. Lily",female,,1,0,T549491,178.39,,S
5435,0,1,"Thomas, Mr. Henry",male,,1,0,T908748,90.17,G67,S
5436,0,3,"Johnson, Mrs. Edith",female,44.4,0,0,T208497,17.27,,S
5437,0,2,"Smith, Miss. Emma",female,29.3,0,0,T602074,37.22,,C
5438,0,3,"Moore, Mr. Charles",male,,2,0,T947599,10.39,,S
5439,0,2,"Williams, Master. William",male,28.4,0,0,T468159,16.99,,S
5440,0,3,"Davis, Mr. William",male,,0,1,T559666,17.79,B26,S
5441,0,3,"Williams, Mr. Robert",male,36.6,0,0,T263179,31.33,,Q
5442,0,3,"Smith, Mr. Thomas",male,27.6,0,0,T735339,6.31,C2,S
5443,0,3,"Williams, Mr. James",male,5.6,1,0,T228483,8.88,F54,S
5444,0,1,"Davis, Mrs. Beatrice",female,14.8,1,2,T676216,164.08,,C
5445,0,1,"Thomas, Mrs. Annie",female,36.6,0,0,T539950,76.21,,C
5446,1,1,"Wilson, Mr. Henry",male,5.6,0,0,T227699,68.37,,C
5447,1,1,"Thomas, Miss. Annie",female,25.1,0,0,T352240,144.46,,C
5448,1,3,"Brown, Mrs. Dorothy",female,30.3,2,0,T392844,14.72,,S
5449,0,2,"Miller, Mr. Robert",male,46.4,1,1,T443294,17.93,,S
5450,0,2,"Taylor, Mr. Edward",male,,1,2,T61393,34.37,,S
5451,0,3,"Johnson, Mr. John",male,43.7,0,1,T127374,6.83,E35,S
5452,0,1,"Thomas, Mr. William",male,34.1,4,0,T380942,157.04,,S
5453,0,3,"Miller, Mr. Edward",male,17.4,0,0,T670465,7.74,,C
5454,0,1,"Moore, Mr. Robert",male,20.8,0,0,T907562,83.53,,S
5455,0,2,"Miller, Mrs. Lily",female,16.2,0,2,T721534,19.98,,C
5456,0,3,"Davis, Mr. Richard",male,38.3,0,0,T728991,6.75,,C
5457,0,3,"Johnson, Mr. Robert",male,19.6,0,5,T911566,2.93,,S
5458,0,2,"Miller, Mrs. Mary",female,,0,0,T85290,30.42,E117,S
5459,1,1,"Wilson, Miss. Emma",female,30.0,0,2,T689839,26.49,,C
5460,1,2,"Williams, Mr. James",male,53.5,1,0,T942537,37.44,,S
5461,1,1,"Johnson, Miss. Alice",female,39.2,0,1,T132274,52.63,,S
5462,1,1,"Smith, Master. Richard",male,18.5,0,2,T761174,102.18,A40,S
5463,0,3,"Brown, Mr. Henry",male,31.9,0,0,T961152,8.35,,S
5464,0,1,"Smith, Mr. John",male,53.6,0,1,T174839,108.14,,S
5465,0,3,"Taylor, Mr. Richard",male,38.6,1,3,T257890,12.77,,S
5466,0,3,"Williams, Mr. Richard",male,6.5,0,0,T831414,4.84,,S
5467,0,2,"Moore, Master. Thomas",male,16.4,0,0,T364098,28.05,,S
5468,0,1,"Smith, Mr. Richard",male,15.3,0,0,T911822,26.39,,S
5469,0,3,"Williams, Miss. Annie",female,50.6,0,0,T398855,9.39,,C
5470,0,2,"Brown, Mr. Richard",male,,1,0,T545039,60.62,,S
5471,0,3,"Johnson, Mr. George",male,20.6,2,0,T637207,16.2,,S
5472,0,2,"Jones, Mrs. Clara",female,20.3,0,0,T744808,29.41,,Q
5473,0,3,"Davis, Mr. Thomas",male,30.3,0,2,T725541,13.52,,S
5474,0,2,"Smith, Mr. Thomas",male,30.8,0,0,T801617,16.31,,S
5475,0,2,"Williams, Mr. William",male,15.7,1,0,T854967,23.23,,S
5476,1,1,"Anderson, Mrs. Beatrice",female,26.1,1,0,T298301,360.69,,S
5477,1,2,"Johnson, Miss. Dorothy",female,8.6,0,0,T130830,25.89,,S
5478,0,3,"Miller, Mrs. Annie",female,,3,0,T982297,15.03,,S
5479,0,3,"Anderson, Mr. Robert",male,,0,0,T431713,8.41,,Q
5480,1,1,"Jones, Miss. Dorothy",female,4.0,0,0,T829672,132.96,,S
5481,0,3,"Brown, Mr. Charles",male,36.0,8,5,T64897,16.93,,Q
5482,0,3,"Wilson, Mr. Henry",male,11.8,1,0,T973023,7.15,F92,S
5483,0,3,"Davis, Mr. Richard",male,22.4,0,0,T313822,5.35,E78,S
5484,0,1,"Moore, Miss. Lily",female,30.6,0,0,T941782,121.96,,S
5485,0,3,"Johnson, Mr. George",male,39.5,1,0,T627163,4.99,,S
5486,0,2,"Taylor, Mr. Robert",male,26.5,0,0,T152687,31.71,D5,C
5487,0,3,"Anderson, Miss. Alice",female,55.5,0,2,T706002,9.05,A109,C
5488,1,3,"Brown, Miss. Mary",female,29.7,0,0,T51856,9.6,E97,S
5489,0,3,"Thomas, Mr. George",male,,0,0,T882247,14.53,,S
5490,0,3,"Johnson, Mr. George",male,33.7,0,2,T669242,18.59,,S
5491,1,3,"Johnson, Mrs. Alice",female,60.6,0,0,T230924,9.77,,S
5492,1,1,"Smith, Miss. Emma",female,45.0,0,1,T636134,130.13,,S
5493,0,3,"Jones, Mr. William",male,30.3,0,0,T413618,6.91,,S
5494,0,1,"Smith, Mr. William",male,,0,2,T415824,56.64,,C
5495,0,2,"Brown, Mr. Edward",male,25.9,0,0,T135675,16.84,E128,S
5496,1,3,"Anderson, Master. Robert",male,25.8,0,1,T836283,28.58,,S
5497,0,3,"Anderson, Mr. Edward",male,10.8,0,0,T624393,6.53,,S
5498,0,3,"Taylor, Mr. Charles",male,18.0,0,0,T236387,7.56,A28,S
5499,0,3,"Jones, Mr. John",male,59.6,0,0,T18399,9.37,,Q
5500,0,3,"Miller, Mr. Richard",male,,1,0,T619764,9.87,,S
5501,1,2,"Anderson, Mrs. Beatrice",female,,0,0,T256572,24.96,F35,Q
5502,0,2,"Anderson, Mr. Charles",male,28.3,0,0,T39218,12.77,,S
5503,0,3,"Thomas, Mr. James",male,28.8,0,0,T798032,10.65,,S
5504,0,1,"Brown, Miss. Edith",female,35.3,0,0,T266310,103.8,,S
5505,0,3,"Brown, Mr. William",male,22.9,1,0,T873905,11.0,B46,Q
5506,0,3,"Johnson, Master. George",male,,0,0,T214820,12.44,,S
5507,0,3,"Miller, Mr. Charles",male,46.3,1,0,T294441,10.24,F94,S
5508,0,3,"Jones, Mrs. Alice",female,,1,0,T347933,8.74,F42,S
5509,1,1,"Williams, Mrs. Mary",female,25.8,1,0,T883303,139.0,A139,C
5510,0,3,"Anderson, Mr. Richard",male,38.6,1,0,T183602,13.44,,S
5511,1,1,"Miller, Miss. Edith",female,13.1,2,0,T695504,165.77,,S
5512,0,2,"Williams, Mr. William",male,,0,2,T180229,30.43,,S
5513,0,1,"Johnson, Miss. Beatrice",female,12.7,0,2,T221182,75.51,,S
5514,0,3,"Anderson, Mrs. Lily",female,,0,0,T760570,15.49,,S
5515,0,3,"Moore, Mr. Richard",male,,2,0,T40223,11.0,,Q
5516,0,3,"Williams, Miss. Clara",female,7.6,0,0,T813388,10.14,,S
5517,0,3,"Miller, Mr. Henry",male,24.1,1,0,T587901,7.99,,S
5518,1,3,"Johnson, Mr. Robert",male,4.6,0,0,T12551,15.41,,C
5519,1,3,"Wilson, Miss. Lily",female,,0,0,T150134,9.36,F3,S
5520,0,3,"Moore, Mr. Henry",male,,0,0,T751733,6.34,D52,S
5521,0,3,"Miller, Mr. George",male,44.0,1,1,T819492,6.66,,S
5522,1,3,"Brown, Mrs. Edith",female,,0,0,T469735,7.3,,S
5523,0,2,"Johnson, Mrs. Clara",female,12.4,1,0,T932649,21.11,,C
5524,0,3,"Miller, Miss. Mary",female,,0,0,T947134,11.27,,S
5525,0,1,"Johnson, Master. Charles",male,31.0,0,0,T978493,64.53,,S
5526,0,3,"Anderson, Master. Richard",male,57.1,0,1,T654595,10.97,,S
5527,1,3,"Moore, Miss. Mary",female,22.9,0,0,T479350,10.15,B3,S
5528,0,3,"Jones, Mr. Thomas",male,23.2,0,0,T520993,17.93,,S
5529,1,3,"Moore, Mrs. Dorothy",female,44.3,0,0,T136167,10.39,,C
5530,0,3,"Anderson, Miss. Dorothy",female,44.4,0,0,T935931,15.17,,S
5531,0,3,"Brown, Miss. Annie",female,31.9,0,0,T703083,14.96,G6,S
5532,0,2,"Moore, Mr. James",male,78.1,0,1,T45091,52.1,,S
5533,0,3,"Williams, Mr. William",male,25.6,8,0,T425612,34.2,,S
5534,0,3,"Smith, Mr. John",male,,0,0,T698742,31.12,,S
5535,0,3,"Davis, Mr. Richard",male,15.2,2,2,T500960,9.53,,S
5536,0,3,"Jones, Mrs. Lily",female,25.7,1,1,T69860,11.34,,S
5537,1,1,"Thomas, Mrs. Clara",female,51.7,1,2,T275457,168.43,C1,S
5538,0,3,"Anderson, Mr. Charles",male,27.0,0,0,T393997,9.31,,S
5539,0,3,"Taylor, Mrs. Edith",female,52.4,1,0,T26273,7.1,A52,S
5540,0,2,"Taylor, Mr. William",male,,0,1,T525185,19.44,E145,S
5541,1,3,"Johnson, Mr. John",male,45.4,0,0,T793425,7.03,,C
5542,0,3,"Brown, Master. Robert",male,35.3,3,1,T500724,13.11,,C
5543,0,3,"Williams, Miss. Annie",female,35.2,0,0,T922035,27.16,,C
5544,0,3,"Thomas, Mr. John",male,,0,0,T854688,10.1,B100,S
5545,0,3,"Moore, Mr. Edward",male,21.5,0,2,T720954,14.05,,S
5546,0,3,"Jones, Mr. Robert",male,,0,0,T276821,14.38,,S
5547,0,3,"Miller, Mr. Richard",male,34.8,0,0,T697522,9.38,,S
5548,1,3,"Johnson, Mr. Richard",male,,1,0,T949239,6.84,,S
5549,0,3,"Jones, Mr. James",male,7.4,0,0,T767217,13.97,B133,S
5550,0,3,"Anderson, Miss. Annie",female,0.5,0,0,T406727,3.97,,C
5551,0,2,"Williams, Mr. Robert",male,,0,0,T127717,34.51,F31,S
5552,0,1,"Jones, Mr. George",male,,0,0,T926831,239.23,,S
5553,0,2,"Brown, Mr. Edward",male,30.4,1,0,T911385,21.98,,S
5554,0,3,"Williams, Miss. Mary",female,12.7,0,1,T631893,7.04,,S
5555,0,3,"Taylor, Mr. Robert",male,30.8,2,0,T262364,8.88,,S
5556,0,2,"Miller, Mrs. Clara",female,4.6,0,0,T464981,56.35,B28,S
5557,0,2,"Jones, Miss. Edith",female,38.8,0,0,T998131,32.21,D25,S
5558,1,1,"Davis, Mrs. Mary",female,25.2,1,0,T914736,86.84,,S
5559,0,3,"Johnson, Miss. Beatrice",female,28.5,5,0,T510609,7.79,B58,S
5560,0,3,"Taylor, Mr. Henry",male,35.9,0,0,T92767,9.6,,S
5561,0,3,"Jones, Mrs. Clara",female,32.7,0,1,T165431,9.24,C21,Q
5562,0,3,"Williams, Mr. Thomas",male,21.9,0,1,T727464,8.92,,S
5563,0,3,"Jones, Mrs. Dorothy",female,,0,4,T777827,4.34,A132,S
5564,1,1,"Thomas, Miss. Mary",female,41.3,0,1,T379370,45.76,,S
5565,0,3,"Anderson, Mrs. Emma",female,4.0,0,0,T639549,7.57,,S
5566,0,3,"Taylor, Mr. John",male,26.4,1,0,T797342,3.75,,C
5567,0,3,"Jones, Mr. Thomas",male,,0,0,T318199,8.39,D114,C
5568,0,3,"Anderson, Mr. Richard",male,11.3,0,0,T48729,5.65,,S
5569,0,3,"Williams, Mr. James",male,37.5,1,0,T644341,,,C
5570,0,3,"Brown, Mr. Robert",male,23.6,0,0,T836878,5.18,,Q
5571,0,3,"Davis, Mr. George",male,,0,0,T168938,6.9,,S
5572,1,3,"Anderson, Miss. Lily",female,20.0,0,0,T309152,6.12,C106,C
5573,0,3,"Smith, Mr. James",male,35.1,0,0,T623973,35.02,,C
5574,1,1,"Brown, Mr. Robert",male,39.5,0,2,T511734,77.0,B13,S
5575,0,3,"Wilson, Mr. Henry",male,,1,0,T159517,5.94,,S
5576,1,3,"Miller, Mrs. Mary",female,27.1,0,1,T674176,12.0,D47,S
5577,1,1,"Taylor, Miss. Clara",female,8.7,1,1,T147962,61.81,,S
5578,0,1,"Thomas, Mr. Richard",male,22.4,0,0,T276651,93.24,,S
5579,1,1,"Brown, Mr. George",male,42.0,1,0,T15880,20.04,G9,Q
5580,0,3,"Brown, Mr. Robert",male,,0,1,T563973,9.86,B63,S
5581,0,3,"Miller, Mrs. Lily",female,,1,0,T89943,5.34,,S
5582,0,2,"Thomas, Mr. James",male,18.8,0,0,T104087,25.93,,S
5583,1,1,"Anderson, Mr. John",male,22.0,0,2,T622124,283.14,,S
5584,0,3,"Williams, Master. Henry",male,14.0,1,0,T713784,16.38,,S
5585,0,2,"Anderson, Mr. James",male,32.9,0,0,T214652,17.36,,S
5586,1,2,"Anderson, Miss. Edith",female,28.6,0,2,T836421,20.55,,C
5587,0,3,"Wilson, Mr. George",male,41.2,0,0,T803800,10.04,,S
5588,0,3,"Williams, Mr. Charles",male,23.2,1,0,T757271,18.49,,S
5589,0,2,"Anderson, Mr. Henry",male,37.8,0,2,T51347,14.54,F110,S
5590,0,3,"Miller, Miss. Alice",female,22.6,0,1,T146916,19.06,,S
5591,0,2,"Johnson, Mr. Edward",male,13.3,0,0,T301704,12.62,,S
5592,0,3,"Thomas, Mrs. Dorothy",female,21.8,2,2,T263252,8.49,C46,S
5593,0,1,"Thomas, Mr. William",male,6.2,1,0,T173688,289.39,,S
5594,1,1,"Johnson, Miss. Lily",female,55.6,0,2,T938447,82.22,,S
5595,0,3,"Thomas, Miss. Florence",female,31.8,0,0,T235520,14.61,G42,S
5596,0,3,"Davis, Mr. Henry",male,18.2,0,0,T644425,6.24,,S
5597,0,1,"Brown, Mr. Charles",male,24.2,0,0,T28472,42.05,,S
5598,0,1,"Johnson, Mr. Richard",male,0.5,0,0,T112905,58.41,,S
5599,1,3,"Davis, Mrs. Lily",female,,1,0,T415032,7.35,G63,S
5600,0,3,"Williams, Master. Robert",male,49.1,1,5,T333045,17.73,,S
5601,0,2,"Brown, Mr. William",male,31.3,0,0,T489446,12.17,A121,Q
5602,0,3,"Williams, Mr. Charles",male,34.3,0,0,T522757,12.11,G139,S
5603,1,1,"Taylor, Mr. Charles",male,11.3,1,0,T494979,52.84,,S
5604,0,3,"Miller, Mr. John",male,12.4,1,0,T249574,6.3,,C
5605,1,1,"Wilson, Mrs. Beatrice",female,5.1,0,2,T697290,95.36,G47,S
5606,1,2,"Smith, Mrs. Florence",female,27.4,0,0,T227473,15.06,,S
5607,0,1,"Williams, Mr. Henry",male,,0,0,T714706,87.42,,S
5608,1,3,"Brown, Mr. George",male,24.1,0,2,T349722,8.47,,C
5609,1,2,"Johnson, Mr. George",male,,1,0,T499499,23.37,,S
5610,0,2,"Johnson, Miss. Edith",female,43.9,0,0,T293899,29.29,,S
5611,1,1,"Williams, Mr. Robert",male,6.2,1,0,T201603,112.03,,S
5612,0,2,"Jones, Mr. James",male,56.5,1,0,T898706,28.81,F51,Q
5613,0,3,"Thomas, Mr. Richard",male,46.5,2,2,T301016,27.58,,S
5614,1,2,"Moore, Miss. Clara",female,37.2,1,0,T37871,27.31,C93,S
5615,0,3,"Johnson, Mr. Edward",male,43.1,1,0,T239100,8.21,,S
5616,0,2,"Brown, Mr. Richard",male,43.8,0,0,T630013,27.56,G78,C
5617,1,2,"Thomas, Mr. Robert",male,,0,0,T181081,10.83,,S
5618,1,3,"Brown, Mr. George",male,50.4,0,0,T992512,21.58,C135,S
5619,0,3,"Thomas, Mr. William",male,23.1,0,0,T644507,7.51,,C
5620,0,1,"Smith, Mr. Richard",male,,0,0,T751373,234.96,,S
5621,1,1,"Thomas, Mr. George",male,,1,0,T360379,181.8,,S
5622,1,3,"Johnson, Miss. Mary",female,0.5,0,0,T324365,9.27,,Q
5623,0,3,"Anderson, Mr. George",male,36.1,0,0,T934087,29.2,,S
5624,0,3,"Smith, Mr. Charles",male,40.2,0,0,T310220,9.69,D25,S
5625,0,3,"Brown, Mr. Edward",male,4.9,1,0,T654008,17.75,,S
5626,0,3,"Thomas, Mr. William",male,33.8,1,0,T447899,5.56,,S
5627,1,3,"Moore, Mr. James",male,18.2,0,0,T665880,5.99,,C
5628,1,3,"Miller, Miss. Lily",female,35.5,0,0,T132136,6.72,,C
5629,0,3,"Moore, Mr. Henry",male,,0,0,T696026,9.48,,S
5630,1,3,"Miller, Mrs. Dorothy",female,16.0,0,0,T139288,4.87,,S
5631,0,3,"Davis, Mrs. Mary",female,45.8,1,0,T288764,10.42,,C
5632,0,3,"Thomas, Mrs. Alice",female,23.6,0,0,T801404,16.39,,S
5633,0,3,"Williams, Mrs. Annie",female,33.6,0,0,T787612,8.34,,C
5634,0,3,"Brown, Mr. William",male,48.8,0,0,T537500,24.09,B19,Q
5635,0,3,"Johnson, Mr. Charles",male,16.4,2,0,T116118,5.98,,S
5636,1,3,"Davis, Miss. Beatrice",female,29.8,0,1,T830875,16.51,,S
5637,1,1,"Johnson, Master. John",male,,0,0,T694968,119.66,B109,C
5638,0,1,"Smith, Mr. Charles",male,,0,0,T529382,90.33,,S
5639,1,3,"Anderson, Mr. James",male,61.0,0,0,T102442,13.15,,C
5640,0,3,"Jones, Mr. Richard",male,36.3,0,0,T494059,6.88,,C
5641,1,2,"Davis, Mr. Henry",male,34.2,0,0,T521390,28.0,,S
5642,1,3,"Jones, Mrs. Mary",female,,0,0,T534351,12.37,,S
5643,0,2,"Moore, Mr. Robert",male,35.9,1,2,T948295,19.07,,S
5644,0,1,"Moore, Mrs. Clara",female,3.2,1,0,T524849,73.65,B54,S
5645,0,3,"Thomas, Mr. Richard",male,,0,1,T718363,9.84,,S
5646,0,3,"Taylor, Mr. William",male,8.5,0,0,T376147,4.04,,S
5647,1,1,"Smith, Mr. John",male,54.8,0,2,T104483,55.91,,S
5648,0,3,"Jones, Master. Edward",male,,0,0,T675507,12.68,,C
5649,0,2,"Brown, Mr. Thomas",male,32.3,1,0,T471762,19.92,,S
5650,1,3,"Miller, Mrs. Edith",female,25.3,0,0,T758636,21.39,,S
5651,1,2,"Wilson, Mr. Henry",male,,0,1,T675712,,,S
5652,0,1,"Wilson, Mr. John",male,38.5,3,2,T402389,45.87,,C
5653,0,3,"Smith, Mr. James",male,30.0,0,0,T298836,11.57,,C
5654,0,3,"Smith, Mr. Robert",male,21.9,0,1,T152910,11.54,,S
5655,0,1,"Wilson, Mr. Edward",male,20.2,1,0,T728506,207.47,,S
5656,0,3,"Johnson, Master. George",male,30.4,0,1,T413810,17.07,A64,S
5657,1,1,"Williams, Miss. Clara",female,,2,0,T135067,174.0,,S
5658,0,3,"Davis, Mrs. Florence",female,39.6,0,0,T13894,7.94,,S
5659,0,1,"Wilson, Master. Charles",male,20.3,0,0,T336501,61.87,A57,S
5660,0,3,"Johnson, Master. Henry",male,44.3,0,0,T731454,6.29,G70,S
5661,1,3,"Taylor, Mr. James",male,43.9,0,1,T114915,13.54,,S
5662,0,2,"Wilson, Miss. Clara",female,28.9,0,1,T769512,34.5,,S
5663,0,3,"Johnson, Mrs. Clara",female,38.1,1,0,T47215,12.23,,S
5664,0,3,"Miller, Miss. Annie",female,38.8,0,0,T496003,12.84,,S
5665,0,3,"Anderson, Mr. Robert",male,8.5,0,0,T533896,18.47,,C
5666,1,1,"Brown, Mr. Thomas",male,,1,1,T141778,144.97,,C
5667,0,3,"Williams, Mr. John",male,26.0,0,0,T127101,12.02,,S
5668,1,3,"Miller, Miss. Mary",female,39.8,1,0,T462029,6.54,,S
5669,1,3,"Thomas, Miss. Edith",female,40.2,1,0,T329862,5.78,,S
5670,0,3,"Wilson, Mr. William",male,0.5,0,0,T457734,9.19,,C
5671,0,1,"Thomas, Miss. Lily",female,20.2,0,1,T74062,79.9,,S
5672,0,3,"Wilson, Mrs. Lily",female,41.9,0,1,T979216,8.51,G90,S
5673,0,3,"Brown, Mr. Edward",male,30.6,1,0,T70288,8.95,,S
5674,1,1,"Taylor, Miss. Clara",female,39.7,0,1,T426321,370.84,A112,C
5675,0,3,"Anderson, Mr. Thomas",male,,0,0,T492547,28.24,D61,S
5676,0,3,"Davis, Mr. Richard",male,,4,1,T780129,10.31,,S
5677,0,3,"Davis, Mr. Charles",male,31.4,0,0,T178041,7.81,,S
5678,1,1,"Brown, Mr. Henry",male,50.3,0,0,T725881,122.85,,S
5679,0,3,"Miller, Miss. Beatrice",female,15.5,0,1,T360700,16.51,,S
5680,0,2,"Taylor, Mr. Edward",male,27.8,0,0,T778596,22.04,G61,C
5681,0,3,"Wilson, Mr. James",male,21.1,0,0,T643793,7.62,G13,S
5682,0,3,"Davis, Mr. William",male,35.3,0,0,T369383,11.11,B95,S
5683,0,3,"Johnson, Mr. Edward",male,,2,2,T643157,5.29,,S
5684,1,1,"Davis, Mr. Thomas",male,26.4,0,0,T137039,141.82,,S
5685,0,3,"Anderson, Mr. Richard",male,19.5,1,0,T152018,4.51,,S
5686,0,3,"Miller, Mr. James",male,23.0,1,0,T793153,6.6,,S
5687,1,1,"Davis, Miss. Clara",female,29.6,0,0,T457053,194.76,A10,C
5688,1,3,"Moore, Mrs. Florence",female,0.5,0,0,T704302,17.66,G90,S
5689,0,3,"Williams, Mr. John",male,0.5,0,0,T256237,18.97,,S
5690,0,3,"Jones, Mrs. Beatrice",female,30.6,0,0,T627096,11.24,,S
5691,1,2,"Taylor, Miss. Edith",female,0.5,2,0,T196944,27.94,,Q
5692,0,2,"Davis, Mr. Charles",male,26.9,0,0,T285557,13.52,,Q
5693,0,3,"Miller, Mrs. Emma",female,24.2,0,2,T629190,8.79,,S
5694,1,2,"Anderson, Miss. Emma",female,37.6,0,2,T370430,52.63,,C
5695,0,1,"Moore, Mr. Richard",male,20.0,0,0,T109612,176.4,F122,S
5696,0,3,"Wilson, Mr. James",male,52.5,0,0,T987112,19.34,,C
5697,1,1,"Johnson, Mrs. Dorothy",female,,0,1,T535350,20.22,,S
5698,0,3,"Thomas, Mr. William",male,,0,0,T498403,20.62,,S
5699,1,3,"Davis, Miss. Lily",female,25.6,0,1,T225947,22.56,,C
5700,0,3,"Thomas, Mr. Thomas",male,51.8,0,0,T719665,18.78,,S
5701,0,3,"Thomas, Mr. James",male,,8,1,T189349,16.42,,S
5702,1,1,"Moore, Mr. John",male,28.9,0,0,T59899,52.19,,C
5703,0,2,"Miller, Mr. Edward",male,50.1,0,0,T932555,31.69,,C
5704,0,3,"Moore, Mrs. Lily",female,21.9,0,0,T517597,4.71,,S
5705,0,2,"Williams, Master. Thomas",male,,1,0,T393033,27.02,G42,S
5706,0,3,"Miller, Miss. Lily",female,16.5,0,0,T469739,9.91,,C
5707,0,3,"Brown, Mr. Robert",male,0.5,4,0,T170830,10.24,,C
5708,0,1,"Miller, Miss. Edith",female,47.5,1,0,T611274,56.95,,S
5709,0,3,"Jones, Mrs. Alice",female,36.1,2,0,T743254,12.53,E92,S
5710,0,1,"Anderson, Mr. Edward",male,37.0,0,0,T665485,87.11,,S
5711,1,1,"Jones, Mrs. Lily",female,13.9,0,2,T844565,61.3,,S
5712,1,3,"Davis, Mr. Thomas",male,15.0,1,0,T586035,17.02,,C
5713,1,3,"Williams, Mrs. Clara",female,46.4,1,0,T27183,10.18,,C
5714,0,3,"Miller, Mr. John",male,33.2,0,0,T22524,7.64,,S
5715,1,2,"Thomas, Mrs. Emma",female,28.0,0,1,T554570,28.4,,S
5716,0,2,"Johnson, Miss. Edith",female,32.9,0,0,T425222,27.5,,S
5717,1,2,"Johnson, Mr. Edward",male,51.6,1,0,T554473,22.5,,S
5718,0,2,"Wilson, Master. Charles",male,40.2,0,0,T896197,15.16,F2,C
5719,0,2,"Brown, Mr. John",male,,0,0,T130901,21.83,,C
5720,0,3,"Davis, Mr. Charles",male,,0,0,T681777,11.65,,S
5721,0,3,"Anderson, Mr. Henry",male,38.2,0,1,T816570,12.11,B71,Q
5722,0,2,"Jones, Mr. Thomas",male,16.3,0,0,T785087,59.01,,S
5723,0,1,"Jones, Mr. Charles",male,12.6,1,0,T942401,76.08,,S
5724,0,3,"Anderson, Mr. Thomas",male,48.8,0,0,T998316,12.39,,S
5725,1,3,"Johnson, Miss. Dorothy",female,42.3,0,1,T827413,16.95,,S
5726,1,3,"Taylor, Miss. Florence",female,35.3,0,0,T738128,3.14,,C
5727,1,1,"Jones, Mrs. Annie",female,11.7,0,1,T629911,144.61,,S
5728,0,1,"Miller, Mr. Charles",male,55.6,0,0,T516744,52.37,,C
5729,0,3,"Davis, Master. Edward",male,,0,0,T687191,14.56,,Q
5730,0,3,"Anderson, Mr. Robert",male,25.3,2,0,T710057,12.06,E10,S
5731,1,3,"Johnson, Mrs. Florence",female,,0,0,T964517,11.46,D109,S
5732,0,3,"Miller, Mr. Robert",male,30.8,0,0,T798588,23.8,,S
5733,0,1,"Johnson, Mr. John",male,22.8,1,0,T25887,51.91,E74,S
5734,0,3,"Thomas, Mr. Richard",male,61.8,0,0,T307929,5.93,,S
5735,0,3,"Brown, Mrs. Beatrice",female,,0,0,T551328,8.27,C16,S
5736,0,2,"Davis, Mr. Edward",male,14.2,0,0,T872700,53.65,,S
5737,0,3,"Anderson, Mr. John",male,52.7,0,1,T420951,9.47,,S
5738,0,3,"Wilson, Mr. Charles",male,21.4,0,0,T898945,14.99,D123,S
5739,1,2,"Davis, Miss. Mary",female,41.1,0,0,T76387,18.32,B74,S
5740,0,2,"Jones, Mr. Thomas",male,39.5,0,0,T220416,30.48,C149,C
5741,1,2,"Moore, Mrs. Emma",female,28.9,0,0,T253648,23.35,,S
5742,1,1,"Jones, Miss. Beatrice",female,,0,0,T189124,58.26,B22,C
5743,1,3,"Anderson, Miss. Dorothy",female,29.0,1,0,T67451,13.59,,C
5744,0,3,"Johnson, Mr. Edward",male,12.7,1,0,T958283,5.67,,C
5745,1,2,"Brown, Mrs. Beatrice",female,29.4,0,5,T784430,13.58,,C
5746,0,1,"Johnson, Mrs. Annie",female,40.9,0,0,T183437,76.75,,Q
5747,0,3,"Brown, Mr. Edward",male,54.6,0,0,T325285,3.61,,S
5748,1,2,"Jones, Mr. John",male,13.9,0,0,T342650,14.25,,S
5749,0,1,"Davis, Mrs. Dorothy",female,26.1,0,2,T749352,36.46,,S
5750,0,2,"Brown, Mr. Charles",male,22.1,0,1,T135170,12.17,C10,S
5751,0,3,"Moore, Mrs. Annie",female,33.7,1,0,T981420,15.24,,S
5752,0,2,"Jones, Mr. James",male,7.6,1,0,T881745,45.44,,S
5753,0,3,"Miller, Mrs. Dorothy",female,16.2,0,0,T743709,7.22,,S
5754,0,2,"Moore, Mr. George",male,5.2,2,2,T474177,15.11,,C
5755,1,1,"Davis, Mrs. Florence",female,8.8,0,0,T39783,31.86,,
5756,0,2,"Williams, Mr. Charles",male,20.1,1,0,T483112,33.55,,Q
5757,0,3,"Smith, Mrs. Alice",female,53.9,0,0,T879486,49.38,E108,S
5758,0,3,"Taylor, Master. Richard",male,34.7,0,0,T416039,6.94,D90,C
5759,0,1,"Moore, Mr. George",male,30.6,0,0,T762523,144.53,,Q
5760,1,1,"Taylor, Mr. James",male,49.2,2,0,T280082,73.21,G131,Q
5761,0,3,"Anderson, Mrs. Annie",female,35.3,4,0,T491870,4.62,G59,S
5762,1,3,"Taylor, Mr. William",male,36.6,0,1,T138905,10.56,D59,S
5763,1,2,"Thomas, Miss. Florence",female,22.8,0,1,T408631,36.55,,S
5764,1,3,"Williams, Miss. Lily",female,20.5,0,2,T476473,6.67,,S
5765,0,1,"Wilson, Mrs. Edith",female,10.7,0,0,T529421,134.08,,S
5766,0,2,"Thomas, Mrs. Alice",female,21.0,1,0,T657962,15.68,,C
5767,0,1,"Taylor, Mr. Charles",male,,0,0,T611533,168.89,,S
5768,1,3,"Anderson, Miss. Lily",female,34.7,1,0,T304405,13.9,,S
5769,0,2,"Anderson, Mrs. Annie",female,,0,0,T825269,27.98,,S
5770,0,3,"Brown, Mr. James",male,24.4,0,3,T469165,7.62,D74,S
5771,0,3,"Williams, Master. John",male,16.5,0,1,T977048,13.34,,S
5772,0,3,"Wilson, Mr. James",male,35.5,0,0,T255991,14.24,,C
5773,0,2,"Smith, Mr. Thomas",male,22.5,2,0,T459824,39.68,,S
5774,0,1,"Davis, Mr. Edward",male,34.8,2,0,T437926,268.06,,S
5775,0,3,"Anderson, Master. Robert",male,2.0,1,0,T184325,20.29,G42,C
5776,0,3,"Smith, Miss. Florence",female,,0,0,T75300,16.06,,S
5777,0,3,"Miller, Mr. Charles",male,40.5,0,0,T931202,15.73,,S
5778,1,1,"Jones, Miss. Edith",female,38.7,0,2,T136528,33.96,,S
5779,1,2,"Johnson, Mr. James",male,26.8,0,0,T582135,19.3,B133,Q
5780,0,3,"Jones, Mr. John",male,,0,2,T499838,10.7,,S
5781,1,1,"Thomas, Mr. Edward",male,,1,1,T598363,65.06,,S
5782,1,3,"Taylor, Mrs. Mary",female,28.4,1,0,T912306,10.76,,S
5783,0,2,"Anderson, Mr. William",male,26.9,1,2,T770749,27.32,,S
5784,0,1,"Miller, Mr. John",male,44.7,0,0,T989606,108.52,G104,S
5785,0,1,"Miller, Mr. Robert",male,0.5,1,0,T354949,68.22,B7,C
5786,0,2,"Brown, Mr. Henry",male,14.4,1,0,T346481,18.92,,C
5787,0,1,"Taylor, Master. Henry",male,55.0,0,2,T83825,103.41,F61,S
5788,1,3,"Brown, Mrs. Dorothy",female,0.5,0,0,T293743,11.67,,S
5789,0,2,"Taylor, Miss. Edith",female,41.5,0,0,T527042,41.65,,C
5790,1,2,"Wilson, Mr. Charles",male,,1,1,T642466,11.47,,S
5791,0,3,"Miller, Miss. Annie",female,,1,0,T32737,8.36,,S
5792,0,3,"Johnson, Mr. George",male,50.2,0,0,T339468,20.79,C113,S
5793,1,2,"Anderson, Mrs. Edith",female,34.0,0,0,T823565,18.69,,S
5794,0,3,"Taylor, Mr. George",male,50.5,0,0,T467415,14.87,,Q
5795,1,3,"Davis, Mrs. Annie",female,,0,0,T507264,14.19,,S
5796,0,1,"Davis, Mrs. Lily",female,24.5,0,0,T801778,58.22,,S
5797,0,2,"Smith, Mrs. Mary",female,41.1,1,0,T184511,28.41,,C
5798,0,3,"Smith, Mr. Robert",male,23.3,2,0,T121472,5.44,,S
5799,1,2,"Wilson, Mrs. Alice",female,38.4,1,0,T760435,9.38,,S
5800,0,3,"Jones, Miss. Florence",female,,0,2,T129920,8.41,,S
5801,0,3,"Williams, Mrs. Alice",female,42.3,0,0,T662976,16.64,,S
5802,0,3,"Taylor, Mr. Thomas",male,6.8,0,0,T377515,4.24,,S
5803,0,2,"Jones, Mr. Charles",male,24.7,0,0,T175603,37.38,,S
5804,0,1,"Miller, Mr. Thomas",male,33.8,2,2,T323189,58.91,C66,S
5805,0,3,"Smith, Mr. William",male,26.2,1,0,T153354,12.34,,S
5806,1,3,"Thomas, Miss. Clara",female,30.9,0,1,T837445,5.44,B128,C
5807,0,1,"Taylor, Miss. Alice",female,34.0,2,2,T687611,236.95,,C
5808,0,3,"Jones, Mr. Robert",male,22.1,0,2,T809731,11.69,,S
5809,0,2,"Anderson, Mrs. Alice",female,,0,0,T882166,15.93,G81,S
5810,1,2,"Davis, Mr. James",male,,0,0,T229687,21.95,,S
5811,0,3,"Smith, Mr. Thomas",male,22.8,0,0,T35848,11.63,,S
5812,0,1,"Williams, Mr. Richard",male,7.6,0,0,T832020,43.8,F47,S
5813,0,1,"Jones, Mrs. Beatrice",female,31.4,0,0,T137013,103.42,,S
5814,0,2,"Davis, Mrs. Annie",female,,0,0,T90560,41.53,,Q
5815,0,3,"Williams, Mr. Thomas",male,16.4,0,0,T510172,13.74,,C
5816,1,1,"Wilson, Mrs. Clara",female,55.6,1,0,T56414,41.8,,S
5817,0,3,"Miller, Mr. George",male,,0,0,T280787,6.53,B31,S
5818,0,3,"Smith, Mr. James",male,33.9,1,1,T204870,18.55,F23,S
5819,1,3,"Thomas, Mr. George",male,20.4,2,0,T388085,18.45,,Q
5820,0,1,"Brown, Mr. Henry",male,23.7,1,0,T654510,106.69,,S
5821,1,3,"Johnson, Mrs. Florence",female,34.4,0,0,T744877,18.04,,S
5822,1,1,"Jones, Mrs. Emma",female,24.9,0,1,T46673,140.97,C35,
5823,0,3,"Johnson, Mr. Richard",male,29.7,1,6,T872790,12.99,,S
5824,0,2,"Smith, Mr. George",male,41.4,0,0,T812173,22.72,,Q
5825,0,1,"Moore, Mr. George",male,,1,1,T483912,117.75,,C
5826,0,3,"Moore, Mr. James",male,10.4,1,0,T533848,34.78,,S
5827,0,1,"Brown, Mr. Charles",male,7.6,0,0,T108588,196.73,,S
5828,0,1,"Smith, Mr. William",male,,0,1,T103725,46.28,,S
5829,1,2,"Jones, Miss. Mary",female,43.2,1,0,T704482,27.83,,S
5830,0,3,"Brown, Mr. George",male,39.2,0,0,T493605,8.6,B121,C
5831,0,1,"Taylor, Master. John",male,,0,0,T912640,162.92,,S
5832,1,1,"Williams, Mrs. Edith",female,10.4,0,0,T537267,116.1,,S
5833,0,1,"Miller, Mr. William",male,,0,0,T827588,277.88,,S
5834,0,3,"Wilson, Mr. James",male,28.3,0,0,T841928,12.14,,Q
5835,0,2,"Miller, Mr. James",male,13.3,0,0,T889746,40.13,A134,S
5836,0,1,"Jones, Mr. John",male,8.4,2,1,T494920,29.85,,S
5837,0,1,"Miller, Mr. James",male,4.6,0,2,T350509,66.05,D68,S
5838,0,2,"Anderson, Mr. William",male,,1,0,T537204,14.93,,S
5839,0,3,"Jones, Mrs. Edith",female,12.2,1,0,T276255,10.31,E97,S
5840,0,3,"Anderson, Miss. Edith",female,34.2,1,2,T349442,28.01,,S
5841,0,3,"Moore, Miss. Edith",female,23.9,1,0,T789713,7.81,,S
5842,0,1,"Smith, Mr. John",male,38.2,0,0,T761848,177.66,D112,S
5843,0,3,"Jones, Mr. Edward",male,34.6,0,0,T989758,10.97,,S
5844,0,2,"Williams, Mr. William",male,26.3,4,1,T907436,36.19,,S
5845,0,3,"Williams, Mr. Edward",male,31.6,1,0,T633258,9.31,G63,S
5846,0,2,"Moore, Mr. Thomas",male,28.1,0,2,T173500,29.14,,S
5847,0,3,"Williams, Mr. Charles",male,20.8,0,0,T738133,5.43,,S
5848,0,2,"Brown, Mr. Richard",male,43.9,1,0,T65653,62.24,F63,S
5849,0,2,"Johnson, Mr. James",male,,0,0,T687566,16.45,,S
5850,0,3,"Anderson, Mr. James",male,28.4,0,3,T429345,6.95,,S
5851,0,3,"Smith, Mr. Edward",male,9.2,0,0,T873271,10.67,,S
5852,1,3,"Moore, Mr. Richard",male,,0,0,T395860,11.52,,C
5853,1,3,"Moore, Mr. Robert",male,20.8,0,1,T974745,12.5,,S
5854,1,3,"Brown, Mr. William",male,,0,0,T145253,8.48,,S
5855,0,1,"Williams, Master. Charles",male,17.5,0,0,T409080,34.48,C124,S
5856,0,3,"Anderson, Mr. Edward",male,,0,0,T513063,9.34,,S
5857,0,3,"Thomas, Mr. James",male,0.6,0,0,T860488,12.0,,S
5858,0,3,"Anderson, Mr. Richard",male,39.6,0,2,T761622,18.96,,C
5859,1,2,"Anderson, Mrs. Annie",female,29.1,0,0,T464112,20.35,,S
5860,0,3,"Thomas, Mr. George",male,22.9,0,0,T935835,10.93,,S
5861,0,3,"Anderson, Mr. Henry",male,,0,0,T617952,25.83,,S
5862,0,1,"Smith, Master. Charles",male,36.0,0,0,T253555,65.27,,C
5863,0,2,"Jones, Mr. George",male,20.5,0,0,T873803,24.32,,Q
5864,0,1,"Anderson, Mr. John",male,48.6,0,0,T305265,75.2,,S
5865,1,3,"Davis, Miss. Lily",female,,0,1,T179144,11.23,,S
5866,1,1,"Thomas, Miss. Clara",female,52.0,1,0,T225699,70.55,C24,S
5867,1,1,"Anderson, Mr. Edward",male,31.7,1,0,T811972,90.43,,S
5868,1,2,"Davis, Mr. George",male,45.3,0,0,T500033,10.78,,S
5869,0,3,"Smith, Mr. Richard",male,36.4,5,0,T56606,14.82,,S
5870,0,2,"Moore, Mr. James",male,23.2,1,1,T991192,13.36,,S
5871,1,1,"Thomas, Miss. Clara",female,32.4,0,0,T624287,147.98,,S
5872,0,3,"Wilson, Master. William",male,17.6,0,0,T289623,15.66,,Q
5873,0,3,"Wilson, Master. Charles",male,59.7,0,0,T928461,4.91,B79,S
5874,0,2,"Davis, Mr. James",male,,0,1,T712166,17.84,,S
5875,1,3,"Miller, Mr. George",male,30.1,0,2,T383739,32.64,,S
5876,0,3,"Brown, Mrs. Annie",female,35.4,0,0,T73110,9.11,C102,S
5877,1,1,"Wilson, Mrs. Clara",female,13.9,1,0,T742379,72.12,,S
5878,1,2,"Smith, Mrs. Beatrice",female,48.9,0,0,T97134,19.54,,S
5879,0,3,"Taylor, Master. Robert",male,,2,0,T267639,4.65,,S
5880,0,2,"Johnson, Mr. Edward",male,11.6,0,0,T794446,16.43,,S
5881,0,2,"Miller, Mrs. Beatrice",female,27.3,0,0,T595673,26.58,,S
5882,0,3,"Taylor, Mrs. Edith",female,11.2,0,0,T135582,5.24,,C
5883,1,3,"Williams, Mr. William",male,52.3,0,0,T744905,14.39,,S
5884,0,3,"Johnson, Miss. Mary",female,26.4,1,0,T440598,12.3,,S
5885,0,1,"Wilson, Mr. James",male,,0,0,T339961,73.55,,S
5886,0,3,"Taylor, Mr. John",male,32.6,0,2,T776134,11.81,,S
5887,0,2,"Davis, Mr. Richard",male,37.7,0,0,T490981,30.8,,S
5888,0,3,"Brown, Mr. Edward",male,23.6,1,0,T625672,14.02,,S
5889,0,3,"Thomas, Mrs. Annie",female,,0,0,T898884,6.67,C148,S
5890,0,3,"Williams, Mr. Thomas",male,28.2,0,0,T821157,15.33,,S
5891,1,2,"Thomas, Miss. Clara",female,22.7,1,0,T667766,16.71,A54,S
5892,0,3,"Smith, Mr. Charles",male,15.6,3,0,T353124,9.21,,S
5893,0,3,"Davis, Mr. Richard",male,14.3,0,0,T454820,14.05,,S
5894,1,3,"Davis, Miss. Edith",female,,1,0,T59497,16.9,,Q
5895,0,1,"Taylor, Mr. John",male,42.8,1,0,T785785,201.36,,S
5896,0,3,"Jones, Mrs. Alice",female,36.4,0,0,T786573,8.61,,S
5897,0,1,"Taylor, Mr. Charles",male,4.6,1,0,T647941,154.25,,C
5898,0,3,"Moore, Mr. Edward",male,38.6,0,0,T805977,17.69,,S
5899,0,3,"Smith, Mr. Richard",male,40.9,0,0,T604264,7.11,G32,S
5900,0,2,"Taylor, Miss. Beatrice",female,49.9,1,1,T507093,23.25,,S
5901,0,1,"Thomas, Mr. Henry",male,15.9,0,2,T534046,118.93,,S
5902,0,2,"Johnson, Master. John",male,,0,0,T548045,23.62,,S
5903,1,3,"Smith, Mrs. Clara",female,,0,2,T871747,12.19,,Q
5904,0,1,"Thomas, Mr. Charles",male,22.1,1,0,T359775,125.67,,C
5905,1,3,"Anderson, Mrs. Florence",female,37.7,0,0,T251910,3.1,,S
5906,0,3,"Anderson, Mr. Edward",male,29.4,1,0,T367092,9.5,,S
5907,0,2,"Jones, Mr. Thomas",male,17.4,0,1,T178131,34.04,,C
5908,0,2,"Taylor, Mr. Richard",male,18.7,0,1,T907788,30.27,,S
5909,0,3,"Davis, Mr. Edward",male,47.8,1,1,T448267,6.57,,S
5910,0,3,"Thomas, Mr. John",male,15.3,0,1,T944417,13.02,A11,S
5911,0,1,"Williams, Mr. James",male,12.8,0,0,T221560,83.59,,S
5912,0,1,"Brown, Mr. Richard",male,34.7,1,0,T436020,447.08,,S
5913,1,3,"Thomas, Mrs. Beatrice",female,,0,0,T31066,18.45,,C
5914,0,3,"Wilson, Mr. George",male,10.7,2,0,T557788,5.1,,Q
5915,1,1,"Miller, Mr. Thomas",male,22.2,2,1,T392213,92.41,,C
5916,0,1,"Jones, Mr. Richard",male,17.9,0,1,T46896,50.38,,S
5917,1,2,"Davis, Mrs. Mary",female,20.4,0,2,T861860,10.73,,C
5918,0,3,"Brown, Mr. James",male,66.3,0,0,T879982,9.82,,S
5919,1,2,"Johnson, Mr. James",male,,0,0,T265667,29.27,,S
5920,0,3,"Anderson, Mr. Thomas",male,16.9,0,0,T230561,10.62,,S
5921,1,1,"Taylor, Mr. Edward",male,59.0,0,0,T748704,91.46,E84,S
5922,0,3,"Williams, Mr. Henry",male,42.6,0,0,T268638,14.14,,C
5923,0,3,"Moore, Mrs. Dorothy",female,40.2,0,0,T521772,11.19,,S
5924,1,3,"Williams, Miss. Alice",female,17.6,1,0,T677779,3.91,,S
5925,1,2,"Davis, Mrs. Alice",female,47.0,2,0,T326631,39.36,,S
5926,0,3,"Smith, Mr. Charles",male,41.5,0,4,T165082,17.21,,S
5927,1,1,"Davis, Mr. Richard",male,,0,1,T949223,83.85,,S
5928,0,1,"Anderson, Mrs. Beatrice",female,,0,1,T604315,94.27,E76,S
5929,0,2,"Moore, Mr. Charles",male,29.4,0,1,T350669,19.05,,C
5930,1,3,"Miller, Mrs. Clara",female,54.8,0,1,T328110,10.5,B127,S
5931,0,3,"Thomas, Mr. Charles",male,32.9,0,0,T598995,6.4,,S
5932,1,3,"Miller, Mrs. Clara",female,24.2,0,0,T664695,5.78,,C
5933,1,3,"Thomas, Miss. Edith",female,26.4,2,0,T798267,10.35,G36,S
5934,1,1,"Smith, Miss. Emma",female,27.4,0,0,T179235,101.3,,S
5935,0,3,"Jones, Mr. Thomas",male,18.1,0,0,T979221,9.73,,S
5936,0,3,"Davis, Master. John",male,29.1,1,0,T282684,4.08,,S
5937,1,3,"Moore, Mrs. Annie",female,50.6,1,0,T880084,7.2,,S
5938,1,3,"Smith, Miss. Lily",female,49.0,1,0,T210250,5.68,,S
5939,0,3,"Smith, Mr. Charles",male,18.8,0,0,T769693,12.01,,S
5940,0,3,"Williams, Mr. Robert",male,48.2,3,0,T237022,21.18,,C
5941,0,3,"Williams, Miss. Mary",female,40.7,1,0,T26464,4.55,,S
5942,0,2,"Wilson, Mr. Edward",male,38.9,2,0,T529448,24.49,,S
5943,0,3,"Wilson, Mrs. Beatrice",female,36.0,4,0,T292730,15.02,,S
5944,0,3,"Wilson, Mrs. Emma",female,,0,0,T230789,13.78,,S
5945,0,2,"Jones, Mrs. Mary",female,,0,0,T236445,30.11,,S
5946,0,2,"Johnson, Mr. James",male,41.8,1,1,T135275,35.38,B45,S
5947,0,2,"Jones, Mr. Charles",male,,1,1,T452809,37.77,A119,Q
5948,0,3,"Williams, Mr. George",male,14.6,3,4,T759470,9.85,E140,S
5949,0,2,"Brown, Mrs. Mary",female,34.1,3,0,T738428,37.45,,S
5950,0,2,"Thomas, Mr. William",male,18.3,0,1,T512170,24.56,D75,S
5951,0,3,"Williams, Mr. Robert",male,41.6,1,0,T96056,14.7,D30,S
5952,0,3,"Wilson, Mr. Edward",male,18.8,0,0,T478403,14.38,,C
5953,1,1,"Moore, Mr. Richard",male,33.2,1,0,T486339,331.86,B113,S
5954,1,2,"Wilson, Miss. Emma",female,,0,0,T257293,18.95,A62,S
5955,1,3,"Smith, Miss. Edith",female,,1,1,T91699,19.15,C86,S
5956,1,3,"Brown, Mrs. Annie",female,26.2,4,0,T504287,5.83,,Q
5957,0,2,"Anderson, Mr. William",male,19.8,0,0,T404161,30.85,,S
5958,0,3,"Moore, Miss. Florence",female,29.4,0,0,T985714,12.63,,S
5959,1,1,"Johnson, Mr. George",male,15.8,0,0,T194268,71.01,,S
5960,0,3,"Anderson, Mr. Edward",male,26.5,0,0,T925348,4.79,,S
5961,0,2,"Davis, Mr. Henry",male,40.6,0,0,T647436,22.65,,C
5962,0,1,"Anderson, Mr. George",male,13.2,0,2,T322494,26.2,,S
5963,0,2,"Wilson, Mr. Henry",male,,0,0,T212515,33.34,,S
5964,0,2,"Johnson, Master. William",male,37.2,0,0,T642560,22.6,,S
5965,0,3,"Jones, Mr. Henry",male,0.5,0,0,T263511,11.34,,C
5966,0,3,"Miller, Mr. George",male,56.6,1,0,T88963,14.56,B30,S
5967,1,3,"Wilson, Mr. Henry",male,,0,0,T643299,9.32,,S
5968,1,2,"Brown, Mrs. Beatrice",female,7.4,0,0,T722351,23.51,,S
5969,0,2,"Taylor, Mr. William",male,0.5,0,0,T104326,21.98,,C
5970,0,1,"Johnson, Mr. George",male,30.1,0,0,T607637,44.8,,S
5971,0,1,"Davis, Mr. Robert",male,13.5,1,0,T280925,239.39,,S
5972,1,3,"Moore, Mrs. Mary",female,,0,0,T198577,4.6,,S
5973,1,1,"Wilson, Mr. Charles",male,,3,0,T97971,512.0,G123,S
5974,0,3,"Thomas, Mrs. Beatrice",female,31.5,1,0,T887259,11.02,,S
5975,0,3,"Williams, Mr. Thomas",male,21.4,0,0,T661297,4.45,,C
5976,1,1,"Johnson, Mr. Edward",male,52.9,0,0,T227103,124.63,,S
5977,0,3,"Brown, Mr. Richard",male,40.6,0,0,T279739,7.01,B147,S
5978,1,1,"Smith, Mrs. Edith",female,38.4,1,1,T110642,156.43,,S
5979,0,2,"Taylor, Mr. William",male,47.1,0,3,T417482,16.65,,S
5980,0,3,"Miller, Mr. John",male,,0,0,T274938,4.42,,C
5981,0,3,"Thomas, Mr. Robert",male,48.3,1,0,T76873,9.01,,S
5982,0,1,"Wilson, Mr. George",male,,3,0,T893701,44.83,F71,C
5983,0,3,"Anderson, Miss. Beatrice",female,34.6,0,3,T480988,25.29,,S
5984,1,1,"Moore, Mrs. Alice",female,27.4,1,0,T162346,77.49,A48,S
5985,0,3,"Anderson, Mr. Richard",male,2.5,1,0,T697016,26.55,D115,S
5986,0,3,"Brown, Mr. Richard",male,43.6,0,0,T722733,21.88,G28,C
5987,0,3,"Brown, Mr. George",male,3.2,0,0,T76976,10.04,,S
5988,0,3,"Williams, Mr. John",male,15.7,0,1,T868851,14.15,,S
5989,0,3,"Moore, Mr. Robert",male,23.1,1,0,T290927,8.75,,S
5990,0,1,"Miller, Mr. Thomas",male,1.4,0,0,T805085,71.42,B115,S
5991,0,2,"Jones, Mr. George",male,13.7,0,0,T815935,25.39,,S
5992,0,3,"Anderson, Mrs. Mary",female,33.2,1,0,T822903,10.36,,C
5993,0,1,"Williams, Mr. James",male,24.7,0,1,T181820,57.58,,S
5994,0,3,"Jones, Master. John",male,25.9,0,2,T382051,18.86,,S
5995,0,3,"Davis, Mr. James",male,16.4,0,0,T937230,10.71,,S
5996,0,3,"Thomas, Miss. Florence",female,,0,0,T704069,23.5,,S
5997,0,3,"Davis, Mrs. Edith",female,25.0,1,0,T65258,10.4,D69,S
5998,0,3,"Moore, Mr. Henry",male,,2,0,T604686,11.71,,C
5999,0,3,"Williams, Mr. Charles",male,,0,0,T341616,19.14,,S
6000,0,3,"Williams, Mr. William",male,11.7,0,0,T528047,7.8,,S
6001,0,3,"Miller, Mr. James",male,42.7,0,0,T735481,15.03,D48,S
6002,0,2,"Williams, Master. George",male,24.0,0,0,T627948,32.97,,S
6003,1,3,"Brown, Miss. Emma",female,66.3,1,0,T992563,10.99,,C
6004,0,3,"Moore, Mr. Charles",male,43.7,0,0,T873110,19.49,,S
6005,0,3,"Smith, Mr. Henry",male,27.8,0,0,T474853,16.75,,S
6006,1,2,"Jones, Mrs. Clara",female,38.1,0,1,T415272,30.96,,S
6007,0,2,"Davis, Miss. Emma",female,0.5,0,0,T449946,25.98,,S
6008,0,3,"Johnson, Mr. John",male,43.7,1,1,T980498,18.15,,Q
6009,1,3,"Williams, Miss. Emma",female,,1,5,T540116,14.86,,S
6010,1,1,"Williams, Mr. Robert",male,31.0,1,0,T671430,74.85,,S
6011,0,3,"Johnson, Mr. Robert",male,19.1,0,0,T734395,11.93,E96,C
6012,0,3,"Taylor, Mrs. Alice",female,,1,0,T38394,19.21,B82,Q
6013,1,3,"Miller, Mrs. Emma",female,,0,0,T560880,11.88,D76,S
6014,1,3,"Smith, Miss. Alice",female,30.8,0,0,T823355,8.14,,S
6015,0,1,"Brown, Mr. William",male,,1,1,T883288,101.89,F11,S
6016,0,3,"Williams, Miss. Florence",female,29.7,0,0,T56255,18.27,,S
6017,0,3,"Miller, Mr. James",male,6.1,1,0,T323930,10.2,,S
6018,0,3,"Miller, Mr. John",male,,1,0,T594568,6.41,E145,C
6019,0,2,"Williams, Miss. Edith",female,33.1,1,0,T149010,36.44,,S
6020,1,1,"Moore, Mr. Richard",male,36.0,0,0,T843095,79.65,,C
6021,1,3,"Smith, Miss. Annie",female,24.8,0,0,T553729,12.52,,S
6022,1,2,"Brown, Mr. Edward",male,17.0,0,0,T399475,17.09,,C
6023,0,3,"Taylor, Mr. George",male,31.9,1,0,T264262,5.03,,S
6024,1,3,"Brown, Mrs. Dorothy",female,33.9,0,1,T593240,21.97,F38,S
6025,0,3,"Davis, Miss. Edith",female,48.6,2,0,T469363,9.18,,S
6026,1,3,"Williams, Mr. Edward",male,59.8,0,0,T289008,5.99,E120,S
6027,0,3,"Davis, Mr. Henry",male,51.1,0,1,T967654,31.99,,S
6028,0,3,"Miller, Mrs. Lily",female,4.1,0,0,T218066,11.51,F5,S
6029,1,3,"Taylor, Mr. George",male,23.0,1,0,T983866,20.23,,S
6030,0,3,"Brown, Mr. Robert",male,34.6,0,1,T81295,5.84,,C
6031,0,3,"Taylor, Mr. John",male,23.9,0,0,T625609,17.74,B115,Q
6032,0,3,"Taylor, Mr. William",male,29.1,1,0,T89288,3.33,,C
6033,1,3,"Anderson, Miss. Alice",female,0.5,0,0,T645753,11.1,,S
6034,0,2,"Brown, Mr. Robert",male,43.0,1,0,T923144,19.47,,S
6035,1,3,"Moore, Miss. Mary",female,2.5,0,0,T154881,11.13,D47,S
6036,0,3,"Moore, Mr. Edward",male,6.9,0,0,T74527,14.43,,S
6037,1,3,"Taylor, Mrs. Florence",female,15.0,2,1,T904267,8.63,,C
6038,0,3,"Smith, Mr. William",male,28.3,1,1,T843590,11.65,,S
6039,0,3,"Thomas, Master. William",male,,0,0,T499133,5.06,,C
6040,0,3,"Williams, Mr. James",male,14.3,1,0,T971607,6.17,,C
6041,0,3,"Taylor, Mr. Edward",male,46.4,0,0,T345146,9.71,,S
6042,0,3,"Anderson, Mr. Thomas",male,,0,0,T515088,12.18,,C
6043,0,2,"Moore, Mr. Charles",male,36.0,1,0,T263758,19.13,,S
6044,1,1,"Moore, Mr. Thomas",male,11.8,0,0,T246020,63.35,A57,S
6045,0,3,"Wilson, Mr. William",male,28.9,1,0,T270476,11.3,,S
6046,0,3,"Brown, Mr. George",male,27.7,0,0,T390970,9.21,,S
6047,0,3,"Brown, Mr. Henry",male,18.2,0,0,T359271,21.07,,S
6048,0,1,"Moore, Miss. Alice",female,29.0,0,2,T425196,23.12,,S
6049,0,1,"Smith, Mr. Henry",male,2.3,0,0,T215964,112.77,B106,C
6050,1,3,"Brown, Mrs. Alice",female,36.1,0,0,T422652,10.04,,S
6051,1,1,"Davis, Mr. John",male,23.9,1,0,T937929,51.69,D129,S
6052,1,3,"Jones, Mrs. Florence",female,26.0,1,0,T635601,7.74,,S
6053,1,3,"Thomas, Mr. Richard",male,42.1,0,0,T373424,13.33,,Q
6054,1,3,"Smith, Mrs. Emma",female,,0,0,T253789,12.29,,S
6055,0,1,"Jones, Mr. Henry",male,25.1,1,1,T279513,41.16,,S
6056,1,3,"Johnson, Miss. Emma",female,13.5,0,0,T267278,11.61,E102,S
6057,1,3,"Anderson, Mrs. Beatrice",female,49.0,0,0,T86239,9.34,,Q
6058,0,2,"Jones, Mr. Edward",male,10.3,1,0,T836528,30.56,,Q
6059,0,2,"Davis, Mr. Charles",male,38.8,1,0,T56702,20.16,,C
6060,0,2,"Wilson, Mrs. Florence",female,6.5,1,0,T276380,15.9,,S
6061,1,1,"Wilson, Mr. Edward",male,43.0,0,0,T454292,108.15,,S
6062,0,3,"Jones, Mr. John",male,44.4,0,0,T318487,10.94,,S
6063,0,3,"Smith, Mrs. Mary",female,2.0,0,1,T848570,9.08,,S
6064,0,3,"Davis, Mr. Richard",male,36.2,2,0,T421071,5.28,,S
6065,0,3,"Taylor, Mrs. Edith",female,35.0,2,0,T900734,8.32,,S
6066,0,3,"Williams, Mr. Edward",male,39.9,0,0,T496727,10.64,,S
6067,1,1,"Thomas, Mr. John",male,35.0,8,0,T599150,183.83,,C
6068,0,3,"Moore, Mr. Charles",male,15.7,1,0,T320008,27.66,B108,S
6069,0,3,"Jones, Mr. Charles",male,,0,1,T483940,16.32,C94,S
6070,1,3,"Johnson, Mrs. Emma",female,53.8,1,0,T201991,20.65,,C
6071,1,3,"Moore, Mr. Henry",male,13.6,0,0,T760921,13.76,,S
6072,0,3,"Davis, Mr. George",male,34.4,2,0,T573476,11.73,,Q
6073,0,3,"Smith, Mr. John",male,46.4,0,0,T361542,12.98,C18,S
6074,0,3,"Brown, Mrs. Edith",female,,1,0,T957692,9.49,,S
6075,1,1,"Thomas, Master. George",male,9.2,0,0,T698074,64.61,,C
6076,0,3,"Moore, Mr. John",male,11.3,1,0,T874318,25.11,,S
6077,0,3,"Johnson, Mr. Henry",male,35.4,0,0,T205415,7.82,,S
6078,0,2,"Jones, Mr. Charles",male,11.2,1,3,T835179,9.88,,S
6079,0,1,"Williams, Mr. Robert",male,27.7,0,0,T944987,61.86,,S
6080,0,3,"Taylor, Mr. Charles",male,49.6,0,0,T985148,6.72,,S
6081,0,2,"Anderson, Miss. Florence",female,29.0,0,1,T741799,16.65,,S
6082,0,3,"Moore, Mrs. Beatrice",female,,0,1,T863566,12.55,,S
6083,0,3,"Johnson, Mrs. Clara",female,31.5,0,0,T712380,21.05,,S
6084,0,3,"Thomas, Mr. John",male,28.7,0,0,T760619,15.77,E79,S
6085,0,3,"Smith, Mr. Richard",male,,0,0,T746593,10.99,,S
6086,0,3,"Smith, Mr. Charles",male,53.2,4,0,T850224,11.44,,Q
6087,1,2,"Thomas, Miss. Mary",female,35.5,0,0,T651806,45.46,,S
6088,0,1,"Anderson, Mr. James",male,59.2,2,1,T44459,72.08,,S
6089,1,2,"Thomas, Miss. Annie",female,36.3,1,0,T933578,9.79,,S
6090,1,1,"Brown, Mr. Richard",male,18.6,0,0,T623659,66.38,,S
6091,1,3,"Moore, Mrs. Beatrice",female,62.9,0,0,T609079,5.36,,S
6092,0,3,"Williams, Mrs. Dorothy",female,27.9,0,0,T320248,8.51,,S
6093,0,1,"Williams, Mr. William",male,14.4,0,0,T571483,100.04,,S
6094,0,2,"Moore, Mrs. Florence",female,63.4,0,0,T613990,28.49,,S
6095,1,3,"Taylor, Mrs. Annie",female,19.1,0,4,T690861,14.81,,S
6096,1,3,"Anderson, Mrs. Emma",female,18.5,0,0,T932967,8.57,,C
6097,1,1,"Anderson, Miss. Annie",female,21.7,1,0,T528024,71.14,,C
6098,0,3,"Brown, Mr. John",male,32.1,1,0,T790345,10.66,,S
6099,0,2,"Thomas, Mrs. Edith",female,43.2,0,0,T890489,33.59,,S
6100,1,1,"Smith, Mrs. Alice",female,,3,0,T980252,173.55,,S
6101,0,1,"Smith, Mr. George",male,43.1,0,2,T263865,97.18,,S
6102,0,3,"Jones, Mr. John",male,21.7,1,0,T816995,5.38,,S
6103,1,1,"Jones, Mr. James",male,23.7,0,0,T161826,54.11,,S
6104,1,1,"Johnson, Mr. Robert",male,54.6,0,0,T398031,56.39,,S
6105,1,2,"Johnson, Miss. Lily",female,32.8,0,0,T547475,44.45,,S
6106,1,3,"Brown, Mr. William",male,36.2,0,0,T18217,6.7,,C
6107,0,1,"Thomas, Mr. Robert",male,29.0,0,0,T486338,110.91,,C
6108,0,2,"Anderson, Mr. James",male,,0,0,T442401,12.0,,S
6109,0,2,"Moore, Mr. Thomas",male,53.2,0,0,T250096,49.2,,Q
6110,0,1,"Johnson, Mr. William",male,0.5,0,0,T704442,59.04,C98,S
6111,0,3,"Wilson, Master. John",male,45.4,1,1,T128206,7.38,,S
6112,0,1,"Davis, Mr. John",male,,0,0,T793316,83.68,E110,S
6113,1,1,"Williams, Miss. Dorothy",female,37.0,0,0,T155191,198.42,,S
6114,0,3,"Miller, Mr. James",male,19.9,1,0,T285478,23.93,,C
6115,0,2,"Davis, Master. George",male,13.0,0,0,T799834,21.51,,C
6116,1,1,"Johnson, Mr. George",male,63.9,1,0,T873034,103.77,,S
6117,0,2,"Miller, Master. Charles",male,16.6,2,0,T105621,39.56,,S
6118,0,3,"Smith, Mr. William",male,,0,0,T503893,11.88,D103,C
6119,0,3,"Smith, Mr. Thomas",male,35.4,0,0,T900090,22.51,,S
6120,0,3,"Thomas, Mr. Richard",male,59.4,1,0,T824052,26.99,,S
6121,1,3,"Brown, Mr. Henry",male,25.1,2,0,T228570,9.34,,S
6122,0,3,"Williams, Mr. William",male,6.4,0,0,T858995,9.45,,C
6123,0,3,"Miller, Mrs. Edith",female,,1,0,T336407,16.39,,Q
6124,0,3,"Williams, Mr. Charles",male,,1,0,T291943,13.94,F14,S
6125,1,2,"Williams, Miss. Lily",female,68.5,0,0,T572666,17.08,B113,S
6126,1,1,"Williams, Mrs. Emma",female,38.8,0,0,T869401,84.64,,C
6127,1,3,"Brown, Miss. Clara",female,41.0,0,0,T544506,14.7,,C
6128,0,3,"Smith, Mr. Charles",male,41.0,0,0,T423330,4.99,,S
6129,1,3,"Williams, Mrs. Edith",female,19.6,0,0,T827303,8.97,,S
6130,0,3,"Brown, Mr. Richard",male,,0,0,T383876,17.17,,S
6131,0,3,"Taylor, Mr. James",male,31.3,0,0,T391600,8.54,,S
6132,1,2,"Thomas, Mr. Edward",male,57.9,0,0,T156279,18.72,,
6133,1,2,"Smith, Miss. Dorothy",female,12.9,0,0,T749030,19.07,,S
6134,0,3,"Miller, Mr. Charles",male,19.1,0,0,T265430,10.22,,S
6135,1,2,"Taylor, Miss. Annie",female,24.4,0,0,T783551,18.98,F138,C
6136,1,3,"Wilson, Master. Henry",male,,0,0,T455828,8.33,,S
6137,0,3,"Miller, Miss. Annie",female,8.5,0,0,T556404,9.97,,S
6138,1,3,"Taylor, Mrs. Alice",female,0.5,1,0,T998655,21.06,B19,C
6139,1,1,"Thomas, Mrs. Edith",female,3.2,1,0,T870334,40.74,,S
6140,0,3,"Brown, Mr. Robert",male,45.6,0,0,T891782,19.3,,Q
6141,0,2,"Miller, Mrs. Alice",female,29.6,0,1,T796426,30.53,,S
6142,1,2,"Smith, Miss. Emma",female,41.8,1,0,T701261,25.18,F141,Q
6143,0,3,"Williams, Mr. William",male,,1,0,T780648,15.72,,S
6144,1,2,"Williams, Mr. Robert",male,28.3,1,1,T54876,24.51,,S
6145,1,1,"Anderson, Miss. Lily",female,53.1,1,0,T64281,33.47,,C
6146,0,2,"Moore, Mr. Thomas",male,52.2,0,0,T793440,34.69,,S
6147,0,3,"Taylor, Mrs. Florence",female,43.4,2,1,T700343,23.88,,S
6148,0,2,"Davis, Mr. John",male,,1,0,T310045,28.74,,S
6149,0,3,"Williams, Mr. Henry",male,37.2,0,1,T993740,7.95,D34,S
6150,1,3,"Miller, Mr. Richard",male,35.1,0,1,T31194,21.44,,S
6151,0,3,"Williams, Mr. Robert",male,27.3,0,0,T801295,8.77,,S
6152,1,3,"Williams, Mr. Robert",male,,0,0,T632253,12.71,A11,S
6153,1,2,"Wilson, Mrs. Clara",female,46.0,0,0,T175897,22.21,E83,Q
6154,1,1,"Brown, Mr. William",male,10.9,0,1,T72830,27.68,,S
6155,1,2,"Wilson, Mrs. Beatrice",female,,0,0,T326461,63.71,F2,S
6156,1,2,"Davis, Mrs. Emma",female,25.7,1,0,T168440,27.39,,S
6157,0,3,"Thomas, Mr. William",male,10.6,0,2,T684141,17.45,F135,C
6158,0,1,"Miller, Mr. George",male,21.8,1,0,T241350,93.64,,S
6159,0,2,"Jones, Mr. Henry",male,17.0,0,2,T516673,15.54,,C
6160,0,3,"Smith, Mr. Henry",male,21.4,1,0,T542203,5.13,,S
6161,0,3,"Davis, Mr. William",male,,5,3,T996703,6.82,F59,C
6162,0,3,"Jones, Mr. John",male,20.5,0,2,T213386,7.78,,S
6163,1,3,"Johnson, Miss. Beatrice",female,25.2,0,0,T340893,12.52,D67,S
6164,0,3,"Thomas, Mr. Henry",male,,0,0,T108077,11.25,,S
6165,0,3,"Wilson, Mr. Charles",male,40.8,1,2,T666899,8.07,C83,S
6166,1,2,"Taylor, Miss. Emma",female,26.1,1,1,T851510,15.41,C143,S
6167,1,3,"Jones, Mrs. Alice",female,,1,0,T668306,11.7,E4,S
6168,0,3,"Jones, Mrs. Florence",female,,1,1,T709191,6.39,,S
6169,1,1,"Williams, Miss. Mary",female,37.5,0,0,T461348,69.24,A122,S
6170,0,2,"Thomas, Mr. Robert",male,30.4,0,2,T944549,28.94,,C
6171,1,3,"Smith, Miss. Lily",female,20.3,0,0,T932691,5.26,,Q
6172,1,3,"Wilson, Mrs. Dorothy",female,,0,2,T727590,19.8,,S
6173,0,1,"Brown, Mr. Richard",male,32.7,0,0,T805896,323.52,,S
6174,0,1,"Taylor, Master. William",male,48.2,1,0,T693395,65.25,,S
6175,0,3,"Anderson, Mr. James",male,,0,0,T200462,18.72,,Q
6176,0,3,"Anderson, Mr. Henry",male,19.5,0,0,T803669,14.79,E5,S
6177,0,2,"Anderson, Mr. Thomas",male,26.0,0,0,T815285,25.0,A140,C
6178,0,2,"Wilson, Mr. George",male,21.6,0,0,T746240,22.42,,S
6179,0,3,"Wilson, Master. Henry",male,20.0,1,0,T635082,17.17,,C
6180,1,2,"Moore, Mr. James",male,8.8,0,0,T151881,15.18,,S
6181,0,3,"Moore, Mr. James",male,26.2,2,0,T250957,7.53,,Q
6182,0,1,"Brown, Mrs. Lily",female,33.1,2,0,T667120,85.03,,S
6183,1,1,"Brown, Mr. Robert",male,14.0,0,0,T817332,189.16,,S
6184,0,1,"Jones, Mr. John",male,17.0,0,0,T422641,107.49,,S
6185,0,2,"Miller, Mr. Henry",male,16.0,0,0,T190185,17.2,,S
6186,0,1,"Taylor, Mr. Edward",male,9.6,0,0,T736606,153.74,D127,S
6187,1,1,"Wilson, Mr. Robert",male,,1,0,T294948,91.76,E1,S
6188,0,3,"Johnson, Mr. Edward",male,26.8,0,1,T263754,10.06,,S
6189,1,1,"Moore, Mrs. Lily",female,10.2,0,3,T441824,162.34,B120,S
6190,0,3,"Johnson, Master. Edward",male,,1,0,T125310,21.52,D17,S
6191,0,2,"Jones, Mr. Edward",male,19.5,0,0,T516550,26.9,,S
6192,0,3,"Johnson, Mr. Henry",male,16.2,1,0,T371597,7.5,,S
6193,1,1,"Smith, Mr. James",male,35.2,1,1,T525923,31.18,,S
6194,1,2,"Jones, Mrs. Clara",female,20.4,0,1,T592647,16.51,,C
6195,0,3,"Anderson, Mr. Richard",male,,1,0,T172299,29.44,,C
6196,1,3,"Anderson, Mrs. Emma",female,48.5,0,0,T582783,11.39,,Q
6197,0,3,"Smith, Mr. Richard",male,16.4,1,0,T148311,6.42,,S
6198,0,3,"Jones, Mrs. Beatrice",female,52.4,0,0,T415574,14.08,,S
6199,1,3,"Brown, Miss. Emma",female,,1,2,T565200,16.51,,S
6200,1,2,"Taylor, Mrs. Lily",female,13.2,0,1,T608530,13.98,,S
6201,0,3,"Anderson, Mrs. Mary",female,21.7,0,0,T119045,11.0,,S
6202,1,3,"Williams, Mr. Thomas",male,30.7,0,3,T775883,8.21,F137,Q
6203,1,3,"Taylor, Mrs. Lily",female,47.9,0,0,T281909,6.48,D80,S
6204,0,3,"Anderson, Mr. John",male,,0,0,T325237,13.12,F94,S
6205,1,1,"Wilson, Mrs. Alice",female,30.6,1,2,T734705,48.24,,S
6206,0,2,"Brown, Mr. Edward",male,48.0,0,0,T176174,51.62,,S
6207,1,3,"Moore, Miss. Mary",female,2.4,5,0,T568407,17.84,,S
6208,1,3,"Taylor, Mrs. Clara",female,33.3,0,4,T770946,13.89,,C
6209,1,3,"Brown, Mr. Robert",male,,1,2,T271492,13.96,,S
6210,0,3,"Johnson, Mrs. Edith",female,34.4,0,2,T550696,10.81,,S
6211,0,2,"Thomas, Mrs. Annie",female,6.4,0,0,T442923,22.2,,S
6212,0,1,"Anderson, Mr. James",male,15.0,0,0,T301318,65.2,,C
6213,1,1,"Johnson, Mr. Henry",male,27.3,0,0,T927976,112.51,,S
6214,0,3,"Jones, Mr. Robert",male,45.9,0,0,T317452,9.66,,Q
6215,0,3,"Thomas, Mr. James",male,57.5,0,0,T255107,12.55,B84,S
6216,0,2,"Williams, Mr. John",male,20.1,0,0,T619615,25.49,F114,S
6217,0,3,"Brown, Mr. Robert",male,10.7,1,0,T790796,5.01,A18,S
6218,0,1,"Johnson, Mr. George",male,41.5,0,2,T852873,70.9,,S
6219,0,1,"Miller, Master. Henry",male,67.6,4,0,T646860,132.57,,S
6220,0,3,"Johnson, Mr. William",male,45.8,0,0,T194706,10.72,,C
6221,0,2,"Thomas, Miss. Emma",female,18.8,1,0,T367226,41.46,,S
6222,0,3,"Smith, Mr. Thomas",male,,0,1,T281407,4.08,,S
6223,0,3,"Taylor, Mrs. Florence",female,39.7,1,0,T653940,21.82,,C
6224,0,3,"Taylor, Mr. George",male,18.2,0,0,T492159,6.69,,Q
6225,0,1,"Brown, Mr. John",male,57.7,1,0,T531485,104.54,,S
6226,0,3,"Williams, Mr. George",male,17.1,0,0,T421277,9.43,,S
6227,0,3,"Smith, Miss. Florence",female,20.7,0,0,T51129,8.33,E43,C
6228,0,3,"Moore, Miss. Mary",female,,0,0,T227328,13.24,,C
6229,0,3,"Taylor, Mrs. Lily",female,29.3,0,0,T870790,2.99,F127,S
6230,1,1,"Thomas, Mr. George",male,30.2,0,2,T925120,105.64,A44,S
6231,1,1,"Taylor, Miss. Edith",female,,8,0,T337335,122.66,,S
6232,0,3,"Taylor, Mr. John",male,45.9,1,1,T268382,7.49,,S
6233,0,3,"Williams, Mrs. Clara",female,0.5,0,0,T217638,5.38,,C
6234,0,2,"Miller, Mr. Richard",male,33.8,0,0,T916177,16.87,,S
6235,0,1,"Taylor, Mr. John",male,,0,0,T255083,108.8,,C
6236,0,3,"Davis, Mr. Richard",male,,0,0,T341516,7.82,,S
6237,0,2,"Miller, Miss. Mary",female,18.8,0,1,T892602,23.18,,C
6238,0,1,"Thomas, Mr. Henry",male,,0,2,T959438,28.88,,S
6239,0,1,"Davis, Mr. James",male,,0,2,T849910,43.91,,S
6240,1,2,"Williams, Mr. Thomas",male,48.4,0,0,T276186,48.62,B109,S
6241,0,3,"Jones, Mrs. Lily",female,41.8,0,0,T387178,10.47,,S
6242,0,2,"Anderson, Mr. Edward",male,26.9,1,0,T547237,14.18,,C
6243,0,1,"Anderson, Mrs. Lily",female,9.2,0,0,T287837,52.32,,Q
6244,1,1,"Thomas, Mrs. Lily",female,41.6,0,0,T226502,51.7,G119,S
6245,1,2,"Johnson, Miss. Mary",female,48.7,0,2,T21574,20.64,,C
6246,1,3,"Miller, Mrs. Annie",female,44.7,0,0,T87624,7.18,C88,C
6247,1,1,"Smith, Mrs. Edith",female,15.7,0,0,T699591,119.22,,S
6248,1,3,"Smith, Mr. George",male,17.2,0,0,T360118,3.56,,Q
6249,0,1,"Brown, Mr. Charles",male,53.7,0,0,T127121,225.07,,C
6250,0,1,"Johnson, Mr. Richard",male,12.2,0,2,T931757,142.12,,C
6251,1,1,"Brown, Mr. William",male,36.6,1,0,T150572,106.87,G62,S
6252,1,1,"Wilson, Mr. Charles",male,3.9,0,0,T151926,122.95,,S
6253,1,3,"Moore, Miss. Florence",female,25.3,0,0,T275082,3.41,,C
6254,0,3,"Moore, Mr. Richard",male,38.2,0,0,T618241,6.98,,S
6255,0,3,"Wilson, Miss. Annie",female,29.3,0,0,T327951,11.99,,S
6256,0,1,"Brown, Mr. James",male,37.3,0,0,T545891,89.49,,S
6257,1,1,"Wilson, Mr. James",male,11.9,0,2,T977263,96.37,,Q
6258,0,2,"Williams, Mr. James",male,,0,0,T516240,20.15,B88,S
6259,0,3,"Miller, Mr. Charles",male,,0,0,T507122,7.79,,S
6260,1,2,"Brown, Miss. Annie",female,39.8,1,0,T998052,18.17,,S
6261,0,2,"Smith, Mr. William",male,32.9,0,0,T200917,18.87,F21,C
6262,0,2,"Brown, Mr. Thomas",male,43.4,0,0,T466146,17.05,,S
6263,1,1,"Jones, Mrs. Alice",female,5.7,0,0,T775922,105.47,,S
6264,0,3,"Taylor, Mr. George",male,22.9,1,0,T174687,13.83,,S
6265,0,3,"Brown, Mr. Edward",male,56.1,0,1,T641757,10.05,A42,C
6266,0,3,"Johnson, Master. Robert",male,,0,0,T349977,11.45,,Q
6267,0,3,"Moore, Mr. Robert",male,38.9,0,0,T37020,5.59,,S
6268,0,3,"Moore, Mr. George",male,,1,0,T813167,9.82,,S
6269,1,1,"Wilson, Mrs. Dorothy",female,44.7,1,0,T34797,111.11,,S
6270,0,3,"Taylor, Mr. Thomas",male,35.9,1,0,T628693,16.21,,S
6271,1,1,"Thomas, Mr. John",male,7.7,0,0,T841948,61.24,,S
6272,1,2,"Miller, Mr. George",male,44.1,0,2,T534478,16.53,,S
6273,1,3,"Brown, Mr. William",male,,0,0,T99041,9.13,,S
6274,0,3,"Miller, Mrs. Clara",female,40.7,0,0,T694881,8.74,C66,Q
6275,0,3,"Moore, Mr. James",male,6.3,1,0,T324070,7.06,,S
6276,1,3,"Brown, Miss. Alice",female,52.9,0,0,T399347,7.26,,S
6277,1,1,"Johnson, Mr. James",male,25.7,0,2,T217259,47.52,D54,S
6278,1,2,"Wilson, Mrs. Alice",female,13.6,1,0,T547776,24.24,,S
6279,1,1,"Brown, Mr. Robert",male,19.7,0,0,T478613,223.99,B92,S
6280,1,3,"Miller, Mr. Edward",male,24.8,1,0,T252831,15.19,,Q
6281,0,3,"Smith, Mr. Richard",male,29.6,0,0,T564392,9.43,D109,S
6282,1,2,"Miller, Mr. Charles",male,48.8,0,0,T638235,25.75,,S
6283,1,1,"Johnson, Mr. Robert",male,30.7,1,0,T462347,187.11,,S
6284,0,3,"Brown, Mr. Robert",male,,2,0,T295865,12.59,G110,S
6285,1,3,"Wilson, Miss. Emma",female,11.9,0,1,T113323,9.25,D6,C
6286,0,3,"Jones, Mr. Thomas",male,69.7,0,0,T778284,5.39,,C
6287,1,1,"Thomas, Mr. John",male,,1,0,T403214,58.35,,S
6288,1,3,"Miller, Miss. Clara",female,43.5,0,0,T300613,9.22,,S
6289,0,3,"Moore, Master. Edward",male,25.2,0,0,T543850,4.18,,S
6290,0,1,"Taylor, Mrs. Beatrice",female,15.1,0,2,T940764,179.03,,S
6291,0,3,"Johnson, Mr. Richard",male,22.7,0,0,T196831,8.95,G16,Q
6292,0,3,"Wilson, Mr. Robert",male,31.6,0,0,T517477,8.06,,S
6293,0,2,"Williams, Mr. Edward",male,23.0,0,1,T97827,30.26,,S
6294,0,3,"Thomas, Mrs. Mary",female,,1,0,T630282,11.08,D95,S
6295,1,3,"Moore, Miss. Alice",female,20.8,0,0,T881712,13.47,E68,S
6296,0,3,"Smith, Mrs. Annie",female,14.4,0,0,T329174,6.22,,S
6297,0,1,"Taylor, Mr. Robert",male,41.4,0,0,T370675,282.37,C43,S
6298,0,3,"Wilson, Miss. Florence",female,,1,0,T298235,32.31,,C
6299,0,1,"Brown, Mr. James",male,,0,2,T991384,178.41,,S
6300,0,3,"Williams, Mr. Henry",male,21.0,0,0,T927619,9.89,,C
6301,1,3,"Moore, Mrs. Alice",female,,1,0,T835688,9.92,,Q
6302,0,1,"Moore, Mr. Edward",male,,0,0,T41008,79.5,,S
6303,0,1,"Jones, Mr. Charles",male,,0,1,T299321,83.38,C87,S
6304,0,3,"Wilson, Master. Robert",male,23.3,0,0,T417406,32.97,,S
6305,0,2,"Davis, Mrs. Lily",female,30.6,0,0,T381539,41.24,,S
6306,0,3,"Thomas, Mr. Richard",male,26.4,0,0,T970737,10.58,B129,S
6307,0,3,"Williams, Mr. Robert",male,53.3,2,1,T127050,16.27,,S
6308,0,3,"Johnson, Miss. Lily",female,14.7,3,0,T290565,18.67,E51,S
6309,1,3,"Johnson, Mr. Henry",male,20.7,1,0,T918986,3.61,,S
6310,1,2,"Anderson, Mr. William",male,,0,0,T201000,27.76,,S
6311,0,2,"Thomas, Mr. Thomas",male,34.2,0,2,T996993,21.79,B82,S
6312,0,3,"Thomas, Mrs. Beatrice",female,30.5,1,0,T990587,10.3,,S
6313,0,3,"Thomas, Master. William",male,32.6,0,1,T875230,9.04,,C
6314,0,1,"Anderson, Mr. John",male,16.9,1,0,T321706,204.8,,S
6315,0,3,"Brown, Mr. Robert",male,51.2,0,0,T991489,18.93,B2,S
6316,1,3,"Johnson, Mr. Charles",male,,0,1,T622832,11.9,,S
6317,0,1,"Brown, Mr. Edward",male,46.9,0,0,T651246,66.35,,S
6318,0,3,"Miller, Mr. Charles",male,,4,1,T974238,11.57,,S
6319,0,3,"Williams, Mr. George",male,17.0,1,0,T819036,8.23,F54,C
6320,0,1,"Williams, Miss. Mary",female,34.7,0,0,T231224,26.8,B43,S
6321,1,1,"Miller, Miss. Emma",female,27.8,0,2,T496621,95.28,,S
6322,1,3,"Williams, Mrs. Dorothy",female,59.1,0,0,T25312,5.97,,S
6323,1,3,"Miller, Miss. Mary",female,,0,0,T663521,4.49,,C
6324,0,1,"Smith, Mr. Richard",male,33.3,1,0,T220324,64.11,D88,S
6325,1,2,"Anderson, Mr. William",male,33.0,0,0,T674927,31.15,,C
6326,0,2,"Smith, Miss. Florence",female,28.2,2,0,T339163,15.9,,S
6327,0,3,"Johnson, Master. Charles",male,40.7,0,2,T494982,11.23,,S
6328,1,1,"Jones, Miss. Annie",female,31.1,1,0,T875336,106.57,,C
6329,0,1,"Smith, Mr. James",male,36.7,1,0,T327184,147.87,,S
6330,0,3,"Anderson, Mr. William",male,,2,0,T526940,12.93,C112,S
6331,0,3,"Smith, Mr. Edward",male,20.9,0,1,T208343,21.13,,C
6332,0,3,"Thomas, Mr. Charles",male,25.8,1,0,T300859,10.39,,S
6333,0,2,"Williams, Mr. Edward",male,37.8,1,0,T659968,19.72,,S
6334,0,2,"Brown, Mr. John",male,37.7,0,1,T729848,40.6,,Q
6335,0,2,"Davis, Mr. George",male,,0,0,T40969,55.19,,C
6336,0,3,"Johnson, Mr. Robert",male,56.7,2,0,T287325,12.58,,S
6337,0,3,"Moore, Mr. James",male,22.1,0,0,T87903,18.33,,S
6338,1,1,"Anderson, Mrs. Florence",female,31.7,2,0,T620865,53.87,,S
6339,0,2,"Taylor, Master. John",male,26.9,0,0,T560674,14.97,,S
6340,0,3,"Smith, Master. John",male,13.6,0,0,T779609,16.46,C146,S
6341,0,3,"Brown, Master. William",male,37.9,0,0,T283598,5.36,,S
6342,1,3,"Miller, Miss. Emma",female,41.0,0,2,T986094,8.47,,S
6343,0,3,"Brown, Mr. Thomas",male,14.1,0,0,T505587,7.97,B40,S
6344,0,3,"Thomas, Mrs. Dorothy",female,24.3,0,0,T487122,20.4,,S
6345,0,3,"Wilson, Mr. George",male,,1,0,T522129,6.67,,S
6346,0,3,"Brown, Mr. Thomas",male,7.8,3,0,T704756,9.27,,S
6347,0,3,"Jones, Mr. Robert",male,29.2,0,0,T584609,6.02,,S
6348,0,3,"Taylor, Master. Thomas",male,13.1,0,0,T377757,9.4,,S
6349,0,3,"Davis, Mr. Thomas",male,32.0,0,0,T783057,7.22,,S
6350,0,2,"Thomas, Miss. Lily",female,,0,0,T82343,21.48,,S
6351,0,2,"Jones, Mr. Richard",male,,2,2,T197709,23.8,,C
6352,0,3,"Johnson, Mrs. Lily",female,36.1,1,0,T174417,25.0,,C
6353,1,3,"Wilson, Miss. Beatrice",female,51.9,0,0,T886493,9.8,E8,C
6354,0,3,"Thomas, Mrs. Beatrice",female,18.0,0,0,T53703,15.72,,C
6355,0,1,"Davis, Mr. Henry",male,18.7,0,0,T144400,17.27,,S
6356,0,3,"Anderson, Mrs. Mary",female,39.2,0,0,T751421,10.62,,Q
6357,1,1,"Williams, Mr. James",male,27.8,0,2,T977284,173.13,,S
6358,0,3,"Wilson, Mr. William",male,,0,0,T487770,6.3,,S
6359,0,1,"Wilson, Mrs. Beatrice",female,37.8,0,0,T857374,173.86,,S
6360,0,1,"Davis, Mr. Edward",male,57.5,3,0,T80520,153.32,,Q
6361,0,1,"Moore, Miss. Clara",female,28.4,0,0,T24727,146.55,E73,S
6362,0,3,"Jones, Mr. James",male,8.2,1,0,T162476,14.24,,S
6363,0,2,"Thomas, Mr. Henry",male,34.6,0,0,T57610,17.41,,C
6364,1,1,"Smith, Mr. John",male,,0,0,T239661,333.14,,S
6365,0,2,"Johnson, Mr. Richard",male,37.5,0,0,T446969,17.81,C21,C
6366,0,1,"Brown, Mr. George",male,39.3,0,2,T660072,136.66,,C
6367,0,3,"Brown, Mr. William",male,21.9,0,0,T848466,7.15,G46,S
6368,1,2,"Smith, Miss. Florence",female,15.1,0,0,T464641,28.96,,S
6369,0,2,"Anderson, Miss. Florence",female,27.6,1,0,T760848,15.32,,S
6370,0,3,"Anderson, Miss. Emma",female,0.5,1,0,T553706,11.15,,S
6371,1,3,"Taylor, Mrs. Clara",female,30.9,0,1,T988583,16.28,,Q
6372,0,3,"Brown, Mr. Richard",male,23.8,0,0,T983591,6.69,,S
6373,0,3,"Moore, Miss. Lily",female,42.2,0,0,T431991,6.65,,C
6374,0,3,"Wilson, Mr. Edward",male,0.9,0,0,T663442,10.11,,S
6375,1,1,"Smith, Mr. Edward",male,29.8,1,0,T832720,131.52,,S
6376,0,3,"Davis, Miss. Mary",female,52.6,0,0,T84296,2.76,G63,S
6377,0,3,"Jones, Mr. Thomas",male,,1,0,T724054,7.07,,C
6378,0,3,"Anderson, Miss. Beatrice",female,43.9,4,2,T173605,6.44,,Q
6379,0,3,"Anderson, Mr. Charles",male,34.6,1,0,T145798,3.78,,S
6380,0,3,"Johnson, Mr. George",male,5.6,0,0,T415877,8.37,,C
6381,1,1,"Davis, Mr. Edward",male,32.1,1,0,T749594,22.98,G21,C
6382,0,1,"Smith, Mr. John",male,35.6,2,1,T834771,67.52,D100,S
6383,1,3,"Miller, Mrs. Clara",female,14.1,1,1,T659297,8.29,,C
6384,0,3,"Anderson, Mrs. Dorothy",female,27.9,0,0,T404634,9.45,,Q
6385,1,2,"Moore, Mr. Edward",male,0.5,0,0,T596464,26.66,,S
6386,0,3,"Williams, Mr. Richard",male,24.9,1,1,T800634,14.41,,S
6387,0,3,"Taylor, Mr. Thomas",male,23.4,0,0,T11640,10.89,,S
6388,1,1,"Thomas, Mrs. Annie",female,50.0,0,2,T803153,39.16,,S
6389,0,3,"Smith, Mr. William",male,21.0,3,2,T601285,8.73,,S
6390,0,3,"Wilson, Mrs. Dorothy",female,25.8,0,0,T995079,15.59,,S
6391,0,1,"Moore, Mrs. Lily",female,,0,2,T497126,118.07,,S
6392,0,3,"Johnson, Mrs. Alice",female,21.1,0,0,T493288,7.45,B54,S
6393,0,1,"Smith, Mr. Edward",male,40.1,0,2,T183576,114.66,,S
6394,1,3,"Wilson, Mrs. Mary",female,0.8,0,2,T394531,7.18,,C
6395,1,1,"Johnson, Mr. Charles",male,46.2,0,3,T563581,79.46,,S
6396,1,3,"Smith, Miss. Lily",female,29.5,0,1,T214526,7.55,,S
6397,0,2,"Thomas, Miss. Dorothy",female,,0,0,T881176,42.14,,S
6398,1,2,"Williams, Mr. George",male,0.5,2,3,T201164,14.59,D146,S
6399,0,3,"Thomas, Mr. Henry",male,0.5,0,0,T715422,16.17,,S
6400,1,1,"Johnson, Miss. Annie",female,,0,0,T993612,52.83,,C
6401,0,3,"Moore, Miss. Clara",female,37.0,0,0,T184843,11.43,,C
6402,1,3,"Johnson, Miss. Edith",female,,0,0,T622329,21.26,,S
6403,0,3,"Jones, Mr. Edward",male,38.2,0,0,T182961,27.39,,Q
6404,0,3,"Moore, Mr. Henry",male,43.9,1,0,T437647,8.18,,S
6405,1,1,"Smith, Mrs. Annie",female,39.4,1,0,T244446,171.49,,S
6406,0,1,"Williams, Mr. William",male,31.2,0,0,T477296,198.77,,S
6407,0,3,"Davis, Mr. Robert",male,31.1,0,0,T657915,23.02,,C
6408,0,3,"Miller, Master. William",male,20.8,0,2,T712101,9.8,,S
6409,0,2,"Smith, Mr. John",male,28.9,0,0,T154563,26.33,G9,S
6410,0,3,"Williams, Mr. Thomas",male,14.8,1,4,T367347,8.5,,S
6411,0,3,"Davis, Mr. Robert",male,,1,0,T566876,14.92,,S
6412,0,3,"Moore, Mr. Charles",male,37.2,0,1,T25869,9.22,,Q
6413,0,3,"Johnson, Miss. Lily",female,23.0,0,0,T279481,5.24,,C
6414,0,3,"Wilson, Miss. Edith",female,19.0,1,1,T960797,18.02,,C
6415,0,3,"Smith, Mr. William",male,36.2,0,2,T633228,5.23,,C
6416,0,3,"Moore, Mr. Thomas",male,35.2,0,0,T667001,8.58,,S
6417,0,1,"Moore, Mr. William",male,26.6,0,2,T657914,141.72,,Q
6418,0,3,"Smith, Mrs. Clara",female,27.5,0,0,T719646,11.46,,S
6419,0,3,"Smith, Mrs. Beatrice",female,35.7,0,0,T575280,10.06,C10,S
6420,1,3,"Williams, Miss. Mary",female,43.7,0,1,T748805,14.69,C14,S
6421,0,3,"Smith, Mrs. Mary",female,,0,1,T421010,18.26,F143,S
6422,0,1,"Moore, Mr. Robert",male,12.4,0,1,T466966,71.85,,S
6423,0,3,"Johnson, Mr. Robert",male,26.5,0,0,T102461,11.79,,C
6424,0,3,"Thomas, Mr. Thomas",male,23.8,5,0,T742080,23.64,B24,C
6425,1,1,"Wilson, Mrs. Lily",female,14.4,8,0,T472247,41.05,,S
6426,0,2,"Taylor, Mr. John",male,36.9,0,0,T576312,41.59,,C
6427,0,3,"Wilson, Mrs. Dorothy",female,38.0,0,0,T656387,6.45,,S
6428,0,2,"Moore, Miss. Edith",female,,1,0,T179012,19.78,,S
6429,1,2,"Moore, Miss. Alice",female,,1,1,T567623,26.09,,Q
6430,0,1,"Moore, Mr. Edward",male,32.0,0,5,T306004,82.34,,S
6431,0,3,"Moore, Mr. Richard",male,29.6,1,0,T266281,13.95,,S
6432,0,3,"Thomas, Miss. Mary",female,,0,0,T756867,6.76,,C
6433,0,1,"Miller, Mr. Edward",male,,0,0,T44276,40.15,D104,S
6434,0,3,"Johnson, Mr. Richard",male,29.5,3,0,T90129,24.39,,S
6435,0,3,"Jones, Mrs. Florence",female,,1,0,T207625,51.57,,S
6436,1,1,"Anderson, Mrs. Annie",female,45.7,2,0,T685121,61.92,,S
6437,0,2,"Jones, Mr. John",male,,2,0,T26508,23.51,,S
6438,0,3,"Miller, Mrs. Edith",female,,0,0,T719376,15.76,,C
6439,0,3,"Taylor, Mr. Charles",male,,1,0,T498515,25.39,,S
6440,0,3,"Taylor, Mr. James",male,17.9,1,0,T742059,13.86,,S
6441,1,2,"Williams, Mr. George",male,,0,0,T381305,14.45,,C
6442,1,1,"Taylor, Miss. Dorothy",female,,0,1,T543879,91.67,,S
6443,0,3,"Williams, Mr. John",male,9.1,0,0,T589449,13.17,,Q
6444,0,2,"Davis, Mr. Henry",male,,0,0,T964425,16.68,A113,S
6445,0,3,"Wilson, Mr. Richard",male,,0,0,T366409,10.55,D68,S
6446,1,1,"Wilson, Miss. Annie",female,35.6,0,0,T267161,60.16,,S
6447,0,2,"Davis, Mrs. Alice",female,,0,0,T953246,13.76,,Q
6448,1,2,"Brown, Mr. Richard",male,46.9,0,0,T116769,43.54,B60,Q
6449,0,1,"Johnson, Mr. Robert",male,,0,1,T763389,60.24,,S
6450,0,2,"Davis, Mr. Richard",male,40.2,0,2,T140982,12.86,,Q
6451,1,1,"Brown, Master. George",male,12.7,1,1,T357838,145.89,,S
6452,1,3,"Moore, Mrs. Florence",female,55.9,0,0,T487323,10.8,,S
6453,0,3,"Smith, Mr. William",male,28.7,0,0,T703447,15.39,,Q
6454,1,1,"Anderson, Mrs. Mary",female,58.0,1,1,T554637,99.02,,Q
6455,0,3,"Anderson, Mr. John",male,17.8,0,0,T625081,15.54,,Q
6456,1,1,"Johnson, Mr. John",male,23.3,0,0,T428368,221.7,D65,S
6457,1,1,"Johnson, Mr. Richard",male,47.3,0,2,T202837,106.9,,C
6458,0,3,"Smith, Mr. Richard",male,9.0,0,2,T92678,11.31,C85,Q
6459,0,3,"Taylor, Mrs. Lily",female,19.6,0,1,T181053,12.05,A132,S
6460,0,3,"Thomas, Miss. Beatrice",female,,1,1,T439199,4.66,,S
6461,1,1,"Wilson, Mr. Thomas",male,14.9,1,0,T745124,181.83,,S
6462,0,3,"Miller, Mr. Edward",male,37.3,0,0,T477510,15.25,,S
6463,0,3,"Davis, Mr. George",male,32.2,0,0,T642588,12.18,,S
6464,0,1,"Moore, Mr. Henry",male,7.8,0,0,T323221,66.53,B115,Q
6465,1,2,"Anderson, Mrs. Mary",female,43.7,0,1,T349302,14.08,,S
6466,0,3,"Williams, Miss. Annie",female,11.4,0,0,T668547,14.38,,S
6467,0,3,"Davis, Mr. Robert",male,40.9,1,2,T165036,7.19,,S
6468,0,1,"Brown, Mr. James",male,31.6,0,0,T539537,54.05,,S
6469,0,2,"Wilson, Master. James",male,23.1,1,1,T357511,34.03,,Q
6470,0,2,"Brown, Mrs. Mary",female,13.7,0,0,T393280,25.28,,S
6471,0,3,"Thomas, Mr. Robert",male,34.5,0,0,T684627,16.66,,S
6472,0,3,"Wilson, Master. Charles",male,,1,1,T842339,10.28,,S
6473,0,2,"Thomas, Mr. Thomas",male,47.2,0,1,T456512,37.68,,C
6474,0,2,"Wilson, Master. Edward",male,47.7,0,0,T991127,17.48,,C
6475,0,3,"Anderson, Mr. Henry",male,53.5,0,0,T24517,13.61,,S
6476,0,3,"Williams, Mrs. Dorothy",female,33.8,0,0,T413331,9.67,,C
6477,0,3,"Brown, Mrs. Mary",female,23.8,5,0,T858502,11.79,,S
6478,1,2,"Moore, Mr. Edward",male,25.4,1,0,T316664,17.31,,S
6479,0,3,"Moore, Master. William",male,,1,0,T157302,17.95,,S
6480,0,3,"Wilson, Mrs. Alice",female,33.3,0,0,T522593,12.02,B2,Q
6481,1,2,"Davis, Mrs. Mary",female,36.0,0,0,T740285,23.84,,S
6482,0,3,"Anderson, Mr. Edward",male,,0,0,T616752,15.9,B47,S
6483,1,3,"Smith, Mrs. Emma",female,30.0,0,0,T655641,5.5,,S
6484,1,3,"Williams, Miss. Lily",female,9.4,0,0,T171596,25.84,,C
6485,0,3,"Davis, Mr. William",male,23.8,1,0,T898422,10.54,,C
6486,0,3,"Wilson, Mr. Charles",male,52.3,0,0,T786632,5.52,D49,S
6487,1,1,"Davis, Miss. Dorothy",female,,0,1,T481121,114.75,,S
6488,0,2,"Thomas, Miss. Florence",female,40.4,1,0,T997090,33.86,,C
6489,0,3,"Taylor, Mr. John",male,24.0,0,0,T719598,16.54,F148,C
6490,0,3,"Moore, Master. Richard",male,16.9,0,0,T894588,18.44,,S
6491,0,3,"Miller, Mr. Charles",male,,0,0,T94686,9.8,,S
6492,1,1,"Thomas, Miss. Emma",female,52.3,0,0,T409539,35.85,,S
6493,0,3,"Wilson, Mr. James",male,34.6,1,0,T218504,12.17,,C
6494,0,3,"Smith, Mr. James",male,25.9,0,2,T36982,17.74,,S
6495,1,3,"Jones, Miss. Lily",female,10.9,0,0,T512497,7.51,,S
6496,0,3,"Thomas, Mr. Edward",male,,0,2,T311107,7.25,,S
6497,1,3,"Thomas, Mrs. Beatrice",female,10.4,1,0,T15203,20.49,,S
6498,0,1,"Moore, Mr. Charles",male,25.2,0,0,T816943,66.91,,C
6499,0,1,"Smith, Mr. Thomas",male,28.8,0,0,T215437,44.38,A117,S
6500,0,1,"Jones, Mr. Thomas",male,0.5,1,0,T670863,47.6,,S
6501,0,3,"Smith, Mrs. Dorothy",female,,0,0,T341187,8.63,,C
6502,1,2,"Thomas, Mrs. Beatrice",female,11.7,0,0,T268331,40.21,A102,S
6503,0,3,"Miller, Mr. Robert",male,,0,3,T457769,10.77,,S
6504,0,2,"Anderson, Miss. Clara",female,,1,0,T832694,45.01,,S
6505,1,3,"Jones, Mrs. Alice",female,48.7,0,2,T473845,12.35,,S
6506,0,3,"Davis, Master. John",male,,1,1,T386721,17.09,,S
6507,0,3,"Anderson, Mr. William",male,0.5,0,0,T263549,7.44,,S
6508,0,3,"Wilson, Mr. Henry",male,45.3,0,1,T242970,15.56,,S
6509,1,1,"Miller, Mr. Henry",male,,0,0,T399354,61.38,F17,Q
6510,0,2,"Smith, Mr. James",male,,0,0,T509273,26.51,A18,Q
6511,0,3,"Thomas, Mr. Charles",male,35.8,0,0,T808781,6.69,,S
6512,0,3,"Johnson, Mr. Edward",male,,1,0,T536209,13.78,E88,S
6513,0,3,"Wilson, Mr. George",male,,0,0,T810162,13.17,A11,S
6514,0,3,"Williams, Mr. Richard",male,23.0,0,0,T267961,7.87,,S
6515,0,3,"Moore, Mr. Richard",male,0.5,0,0,T854384,10.84,D114,C
6516,0,2,"Miller, Mr. Charles",male,10.3,1,0,T974719,32.4,,S
6517,0,3,"Williams, Mr. Thomas",male,31.5,0,1,T193309,13.7,,S
6518,0,2,"Brown, Mrs. Edith",female,28.4,0,0,T988056,16.32,,S
6519,0,1,"Smith, Mr. Edward",male,34.1,0,0,T30486,92.92,,S
6520,0,2,"Johnson, Mr. Thomas",male,,1,5,T377638,27.89,,S
6521,0,1,"Wilson, Mr. Thomas",male,5.3,0,1,T622664,206.81,,S
6522,0,2,"Wilson, Mr. Robert",male,,3,0,T691414,31.57,A103,S
6523,1,3,"Miller, Mrs. Dorothy",female,40.7,2,0,T535504,37.17,,S
6524,1,3,"Moore, Mr. Richard",male,51.8,1,1,T258376,21.38,D78,S
6525,0,2,"Johnson, Mr. Robert",male,15.7,0,0,T546373,23.79,,S
6526,0,3,"Smith, Mr. Edward",male,33.5,1,0,T25277,7.02,,C
6527,0,1,"Jones, Mr. Charles",male,41.4,0,0,T140791,69.77,G21,C
6528,0,1,"Jones, Mr. Richard",male,33.1,0,0,T39026,40.9,D83,S
6529,0,3,"Wilson, Mr. Edward",male,26.1,0,1,T429365,15.62,,S
6530,0,3,"Moore, Mr. Richard",male,,0,0,T820798,5.21,,S
6531,1,1,"Brown, Mrs. Beatrice",female,58.5,0,0,T358403,100.82,,S
6532,1,1,"Brown, Mr. John",male,31.1,0,3,T105854,23.87,,C
6533,0,3,"Brown, Mr. William",male,35.3,0,0,T53015,21.72,C47,S
6534,0,2,"Taylor, Mr. William",male,34.4,0,0,T908066,43.35,,C
6535,0,3,"Davis, Mrs. Alice",female,17.9,0,0,T961236,7.41,,C
6536,0,3,"Thomas, Mr. Robert",male,30.4,0,2,T59068,12.63,,S
6537,1,1,"Johnson, Mr. George",male,25.0,0,0,T210363,144.82,,S
6538,0,3,"Williams, Master. Charles",male,,0,0,T587535,8.69,,S
6539,0,2,"Brown, Mr. William",male,34.3,2,0,T850143,50.85,E50,S
6540,0,3,"Davis, Mr. James",male,16.4,0,0,T869398,2.12,,S
6541,0,3,"Brown, Miss. Dorothy",female,12.2,0,0,T776824,16.48,,C
6542,0,3,"Johnson, Master. Thomas",male,,0,0,T175908,12.24,,Q
6543,0,3,"Jones, Miss. Lily",female,22.0,1,0,T558907,12.12,,C
6544,0,3,"Davis, Mr. Thomas",male,24.7,0,0,T635944,21.04,,S
6545,1,2,"Taylor, Mrs. Lily",female,1.7,0,1,T456254,21.23,,Q
6546,0,3,"Williams, Mr. James",male,43.7,1,1,T806652,27.3,D80,C
6547,0,3,"Miller, Mr. Thomas",male,37.3,0,0,T152465,5.24,,S
6548,0,2,"Brown, Mrs. Annie",female,,0,2,T923735,28.78,,C
6549,0,3,"Davis, Mr. Robert",male,35.3,0,0,T368994,24.11,A58,S
6550,0,1,"Johnson, Mrs. Dorothy",female,7.7,3,1,T298873,54.57,,C
6551,0,3,"Davis, Mr. Henry",male,33.0,0,0,T579956,7.12,,S
6552,0,3,"Taylor, Mrs. Mary",female,,0,0,T422498,6.24,,Q
6553,0,3,"Williams, Mr. Henry",male,15.7,2,0,T890308,4.76,C127,C
6554,1,3,"Williams, Miss. Mary",female,37.0,0,2,T429636,9.55,,S
6555,0,2,"Jones, Mr. John",male,53.7,0,0,T484560,11.2,,Q
6556,1,3,"Smith, Mr. James",male,,0,1,T283307,22.35,,S
6557,1,1,"Wilson, Mrs. Clara",female,,0,0,T519799,138.14,,S
6558,1,3,"Johnson, Mrs. Lily",female,29.3,1,0,T221405,5.99,,S
6559,0,3,"Johnson, Master. John",male,26.6,1,0,T620966,5.86,,S
6560,0,3,"Davis, Mr. Thomas",male,16.6,0,0,T860311,6.51,,C
6561,0,3,"Thomas, Mr. Henry",male,25.8,0,0,T301874,5.43,E130,S
6562,0,3,"Smith, Mr. Robert",male,,0,0,T441582,16.85,,C
6563,1,1,"Davis, Mr. James",male,56.1,1,0,T123814,131.59,,C
6564,0,2,"Jones, Mrs. Annie",female,17.9,0,0,T377686,30.17,,C
6565,0,1,"Davis, Mr. Charles",male,0.8,1,0,T451857,169.0,,C
6566,0,3,"Brown, Mr. Thomas",male,22.0,0,1,T523234,3.83,C53,S
6567,0,3,"Anderson, Miss. Annie",female,,0,0,T147307,5.07,,C
6568,0,3,"Moore, Mr. John",male,59.7,2,1,T71989,28.12,,C
6569,0,3,"Moore, Mr. Richard",male,,0,0,T14131,13.01,,S
6570,1,3,"Taylor, Miss. Clara",female,48.3,0,1,T363715,17.62,C139,S
6571,1,1,"Jones, Mrs. Mary",female,17.4,1,0,T875760,114.42,B56,S
6572,1,2,"Taylor, Miss. Dorothy",female,17.8,0,0,T11404,23.79,,Q
6573,1,1,"Miller, Miss. Clara",female,,0,0,T183751,237.19,D124,C
6574,0,3,"Thomas, Mr. Edward",male,20.1,1,0,T151841,6.34,,S
6575,0,1,"Davis, Mr. John",male,43.0,1,0,T938165,209.07,,S
6576,1,3,"Moore, Miss. Clara",female,53.3,0,0,T337817,11.14,,S
6577,0,3,"Moore, Mr. Edward",male,,0,1,T829993,20.68,,S
6578,0,3,"Smith, Mr. Henry",male,,0,2,T284047,6.5,,S
6579,1,1,"Williams, Miss. Alice",female,14.2,0,0,T325598,51.76,,S
6580,0,2,"Moore, Miss. Emma",female,28.1,1,0,T109642,18.25,A82,S
6581,0,2,"Johnson, Mr. Richard",male,32.6,0,0,T190063,28.05,B29,S
6582,1,3,"Williams, Mrs. Annie",female,,0,0,T784608,9.7,,S
6583,0,1,"Smith, Mrs. Florence",female,43.1,2,0,T441872,215.21,,S
6584,0,3,"Miller, Mrs. Florence",female,23.6,0,0,T875166,17.59,,S
6585,1,3,"Anderson, Mrs. Clara",female,,0,0,T435561,14.33,,S
6586,1,1,"Jones, Mr. Thomas",male,29.5,0,0,T50929,69.6,,S
6587,1,3,"Moore, Miss. Edith",female,34.0,1,2,T329605,5.64,,S
6588,0,3,"Jones, Miss. Edith",female,19.5,0,0,T610387,9.29,,C
6589,0,3,"Smith, Miss. Clara",female,24.7,1,0,T442346,9.25,,C
6590,1,1,"Taylor, Miss. Annie",female,39.0,0,0,T999095,123.48,,S
6591,0,1,"Taylor, Mr. George",male,27.8,0,0,T55318,43.21,,C
6592,0,1,"Anderson, Mr. George",male,13.7,0,1,T207795,63.8,,S
6593,0,2,"Smith, Mr. William",male,31.3,0,0,T593404,42.26,B28,S
6594,1,3,"Brown, Miss. Dorothy",female,35.3,0,0,T182659,13.39,D36,S
6595,0,3,"Davis, Mrs. Edith",female,49.6,0,3,T181228,12.5,,Q
6596,0,3,"Smith, Mr. Robert",male,46.4,8,0,T96319,8.38,,C
6597,1,1,"Miller, Mr. Richard",male,,1,0,T195236,92.8,,S
6598,0,1,"Davis, Mrs. Mary",female,21.8,1,0,T544331,113.89,E146,S
6599,0,3,"Moore, Mr. Charles",male,26.4,1,0,T916894,15.82,,C
6600,0,2,"Smith, Mr. George",male,22.1,0,0,T763158,29.78,,C
6601,0,2,"Anderson, Mr. James",male,,0,0,T495614,19.89,,C
6602,1,3,"Miller, Mrs. Alice",female,,1,0,T790137,6.75,E13,C
6603,1,1,"Taylor, Mrs. Florence",female,47.7,0,0,T810219,115.24,,S
6604,0,3,"Davis, Mr. Robert",male,23.7,0,0,T756172,10.26,,S
6605,0,2,"Jones, Mr. Edward",male,,3,0,T205080,26.82,,S
6606,0,3,"Moore, Master. George",male,23.6,0,1,T833988,12.91,,S
6607,0,3,"Johnson, Mrs. Beatrice",female,1.7,1,1,T368237,39.76,G88,S
6608,0,1,"Thomas, Mrs. Mary",female,,0,0,T699394,116.02,,Q
6609,0,3,"Taylor, Mr. Henry",male,29.2,0,0,T398344,10.73,G24,S
6610,0,3,"Wilson, Mr. Henry",male,35.2,0,2,T30191,5.37,,C
6611,0,3,"Smith, Mrs. Clara",female,36.8,0,0,T918907,4.03,,S
6612,0,1,"Davis, Master. William",male,18.4,4,0,T865756,37.8,,C
6613,0,3,"Brown, Mr. Charles",male,22.6,1,0,T811965,17.23,D45,S
6614,1,2,"Miller, Miss. Emma",female,,0,0,T811729,12.79,,S
6615,1,3,"Johnson, Miss. Dorothy",female,24.2,4,4,T21347,12.66,,S
6616,1,3,"Davis, Miss. Alice",female,,0,0,T661157,11.63,,S
6617,0,3,"Taylor, Mr. Richard",male,10.7,0,0,T486962,12.58,,S
6618,0,3,"Taylor, Mr. Thomas",male,13.0,0,0,T372585,5.19,,S
6619,0,2,"Jones, Mr. Edward",male,25.4,0,3,T654226,21.32,,S
6620,0,1,"Smith, Mr. George",male,9.9,0,0,T246968,87.01,A141,S
6621,0,3,"Taylor, Mr. William",male,,0,0,T737858,19.59,,C
6622,0,3,"Smith, Mr. Richard",male,,0,0,T338724,7.43,G63,C
6623,0,2,"Anderson, Miss. Florence",female,26.2,0,1,T802092,19.92,,S
6624,0,3,"Moore, Mr. Edward",male,38.8,0,0,T70146,6.68,F136,S
6625,0,3,"Johnson, Mr. Robert",male,,0,2,T76816,16.24,B108,Q
6626,0,3,"Taylor, Mr. Richard",male,52.7,0,1,T212900,16.17,,S
6627,0,1,"Wilson, Mr. Richard",male,31.2,0,0,T438142,65.54,,
6628,0,1,"Williams, Mr. Edward",male,33.1,0,2,T463354,211.96,,S
6629,0,3,"Taylor, Mrs. Mary",female,26.1,0,0,T134482,9.35,,S
6630,0,3,"Jones, Master. James",male,26.8,0,0,T893000,32.22,A87,S
6631,0,3,"Moore, Mrs. Florence",female,,1,0,T824681,21.38,,S
6632,0,2,"Wilson, Master. James",male,33.5,2,1,T968635,27.77,D31,C
6633,0,3,"Wilson, Mr. Edward",male,34.7,0,0,T117163,7.77,,C
6634,0,3,"Brown, Mr. William",male,13.1,0,0,T502899,11.87,B11,S
6635,1,2,"Wilson, Mr. George",male,35.7,1,0,T53490,40.24,A106,C
6636,1,3,"Smith, Mrs. Dorothy",female,,3,0,T971964,16.45,B57,C
6637,0,3,"Moore, Mrs. Beatrice",female,,3,1,T594660,9.66,,S
6638,1,3,"Davis, Mr. George",male,38.8,2,1,T475981,8.23,,S
6639,0,3,"Jones, Mr. George",male,27.9,1,1,T804006,10.1,,C
6640,0,3,"Jones, Mr. James",male,27.2,0,0,T19089,7.46,F71,C
6641,0,3,"Johnson, Mrs. Mary",female,28.7,0,0,T151102,5.84,,S
6642,0,3,"Miller, Mr. Henry",male,,1,3,T682066,11.9,,S
6643,1,3,"Johnson, Mrs. Emma",female,48.1,0,2,T236568,22.21,,C
6644,1,2,"Brown, Mr. Edward",male,,0,0,T799559,26.46,,S
6645,0,3,"Moore, Mr. Charles",male,40.6,1,0,T966968,20.8,,S
6646,0,3,"Smith, Master. Henry",male,59.1,0,3,T13413,18.99,,C
6647,0,2,"Brown, Mr. William",male,0.5,1,0,T78627,24.57,,C
6648,0,3,"Wilson, Mr. Charles",male,23.0,0,0,T829259,9.22,,S
6649,1,1,"Thomas, Mr. John",male,29.5,2,0,T160307,89.25,,S
6650,0,3,"Miller, Mr. Richard",male,20.0,0,1,T276563,11.53,,S
6651,0,2,"Taylor, Mr. John",male,,0,1,T36529,29.34,,Q
6652,0,2,"Brown, Mr. Richard",male,4.8,0,0,T216542,23.3,,S
6653,0,3,"Moore, Master. James",male,,1,0,T235422,14.86,,S
6654,1,3,"Jones, Mr. Charles",male,42.7,0,2,T559823,9.82,A42,S
6655,0,3,"Miller, Mr. Edward",male,,0,0,T619744,23.16,,S
6656,0,3,"Smith, Mr. Edward",male,18.8,2,0,T748601,12.0,,S
6657,1,3,"Wilson, Mr. George",male,,0,0,T307885,11.92,E63,Q
6658,0,3,"Williams, Mr. James",male,49.4,0,1,T271219,6.75,D132,S
6659,0,3,"Davis, Miss. Emma",female,7.7,0,1,T545564,8.69,,S
6660,0,3,"Moore, Mr. George",male,27.4,2,0,T174638,5.49,,S
6661,0,1,"Wilson, Mrs. Mary",female,33.9,1,0,T554659,46.99,,S
6662,0,3,"Moore, Mr. Edward",male,29.8,0,0,T709791,14.51,,S
6663,0,2,"Johnson, Miss. Florence",female,,0,0,T984099,11.06,,S
6664,0,3,"Anderson, Mrs. Mary",female,,2,0,T573009,13.84,C28,C
6665,0,1,"Taylor, Miss. Clara",female,15.1,0,0,T111007,81.59,,Q
6666,0,3,"Brown, Miss. Alice",female,39.6,0,0,T482866,10.85,C116,S
6667,0,3,"Jones, Mr. Thomas",male,5.0,0,0,T158669,23.36,,C
6668,0,3,"Davis, Mr. George",male,41.5,2,0,T616674,12.65,,S
6669,0,3,"Davis, Mr. James",male,36.2,1,0,T330764,5.35,C117,S
6670,0,3,"Thomas, Mr. Henry",male,,0,1,T426934,9.9,G70,C
6671,1,2,"Davis, Mr. James",male,22.9,0,4,T138739,19.72,,C
6672,0,3,"Brown, Mr. George",male,37.1,1,2,T908271,13.48,D13,S
6673,0,3,"Anderson, Mr. Charles",male,12.7,1,0,T921790,13.59,,S
6674,0,3,"Thomas, Mr. William",male,,0,0,T842098,14.3,,S
6675,1,1,"Smith, Master. Henry",male,,2,0,T713220,45.89,,S
6676,0,3,"Williams, Mr. Richard",male,16.7,0,0,T878099,26.1,,S
6677,0,3,"Davis, Miss. Alice",female,32.9,1,0,T853552,13.86,G63,S
6678,0,3,"Taylor, Mr. Robert",male,13.1,0,0,T175573,17.22,,S
6679,0,3,"Thomas, Mr. George",male,33.6,0,0,T729732,19.92,B17,S
6680,0,3,"Miller, Mr. Richard",male,55.0,0,0,T212742,19.28,,S
6681,1,1,"Thomas, Miss. Alice",female,11.5,0,0,T628871,129.83,,C
6682,1,3,"Thomas, Mr. Richard",male,29.4,0,0,T888495,6.75,,S
6683,1,3,"Davis, Mrs. Annie",female,6.2,0,1,T30162,6.15,,S
6684,0,1,"Anderson, Mr. Richard",male,17.6,1,0,T151363,45.73,,S
6685,0,1,"Wilson, Mr. Charles",male,39.9,0,4,T336420,281.84,,S
6686,1,1,"Wilson, Mrs. Edith",female,23.5,0,0,T987767,77.66,,S
6687,1,3,"Williams, Mrs. Alice",female,40.5,0,0,T68137,9.74,,S
6688,0,1,"Miller, Mr. Edward",male,34.9,0,0,T539966,44.06,,S
6689,1,3,"Miller, Mr. James",male,28.8,0,0,T617622,8.91,,S
6690,1,2,"Smith, Miss. Dorothy",female,14.8,0,0,T514678,27.06,F42,S
6691,0,3,"Johnson, Mr. Edward",male,39.6,0,2,T879279,11.03,,S
6692,0,3,"Williams, Mr. James",male,34.1,0,1,T990068,11.66,,S
6693,0,3,"Anderson, Master. John",male,7.5,1,0,T53898,15.78,,S
6694,0,3,"Smith, Master. John",male,15.7,0,0,T335454,16.08,,S
6695,0,3,"Johnson, Mrs. Clara",female,0.5,0,0,T95251,12.04,,S
6696,0,2,"Davis, Mr. John",male,,1,0,T937440,14.27,B124,S
6697,0,3,"Moore, Miss. Florence",female,25.2,0,0,T248757,4.71,,S
6698,0,2,"Davis, Mr. Charles",male,14.4,0,1,T167432,21.18,,S
6699,0,2,"Jones, Mr. John",male,17.6,2,2,T856828,8.95,,S
6700,0,3,"Moore, Mr. James",male,49.9,0,0,T553057,13.35,,S
6701,0,2,"Miller, Miss. Edith",female,,0,2,T529888,34.07,C44,Q
6702,1,3,"Taylor, Mrs. Dorothy",female,19.6,0,0,T955513,7.1,C34,S
6703,0,2,"Johnson, Miss. Beatrice",female,41.2,0,0,T446084,71.24,,S
6704,0,3,"Smith, Mr. Robert",male,47.3,0,0,T968323,4.31,,C
6705,1,1,"Taylor, Miss. Florence",female,38.7,1,0,T262045,188.24,,S
6706,1,2,"Brown, Mrs. Lily",female,34.0,1,0,T768835,38.41,E126,S
6707,0,2,"Miller, Mr. William",male,45.6,0,0,T106000,20.84,,S
6708,0,3,"Brown, Mr. Robert",male,40.9,2,1,T253104,13.28,C11,S
6709,0,3,"Wilson, Mr. Richard",male,,1,0,T36256,8.61,B90,S
6710,0,3,"Smith, Mr. Robert",male,27.0,3,1,T305583,11.13,,S
6711,1,3,"Anderson, Mrs. Clara",female,,0,0,T359479,9.93,,C
6712,0,3,"Moore, Mr. Richard",male,46.4,0,2,T361600,6.0,,C
6713,0,3,"Davis, Mr. John",male,,0,2,T460548,14.16,,C
6714,0,3,"Smith, Mr. Richard",male,18.8,0,0,T810425,6.14,,S
6715,0,1,"Miller, Mr. John",male,44.6,0,0,T346030,179.9,,S
6716,0,3,"Wilson, Mrs. Clara",female,33.5,1,0,T636277,23.14,,S
6717,0,3,"Johnson, Mr. William",male,60.3,1,0,T135734,10.82,,C
6718,0,1,"Smith, Mr. Charles",male,17.2,0,2,T403626,138.99,,Q
6719,0,2,"Miller, Mrs. Mary",female,22.2,0,2,T201668,19.18,B106,Q
6720,0,3,"Taylor, Mrs. Dorothy",female,46.0,0,0,T688776,21.51,,C
6721,0,3,"Taylor, Mr. Robert",male,11.2,0,0,T822368,12.09,,Q
6722,0,3,"Johnson, Master. William",male,,0,0,T833773,33.1,,C
6723,1,3,"Taylor, Mr. Thomas",male,,0,0,T800246,4.89,,C
6724,1,3,"Anderson, Miss. Mary",female,38.5,0,0,T842133,10.3,,C
6725,1,1,"Taylor, Mrs. Edith",female,3.0,1,1,T611528,52.65,,C
6726,0,2,"Davis, Mr. Richard",male,30.4,1,0,T371162,30.51,,C
6727,0,1,"Smith, Miss. Clara",female,9.8,1,0,T832149,270.94,,C
6728,0,1,"Davis, Mr. Robert",male,57.6,0,0,T700397,66.39,F122,S
6729,0,1,"Anderson, Mr. Thomas",male,14.2,0,0,T927585,364.56,A60,S
6730,0,3,"Williams, Mr. Thomas",male,17.7,1,1,T961080,9.52,B30,S
6731,0,3,"Taylor, Mr. James",male,37.5,0,0,T538771,21.92,C106,S
6732,0,3,"Johnson, Mr. Charles",male,21.0,0,1,T847087,13.89,,C
6733,1,3,"Moore, Mrs. Edith",female,39.8,0,0,T874776,11.74,G127,S
6734,0,3,"Johnson, Mr. William",male,19.4,0,0,T116562,11.3,,C
6735,0,3,"Jones, Miss. Clara",female,,1,0,T658730,16.69,,S
6736,0,3,"Williams, Miss. Mary",female,29.3,0,0,T786514,19.72,,S
6737,1,3,"Miller, Miss. Mary",female,12.1,0,2,T804669,7.78,,S
6738,0,2,"Thomas, Mr. John",male,35.4,0,2,T47338,30.31,C45,S
6739,0,3,"Miller, Mr. Thomas",male,42.4,0,0,T472516,6.89,,S
6740,0,2,"Thomas, Mr. John",male,37.7,1,0,T900039,24.22,,C
6741,1,3,"Taylor, Mr. Edward",male,,0,1,T19400,11.35,,C
6742,1,2,"Thomas, Mrs. Annie",female,,3,1,T512220,20.43,B81,S
6743,0,3,"Wilson, Mr. John",male,23.0,1,0,T718477,10.91,,S
6744,0,3,"Wilson, Mr. Edward",male,,0,0,T67967,4.65,,S
6745,1,1,"Williams, Mr. William",male,50.8,0,0,T894359,126.74,,C
6746,0,3,"Taylor, Mrs. Annie",female,21.3,0,2,T364317,10.9,,S
6747,0,1,"Smith, Mr. George",male,,0,0,T739049,36.88,,S
6748,1,2,"Wilson, Mr. John",male,15.1,0,0,T141428,31.83,,S
6749,0,1,"Anderson, Mrs. Mary",female,20.1,0,1,T223304,245.63,,Q
6750,0,3,"Williams, Mr. George",male,0.5,1,0,T604460,4.89,,C
6751,1,1,"Wilson, Mr. Charles",male,43.7,4,0,T915090,38.92,,C
6752,0,3,"Williams, Mr. Henry",male,6.9,0,0,T53479,10.94,,S
6753,0,2,"Moore, Mr. Robert",male,36.2,0,0,T983710,36.58,,S
6754,0,1,"Davis, Mr. George",male,,2,0,T447604,93.21,D146,S
6755,0,3,"Brown, Mr. Richard",male,,0,0,T920477,7.98,G94,S
6756,1,1,"Johnson, Miss. Lily",female,25.7,0,0,T17015,147.5,D89,S
6757,1,1,"Miller, Mrs. Clara",female,22.8,0,0,T682222,195.44,A98,S
6758,1,2,"Johnson, Miss. Florence",female,37.4,0,0,T165402,14.56,,S
6759,0,3,"Thomas, Mr. James",male,15.1,1,2,T572556,4.56,,S
6760,0,3,"Miller, Mr. John",male,38.0,0,0,T887760,9.55,,S
6761,0,1,"Thomas, Miss. Alice",female,22.7,0,0,T793640,82.82,,S
6762,0,2,"Moore, Mr. George",male,21.1,0,1,T671565,25.27,,S
6763,0,2,"Miller, Miss. Clara",female,,1,0,T674212,23.1,,S
6764,0,2,"Miller, Mr. Edward",male,13.9,0,1,T244802,27.27,,S
6765,1,3,"Davis, Mrs. Lily",female,26.9,0,0,T69489,8.19,C29,S
6766,1,3,"Davis, Mrs. Clara",female,34.6,0,2,T921938,8.67,,S
6767,0,3,"Moore, Mr. James",male,0.5,2,0,T997504,8.98,,S
6768,0,2,"Williams, Mr. Robert",male,45.5,0,1,T492741,33.28,,Q
6769,0,3,"Moore, Mr. William",male,41.5,0,0,T546838,11.63,,S
6770,0,3,"Anderson, Mr. George",male,2.8,1,1,T745754,13.13,,S
6771,0,3,"Brown, Mr. Charles",male,0.5,1,0,T988398,12.28,,S
6772,1,3,"Wilson, Miss. Annie",female,,0,0,T108137,8.2,,S
6773,1,3,"Moore, Mr. Charles",male,,1,0,T450086,25.19,,Q
6774,0,3,"Williams, Mr. Richard",male,38.7,0,0,T513025,6.48,,Q
6775,0,2,"Johnson, Mr. George",male,9.0,0,0,T384226,15.53,,S
6776,0,3,"Brown, Mr. Edward",male,,1,0,T507811,30.58,,C
6777,0,1,"Wilson, Mr. Robert",male,18.8,1,0,T475849,48.77,,C
6778,0,3,"Smith, Miss. Edith",female,33.2,0,0,T648070,41.14,,C
6779,1,3,"Jones, Miss. Edith",female,,0,0,T135257,22.6,,S
6780,0,3,"Taylor, Mr. Robert",male,52.8,0,0,T126523,33.64,,C
6781,0,3,"Davis, Mr. Henry",male,31.5,0,0,T658376,8.93,,S
6782,1,1,"Moore, Miss. Dorothy",female,,0,0,T592253,100.75,,S
6783,1,1,"Moore, Mr. William",male,28.6,4,0,T799013,99.35,,S
6784,0,3,"Johnson, Mr. Charles",male,12.3,0,1,T992998,7.43,,S
6785,0,3,"Moore, Mr. John",male,0.5,0,4,T282486,7.94,,C
6786,0,3,"Taylor, Mr. Richard",male,30.2,0,0,T988956,6.2,,S
6787,0,1,"Taylor, Mr. John",male,,0,0,T718940,147.08,F69,C
6788,0,3,"Miller, Mrs. Edith",female,34.8,0,0,T769686,42.05,,S
6789,0,3,"Thomas, Mr. John",male,31.9,0,1,T447532,5.48,,S
6790,0,2,"Johnson, Mrs. Clara",female,31.5,0,0,T76476,32.42,G106,S
6791,0,3,"Wilson, Mr. Charles",male,,0,0,T254488,10.34,A129,S
6792,1,3,"Wilson, Mrs. Annie",female,,0,0,T449291,8.23,,Q
6793,0,3,"Anderson, Master. George",male,36.6,0,1,T254569,9.13,,S
6794,0,3,"Miller, Mr. Robert",male,12.6,0,0,T467861,4.14,,S
6795,0,1,"Taylor, Mrs. Clara",female,59.7,0,0,T547120,50.28,,S
6796,1,3,"Smith, Miss. Dorothy",female,26.6,0,0,T436268,8.99,,S
6797,0,3,"Davis, Mr. Richard",male,,0,0,T589410,6.1,,S
6798,1,3,"Wilson, Miss. Edith",female,18.7,0,0,T641583,12.44,,S
6799,0,3,"Jones, Mr. Henry",male,7.8,2,0,T724644,16.63,,S
6800,0,3,"Brown, Miss. Alice",female,49.4,0,2,T341448,11.14,,S
6801,0,3,"Anderson, Miss. Dorothy",female,45.4,0,0,T444448,14.3,,S
6802,0,3,"Anderson, Mr. Charles",male,40.4,1,0,T980337,5.61,,S
6803,1,2,"Jones, Mr. Charles",male,37.7,0,0,T705762,38.74,,S
6804,1,2,"Wilson, Mr. James",male,,0,0,T329292,43.62,D49,C
6805,0,2,"Thomas, Miss. Lily",female,26.2,0,0,T554586,18.06,,S
6806,0,3,"Taylor, Mr. Henry",male,,0,0,T703307,11.61,,S
6807,0,3,"Anderson, Mr. William",male,17.9,2,1,T956851,8.22,,S
6808,0,2,"Wilson, Mr. Charles",male,27.5,0,1,T453765,21.64,,S
6809,1,1,"Williams, Mrs. Dorothy",female,,0,0,T69030,38.83,,S
6810,0,3,"Brown, Mr. John",male,0.5,0,2,T97806,13.97,,S
6811,1,3,"Davis, Mrs. Mary",female,20.7,0,4,T352358,21.03,,S
6812,0,3,"Johnson, Mrs. Dorothy",female,32.1,0,3,T382065,7.08,,S
6813,1,2,"Moore, Mr. Robert",male,28.6,0,2,T233202,22.61,,S
6814,0,1,"Smith, Mr. Charles",male,23.1,0,0,T87200,74.66,,C
6815,1,3,"Davis, Mrs. Mary",female,38.2,0,0,T172060,12.48,,S
6816,1,1,"Johnson, Mr. Edward",male,19.4,1,0,T562671,48.28,,S
6817,1,2,"Brown, Miss. Mary",female,12.0,0,0,T670741,21.04,,C
6818,0,1,"Jones, Mrs. Annie",female,46.9,1,0,T921091,73.93,,S
6819,0,1,"Williams, Miss. Emma",female,44.8,0,2,T548814,126.68,,S
6820,0,1,"Anderson, Mr. Edward",male,21.0,0,2,T138682,70.13,,C
6821,0,3,"Thomas, Mr. Robert",male,28.7,0,0,T739513,9.63,,S
6822,0,2,"Taylor, Miss. Edith",female,,0,0,T193791,29.13,D53,S
6823,0,2,"Williams, Mr. Robert",male,,0,2,T875962,27.38,,S
6824,1,3,"Jones, Mrs. Annie",female,37.4,0,0,T664307,10.03,A132,S
6825,0,3,"Smith, Mr. Henry",male,36.6,2,0,T539048,8.93,,S
6826,0,3,"Taylor, Master. Edward",male,25.1,0,0,T139847,7.43,,S
6827,0,3,"Brown, Mr. William",male,37.2,0,0,T455362,21.88,F69,S
6828,0,3,"Taylor, Mrs. Mary",female,15.7,0,0,T127826,16.4,,C
6829,0,3,"Smith, Master. Robert",male,,0,0,T289095,19.87,G138,S
6830,0,3,"Taylor, Mr. Charles",male,28.6,0,2,T653694,7.38,,S
6831,0,3,"Moore, Mrs. Emma",female,,0,0,T591310,16.1,F144,S
6832,1,3,"Anderson, Miss. Alice",female,11.6,0,4,T355102,7.97,B149,C
6833,0,2,"Johnson, Miss. Alice",female,31.6,0,2,T769807,31.66,,S
6834,0,3,"Thomas, Master. Henry",male,30.3,0,0,T592078,12.72,,S
6835,1,3,"Thomas, Mrs. Annie",female,17.5,0,0,T87101,14.29,,S
6836,0,3,"Moore, Mr. Charles",male,6.5,1,0,T357900,7.71,G80,S
6837,1,1,"Miller, Mrs. Lily",female,,0,0,T107809,78.75,,S
6838,1,2,"Davis, Miss. Lily",female,26.0,0,0,T151833,11.17,,S
6839,0,3,"Davis, Mr. Thomas",male,34.1,0,0,T944532,12.69,,S
6840,0,2,"Moore, Mr. James",male,56.5,0,0,T145589,37.86,,S
6841,1,3,"Williams, Mrs. Florence",female,29.0,1,0,T776123,13.5,,S
6842,1,3,"Taylor, Mr. James",male,6.1,0,0,T785296,15.86,,C
6843,1,3,"Taylor, Mrs. Edith",female,26.7,0,0,T101700,7.53,,S
6844,0,3,"Williams, Mr. Richard",male,47.8,0,0,T241211,9.51,,S
6845,1,3,"Davis, Miss. Clara",female,,0,0,T371240,9.71,,S
6846,0,3,"Thomas, Mr. Charles",male,45.9,1,0,T458042,14.74,,S
6847,0,3,"Jones, Mr. William",male,,0,2,T948140,5.52,F42,S
6848,0,3,"Smith, Mr. James",male,39.1,0,2,T837817,5.29,,S
6849,0,3,"Anderson, Mr. Richard",male,56.7,0,0,T406257,8.73,,C
6850,0,3,"Smith, Mr. Thomas",male,3.1,1,0,T554366,48.51,D65,S
6851,0,3,"Miller, Mr. Robert",male,,0,0,T139618,16.56,,S
6852,0,1,"Brown, Mr. George",male,28.3,1,0,T21445,64.74,C75,C
6853,1,1,"Moore, Miss. Emma",female,15.9,0,0,T784194,81.03,,S
6854,0,3,"Anderson, Mr. Richard",male,28.2,1,1,T352699,11.29,,S
6855,0,2,"Miller, Mrs. Dorothy",female,54.2,0,0,T155717,23.7,,S
6856,0,3,"Jones, Mr. James",male,,1,0,T829126,40.74,,S
6857,0,1,"Wilson, Mr. James",male,0.7,1,0,T955938,289.84,,S
6858,0,3,"Johnson, Mr. James",male,,0,0,T470259,14.79,B104,S
6859,0,2,"Williams, Mr. Henry",male,43.4,1,0,T253967,34.02,,C
6860,0,2,"Thomas, Mr. John",male,29.4,0,0,T85516,20.96,,S
6861,1,2,"Thomas, Mr. Richard",male,29.4,0,1,T337167,15.56,,S
6862,0,3,"Thomas, Master. George",male,7.0,0,0,T360396,7.42,,C
6863,0,1,"Moore, Mr. Richard",male,18.9,1,2,T247067,119.39,F139,C
6864,0,1,"Williams, Master. James",male,10.0,0,0,T315877,56.04,,S
6865,0,3,"Smith, Mr. George",male,5.7,2,0,T404880,6.29,,S
6866,0,1,"Brown, Mr. Charles",male,11.5,0,0,T108560,61.42,,S
6867,1,1,"Davis, Mrs. Alice",female,,0,0,T788980,52.89,,S
6868,0,3,"Jones, Mr. Henry",male,18.7,0,2,T628775,10.86,,C
6869,0,1,"Smith, Mr. William",male,,1,0,T751196,133.69,,C
6870,0,2,"Miller, Mr. Robert",male,44.5,0,2,T462336,21.32,A106,S
6871,1,1,"Miller, Master. George",male,,0,0,T303168,93.68,E98,S
6872,1,2,"Williams, Mr. Henry",male,50.4,2,0,T110955,18.84,C88,C
6873,0,3,"Smith, Mrs. Florence",female,,0,0,T649456,9.33,,S
6874,1,1,"Williams, Mrs. Florence",female,36.1,0,0,T933225,131.68,D136,S
6875,0,3,"Thomas, Mr. John",male,36.5,0,1,T863264,12.75,G89,S
6876,0,3,"Thomas, Mr. William",male,16.7,0,0,T82984,14.13,,S
6877,0,1,"Brown, Mr. Edward",male,24.9,0,0,T846670,47.73,,S
6878,0,3,"Miller, Mr. Richard",male,22.4,0,0,T116399,10.31,,C
6879,0,2,"Taylor, Mrs. Alice",female,35.1,0,0,T30481,22.35,,S
6880,1,1,"Williams, Mrs. Beatrice",female,27.8,0,0,T425221,50.69,,S
6881,0,1,"Miller, Mr. Edward",male,18.8,1,2,T687226,78.76,,S
6882,1,2,"Moore, Mrs. Lily",female,,0,0,T519725,30.48,,S
6883,1,3,"Johnson, Mr. William",male,,0,3,T398209,9.87,E138,S
6884,0,2,"Thomas, Mr. Charles",male,56.5,0,1,T15325,28.5,A81,S
6885,0,3,"Williams, Mr. Henry",male,30.7,0,0,T286044,13.91,,S
6886,1,3,"Miller, Mr. James",male,,0,1,T467892,15.52,,C
6887,1,2,"Wilson, Miss. Annie",female,,0,0,T752132,39.01,,S
6888,1,3,"Taylor, Mrs. Beatrice",female,15.9,0,1,T550746,4.69,,C
6889,0,3,"Thomas, Mr. Charles",male,4.7,0,0,T592202,6.71,,S
6890,0,1,"Miller, Mr. William",male,25.2,0,0,T744892,89.4,E112,C
6891,0,2,"Davis, Miss. Edith",female,45.2,0,0,T369855,15.67,,S
6892,0,3,"Williams, Miss. Edith",female,47.6,1,2,T618328,11.81,,C
6893,0,3,"Jones, Mr. Thomas",male,2.4,1,0,T87027,10.83,,S
6894,0,3,"Johnson, Mr. John",male,39.4,0,3,T733989,11.93,,S
6895,0,2,"Taylor, Miss. Florence",female,0.5,0,2,T144979,33.19,E46,S
6896,1,3,"Smith, Mrs. Lily",female,36.4,1,0,T794350,8.54,,Q
6897,1,3,"Thomas, Mrs. Edith",female,35.5,0,0,T391098,22.96,,Q
6898,0,3,"Anderson, Mr. George",male,,0,0,T58357,11.22,A79,S
6899,0,1,"Jones, Mr. Henry",male,44.2,1,0,T387586,52.36,,C
6900,1,3,"Thomas, Mrs. Florence",female,55.0,1,1,T364675,14.98,A22,C
6901,1,2,"Williams, Mrs. Beatrice",female,28.8,0,0,T627960,22.83,,C
6902,0,3,"Smith, Mr. Edward",male,31.7,0,3,T761296,7.86,,S
6903,0,3,"Davis, Mr. George",male,51.1,0,0,T451526,10.58,C13,S
6904,0,3,"Thomas, Mrs. Annie",female,13.4,0,0,T97698,14.82,,S
6905,1,1,"Johnson, Mrs. Lily",female,13.7,1,0,T692559,54.4,,S
6906,1,2,"Smith, Mrs. Annie",female,17.5,0,0,T991000,30.7,,S
6907,0,3,"Miller, Mr. James",male,30.2,0,1,T989147,7.7,,S
6908,0,3,"Williams, Mrs. Lily",female,30.2,1,1,T320182,12.8,,S
6909,0,3,"Smith, Mr. Charles",male,21.7,0,2,T572858,15.09,G52,S
6910,0,2,"Anderson, Mrs. Lily",female,,0,2,T119729,32.36,,S
6911,0,3,"Wilson, Mr. George",male,21.9,0,0,T125146,7.37,,S
6912,0,3,"Jones, Mrs. Clara",female,22.6,0,1,T790004,18.97,,S
6913,0,3,"Davis, Mr. John",male,18.6,0,0,T312398,6.96,,S
6914,0,3,"Thomas, Miss. Mary",female,18.7,0,0,T424639,21.87,,S
6915,0,3,"Williams, Mr. Richard",male,,0,0,T655806,10.85,G72,S
6916,0,3,"Thomas, Mr. John",male,,1,1,T768134,6.99,,S
6917,0,2,"Davis, Miss. Annie",female,,5,0,T663867,23.65,,S
6918,0,3,"Smith, Mr. Edward",male,40.6,0,0,T632486,6.5,,S
6919,0,3,"Miller, Mr. Robert",male,21.6,0,0,T161402,4.0,,S
6920,0,3,"Williams, Mrs. Annie",female,,0,0,T588343,5.2,A40,S
6921,1,3,"Wilson, Mr. George",male,24.3,0,0,T396571,6.44,,C
6922,1,1,"Williams, Miss. Mary",female,26.2,1,0,T228326,43.07,,Q
6923,0,3,"Brown, Mr. Robert",male,48.0,0,0,T305218,13.04,,S
6924,1,1,"Davis, Miss. Lily",female,10.1,1,0,T549346,109.36,,S
6925,1,2,"Taylor, Mrs. Edith",female,,0,0,T956993,24.3,A14,S
6926,1,2,"Brown, Mrs. Florence",female,31.4,0,0,T353519,52.49,,S
6927,1,3,"Taylor, Mrs. Dorothy",female,22.5,0,0,T567760,14.36,F119,C
6928,0,3,"Jones, Mr. Robert",male,34.9,0,0,T646494,9.43,,Q
6929,0,1,"Smith, Mrs. Edith",female,40.1,0,0,T415935,115.07,,S
6930,1,3,"Smith, Mrs. Beatrice",female,13.7,0,0,T233767,10.04,,S
6931,0,2,"Jones, Mr. Edward",male,38.4,0,1,T414156,41.07,F124,Q
6932,0,3,"Johnson, Mr. Henry",male,,8,1,T464709,6.13,,S
6933,0,3,"Williams, Miss. Annie",female,30.8,0,0,T485440,17.78,,C
6934,1,3,"Thomas, Mr. Thomas",male,,1,0,T592516,6.99,,S
6935,0,1,"Anderson, Mr. William",male,31.6,0,0,T39529,21.95,,C
6936,0,3,"Johnson, Mr. John",male,,0,0,T808887,9.16,,S
6937,0,3,"Brown, Mr. John",male,13.7,1,0,T401063,12.87,,S
6938,0,3,"Miller, Miss. Emma",female,10.0,1,1,T493273,5.52,D43,S
6939,0,1,"Johnson, Mr. John",male,40.6,0,0,T877269,59.42,G74,S
6940,0,2,"Smith, Mr. Henry",male,,0,1,T246993,27.79,,
6941,1,3,"Moore, Miss. Mary",female,44.4,1,0,T541324,6.31,,S
6942,1,1,"Davis, Master. George",male,21.8,0,0,T72353,60.18,,S
6943,0,2,"Brown, Mrs. Alice",female,48.6,0,0,T624743,32.66,,C
6944,0,3,"Brown, Mrs. Mary",female,15.9,0,0,T718043,10.62,A59,C
6945,0,2,"Moore, Mrs. Mary",female,51.1,0,0,T143783,35.68,,C
6946,1,3,"Brown, Mrs. Edith",female,32.2,0,0,T905047,12.24,F112,S
6947,0,1,"Davis, Master. John",male,35.5,1,0,T122768,160.73,,Q
6948,1,3,"Taylor, Mr. Robert",male,15.1,0,0,T585148,12.11,A31,S
6949,0,3,"Thomas, Mr. Richard",male,40.3,1,0,T770728,8.56,,S
6950,0,3,"Brown, Master. Charles",male,40.8,0,0,T497433,26.75,,S
6951,0,3,"Wilson, Mr. John",male,,0,0,T101235,16.04,,C
6952,0,1,"Johnson, Master. Henry",male,0.5,0,1,T385080,51.34,,S
6953,0,3,"Taylor, Master. Thomas",male,,0,0,T948502,10.79,,C
6954,0,3,"Davis, Mr. James",male,,0,2,T45634,21.51,,S
6955,0,2,"Moore, Mr. George",male,36.2,0,0,T89452,12.21,,Q
6956,0,3,"Thomas, Mr. George",male,23.0,0,0,T432681,35.59,,Q
6957,0,2,"Anderson, Mr. Henry",male,23.2,0,0,T816377,19.09,,S
6958,0,3,"Johnson, Mr. Henry",male,21.5,1,0,T590322,31.3,,C
6959,1,2,"Wilson, Miss. Edith",female,51.0,0,3,T178095,9.1,,C
6960,0,3,"Anderson, Miss. Alice",female,,0,0,T174529,11.38,,S
6961,1,3,"Johnson, Miss. Alice",female,,1,0,T599942,7.94,A93,C
6962,1,1,"Smith, Mrs. Clara",female,20.7,0,0,T569911,128.57,,C
6963,1,3,"Wilson, Miss. Beatrice",female,29.3,0,0,T960367,5.1,E7,S
6964,1,1,"Wilson, Mr. Thomas",male,15.6,0,0,T714288,33.67,,S
6965,1,2,"Brown, Master. Edward",male,34.7,1,0,T405766,44.74,,S
6966,0,1,"Miller, Miss. Alice",female,,0,1,T422497,211.75,B115,S
6967,0,1,"Williams, Mr. Richard",male,40.5,0,0,T499830,107.51,,S
6968,1,1,"Miller, Mr. George",male,19.0,0,6,T192357,117.46,,S
6969,1,3,"Jones, Mr. George",male,43.5,0,0,T824350,5.25,,C
6970,0,3,"Taylor, Mr. Henry",male,57.4,2,0,T175096,12.28,,S
6971,0,3,"Jones, Mrs. Lily",female,29.7,2,1,T928422,20.07,,S
6972,0,2,"Taylor, Mr. James",male,48.7,0,0,T275320,45.06,E24,S
6973,0,3,"Wilson, Mr. George",male,40.6,0,0,T283892,30.02,,C
6974,0,3,"Brown, Mr. Robert",male,8.9,0,0,T165788,14.48,,S
6975,0,2,"Moore, Miss. Annie",female,31.3,2,2,T336677,28.45,F4,C
6976,0,3,"Wilson, Mrs. Alice",female,37.0,0,0,T814844,16.47,,C
6977,0,3,"Smith, Mr. Thomas",male,38.4,1,2,T651109,6.27,,S
6978,0,3,"Anderson, Mrs. Beatrice",female,32.3,0,1,T364652,9.75,,S
6979,0,2,"Taylor, Mr. James",male,32.1,1,0,T430482,58.59,,S
6980,0,1,"Taylor, Miss. Mary",female,29.8,0,0,T456482,49.01,,S
6981,1,3,"Williams, Mrs. Emma",female,,1,0,T162811,7.44,,S
6982,1,3,"Williams, Mrs. Clara",female,12.0,0,1,T517696,14.47,,S
6983,1,1,"Taylor, Mr. Henry",male,26.3,0,0,T235379,61.06,,C
6984,1,2,"Taylor, Mr. Henry",male,8.6,1,2,T659650,16.22,,S
6985,0,3,"Moore, Mr. Robert",male,22.5,1,0,T169398,8.51,,S
6986,0,3,"Brown, Mr. Richard",male,21.1,0,0,T896981,14.65,,
6987,0,3,"Brown, Master. William",male,20.2,0,0,T272413,28.49,,C
6988,0,1,"Moore, Mr. Thomas",male,,0,1,T666027,98.9,,S
6989,0,2,"Taylor, Mr. John",male,33.6,0,0,T829614,35.83,D3,S
6990,1,1,"Moore, Mrs. Clara",female,,0,4,T334280,108.2,,S
6991,0,2,"Brown, Master. Thomas",male,23.6,0,0,T77244,19.0,,S
6992,0,1,"Moore, Miss. Alice",female,9.3,0,2,T131305,52.16,,S
6993,0,3,"Johnson, Mrs. Dorothy",female,25.4,0,0,T934786,12.09,B74,Q
6994,1,3,"Taylor, Miss. Annie",female,46.3,0,0,T853049,10.0,,S
6995,0,3,"Jones, Miss. Annie",female,,0,0,T808210,10.36,,Q
6996,0,1,"Brown, Miss. Lily",female,35.1,0,0,T556184,95.31,,S
6997,1,1,"Anderson, Mrs. Beatrice",female,,1,0,T656914,69.58,E107,C
6998,0,2,"Jones, Mr. William",male,37.8,0,0,T999264,20.57,G82,S
6999,0,2,"Smith, Mr. William",male,20.0,0,0,T956458,27.6,D51,S
7000,0,3,"Williams, Mrs. Clara",female,25.4,1,0,T943426,20.3,,S
7001,0,2,"Williams, Mr. George",male,18.9,0,0,T761117,10.77,,S
7002,1,1,"Miller, Mr. Robert",male,42.9,1,0,T167028,42.26,,C
7003,1,1,"Johnson, Miss. Mary",female,41.0,0,1,T978430,73.4,,S
7004,1,1,"Brown, Mr. Charles",male,29.2,0,1,T437696,128.35,,C
7005,0,3,"Anderson, Mrs. Edith",female,54.8,0,2,T125459,9.77,,C
7006,0,2,"Jones, Mr. Henry",male,35.7,1,0,T784889,25.54,F38,C
7007,0,3,"Wilson, Mr. Robert",male,34.9,1,0,T463807,31.59,,S
7008,0,3,"Johnson, Mr. John",male,33.3,0,0,T357335,18.48,D139,S
7009,0,1,"Thomas, Mrs. Annie",female,11.4,0,0,T280730,39.71,,S
7010,1,1,"Williams, Mr. Robert",male,16.7,0,0,T293964,101.88,,C
7011,1,3,"Williams, Miss. Alice",female,28.9,1,0,T332645,15.43,,S
7012,0,3,"Moore, Mr. Richard",male,,1,0,T631491,11.72,,C
7013,0,2,"Thomas, Mr. John",male,38.3,1,1,T855682,15.83,,Q
7014,1,1,"Moore, Mr. Charles",male,20.0,0,0,T583472,178.92,,Q
7015,0,1,"Brown, Mr. James",male,30.7,0,2,T51321,52.11,,S
7016,0,2,"Thomas, Mr. George",male,31.0,1,0,T796603,24.04,G66,S
7017,0,1,"Miller, Mr. William",male,31.6,1,0,T735791,137.38,G92,S
7018,0,1,"Williams, Mr. John",male,29.9,1,0,T561639,57.29,,S
7019,0,2,"Wilson, Mr. George",male,9.3,1,0,T924177,21.41,,Q
7020,1,1,"Johnson, Miss. Edith",female,0.5,0,0,T620142,349.46,G62,Q
7021,0,1,"Smith, Mr. George",male,16.0,5,0,T488854,65.28,,S
7022,0,3,"Miller, Mr. Charles",male,22.0,1,1,T743618,2.85,,S
7023,0,3,"Taylor, Mr. Robert",male,12.6,0,3,T250340,3.61,,C
7024,0,3,"Moore, Mrs. Florence",female,28.9,0,0,T466509,12.32,D139,S
7025,1,2,"Williams, Mrs. Beatrice",female,45.5,0,0,T364277,10.44,,S
7026,1,3,"Jones, Miss. Florence",female,40.2,0,0,T213531,9.88,E130,S
7027,0,1,"Thomas, Master. George",male,36.5,0,2,T746578,61.48,,S
7028,0,3,"Moore, Miss. Alice",female,44.0,0,0,T710655,5.65,,C
7029,1,1,"Moore, Miss. Mary",female,16.3,1,1,T730463,21.71,E111,Q
7030,1,1,"Brown, Mrs. Annie",female,,0,0,T73765,313.38,,S
7031,0,3,"Johnson, Mr. James",male,38.6,0,2,T868570,9.77,D58,S
7032,1,3,"Johnson, Mrs. Edith",female,,2,0,T371382,6.34,,C
7033,0,3,"Davis, Mr. John",male,23.6,0,0,T545693,5.33,,C
7034,0,2,"Moore, Master. Edward",male,56.7,0,0,T681977,17.66,G8,Q
7035,0,2,"Smith, Mr. Richard",male,31.1,0,0,T813404,62.57,C4,S
7036,0,2,"Moore, Master. John",male,55.3,0,1,T568863,20.42,,C
7037,0,3,"Smith, Mr. Edward",male,3.3,0,0,T51819,5.02,,S
7038,0,3,"Miller, Mr. Thomas",male,20.6,0,3,T155990,5.56,,S
7039,1,3,"Williams, Mrs. Lily",female,35.6,0,0,T806945,6.79,,C
7040,1,1,"Williams, Mr. James",male,31.1,1,2,T758878,147.31,,S
7041,1,3,"Wilson, Mrs. Beatrice",female,0.5,0,0,T298977,5.5,,S
7042,0,2,"Smith, Mr. William",male,26.4,0,0,T574782,21.11,,S
7043,1,1,"Anderson, Miss. Clara",female,65.6,1,0,T761306,87.78,,S
7044,0,3,"Jones, Mrs. Annie",female,,1,2,T881882,6.86,,S
7045,0,3,"Thomas, Mr. Robert",male,,0,0,T971074,26.05,,S
7046,1,1,"Williams, Miss. Alice",female,20.4,0,0,T827702,151.45,,S
7047,0,1,"Brown, Mr. Edward",male,,0,0,T168352,18.24,,S
7048,0,2,"Smith, Master. George",male,29.5,0,1,T734583,14.25,,S
7049,0,2,"Jones, Master. Thomas",male,45.9,0,5,T513667,22.99,,S
7050,0,2,"Davis, Mr. James",male,45.5,0,0,T757579,17.79,,C
7051,0,1,"Anderson, Mr. James",male,35.6,1,0,T94741,113.38,G145,S
7052,1,1,"Jones, Mr. Robert",male,30.7,1,0,T548157,102.39,,S
7053,1,3,"Johnson, Mrs. Clara",female,5.4,0,3,T534100,12.38,,S
7054,1,3,"Smith, Mr. Thomas",male,,0,0,T79920,3.37,,C
7055,0,3,"Thomas, Mr. George",male,30.9,0,2,T330852,6.78,,C
7056,1,3,"Anderson, Mrs. Mary",female,42.4,0,0,T161668,5.38,,S
7057,0,3,"Wilson, Mr. William",male,49.0,0,2,T339398,15.25,,S
7058,1,1,"Wilson, Miss. Alice",female,,0,2,T695688,77.13,,S
7059,1,1,"Anderson, Mr. George",male,7.8,0,0,T844248,159.75,,S
7060,0,3,"Johnson, Mr. Thomas",male,43.2,0,0,T996272,8.51,G147,S
7061,0,3,"Thomas, Mr. Thomas",male,,0,0,T772564,10.11,,S
7062,1,3,"Davis, Miss. Florence",female,6.8,0,0,T197155,3.18,,S
7063,0,3,"Smith, Mr. Robert",male,22.5,1,0,T317862,12.72,E15,S
7064,0,2,"Miller, Mr. Robert",male,22.3,1,2,T505908,27.0,,Q
7065,0,1,"Johnson, Mrs. Mary",female,48.8,0,0,T92383,83.9,A121,Q
7066,1,1,"Davis, Mrs. Clara",female,42.3,0,0,T593935,221.12,D101,S
7067,1,1,"Smith, Mr. John",male,19.0,1,0,T395197,119.69,D22,S
7068,1,1,"Wilson, Miss. Lily",female,50.0,0,0,T48682,42.01,,S
7069,0,2,"Davis, Mr. Richard",male,31.5,1,0,T269902,89.11,,S
7070,1,1,"Moore, Mr. Richard",male,45.1,0,0,T379027,49.86,,S
7071,0,1,"Jones, Mr. Richard",male,48.9,0,0,T768585,126.72,,S
7072,0,2,"Jones, Mr. Thomas",male,,1,2,T825374,18.94,,C
7073,1,2,"Anderson, Mr. William",male,,0,0,T712291,40.09,,S
7074,0,3,"Davis, Mr. Thomas",male,,0,0,T846530,3.25,,C
7075,1,2,"Anderson, Mr. Edward",male,,0,0,T673786,29.36,,S
7076,0,3,"Davis, Mr. Charles",male,31.0,0,0,T758091,10.55,,S
7077,1,3,"Wilson, Mr. William",male,,1,1,T255444,11.05,,S
7078,0,1,"Anderson, Miss. Clara",female,,0,0,T889335,146.43,B84,S
7079,0,1,"Wilson, Mrs. Beatrice",female,37.6,0,0,T765071,120.1,,Q
7080,0,3,"Miller, Mr. William",male,28.3,0,1,T120159,10.9,,C
7081,1,3,"Davis, Mrs. Edith",female,28.6,0,0,T937649,8.32,,S
7082,0,3,"Wilson, Mr. Henry",male,,2,0,T792958,20.93,D22,C
7083,1,1,"Brown, Mr. George",male,19.4,0,0,T442589,32.85,D3,Q
7084,0,3,"Jones, Mr. William",male,43.2,0,0,T640106,18.59,,S
7085,0,3,"Davis, Mr. Henry",male,,4,0,T539601,8.31,F142,C
7086,0,3,"Wilson, Mrs. Beatrice",female,19.0,0,0,T265224,16.03,D112,S
7087,1,1,"Thomas, Mrs. Edith",female,32.1,0,4,T372652,42.03,,S
7088,0,3,"Davis, Mr. George",male,,0,0,T882964,7.72,,S
7089,0,3,"Johnson, Mr. John",male,39.7,0,0,T644971,13.4,G82,C
7090,1,3,"Johnson, Mr. George",male,61.7,0,1,T490769,8.54,,C
7091,0,1,"Brown, Mr. John",male,,1,0,T437745,73.72,,C
7092,1,3,"Wilson, Mrs. Alice",female,20.0,1,1,T502290,16.34,,S
7093,0,1,"Anderson, Mr. Richard",male,28.6,0,0,T265528,54.16,,Q
7094,0,1,"Wilson, Mr. George",male,50.0,1,2,T726949,313.64,D27,S
7095,0,3,"Johnson, Mrs. Beatrice",female,9.3,0,2,T684877,16.39,,S
7096,0,2,"Davis, Mr. Robert",male,20.8,0,0,T732800,14.4,,S
7097,1,3,"Thomas, Mrs. Dorothy",female,,0,3,T51263,3.59,B78,S
7098,0,3,"Jones, Master. William",male,48.5,0,0,T280297,17.45,,S
7099,1,1,"Taylor, Master. George",male,38.5,1,0,T403074,91.73,,C
7100,0,3,"Thomas, Mr. Charles",male,20.9,0,0,T271508,10.11,,S
7101,0,3,"Taylor, Mr. Robert",male,37.5,0,0,T327571,4.38,F133,C
7102,0,1,"Smith, Miss. Alice",female,,0,0,T589044,56.5,,C
7103,1,3,"Thomas, Mr. James",male,34.8,0,0,T449072,9.32,,C
7104,0,2,"Thomas, Miss. Dorothy",female,28.3,0,0,T959328,19.39,,Q
7105,0,3,"Moore, Mr. Richard",male,30.5,0,1,T856897,9.83,,C
7106,0,2,"Taylor, Mrs. Annie",female,,2,0,T645896,43.68,,S
7107,0,2,"Davis, Miss. Mary",female,65.7,0,0,T421762,19.58,,C
7108,0,1,"Wilson, Mr. Edward",male,32.0,1,0,T96791,120.17,,S
7109,0,3,"Thomas, Mr. Charles",male,37.7,0,1,T654527,5.31,,S
7110,0,3,"Miller, Mrs. Emma",female,,1,0,T354460,8.55,A58,S
7111,0,3,"Taylor, Mr. George",male,42.0,0,0,T95273,15.62,,S
7112,0,2,"Brown, Mrs. Annie",female,10.9,0,0,T709826,23.33,,S
7113,0,3,"Davis, Mr. Robert",male,4.4,0,0,T556082,6.76,,S
7114,1,2,"Taylor, Mrs. Lily",female,29.3,1,1,T615870,19.93,,C
7115,0,2,"Moore, Mr. George",male,59.5,1,0,T91131,12.77,,Q
7116,0,3,"Anderson, Mrs. Emma",female,,0,0,T612350,6.3,,S
7117,0,2,"Miller, Master. Henry",male,18.0,2,0,T972536,31.56,,S
7118,1,1,"Wilson, Miss. Dorothy",female,37.2,1,0,T27343,241.82,,S
7119,0,3,"Williams, Master. John",male,20.5,0,0,T87416,14.3,,C
7120,1,3,"Thomas, Mr. Thomas",male,35.9,0,0,T524330,12.66,F16,C
7121,1,1,"Smith, Mrs. Alice",female,37.0,1,1,T603709,74.57,F50,C
7122,0,1,"Williams, Miss. Clara",female,43.1,0,1,T285745,89.68,,S
7123,1,2,"Thomas, Miss. Clara",female,,0,0,T705998,52.59,,Q
7124,0,3,"Thomas, Mr. George",male,,0,0,T41479,8.07,,C
7125,1,3,"Jones, Mr. Edward",male,,0,0,T521471,9.73,,S
7126,0,3,"Jones, Mr. George",male,14.7,0,2,T159210,13.44,,S
7127,1,3,"Jones, Miss. Alice",female,13.6,1,0,T818874,8.16,,S
7128,0,2,"Thomas, Mr. Edward",male,33.6,0,0,T226284,26.67,,S
7129,1,3,"Miller, Mr. Thomas",male,16.4,0,2,T998278,6.29,F39,S
7130,1,2,"Brown, Miss. Clara",female,,0,0,T286631,17.97,,S
7131,1,2,"Smith, Mr. George",male,22.0,0,0,T915232,29.2,,S
7132,0,3,"Taylor, Miss. Clara",female,25.8,0,0,T87051,8.82,C51,S
7133,0,2,"Wilson, Mr. James",male,34.0,0,0,T969275,33.71,C74,S
7134,0,3,"Miller, Mrs. Lily",female,7.8,1,0,T699857,4.39,G142,S
7135,0,2,"Brown, Miss. Emma",female,37.1,1,1,T944716,28.53,,Q
7136,1,3,"Williams, Mrs. Florence",female,,0,0,T342199,12.5,C53,S
7137,0,2,"Moore, Mr. George",male,,0,0,T429023,21.07,,S
7138,1,1,"Moore, Mrs. Florence",female,33.7,0,0,T450578,44.01,,S
7139,0,3,"Jones, Master. William",male,35.9,0,1,T57382,9.88,,S
7140,1,3,"Williams, Mrs. Annie",female,,0,0,T664982,13.71,,S
7141,0,3,"Thomas, Master. James",male,,0,0,T716903,14.38,,S
7142,0,3,"Thomas, Mr. Richard",male,14.3,0,0,T523975,9.31,,C
7143,0,3,"Moore, Miss. Annie",female,10.9,2,0,T367831,22.98,,S
7144,1,3,"Anderson, Mr. James",male,31.2,0,0,T671181,35.62,,S
7145,1,1,"Moore, Mrs. Annie",female,0.5,0,0,T706788,160.83,,S
7146,1,1,"Smith, Mr. Thomas",male,39.1,1,1,T629984,91.41,,S
7147,1,2,"Brown, Miss. Emma",female,31.3,0,0,T612360,15.66,,S
7148,1,3,"Brown, Mrs. Annie",female,35.0,0,2,T642218,8.96,F32,S
7149,1,1,"Taylor, Mr. Henry",male,,0,0,T340109,82.83,,S
7150,0,3,"Miller, Mr. George",male,33.4,0,0,T845882,7.88,,C
7151,1,3,"Anderson, Miss. Dorothy",female,36.5,0,0,T970843,6.55,,S
7152,1,3,"Davis, Mr. James",male,32.6,0,0,T285672,25.5,,Q
7153,1,1,"Moore, Master. John",male,,1,2,T937029,226.73,,S
7154,1,2,"Brown, Mr. John",male,32.2,0,0,T125448,28.91,,S
7155,0,3,"Williams, Mr. Charles",male,56.6,0,0,T122934,31.07,A114,Q
7156,0,2,"Smith, Master. Richard",male,33.2,2,0,T463363,11.46,A10,S
7157,0,2,"Jones, Master. Charles",male,31.7,1,1,T97390,29.73,,S
7158,1,1,"Wilson, Master. Charles",male,52.3,0,0,T748473,297.56,A133,S
7159,1,1,"Moore, Mr. John",male,18.9,1,1,T272173,79.45,,C
7160,0,1,"Moore, Mr. George",male,,0,0,T524217,61.27,,Q
7161,0,3,"Brown, Master. Thomas",male,22.0,0,0,T115443,9.85,,S
7162,0,3,"Johnson, Mr. Robert",male,45.5,1,0,T11584,9.27,,S
7163,0,3,"Taylor, Mrs. Annie",female,41.3,0,0,T964984,9.07,A68,S
7164,0,1,"Smith, Mr. Edward",male,23.7,0,0,T240229,79.26,E62,S
7165,1,3,"Thomas, Mrs. Emma",female,25.8,0,0,T169374,8.96,,C
7166,1,3,"Moore, Mrs. Annie",female,43.9,3,1,T331366,11.64,F107,S
7167,0,1,"Moore, Mr. Henry",male,2.8,0,0,T989498,32.33,A39,S
7168,0,2,"Brown, Mr. Henry",male,23.3,0,0,T85170,13.6,,C
7169,1,1,"Thomas, Mr. Thomas",male,38.7,0,0,T569187,131.34,,S
7170,0,3,"Wilson, Miss. Dorothy",female,25.2,4,0,T552194,16.51,,C
7171,0,3,"Smith, Mr. George",male,31.7,0,0,T545081,21.55,F107,Q
7172,1,3,"Brown, Mrs. Florence",female,0.5,1,0,T806251,10.5,E79,C
7173,1,1,"Anderson, Mrs. Mary",female,17.3,0,0,T534232,98.43,,S
7174,0,3,"Moore, Mr. Thomas",male,39.6,0,0,T298159,10.16,,C
7175,0,1,"Anderson, Mr. James",male,18.8,1,0,T937303,50.11,A38,Q
7176,0,2,"Johnson, Mr. Robert",male,10.8,0,0,T35647,37.54,,S
7177,1,3,"Moore, Mr. Charles",male,45.1,0,0,T494812,11.78,,S
7178,0,1,"Davis, Mr. Henry",male,37.2,0,0,T224881,139.94,,S
7179,0,3,"Johnson, Miss. Florence",female,,0,3,T964606,8.29,,Q
7180,1,3,"Williams, Mrs. Emma",female,,1,0,T538024,6.88,,S
7181,0,3,"Miller, Mr. William",male,14.4,8,0,T26586,5.33,A136,C
7182,1,2,"Taylor, Master. George",male,27.5,3,0,T539663,54.31,,S
7183,0,3,"Miller, Mr. Robert",male,32.3,1,0,T699687,15.71,E148,S
7184,0,3,"Miller, Mr. Charles",male,,2,2,T151763,10.53,,Q
7185,1,3,"Miller, Mrs. Florence",female,40.5,2,1,T144946,5.31,,C
7186,0,3,"Taylor, Master. Richard",male,42.7,0,0,T352209,16.29,F40,S
7187,0,3,"Johnson, Miss. Edith",female,33.5,0,0,T388077,17.26,,S
7188,0,3,"Brown, Miss. Edith",female,35.7,0,0,T334263,22.18,,S
7189,0,1,"Taylor, Mr. Richard",male,,0,0,T158677,63.39,,Q
7190,0,3,"Miller, Mr. Robert",male,49.5,1,0,T589305,14.81,,C
7191,0,3,"Miller, Mr. George",male,28.4,2,0,T115072,4.7,D4,S
7192,0,3,"Davis, Mr. John",male,16.1,0,0,T512534,12.12,,
7193,0,3,"Wilson, Mr. Richard",male,,0,0,T232259,8.62,,S
7194,0,2,"Smith, Miss. Lily",female,40.5,0,0,T944732,31.93,,S
7195,0,3,"Brown, Mr. John",male,,1,0,T441914,10.52,,S
7196,0,3,"Davis, Miss. Annie",female,14.0,2,0,T699875,8.05,,S
7197,1,1,"Taylor, Mrs. Florence",female,40.7,0,2,T768660,37.54,,S
7198,0,2,"Taylor, Miss. Lily",female,28.8,0,5,T937482,33.93,,C
7199,0,3,"Wilson, Mr. Henry",male,,0,0,T76967,6.08,,S
7200,1,1,"Anderson, Miss. Alice",female,18.1,0,0,T980793,129.33,,C
7201,1,1,"Smith, Mrs. Annie",female,,1,3,T434406,109.1,,C
7202,0,2,"Moore, Mr. Richard",male,,0,0,T364632,15.13,F127,Q
7203,1,3,"Brown, Mrs. Emma",female,46.9,4,0,T606478,4.72,,S
7204,1,1,"Williams, Miss. Alice",female,7.4,2,1,T465671,221.32,E64,C
7205,0,2,"Davis, Mr. Henry",male,9.4,0,0,T388649,18.04,,S
7206,1,3,"Moore, Mrs. Emma",female,26.2,0,0,T400873,25.28,,S
7207,0,3,"Taylor, Mr. Edward",male,,0,0,T436321,4.54,,S
7208,0,3,"Williams, Mr. Edward",male,58.2,0,0,T80563,8.01,,S
7209,0,2,"Miller, Master. George",male,,1,0,T104480,27.3,,Q
7210,0,3,"Anderson, Mr. Edward",male,30.5,0,0,T874243,20.37,,S
7211,0,1,"Moore, Mr. Charles",male,31.9,0,0,T335886,58.71,,S
7212,0,3,"Miller, Mr. William",male,40.1,1,1,T302357,8.04,A46,S
7213,0,3,"Taylor, Mrs. Emma",female,42.5,0,0,T527153,6.45,,S
7214,0,2,"Wilson, Master. Charles",male,13.5,1,0,T578628,38.46,,S
7215,0,3,"Smith, Mr. William",male,30.6,0,0,T618862,12.71,,C
7216,0,1,"Taylor, Mr. Richard",male,0.6,1,0,T664500,46.1,G145,S
7217,0,3,"Williams, Mr. Richard",male,41.5,0,0,T143779,8.78,,S
7218,0,2,"Smith, Mr. William",male,,1,0,T936199,35.0,E99,S
7219,0,3,"Thomas, Mr. Edward",male,12.2,0,3,T776905,13.44,A58,S
7220,0,1,"Taylor, Mr. William",male,34.5,0,0,T451846,176.61,,C
7221,1,1,"Thomas, Mr. Thomas",male,24.3,0,0,T596955,113.74,,S
7222,0,3,"Williams, Mr. George",male,48.0,1,0,T414666,9.17,,S
7223,1,3,"Brown, Mrs. Annie",female,16.8,0,0,T827802,6.72,F135,S
7224,0,3,"Davis, Mr. Richard",male,61.9,0,2,T314733,4.52,,S
7225,0,2,"Miller, Mrs. Beatrice",female,42.1,1,1,T585601,23.23,,S
7226,0,1,"Jones, Master. William",male,,2,0,T73015,108.57,A59,S
7227,0,3,"Taylor, Mr. John",male,,0,0,T557533,11.91,,S
7228,0,3,"Williams, Mr. John",male,,0,0,T120391,8.38,,S
7229,1,1,"Wilson, Mrs. Beatrice",female,,0,0,T713252,44.86,,S
7230,0,3,"Moore, Mr. Robert",male,26.7,0,0,T504591,7.18,E26,C
7231,0,2,"Davis, Miss. Florence",female,48.6,0,0,T958438,26.64,,Q
7232,1,1,"Moore, Mr. Thomas",male,,0,0,T235891,130.02,C6,S
7233,1,2,"Johnson, Mr. Richard",male,11.7,0,4,T147924,14.45,,S
7234,1,3,"Taylor, Mrs. Beatrice",female,46.2,4,0,T14589,16.0,,Q
7235,0,3,"Thomas, Mr. Richard",male,34.6,0,0,T990781,5.95,F4,S
7236,0,3,"Brown, Mr. William",male,23.7,0,0,T700498,12.84,,S
7237,0,3,"Davis, Mr. Richard",male,,1,0,T305327,20.05,,S
7238,1,1,"Johnson, Mr. George",male,36.0,0,0,T648811,129.68,,S
7239,0,3,"Brown, Mr. William",male,27.3,1,0,T579347,10.65,F50,S
7240,0,3,"Brown, Mr. James",male,32.0,0,0,T66179,8.33,E96,S
7241,1,3,"Moore, Mr. Henry",male,6.7,0,1,T866550,10.83,D68,S
7242,0,1,"Davis, Mr. Thomas",male,23.6,0,0,T640169,334.29,D130,S
7243,0,3,"Jones, Mr. George",male,36.7,1,0,T833929,6.76,,Q
7244,1,3,"Anderson, Miss. Mary",female,56.9,0,3,T689710,17.94,,S
7245,0,3,"Taylor, Mr. William",male,26.7,0,1,T816217,7.69,,S
7246,1,3,"Miller, Miss. Beatrice",female,50.6,0,1,T241115,9.93,,S
7247,1,3,"Davis, Mrs. Emma",female,41.1,0,0,T324556,8.72,,C
7248,0,1,"Williams, Mr. John",male,33.1,0,0,T229280,93.04,,C
7249,0,3,"Williams, Mr. James",male,15.0,1,0,T756486,4.33,,Q
7250,1,3,"Brown, Mr. William",male,15.6,0,0,T611140,13.08,F74,S
7251,0,3,"Davis, Mr. Richard",male,38.7,2,0,T225981,6.42,,C
7252,0,2,"Williams, Mr. Richard",male,,0,0,T307479,31.81,,S
7253,1,2,"Miller, Miss. Edith",female,,0,0,T696026,21.59,,C
7254,0,3,"Brown, Mr. John",male,,0,0,T562775,9.13,,C
7255,0,1,"Brown, Mr. John",male,27.3,3,1,T580525,86.29,,S
7256,0,2,"Wilson, Mr. George",male,42.8,0,0,T186629,30.8,,S
7257,0,3,"Brown, Miss. Emma",female,22.4,0,0,T919906,4.71,C139,C
7258,1,1,"Davis, Mr. Edward",male,41.3,2,1,T538785,93.38,,S
7259,0,1,"Thomas, Mr. William",male,36.1,0,0,T346696,36.92,,S
7260,0,1,"Thomas, Mr. William",male,5.4,0,0,T460055,88.8,,S
7261,0,2,"Jones, Mr. Robert",male,34.0,2,0,T676063,15.77,,C
7262,1,3,"Smith, Miss. Mary",female,0.5,0,0,T601897,11.68,,S
7263,1,1,"Davis, Mrs. Emma",female,16.7,1,0,T673700,63.66,C136,S
7264,1,1,"Davis, Miss. Florence",female,36.4,0,1,T474943,382.12,,S
7265,0,3,"Smith, Mr. Richard",male,29.5,0,0,T561474,8.22,,S
7266,1,3,"Taylor, Mrs. Alice",female,4.1,0,1,T822477,20.01,,S
7267,0,1,"Wilson, Mr. William",male,13.5,0,0,T947798,153.13,D28,S
7268,0,3,"Taylor, Mr. Edward",male,0.5,0,0,T548666,10.34,,S
7269,0,3,"Taylor, Mr. William",male,10.2,0,0,T419217,5.48,,S
7270,0,3,"Jones, Mr. James",male,38.1,0,0,T128164,7.56,,C
7271,0,3,"Thomas, Mr. George",male,21.6,0,0,T964941,7.93,G105,C
7272,0,3,"Anderson, Mr. James",male,32.2,0,0,T669459,15.31,E135,S
7273,0,1,"Thomas, Mr. Charles",male,29.9,0,0,T659113,118.67,,C
7274,0,1,"Williams, Mr. John",male,,0,0,T334308,142.17,,C
7275,1,2,"Williams, Miss. Florence",female,44.5,0,2,T206362,19.29,,C
7276,0,2,"Jones, Miss. Dorothy",female,,0,0,T478016,31.53,B148,S
7277,0,3,"Johnson, Mr. Edward",male,,2,0,T726794,6.09,,C
7278,1,3,"Davis, Miss. Florence",female,0.5,0,4,T318474,51.12,D113,S
7279,0,1,"Smith, Miss. Beatrice",female,45.8,1,0,T55131,84.05,,C
7280,1,2,"Taylor, Miss. Clara",female,11.0,0,1,T884537,14.5,,S
7281,0,2,"Johnson, Mr. Thomas",male,14.1,0,1,T428123,26.82,,S
7282,0,3,"Moore, Miss. Alice",female,19.5,2,0,T856747,9.01,G9,C
7283,0,3,"Miller, Mr. Henry",male,45.4,1,3,T550670,17.61,,C
7284,0,3,"Moore, Mr. Thomas",male,16.8,1,0,T514999,3.47,,S
7285,0,3,"Anderson, Mrs. Dorothy",female,20.2,1,0,T363585,6.3,,S
7286,0,3,"Williams, Miss. Clara",female,15.8,1,0,T376252,5.7,,S
7287,0,3,"Thomas, Master. George",male,33.4,1,0,T264349,22.03,,C
7288,0,1,"Smith, Miss. Emma",female,40.5,1,0,T59640,41.06,,S
7289,0,3,"Williams, Mr. Charles",male,,0,2,T323723,13.08,,C
7290,0,3,"Jones, Master. Henry",male,64.5,0,0,T226147,20.31,,S
7291,0,3,"Taylor, Mr. James",male,39.1,0,0,T459308,15.66,,S
7292,0,3,"Taylor, Miss. Annie",female,35.0,0,2,T672823,27.11,,S
7293,1,3,"Davis, Mrs. Alice",female,12.0,0,0,T110425,9.79,,S
7294,0,3,"Brown, Miss. Annie",female,57.4,0,2,T429954,20.69,,S
7295,0,3,"Smith, Mr. George",male,32.8,0,2,T939588,16.56,G67,S
7296,0,1,"Brown, Mr. Charles",male,25.5,0,2,T703274,159.17,,S
7297,0,3,"Anderson, Master. William",male,,0,0,T543216,6.82,,S
7298,0,3,"Thomas, Mr. George",male,20.5,0,0,T139461,3.37,,Q
7299,0,2,"Thomas, Mr. Thomas",male,0.5,0,0,T301299,43.29,,C
7300,0,3,"Wilson, Mr. Charles",male,38.0,0,2,T862176,13.83,F85,S
7301,0,3,"Anderson, Mr. Charles",male,49.2,0,0,T196303,7.9,,S
7302,0,3,"Miller, Miss. Mary",female,37.8,0,5,T375994,5.18,,S
7303,0,3,"Smith, Mr. John",male,29.6,0,2,T715642,10.46,B95,S
7304,1,2,"Williams, Mrs. Beatrice",female,29.9,0,0,T387274,48.54,,S
7305,0,3,"Miller, Mr. Thomas",male,,0,1,T209163,30.2,,S
7306,0,3,"Jones, Master. William",male,31.8,2,0,T507177,13.58,,S
7307,0,2,"Davis, Master. Henry",male,28.8,0,0,T102217,54.59,,S
7308,0,1,"Taylor, Mr. William",male,30.1,0,0,T988798,92.98,,Q
7309,0,3,"Moore, Mr. Charles",male,52.2,0,4,T852349,8.26,F19,S
7310,1,3,"Davis, Mr. Edward",male,36.5,0,0,T894103,10.0,,S
7311,1,3,"Williams, Mrs. Florence",female,31.2,4,0,T407637,14.47,F105,Q
7312,0,3,"Taylor, Mrs. Dorothy",female,39.3,0,1,T306635,2.95,,C
7313,0,1,"Moore, Mr. Thomas",male,39.3,0,0,T478217,76.86,,C
7314,0,2,"Smith, Mr. James",male,43.4,0,0,T644471,13.8,,S
7315,0,2,"Williams, Mrs. Mary",female,18.7,1,0,T345487,38.82,,C
7316,1,3,"Anderson, Mrs. Clara",female,,0,0,T473921,24.05,,S
7317,1,1,"Johnson, Mr. Robert",male,,1,0,T874223,49.11,,S
7318,1,3,"Johnson, Miss. Emma",female,40.8,1,2,T988245,8.71,,S
7319,0,3,"Brown, Mr. Richard",male,40.1,1,2,T754411,11.5,,S
7320,0,3,"Anderson, Mr. Charles",male,11.2,0,1,T990177,10.6,,S
7321,1,3,"Taylor, Mr. George",male,35.4,0,0,T628277,14.84,,S
7322,0,3,"Taylor, Mr. Thomas",male,49.6,0,0,T853013,6.83,,S
7323,0,2,"Taylor, Mr. Henry",male,26.3,1,0,T183513,20.77,,S
7324,1,1,"Taylor, Mr. Henry",male,34.3,1,0,T132252,74.45,,S
7325,1,1,"Williams, Mrs. Dorothy",female,40.3,1,0,T973302,58.88,E47,S
7326,0,3,"Smith, Master. Thomas",male,10.6,0,1,T179677,28.99,,S
7327,1,1,"Moore, Mr. William",male,31.9,0,2,T904944,162.73,,S
7328,0,3,"Thomas, Mr. George",male,48.1,2,0,T19119,11.32,,S
7329,0,1,"Smith, Mr. Edward",male,,0,0,T324960,120.07,,Q
7330,0,2,"Moore, Mr. Thomas",male,,1,0,T146016,24.23,,Q
7331,0,1,"Taylor, Miss. Annie",female,30.1,0,0,T62260,57.65,,S
7332,0,3,"Wilson, Miss. Lily",female,,0,3,T481808,12.25,E83,C
7333,0,3,"Davis, Mr. Henry",male,28.3,0,0,T391426,14.17,,C
7334,0,3,"Brown, Mr. John",male,22.1,0,0,T284048,6.24,,S
7335,1,3,"Johnson, Miss. Emma",female,16.8,0,0,T53062,12.85,,S
7336,0,3,"Brown, Mr. Richard",male,26.0,0,0,T217511,10.73,,S
7337,0,3,"Anderson, Mr. William",male,30.7,1,0,T727651,9.84,,C
7338,0,3,"Davis, Mr. George",male,27.3,1,1,T331256,5.31,,C
7339,1,3,"Davis, Miss. Mary",female,,3,0,T919799,10.66,,S
7340,0,3,"Anderson, Mr. Henry",male,,0,2,T214518,62.17,A89,S
7341,0,3,"Johnson, Miss. Edith",female,37.4,0,0,T46106,7.54,,S
7342,0,3,"Williams, Mr. William",male,13.1,0,0,T845288,16.12,,C
7343,0,3,"Smith, Mr. Robert",male,26.0,0,0,T970411,19.81,,Q
7344,1,3,"Thomas, Mrs. Dorothy",female,1.1,1,0,T386273,19.01,,S
7345,0,1,"Moore, Mr. William",male,27.3,0,0,T516633,59.59,,S
7346,0,3,"Wilson, Mr. Henry",male,31.9,1,0,T187204,3.62,,S
7347,0,1,"Johnson, Mr. John",male,38.0,0,0,T84415,104.09,,S
7348,0,3,"Taylor, Mr. Robert",male,31.9,0,1,T142121,15.57,,C
7349,0,3,"Taylor, Mr. Thomas",male,37.6,0,0,T82062,12.72,,S
7350,0,3,"Williams, Miss. Emma",female,30.6,0,0,T981320,18.66,,S
7351,1,1,"Brown, Mrs. Alice",female,19.9,0,0,T92513,50.37,,S
7352,1,1,"Thomas, Mrs. Lily",female,,0,0,T648689,60.02,,S
7353,1,1,"Smith, Mrs. Edith",female,25.9,0,0,T612708,79.86,,C
7354,0,2,"Moore, Miss. Lily",female,18.6,0,0,T890831,12.28,,Q
7355,0,3,"Davis, Mrs. Alice",female,28.0,2,0,T582712,5.8,,S
7356,1,3,"Brown, Mrs. Florence",female,,3,1,T800312,9.99,,C
7357,0,3,"Miller, Mr. James",male,35.8,0,1,T438153,16.86,B144,S
7358,0,3,"Thomas, Mr. George",male,30.4,1,0,T918379,25.82,,S
7359,0,2,"Brown, Miss. Emma",female,,1,1,T695432,23.57,C19,S
7360,0,1,"Taylor, Mr. Edward",male,36.1,1,0,T630203,193.94,,S
7361,0,1,"Miller, Miss. Edith",female,27.1,0,0,T865376,352.74,G143,S
7362,0,3,"Davis, Mr. George",male,28.0,0,1,T27480,10.45,F108,S
7363,0,3,"Moore, Mr. Charles",male,37.0,0,0,T549178,20.99,,S
7364,1,3,"Moore, Mrs. Beatrice",female,65.2,0,0,T619942,15.04,A83,S
7365,0,2,"Taylor, Mr. Henry",male,15.4,0,0,T307432,24.33,,S
7366,0,2,"Johnson, Miss. Edith",female,30.3,1,0,T384186,28.45,,S
7367,0,3,"Brown, Miss. Dorothy",female,,1,0,T392041,15.9,C61,S
7368,1,1,"Thomas, Miss. Florence",female,29.4,0,0,T798468,108.85,,S
7369,1,3,"Davis, Mr. Henry",male,19.9,0,0,T62501,15.54,,S
7370,0,2,"Wilson, Mr. Edward",male,28.0,0,0,T471296,44.84,,Q
7371,0,1,"Smith, Mr. George",male,32.0,0,0,T508961,99.14,,Q
7372,1,3,"Miller, Mrs. Alice",female,22.6,0,0,T231630,15.9,,S
7373,0,2,"Davis, Mr. Robert",male,3.8,1,1,T608592,27.73,,S
7374,0,3,"Moore, Mr. Richard",male,,0,0,T995318,23.08,,S
7375,0,3,"Anderson, Mr. Robert",male,,0,0,T229661,7.44,F35,C
7376,0,3,"Williams, Mr. William",male,27.8,2,0,T949612,14.62,E132,S
7377,1,3,"Williams, Miss. Mary",female,16.7,0,0,T349762,21.15,,C
7378,1,3,"Thomas, Mr. Charles",male,30.9,0,4,T519167,15.03,,Q
7379,0,2,"Williams, Mr. William",male,34.9,1,1,T934462,16.98,,C
7380,1,3,"Wilson, Mrs. Emma",female,40.9,0,0,T475678,9.42,A9,S
7381,1,3,"Jones, Mrs. Mary",female,42.2,0,0,T379261,5.42,,C
7382,0,1,"Thomas, Miss. Lily",female,44.9,0,0,T20896,121.97,E54,C
7383,0,3,"Smith, Miss. Alice",female,4.5,0,0,T252512,7.9,B107,S
7384,0,3,"Smith, Mr. George",male,25.3,0,0,T657142,34.15,,S
7385,0,3,"Taylor, Mr. Robert",male,44.1,1,0,T613610,3.97,,S
7386,0,3,"Anderson, Miss. Edith",female,16.3,0,0,T624203,4.3,,S
7387,1,2,"Smith, Mrs. Edith",female,47.4,0,0,T993652,9.62,B39,S
7388,1,3,"Brown, Mr. James",male,56.0,0,0,T99836,4.49,C114,S
7389,0,2,"Wilson, Mrs. Florence",female,47.0,3,0,T181663,18.67,,S
7390,0,2,"Brown, Miss. Beatrice",female,39.3,1,3,T881232,19.25,G100,Q
7391,0,3,"Anderson, Master. Henry",male,,0,0,T622983,15.97,,S
7392,0,3,"Johnson, Mr. Edward",male,33.8,0,0,T838302,4.55,,S
7393,1,1,"Thomas, Mrs. Beatrice",female,10.2,1,0,T133333,73.53,,S
7394,1,3,"Moore, Mrs. Florence",female,,0,1,T649391,29.89,,C
7395,1,3,"Smith, Miss. Emma",female,19.4,0,0,T348724,12.82,E77,S
7396,1,3,"Smith, Miss. Dorothy",female,,0,2,T378719,21.03,,S
7397,0,3,"Davis, Mr. Edward",male,24.0,0,1,T146069,20.66,A49,S
7398,1,3,"Miller, Mr. John",male,33.5,0,0,T956943,10.15,E61,S
7399,0,2,"Wilson, Mr. Edward",male,42.4,1,1,T86407,18.09,,S
7400,1,2,"Brown, Mrs. Lily",female,19.4,0,0,T998267,52.06,,S
7401,0,3,"Taylor, Mr. Robert",male,31.9,0,0,T922888,19.19,,C
7402,1,3,"Smith, Mr. John",male,23.7,3,0,T568090,5.02,F128,Q
7403,0,3,"Thomas, Miss. Dorothy",female,32.5,1,0,T634330,5.52,F33,S
7404,0,3,"Brown, Mr. Robert",male,39.6,0,0,T991528,7.75,,S
7405,0,3,"Johnson, Miss. Dorothy",female,43.1,0,0,T832730,12.02,,S
7406,0,2,"Taylor, Mr. George",male,39.4,0,0,T795746,26.13,E6,S
7407,0,1,"Johnson, Mr. Edward",male,,0,0,T599504,113.61,,S
7408,0,2,"Jones, Mr. Edward",male,9.1,0,0,T372569,27.16,,S
7409,0,3,"Brown, Mrs. Annie",female,14.0,0,4,T884885,14.75,,C
7410,0,2,"Wilson, Mr. Richard",male,17.7,0,0,T60462,41.36,,S
7411,0,3,"Miller, Mrs. Beatrice",female,34.9,0,0,T704287,12.53,F119,Q
7412,1,1,"Jones, Mr. John",male,,0,0,T264053,74.18,,S
7413,0,3,"Johnson, Mr. Thomas",male,34.6,4,0,T795732,7.83,,S
7414,1,2,"Moore, Mr. Edward",male,33.5,0,4,T636220,28.17,,S
7415,0,3,"Smith, Miss. Annie",female,1.6,0,0,T508665,9.9,,S
7416,0,2,"Davis, Mr. Robert",male,,0,0,T11034,27.52,,S
7417,0,2,"Davis, Mr. William",male,44.8,1,0,T727828,22.15,E35,Q
7418,1,3,"Davis, Mrs. Dorothy",female,,0,2,T209819,19.21,,S
7419,0,1,"Jones, Mr. Edward",male,17.4,0,2,T694237,195.91,,S
7420,0,3,"Johnson, Mr. George",male,14.7,1,0,T411801,8.28,E63,S
7421,0,3,"Johnson, Mr. John",male,0.5,4,0,T579346,4.33,E7,C
7422,1,3,"Anderson, Mrs. Emma",female,51.0,0,1,T272483,6.05,B106,S
7423,0,3,"Anderson, Mr. Thomas",male,30.3,8,0,T751517,7.38,,S
7424,0,1,"Wilson, Miss. Annie",female,57.0,1,0,T155241,59.81,D99,C
7425,0,3,"Jones, Mr. George",male,26.9,0,0,T751170,12.13,F60,C
7426,1,3,"Miller, Mr. George",male,33.8,0,0,T430632,11.21,B93,S
7427,1,1,"Taylor, Mrs. Florence",female,42.6,0,1,T338445,226.17,,S
7428,0,2,"Davis, Mr. Charles",male,53.5,0,0,T71714,26.48,,S
7429,0,2,"Smith, Mrs. Emma",female,37.0,2,1,T442494,26.32,,S
7430,0,3,"Anderson, Mr. George",male,,0,0,T359883,12.46,,S
7431,0,3,"Davis, Mr. Robert",male,30.1,1,0,T183492,11.22,,S
7432,0,1,"Brown, Mr. William",male,14.5,0,0,T331205,246.25,,S
7433,0,2,"Miller, Mr. William",male,24.2,0,0,T672263,31.18,,S
7434,0,2,"Williams, Mr. George",male,,1,1,T94073,75.02,C51,C
7435,0,3,"Anderson, Mr. Henry",male,,1,1,T453973,8.89,,S
7436,0,3,"Davis, Mr. Richard",male,23.5,0,0,T514389,5.76,,C
7437,0,2,"Taylor, Mr. George",male,45.1,3,2,T159237,20.51,,C
7438,0,1,"Williams, Mr. Robert",male,28.5,0,0,T698032,39.51,,S
7439,1,3,"Moore, Mr. Thomas",male,47.7,0,0,T956377,13.01,,S
7440,0,3,"Johnson, Mr. Thomas",male,39.5,0,1,T90666,14.28,C149,S
7441,0,3,"Anderson, Master. George",male,38.5,0,0,T340581,6.28,,S
7442,0,3,"Jones, Master. John",male,43.9,0,0,T842656,4.8,,S
7443,1,1,"Williams, Mrs. Dorothy",female,41.8,0,1,T711916,169.63,,S
7444,0,1,"Johnson, Miss. Clara",female,,0,0,T966737,55.09,B54,C
7445,0,1,"Anderson, Mr. Richard",male,60.6,0,0,T445351,96.32,E143,S
7446,0,2,"Smith, Mr. George",male,53.1,0,2,T918183,34.99,C32,C
7447,0,3,"Smith, Mr. John",male,36.5,0,0,T841777,47.07,,S
7448,0,3,"Davis, Mrs. Beatrice",female,23.3,1,0,T614315,16.39,,Q
7449,0,1,"Johnson, Mr. George",male,35.0,0,0,T558238,53.09,,S
7450,1,2,"Davis, Mr. John",male,1.8,0,0,T733314,14.09,,S
7451,0,2,"Brown, Mr. George",male,41.7,0,0,T688197,35.04,,S
7452,0,3,"Taylor, Mrs. Clara",female,14.3,5,0,T772963,5.38,,S
7453,1,2,"Thomas, Miss. Mary",female,46.0,1,2,T620648,19.02,,S
7454,0,2,"Jones, Mr. Robert",male,,0,1,T558678,17.74,,S
7455,0,3,"Miller, Mr. Thomas",male,8.7,0,0,T44792,19.87,,C
7456,1,2,"Taylor, Miss. Alice",female,,0,0,T138828,24.77,D64,S
7457,1,1,"Thomas, Mr. Richard",male,,0,0,T203414,167.22,,C
7458,1,1,"Brown, Master. Robert",male,4.6,0,0,T571839,114.51,G18,S
7459,0,2,"Wilson, Miss. Emma",female,28.2,0,2,T926348,19.42,,S
7460,0,1,"Wilson, Mr. Charles",male,38.9,0,0,T432645,106.14,,C
7461,0,2,"Taylor, Mr. Thomas",male,,0,2,T248077,35.68,,C
7462,1,3,"Johnson, Mr. James",male,,0,1,T910387,17.59,D80,S
7463,0,3,"Moore, Mrs. Mary",female,,2,0,T659895,17.69,,S
7464,0,3,"Brown, Mr. Henry",male,31.5,5,0,T392971,11.21,D24,C
7465,1,3,"Williams, Miss. Emma",female,8.1,0,0,T741387,22.93,D145,S
7466,1,2,"Thomas, Mr. Charles",male,9.0,0,0,T908293,23.78,,S
7467,1,3,"Anderson, Mrs. Florence",female,15.2,1,0,T578489,7.09,,S
7468,0,2,"Williams, Mrs. Lily",female,44.9,0,0,T200260,24.4,,S
7469,0,2,"Smith, Mr. Edward",male,37.6,2,0,T672892,18.8,,S
7470,0,2,"Johnson, Mr. Richard",male,34.4,2,0,T692261,19.57,B10,S
7471,0,1,"Brown, Mr. Richard",male,17.2,0,0,T966107,106.27,,Q
7472,0,3,"Wilson, Miss. Edith",female,24.1,1,0,T68332,15.46,,S
7473,0,1,"Anderson, Mr. Edward",male,9.8,0,2,T97253,114.03,,S
7474,0,2,"Williams, Mrs. Emma",female,49.5,0,4,T315329,29.57,,S
7475,0,2,"Moore, Mr. Edward",male,61.6,0,1,T812082,26.9,,S
7476,1,1,"Jones, Mr. Robert",male,37.8,0,2,T852393,119.62,,S
7477,0,1,"Williams, Miss. Alice",female,40.3,1,0,T551832,78.64,,S
7478,0,1,"Thomas, Master. James",male,27.4,1,0,T75351,159.99,,Q
7479,0,2,"Brown, Master. Edward",male,6.2,0,0,T572407,29.51,E121,S
7480,1,3,"Jones, Mrs. Mary",female,17.5,1,0,T920144,6.93,,S
7481,0,2,"Davis, Mr. Edward",male,23.0,0,2,T633067,25.0,E11,C
7482,1,1,"Anderson, Mrs. Beatrice",female,24.1,1,2,T724616,67.06,,S
7483,0,3,"Smith, Mrs. Edith",female,20.8,1,1,T531555,9.59,,S
7484,0,3,"Smith, Mrs. Alice",female,30.4,0,1,T171325,11.13,,S
7485,0,1,"Moore, Mr. Charles",male,17.4,0,0,T51550,63.66,,C
7486,0,2,"Thomas, Mr. Charles",male,61.1,0,0,T105617,15.58,A66,S
7487,0,3,"Brown, Mr. Robert",male,9.9,2,0,T922054,11.16,,S
7488,0,1,"Miller, Mr. William",male,42.6,0,0,T428485,118.62,,S
7489,0,3,"Miller, Mrs. Lily",female,,0,0,T352669,12.86,,Q
7490,0,1,"Brown, Mr. James",male,36.4,0,0,T441148,95.78,G59,S
7491,0,3,"Miller, Mr. John",male,37.1,0,0,T917247,13.51,,C
7492,0,3,"Johnson, Mr. Charles",male,32.0,0,1,T290616,22.48,,Q
7493,0,3,"Brown, Mr. George",male,,0,1,T700890,10.53,,S
7494,0,2,"Taylor, Master. James",male,24.9,1,0,T72465,28.2,,S
7495,1,2,"Anderson, Mr. James",male,32.2,0,2,T834197,21.6,A46,S
7496,0,2,"Jones, Miss. Dorothy",female,31.2,0,1,T21994,48.82,,C
7497,0,3,"Moore, Mr. William",male,14.9,2,0,T484119,4.89,D125,C
7498,0,3,"Smith, Mr. George",male,48.4,0,0,T635413,4.52,,S
7499,0,2,"Thomas, Mr. William",male,0.5,1,0,T609783,39.02,C149,S
7500,0,3,"Moore, Mr. Edward",male,26.1,0,0,T388349,4.42,,S
7501,0,1,"Smith, Mr. George",male,16.3,1,0,T624609,75.74,,C
7502,0,2,"Wilson, Miss. Mary",female,32.3,0,0,T344136,27.89,,Q
7503,0,3,"Johnson, Mr. Edward",male,44.4,0,0,T641579,6.27,,S
7504,0,2,"Brown, Mr. William",male,9.3,0,0,T907237,64.11,,C
7505,0,2,"Jones, Mrs. Beatrice",female,63.8,0,1,T879873,47.95,,S
7506,1,1,"Anderson, Miss. Florence",female,32.6,1,0,T670687,78.93,,C
7507,0,3,"Williams, Mr. Thomas",male,35.2,1,0,T774585,13.71,G24,S
7508,0,3,"Williams, Master. Thomas",male,8.8,0,0,T743991,7.76,,C
7509,0,3,"Moore, Miss. Lily",female,29.0,0,0,T670232,4.06,,S
7510,0,3,"Brown, Mr. George",male,43.8,1,0,T70706,10.27,A143,C
7511,0,3,"Anderson, Mr. Henry",male,32.7,0,0,T860430,10.12,,S
7512,0,2,"Davis, Mr. Charles",male,31.7,4,0,T967437,17.82,,C
7513,0,3,"Anderson, Mr. Thomas",male,,1,0,T323859,5.57,G26,C
7514,0,3,"Davis, Mr. Robert",male,,1,0,T659006,11.55,,S
7515,0,3,"Miller, Mr. Robert",male,9.6,0,0,T803932,14.29,,C
7516,0,3,"Davis, Mr. James",male,46.7,1,1,T766682,12.66,,C
7517,0,3,"Moore, Mrs. Edith",female,42.5,1,0,T989621,10.07,,S
7518,0,1,"Brown, Mr. Henry",male,44.6,0,0,T608542,176.63,,S
7519,1,1,"Davis, Mr. George",male,17.8,1,0,T770172,50.78,,C
7520,0,3,"Johnson, Mr. Richard",male,27.4,0,0,T706866,7.86,,C
7521,0,3,"Brown, Miss. Beatrice",female,47.6,0,2,T305257,8.32,E16,S
7522,0,3,"Jones, Mr. Thomas",male,11.9,2,0,T509131,11.37,,C
7523,0,2,"Thomas, Mrs. Emma",female,46.1,0,0,T689990,17.41,,C
7524,1,2,"Miller, Mr. Thomas",male,21.2,0,0,T602495,38.2,,S
7525,1,3,"Taylor, Mrs. Dorothy",female,17.3,1,0,T351031,14.79,,S
7526,1,3,"Moore, Mrs. Dorothy",female,29.2,0,0,T404564,11.3,,S
7527,1,3,"Wilson, Miss. Dorothy",female,,2,0,T948884,11.66,,S
7528,0,2,"Johnson, Mr. John",male,2.2,0,0,T985378,30.75,,C
7529,0,3,"Wilson, Mr. Edward",male,30.8,0,0,T313219,18.78,,S
7530,0,3,"Taylor, Mr. Robert",male,,2,1,T540018,13.72,E24,S
7531,0,3,"Taylor, Mr. Charles",male,47.3,0,1,T807500,11.41,,S
7532,0,1,"Jones, Mr. Robert",male,38.5,0,5,T473243,87.44,G51,S
7533,0,2,"Thomas, Mr. Thomas",male,58.2,1,0,T388871,32.01,,C
7534,0,3,"Anderson, Miss. Clara",female,49.4,0,0,T950466,12.58,,C
7535,0,1,"Anderson, Miss. Alice",female,40.4,0,2,T953137,51.31,D85,S
7536,0,3,"Jones, Mr. James",male,36.5,0,1,T101429,7.26,D107,S
7537,0,3,"Davis, Mr. Edward",male,,0,0,T671719,15.25,,C
7538,1,3,"Smith, Miss. Emma",female,0.5,0,0,T873787,18.88,,S
7539,1,2,"Wilson, Mr. John",male,22.7,0,0,T45022,31.53,,C
7540,0,1,"Davis, Mr. Charles",male,2.8,1,2,T221561,196.0,E54,C
7541,1,3,"Anderson, Mr. John",male,39.3,0,1,T295975,15.29,,C
7542,0,3,"Taylor, Mr. Richard",male,18.9,0,0,T281327,7.24,D81,C
7543,0,1,"Smith, Mr. Henry",male,73.5,0,0,T357199,192.5,,S
7544,1,1,"Johnson, Mrs. Florence",female,22.2,0,0,T83573,50.31,,S
7545,0,3,"Taylor, Mr. Charles",male,31.2,1,0,T561339,14.69,,S
7546,1,1,"Taylor, Mr. Robert",male,23.9,1,0,T488477,163.57,,S
7547,0,3,"Davis, Mr. John",male,22.6,1,0,T934830,7.6,,S
7548,0,2,"Miller, Mrs. Florence",female,11.6,0,0,T537333,31.31,,S
7549,0,3,"Wilson, Mrs. Mary",female,,0,0,T702356,10.41,,C
7550,0,3,"Wilson, Master. Charles",male,0.5,0,0,T312179,5.8,,C
7551,1,3,"Davis, Mrs. Emma",female,37.6,0,0,T995841,11.72,,Q
7552,0,1,"Williams, Mr. James",male,23.5,0,0,T828461,233.65,,C
7553,0,3,"Anderson, Mr. John",male,57.7,0,1,T217034,5.76,,S
7554,0,2,"Williams, Mrs. Florence",female,11.7,0,2,T323549,33.32,,Q
7555,0,3,"Anderson, Mr. James",male,51.1,0,0,T701838,13.39,,S
7556,0,3,"Taylor, Mr. James",male,52.5,0,0,T148996,20.47,,S
7557,0,3,"Jones, Mrs. Annie",female,48.2,1,0,T788785,10.38,,S
7558,0,1,"Miller, Mr. George",male,33.1,0,1,T635464,71.18,,S
7559,0,3,"Taylor, Mr. Charles",male,24.8,1,1,T148483,25.67,,C
7560,0,2,"Moore, Mr. Charles",male,,1,1,T134544,19.94,,S
7561,0,2,"Johnson, Mr. Richard",male,,0,0,T384121,11.83,,C
7562,1,1,"Smith, Mr. James",male,,1,0,T959824,87.03,,S
7563,0,1,"Taylor, Mr. Henry",male,29.1,0,0,T731833,79.07,A45,C
7564,1,1,"Brown, Miss. Annie",female,16.8,0,0,T399028,68.28,,C
7565,1,2,"Johnson, Mrs. Florence",female,33.7,0,0,T529450,32.23,,S
7566,1,3,"Smith, Mr. John",male,40.5,0,4,T506055,4.68,,Q
7567,1,2,"Davis, Mr. Robert",male,16.2,0,2,T599578,21.92,,S
7568,0,3,"Smith, Miss. Clara",female,36.4,0,0,T376566,2.53,E125,C
7569,1,1,"Williams, Miss. Edith",female,0.5,1,0,T531419,132.79,,S
7570,0,3,"Brown, Mr. James",male,14.5,1,3,T158102,8.73,G18,S
7571,1,3,"Brown, Mrs. Clara",female,23.1,5,0,T614436,14.19,G107,S
7572,0,3,"Williams, Mr. Richard",male,,0,0,T147128,8.38,,S
7573,1,3,"Moore, Miss. Dorothy",female,42.3,1,0,T331124,10.68,,S
7574,0,3,"Anderson, Mr. Edward",male,30.9,0,0,T162032,8.44,,S
7575,1,3,"Williams, Miss. Lily",female,,1,0,T324932,11.02,B84,S
7576,1,1,"Thomas, Mr. Charles",male,27.4,0,0,T41546,63.58,,Q
7577,0,3,"Davis, Mrs. Edith",female,35.6,0,0,T745390,10.67,,Q
7578,1,1,"Smith, Mr. Richard",male,34.8,1,0,T251421,86.64,,Q
7579,1,2,"Miller, Mr. Thomas",male,22.3,0,0,T306670,22.27,,S
7580,1,1,"Davis, Mrs. Edith",female,24.5,0,0,T880459,57.3,,C
7581,0,3,"Thomas, Mrs. Lily",female,38.4,0,0,T389442,9.78,,S
7582,0,3,"Wilson, Mr. Charles",male,56.0,0,0,T974194,8.13,E149,Q
7583,0,3,"Moore, Mr. James",male,47.2,0,0,T568237,15.84,,S
7584,0,3,"Smith, Miss. Alice",female,13.3,0,0,T853972,23.3,,S
7585,1,1,"Wilson, Mrs. Mary",female,13.4,0,0,T795920,90.64,,S
7586,0,3,"Brown, Mr. John",male,21.9,0,0,T598156,9.78,,S
7587,0,3,"Davis, Mr. Robert",male,31.1,0,1,T318887,11.99,D64,Q
7588,0,3,"Davis, Miss. Beatrice",female,30.4,1,2,T80552,15.7,,S
7589,1,3,"Taylor, Mrs. Annie",female,,0,0,T494254,12.65,,S
7590,1,3,"Davis, Miss. Florence",female,48.5,1,1,T880345,14.07,,S
7591,1,3,"Moore, Mrs. Lily",female,29.8,0,0,T173123,16.35,,S
7592,1,1,"Miller, Miss. Dorothy",female,26.4,3,1,T114848,97.25,,S
7593,1,1,"Moore, Mrs. Annie",female,37.2,0,0,T63467,53.37,,
7594,0,1,"Davis, Miss. Emma",female,,0,2,T352742,80.34,,S
7595,1,2,"Johnson, Mrs. Mary",female,37.7,0,0,T852224,48.53,,S
7596,0,3,"Davis, Mrs. Emma",female,23.4,1,6,T300642,18.31,,S
7597,0,3,"Thomas, Mr. William",male,20.8,0,1,T975915,10.08,,S
7598,0,2,"Miller, Master. George",male,13.6,0,0,T24054,25.66,,S
7599,0,3,"Williams, Mr. George",male,,0,0,T544675,14.39,,C
7600,1,3,"Wilson, Mrs. Edith",female,,0,0,T901916,14.82,,S
7601,1,1,"Miller, Mr. William",male,40.4,0,0,T246653,91.18,,C
7602,0,1,"Miller, Mr. Edward",male,,0,0,T130907,168.76,,S
7603,0,3,"Johnson, Mr. Robert",male,,0,0,T72380,4.99,,C
7604,0,3,"Williams, Mrs. Annie",female,9.8,0,2,T360862,7.86,B12,S
7605,0,3,"Smith, Miss. Mary",female,35.6,4,2,T986057,11.43,,Q
7606,1,2,"Williams, Miss. Mary",female,36.1,1,0,T261901,38.92,,C
7607,0,3,"Wilson, Mr. William",male,28.6,0,0,T826067,38.43,,Q
7608,0,2,"Jones, Mr. James",male,17.7,1,1,T61872,15.35,C30,C
7609,0,3,"Anderson, Mr. Thomas",male,,0,0,T536627,5.66,,S
7610,0,3,"Taylor, Mr. Robert",male,,0,0,T953451,13.92,,S
7611,1,1,"Thomas, Miss. Annie",female,0.5,1,0,T712136,106.46,,S
7612,1,1,"Davis, Mr. Richard",male,30.0,1,0,T942587,148.19,,S
7613,0,1,"Anderson, Mr. Robert",male,26.3,0,0,T870052,29.7,,S
7614,0,2,"Anderson, Mr. Thomas",male,,0,0,T503061,32.2,,Q
7615,0,3,"Anderson, Mr. Charles",male,36.8,0,0,T711109,6.8,B97,Q
7616,0,1,"Johnson, Mr. Charles",male,25.3,0,0,T962440,45.28,,S
7617,0,3,"Brown, Master. William",male,,4,0,T359826,11.26,,S
7618,0,2,"Moore, Mr. Robert",male,,0,0,T374443,55.05,,S
7619,0,3,"Smith, Mr. James",male,61.8,1,0,T590261,12.17,,S
7620,0,3,"Jones, Mr. Edward",male,39.5,0,0,T874431,10.05,,S
7621,0,3,"Brown, Mr. James",male,9.3,0,0,T647835,18.91,,Q
7622,0,3,"Davis, Miss. Emma",female,26.2,0,0,T652782,11.39,,C
7623,1,2,"Jones, Mr. Edward",male,29.4,0,0,T89724,38.62,,S
7624,0,3,"Moore, Mr. William",male,13.6,1,1,T661816,3.5,,S
7625,1,1,"Davis, Mrs. Alice",female,3.8,0,0,T913479,208.51,,S
7626,0,2,"Wilson, Master. Thomas",male,38.3,0,0,T396454,17.98,,S
7627,0,1,"Brown, Mr. William",male,18.0,2,0,T897619,30.67,,S
7628,0,3,"Moore, Mr. Thomas",male,47.8,0,0,T232884,11.05,,S
7629,0,3,"Anderson, Master. Edward",male,29.8,0,1,T799174,12.33,,S
7630,0,3,"Johnson, Mr. John",male,22.8,1,0,T557642,11.41,,S
7631,0,2,"Davis, Mr. Henry",male,,1,0,T368677,30.22,,S
7632,1,1,"Brown, Miss. Florence",female,47.4,0,0,T231610,54.7,,S
7633,0,3,"Miller, Master. John",male,34.0,1,0,T431816,14.45,F131,S
7634,0,3,"Thomas, Mrs. Clara",female,23.2,0,0,T45019,45.91,,C
7635,1,2,"Smith, Mrs. Florence",female,16.8,0,0,T400500,26.96,,S
7636,0,3,"Williams, Mrs. Annie",female,52.9,1,0,T92044,11.85,,S
7637,1,1,"Wilson, Mrs. Mary",female,14.3,0,0,T946380,50.35,,S
7638,0,1,"Johnson, Mr. James",male,24.4,0,0,T501519,115.21,D85,C
7639,0,2,"Moore, Miss. Beatrice",female,38.0,0,0,T423621,46.66,,S
7640,1,1,"Anderson, Mr. John",male,50.7,0,0,T737865,72.21,D10,S
7641,1,2,"Brown, Mrs. Mary",female,26.6,8,0,T152458,28.05,,S
7642,0,3,"Jones, Mr. George",male,19.0,0,0,T330605,16.85,,S
7643,0,3,"Davis, Mr. Henry",male,,2,0,T222246,13.62,E77,S
7644,0,3,"Williams, Mrs. Beatrice",female,,0,0,T412174,10.35,,S
7645,0,3,"Wilson, Mr. Charles",male,46.1,2,0,T479281,18.07,,S
7646,0,3,"Williams, Master. George",male,,0,0,T546228,11.4,C43,S
7647,1,1,"Wilson, Mr. George",male,31.4,1,1,T846181,85.23,G25,C
7648,1,3,"Taylor, Mrs. Beatrice",female,8.9,1,2,T335246,6.69,D66,S
7649,0,3,"Wilson, Mr. George",male,42.5,2,0,T462654,12.92,,S
7650,0,1,"Taylor, Miss. Emma",female,,0,0,T598290,23.79,B83,Q
7651,0,2,"Taylor, Miss. Emma",female,16.3,0,0,T23139,16.57,,Q
7652,0,3,"Smith, Mr. John",male,51.9,0,0,T892203,11.25,,S
7653,0,3,"Davis, Mr. Richard",male,34.6,0,0,T869949,11.1,,S
7654,1,2,"Taylor, Miss. Dorothy",female,,0,0,T518742,16.35,,C
7655,0,3,"Smith, Mr. James",male,,1,0,T69937,6.89,,S
7656,0,3,"Johnson, Mr. James",male,29.6,0,0,T823421,10.73,,S
7657,0,2,"Brown, Mr. Charles",male,24.2,0,0,T123706,15.22,,S
7658,0,3,"Williams, Mr. John",male,19.0,1,0,T639259,8.25,D139,C
7659,1,3,"Thomas, Mr. Charles",male,47.5,1,3,T147505,10.77,E149,S
7660,0,3,"Taylor, Mr. Charles",male,22.6,1,0,T905341,26.1,,S
7661,0,3,"Williams, Mr. William",male,22.1,0,2,T595940,15.23,,S
7662,0,1,"Brown, Mr. Edward",male,27.8,1,0,T140788,449.72,,S
7663,0,1,"Jones, Mr. James",male,50.4,0,0,T909327,379.6,,S
7664,0,2,"Williams, Mrs. Mary",female,46.1,0,0,T241909,13.75,,S
7665,1,3,"Wilson, Mrs. Mary",female,24.0,0,0,T807345,23.33,E87,S
7666,0,3,"Smith, Mr. George",male,47.5,0,0,T149053,9.02,C42,C
7667,0,3,"Brown, Mr. John",male,31.3,1,0,T642526,8.55,,Q
7668,1,1,"Moore, Miss. Annie",female,17.5,0,2,T387629,152.74,,S
7669,1,1,"Miller, Mr. Henry",male,22.8,1,0,T917517,146.03,,S
7670,1,3,"Johnson, Mrs. Edith",female,,1,0,T692184,8.69,,Q
7671,0,3,"Thomas, Mr. Henry",male,59.9,0,0,T735265,19.96,,Q
7672,1,3,"Jones, Mrs. Beatrice",female,34.3,0,0,T909792,18.61,,C
7673,0,3,"Davis, Mr. Robert",male,,0,0,T366819,8.33,,C
7674,0,3,"Moore, Mr. Edward",male,,1,0,T886545,6.76,,S
7675,0,1,"Smith, Mrs. Clara",female,18.6,0,0,T663878,112.54,,S
7676,1,2,"Jones, Mrs. Beatrice",female,,8,0,T551039,39.28,G103,S
7677,0,3,"Taylor, Mr. William",male,19.3,0,1,T651601,17.63,,Q
7678,0,3,"Smith, Miss. Edith",female,28.5,1,0,T946057,16.16,,C
7679,0,1,"Thomas, Mr. Edward",male,31.4,1,0,T376708,56.1,,S
7680,1,3,"Anderson, Mrs. Mary",female,27.6,0,0,T140527,4.77,,C
7681,0,3,"Miller, Mr. Charles",male,26.5,0,1,T114364,7.52,D19,C
7682,0,2,"Smith, Mr. Robert",male,40.7,2,0,T171816,29.18,,S
7683,1,3,"Wilson, Mrs. Clara",female,26.4,2,0,T199741,5.59,A87,S
7684,0,3,"Taylor, Mr. Henry",male,27.3,2,0,T694371,9.59,,C
7685,0,1,"Smith, Mr. George",male,27.1,0,0,T542026,118.8,,S
7686,0,3,"Anderson, Mr. James",male,52.1,0,2,T930000,10.42,,S
7687,0,3,"Davis, Mr. Thomas",male,22.6,0,3,T699111,10.65,,S
7688,0,2,"Brown, Miss. Edith",female,,0,0,T842599,21.89,,S
7689,1,3,"Jones, Mr. John",male,18.8,0,2,T234159,5.46,,S
7690,1,2,"Miller, Miss. Alice",female,,1,0,T728413,26.24,,S
7691,0,1,"Thomas, Mr. William",male,37.6,0,0,T888825,44.83,,S
7692,0,1,"Johnson, Mr. Henry",male,45.4,1,0,T458521,62.03,,Q
7693,0,1,"Williams, Mr. Robert",male,,1,1,T313796,63.18,E138,S
7694,1,2,"Miller, Mr. Thomas",male,13.5,0,0,T617965,27.87,,S
7695,0,3,"Williams, Mr. Edward",male,18.3,5,2,T506903,13.61,,S
7696,0,1,"Brown, Mr. Henry",male,43.7,0,0,T777485,103.54,,S
7697,0,3,"Moore, Mr. Edward",male,,0,0,T699312,17.99,,S
7698,0,3,"Moore, Mrs. Edith",female,,0,0,T818657,9.32,F44,S
7699,0,2,"Wilson, Master. Robert",male,11.4,0,0,T593005,21.93,,S
7700,0,3,"Taylor, Mrs. Beatrice",female,41.3,0,0,T893087,5.84,,S
7701,0,3,"Miller, Mr. Charles",male,16.0,1,1,T444899,18.26,,S
7702,0,3,"Taylor, Mr. Thomas",male,24.6,1,0,T453373,8.49,G81,S
7703,0,2,"Miller, Mr. Richard",male,32.4,3,0,T309170,15.67,D45,S
7704,0,3,"Brown, Mr. Charles",male,,1,2,T322059,9.88,B40,S
7705,0,3,"Brown, Mr. Thomas",male,30.6,0,0,T690520,14.26,,S
7706,1,2,"Thomas, Miss. Mary",female,21.0,0,0,T522648,23.1,,S
7707,0,2,"Anderson, Mr. Richard",male,,0,0,T330478,21.54,,
7708,0,3,"Moore, Mr. Thomas",male,22.1,0,0,T297095,8.6,,S
7709,0,1,"Smith, Mr. Charles",male,47.9,8,0,T115834,168.87,,S
7710,0,3,"Jones, Mr. William",male,10.0,0,1,T988854,13.22,,C
7711,1,2,"Taylor, Mr. Thomas",male,32.8,0,0,T263023,17.95,,C
7712,1,1,"Smith, Miss. Edith",female,,0,0,T684573,85.81,B8,S
7713,0,3,"Miller, Mr. Edward",male,17.6,1,1,T549703,12.78,C67,S
7714,1,1,"Jones, Miss. Alice",female,,0,2,T401082,98.82,,S
7715,0,2,"Wilson, Mr. Richard",male,51.7,1,0,T157619,31.97,,C
7716,0,1,"Anderson, Master. William",male,48.7,3,0,T698070,232.71,E48,S
7717,0,1,"Jones, Mr. William",male,42.4,0,0,T994671,305.41,,S
7718,0,3,"Anderson, Mr. James",male,,0,2,T489898,10.45,,S
7719,0,3,"Taylor, Mr. Henry",male,32.4,0,0,T603651,20.02,,S
7720,0,1,"Johnson, Mr. Henry",male,48.1,0,0,T960223,,,S
7721,0,3,"Wilson, Mr. Henry",male,39.9,0,0,T312459,18.0,,S
7722,1,2,"Taylor, Miss. Annie",female,30.0,0,2,T964388,15.06,,S
7723,0,3,"Smith, Mr. Edward",male,51.3,0,0,T322903,13.8,,S
7724,1,2,"Williams, Miss. Mary",female,,0,0,T106877,43.19,,S
7725,0,2,"Thomas, Mr. Richard",male,,1,0,T515837,34.96,,S
7726,0,3,"Anderson, Miss. Edith",female,23.0,0,0,T926108,19.66,,S
7727,1,1,"Smith, Mr. William",male,,0,0,T369167,76.58,,S
7728,0,1,"Davis, Mr. James",male,24.8,0,0,T795153,160.56,D148,C
7729,1,3,"Brown, Mrs. Annie",female,,0,0,T687763,10.33,,S
7730,0,3,"Johnson, Mr. Richard",male,41.8,0,1,T115534,18.15,,S
7731,0,3,"Miller, Mr. James",male,8.8,1,0,T953838,9.2,,C
7732,0,3,"Smith, Mr. Thomas",male,,0,0,T567372,11.63,,Q
7733,0,3,"Jones, Mr. Henry",male,15.9,0,0,T437875,6.05,,S
7734,0,2,"Thomas, Miss. Edith",female,23.8,0,1,T18848,37.12,,S
7735,1,2,"Williams, Miss. Annie",female,,1,1,T994965,16.55,,S
7736,1,3,"Jones, Mrs. Clara",female,25.6,0,1,T86970,12.02,G60,S
7737,1,3,"Jones, Miss. Florence",female,,0,2,T659666,21.55,,Q
7738,0,3,"Taylor, Mr. John",male,35.8,3,0,T295761,25.43,,S
7739,0,3,"Smith, Mr. William",male,14.9,0,0,T920924,6.46,,S
7740,0,2,"Jones, Miss. Alice",female,50.9,0,4,T456010,20.74,,Q
7741,0,2,"Johnson, Mr. Robert",male,20.1,1,0,T131081,26.08,,C
7742,0,2,"Thomas, Mr. James",male,52.3,0,0,T888807,29.96,F19,C
7743,0,3,"Jones, Mr. George",male,27.9,1,0,T533158,14.62,,S
7744,0,3,"Johnson, Mrs. Florence",female,24.8,0,0,T588134,25.82,,S
7745,0,3,"Davis, Mr. Edward",male,13.6,0,0,T456502,16.16,,S
7746,1,3,"Miller, Mrs. Emma",female,32.6,1,0,T206193,11.92,F47,S
7747,1,3,"Johnson, Mr. John",male,62.4,1,0,T181612,24.21,A82,S
7748,0,3,"Johnson, Mr. Edward",male,,0,0,T89860,7.24,,C
7749,1,3,"Miller, Miss. Annie",female,33.6,0,0,T22448,9.27,,S
7750,1,3,"Jones, Mrs. Mary",female,,0,0,T297281,29.29,B29,S
7751,0,3,"Johnson, Mr. Henry",male,38.3,1,0,T745065,5.34,,S
7752,0,1,"Wilson, Mr. William",male,,1,0,T616352,53.12,,S
7753,0,1,"Davis, Mr. Robert",male,28.8,0,0,T762203,99.9,C107,S
7754,0,3,"Miller, Mrs. Edith",female,36.9,1,0,T885685,14.77,,S
7755,0,3,"Smith, Mr. Thomas",male,3.4,0,0,T146956,4.82,F110,S
7756,0,2,"Moore, Mr. Edward",male,28.2,1,2,T982984,16.52,E15,S
7757,0,1,"Taylor, Mrs. Dorothy",female,,1,0,T747751,75.33,,S
7758,0,3,"Wilson, Mr. Edward",male,,2,0,T264981,13.44,,S
7759,0,3,"Wilson, Mr. William",male,19.2,0,0,T843942,6.64,,C
7760,1,2,"Jones, Mrs. Lily",female,20.2,0,0,T356674,20.53,F13,S
7761,1,3,"Johnson, Miss. Mary",female,10.4,0,0,T928601,29.34,,S
7762,1,3,"Anderson, Miss. Mary",female,45.9,0,0,T382353,7.56,D98,S
7763,0,3,"Anderson, Master. Thomas",male,19.9,0,2,T152567,18.05,,S
7764,1,2,"Brown, Mrs. Clara",female,20.6,0,0,T977588,15.04,,S
7765,1,2,"Wilson, Miss. Alice",female,,0,0,T952486,15.08,,S
7766,0,2,"Brown, Mr. John",male,37.9,0,0,T371987,25.84,,S
7767,0,2,"Thomas, Mr. George",male,0.5,0,1,T428147,46.79,,C
7768,0,1,"Johnson, Master. Richard",male,,0,0,T583023,138.22,,S
7769,0,3,"Jones, Miss. Florence",female,,0,1,T738174,9.68,,C
7770,0,2,"Taylor, Miss. Clara",female,52.2,0,0,T631452,35.45,,C
7771,1,3,"Moore, Mrs. Florence",female,39.4,0,0,T39348,4.02,,C
7772,0,3,"Thomas, Mr. Charles",male,13.7,2,0,T215198,14.15,,S
7773,1,1,"Smith, Mr. Thomas",male,29.0,0,0,T791619,51.86,,S
7774,0,3,"Thomas, Master. William",male,,0,0,T965732,9.66,,S
7775,1,3,"Jones, Miss. Lily",female,17.1,0,0,T381686,6.24,,S
7776,1,3,"Williams, Miss. Beatrice",female,13.6,1,1,T889821,8.04,,C
7777,0,2,"Jones, Mr. Richard",male,20.6,0,0,T800827,16.29,,S
7778,0,3,"Wilson, Mr. Henry",male,,1,0,T932629,13.56,,S
7779,1,2,"Taylor, Miss. Florence",female,23.2,0,0,T996134,30.49,,S
7780,1,3,"Taylor, Mr. George",male,22.6,0,0,T333494,7.32,,S
7781,1,1,"Johnson, Miss. Florence",female,25.5,0,1,T820872,158.07,E142,S
7782,0,3,"Smith, Mr. William",male,,0,0,T662769,21.91,,S
7783,0,2,"Anderson, Mrs. Emma",female,61.1,0,2,T672910,46.03,,S
7784,0,1,"Wilson, Mr. Robert",male,,0,1,T870332,31.34,B148,C
7785,1,3,"Jones, Mr. Charles",male,34.6,1,0,T748322,18.72,,S
7786,1,3,"Brown, Mrs. Alice",female,17.5,0,0,T299853,10.18,,S
7787,1,2,"Anderson, Mr. John",male,40.8,0,0,T667182,28.78,C65,
7788,0,1,"Anderson, Mr. Thomas",male,22.8,0,0,T753774,20.39,,C
7789,1,3,"Williams, Mrs. Annie",female,19.4,1,0,T693327,10.94,,S
7790,0,3,"Thomas, Mr. Edward",male,58.7,0,1,T673570,9.34,,S
7791,1,1,"Johnson, Mrs. Lily",female,10.0,0,0,T72670,52.9,,S
7792,0,3,"Taylor, Mr. John",male,0.5,0,1,T183050,6.1,,S
7793,0,3,"Williams, Mr. Thomas",male,40.4,2,0,T505519,35.47,,C
7794,1,1,"Davis, Mr. John",male,24.4,0,0,T461157,135.68,,S
7795,0,3,"Johnson, Mr. John",male,20.3,0,0,T913931,11.27,,S
7796,1,3,"Smith, Miss. Mary",female,69.3,0,1,T711936,6.06,,C
7797,0,3,"Williams, Miss. Beatrice",female,40.3,0,0,T719805,5.72,,S
7798,0,1,"Wilson, Mr. George",male,28.9,5,0,T234984,63.83,G130,S
7799,0,3,"Thomas, Mr. Richard",male,19.4,1,0,T813844,7.26,C54,Q
7800,0,2,"Moore, Mrs. Beatrice",female,36.2,0,0,T718117,23.61,,S
7801,0,3,"Williams, Mr. Thomas",male,4.6,1,2,T550022,21.41,,S
7802,0,1,"Johnson, Mr. Charles",male,22.2,0,1,T720176,129.0,,S
7803,0,3,"Davis, Master. James",male,29.2,0,0,T988610,12.79,B56,C
7804,0,3,"Davis, Mr. Edward",male,32.8,1,3,T724920,11.49,F148,Q
7805,0,2,"Miller, Mr. George",male,27.6,1,0,T628868,19.22,,S
7806,0,3,"Smith, Mr. James",male,19.6,0,0,T91105,7.51,,S
7807,0,3,"Thomas, Mr. John",male,43.0,3,0,T112109,4.42,,S
7808,0,1,"Johnson, Mrs. Dorothy",female,,0,0,T152306,116.61,,S
7809,0,3,"Miller, Mr. Thomas",male,25.7,0,0,T618725,11.88,,S
7810,0,3,"Anderson, Mr. Robert",male,22.2,0,0,T842827,9.61,,C
7811,1,1,"Wilson, Mr. John",male,44.4,1,1,T838959,92.08,,S
7812,0,3,"Taylor, Mrs. Edith",female,23.0,0,0,T209314,6.25,,S
7813,1,3,"Moore, Mr. Edward",male,36.0,1,0,T88828,9.25,B15,S
7814,0,2,"Wilson, Master. James",male,34.5,1,0,T773226,27.15,,S
7815,1,3,"Smith, Miss. Lily",female,3.1,0,0,T186096,13.47,,S
7816,0,2,"Johnson, Mr. Charles",male,28.7,1,0,T634764,16.11,C53,S
7817,0,3,"Davis, Mr. Richard",male,,0,0,T506905,4.39,D149,Q
7818,0,3,"Moore, Mrs. Clara",female,,1,1,T471354,7.8,,S
7819,0,2,"Jones, Mr. William",male,19.1,0,0,T391830,22.42,G53,S
7820,0,3,"Wilson, Mr. John",male,46.9,0,0,T695498,14.3,,C
7821,0,3,"Taylor, Mr. Robert",male,27.1,0,0,T142490,16.42,,C
7822,1,2,"Moore, Miss. Florence",female,18.5,0,2,T977887,27.81,,S
7823,0,3,"Smith, Mr. James",male,47.1,3,1,T605444,7.56,,Q
7824,1,3,"Thomas, Miss. Emma",female,17.1,2,0,T723968,11.29,,S
7825,0,3,"Brown, Miss. Mary",female,42.7,5,0,T700654,11.31,B139,C
7826,1,3,"Anderson, Mr. John",male,36.5,0,0,T832609,7.45,,S
7827,0,2,"Wilson, Mrs. Edith",female,24.4,1,0,T877547,23.12,C102,S
7828,0,2,"Thomas, Mr. Henry",male,10.3,0,0,T622649,21.82,,C
7829,0,3,"Johnson, Mr. George",male,,2,0,T653098,6.94,A116,S
7830,0,3,"Wilson, Mrs. Edith",female,37.0,4,0,T40083,15.75,,S
7831,0,3,"Wilson, Mr. Richard",male,,1,0,T22403,6.81,,S
7832,0,2,"Taylor, Mr. William",male,33.2,0,0,T213152,20.59,G128,S
7833,1,3,"Thomas, Mrs. Edith",female,44.3,5,1,T174289,7.04,E130,Q
7834,0,3,"Taylor, Miss. Edith",female,,4,1,T696365,12.55,C113,S
7835,0,2,"Jones, Master. Thomas",male,33.2,0,2,T730625,34.39,C73,S
7836,1,1,"Johnson, Miss. Dorothy",female,44.7,0,0,T205274,86.72,,S
7837,0,3,"Moore, Mr. William",male,52.0,0,2,T814000,13.1,,S
7838,1,2,"Thomas, Mrs. Annie",female,28.0,0,1,T76100,20.84,C75,C
7839,1,1,"Anderson, Miss. Edith",female,10.3,0,0,T242670,87.1,,S
7840,0,3,"Moore, Mr. Richard",male,10.8,1,0,T748095,21.25,F95,Q
7841,0,3,"Brown, Mr. Robert",male,19.7,0,0,T860068,3.49,,S
7842,1,3,"Jones, Mrs. Lily",female,16.1,0,0,T18996,14.48,,C
7843,0,3,"Miller, Mrs. Florence",female,5.3,0,2,T95851,9.97,B17,C
7844,0,3,"Brown, Mr. Thomas",male,56.5,0,0,T986709,16.83,G6,S
7845,0,3,"Anderson, Mr. Thomas",male,37.4,0,0,T511292,5.54,C98,Q
7846,0,1,"Williams, Mr. Henry",male,22.1,0,0,T286010,103.91,,S
7847,1,1,"Taylor, Mr. Henry",male,,1,0,T638692,151.94,B71,S
7848,1,1,"Miller, Mrs. Beatrice",female,3.8,0,0,T638205,67.74,,S
7849,0,1,"Smith, Mr. John",male,,0,0,T94953,124.38,,S
7850,1,2,"Taylor, Mrs. Annie",female,,0,1,T752662,53.14,,S
7851,0,2,"Williams, Miss. Clara",female,37.1,1,0,T502712,24.16,,C
7852,0,2,"Smith, Miss. Mary",female,3.0,0,0,T737880,16.04,,C
7853,0,1,"Brown, Master. Henry",male,23.7,0,1,T239721,129.4,,S
7854,0,3,"Brown, Miss. Lily",female,47.7,0,0,T530432,11.76,C71,S
7855,0,2,"Wilson, Miss. Edith",female,6.0,0,0,T145141,24.73,,S
7856,0,3,"Smith, Mr. John",male,27.5,0,2,T856662,5.33,,C
7857,0,1,"Moore, Mr. William",male,38.8,0,0,T26056,63.29,,Q
7858,1,3,"Anderson, Miss. Mary",female,36.4,0,0,T81529,28.23,,S
7859,0,3,"Smith, Mr. James",male,,0,2,T142474,14.97,,Q
7860,1,3,"Thomas, Mrs. Mary",female,36.9,0,0,T807211,23.01,,S
7861,0,3,"Jones, Mr. Thomas",male,20.8,0,0,T720884,25.08,,
7862,0,3,"Miller, Mr. Richard",male,57.7,0,1,T22729,2.7,,S
7863,1,1,"Thomas, Mr. John",male,,0,0,T251095,126.63,,S
7864,0,3,"Williams, Mr. Thomas",male,46.6,2,0,T523920,6.57,,S
7865,0,3,"Taylor, Mr. William",male,32.4,0,0,T221670,16.24,,S
7866,0,3,"Smith, Mr. George",male,38.6,0,0,T898620,3.84,,S
7867,0,2,"Smith, Mr. Charles",male,41.2,0,1,T789435,27.44,,S
7868,0,3,"Thomas, Master. Henry",male,37.8,0,0,T919731,5.35,F65,Q
7869,0,3,"Williams, Mr. Richard",male,,0,0,T192441,14.68,,C
7870,0,3,"Taylor, Mrs. Mary",female,25.5,0,0,T418517,15.49,A18,S
7871,0,3,"Jones, Mr. Thomas",male,8.7,0,0,T63694,11.0,,S
7872,1,1,"Miller, Mrs. Edith",female,25.4,1,0,T503838,50.41,,S
7873,1,2,"Taylor, Mrs. Annie",female,34.4,0,0,T35463,26.56,,S
7874,1,2,"Jones, Mr. James",male,38.5,0,0,T467422,21.31,,S
7875,0,2,"Taylor, Master. William",male,35.4,0,0,T438122,28.83,,S
7876,0,1,"Brown, Mrs. Alice",female,4.3,0,0,T316834,57.47,,S
7877,1,1,"Moore, Mrs. Florence",female,21.5,2,0,T347153,135.83,,Q
7878,0,2,"Johnson, Mr. Thomas",male,20.1,1,0,T953239,27.13,,S
7879,0,3,"Wilson, Miss. Emma",female,10.7,0,0,T170165,8.04,C49,Q
7880,1,1,"Miller, Mr. Thomas",male,,1,0,T663578,74.94,,S
7881,0,3,"Miller, Mr. James",male,29.7,0,0,T492709,28.32,,Q
7882,1,3,"Miller, Mr. Robert",male,50.2,0,0,T401207,10.49,G38,C
7883,0,3,"Miller, Mr. George",male,15.9,0,0,T201796,12.56,,S
7884,1,1,"Miller, Mrs. Clara",female,,0,0,T737866,63.62,,S
7885,0,3,"Moore, Miss. Lily",female,21.0,0,0,T37284,20.29,,S
7886,0,3,"Jones, Mr. Thomas",male,34.6,0,1,T797046,14.48,,S
7887,0,3,"Brown, Mr. Edward",male,47.4,1,0,T675077,11.03,E10,Q
7888,0,3,"Thomas, Mr. Robert",male,28.4,0,0,T426786,19.5,,C
7889,0,3,"Anderson, Mr. Richard",male,8.7,0,0,T467357,14.19,,C
7890,0,3,"Moore, Mr. Thomas",male,11.8,0,0,T308879,7.03,,S
7891,0,1,"Taylor, Mr. Edward",male,32.4,0,0,T815619,72.81,,S
7892,0,1,"Anderson, Mr. Henry",male,44.1,1,0,T334593,42.36,,S
7893,0,3,"Johnson, Mr. George",male,56.0,0,0,T867479,10.37,,C
7894,1,1,"Williams, Mrs. Edith",female,12.6,0,0,T292117,117.76,,S
7895,1,1,"Taylor, Miss. Beatrice",female,,0,0,T727471,273.69,,S
7896,0,3,"Thomas, Mr. John",male,14.8,0,2,T24166,5.62,,C
7897,0,2,"Johnson, Mr. Thomas",male,,0,0,T736852,20.37,C2,S
7898,0,3,"Jones, Mr. Richard",male,,0,0,T891062,22.76,,C
7899,0,3,"Smith, Mr. Henry",male,24.9,2,0,T44611,4.64,,S
7900,1,2,"Brown, Mrs. Emma",female,,0,2,T291145,19.22,C78,S
7901,0,1,"Williams, Mrs. Emma",female,65.6,0,0,T130190,38.33,,C
7902,0,1,"Moore, Mr. Thomas",male,,0,0,T673619,108.05,,S
7903,0,1,"Jones, Mr. Richard",male,44.0,2,0,T945740,94.72,,S
7904,0,1,"Williams, Miss. Annie",female,,0,0,T760026,198.0,,S
7905,0,1,"Moore, Mr. John",male,,2,0,T356305,76.99,B119,C
7906,0,2,"Anderson, Mr. Edward",male,,0,0,T648157,23.22,,S
7907,0,2,"Davis, Miss. Clara",female,41.8,0,0,T38221,20.24,,Q
7908,1,3,"Miller, Mr. Henry",male,,0,0,T204503,9.93,F76,S
7909,1,3,"Williams, Mr. William",male,43.9,0,0,T486038,5.3,,S
7910,0,3,"Wilson, Mr. Richard",male,34.6,0,0,T822595,18.48,,S
7911,0,3,"Smith, Miss. Florence",female,24.2,0,0,T670018,12.53,,S
7912,1,1,"Smith, Miss. Dorothy",female,14.0,0,0,T142560,48.44,,S
7913,0,3,"Moore, Mr. Charles",male,26.3,1,0,T651132,10.42,B129,S
7914,1,2,"Miller, Mr. Edward",male,25.0,1,1,T795380,17.79,F6,C
7915,0,1,"Thomas, Mr. William",male,42.3,1,0,T513829,194.94,,C
7916,0,3,"Miller, Mr. Henry",male,26.3,0,0,T735730,14.36,C78,S
7917,0,2,"Moore, Mr. James",male,1.8,0,2,T695514,22.35,A54,S
7918,0,1,"Smith, Mr. Edward",male,,0,0,T747407,89.96,,S
7919,0,3,"Davis, Mr. Edward",male,48.5,0,0,T611305,5.43,,C
7920,1,3,"Smith, Mrs. Mary",female,5.5,1,0,T236029,19.66,,S
7921,0,2,"Thomas, Master. William",male,55.9,1,0,T574587,75.4,,C
7922,0,2,"Brown, Mr. William",male,50.0,2,1,T597048,13.52,,C
7923,0,3,"Thomas, Mr. Richard",male,20.6,3,2,T216221,18.99,,S
7924,0,3,"Anderson, Miss. Lily",female,13.5,3,2,T177049,17.27,,C
7925,0,1,"Jones, Master. James",male,,0,0,T267497,218.13,,S
7926,0,3,"Taylor, Master. John",male,9.8,0,0,T787176,14.0,,S
7927,1,3,"Anderson, Mrs. Dorothy",female,20.0,1,1,T107301,17.36,,S
7928,1,2,"Jones, Miss. Florence",female,10.6,0,0,T832372,22.07,A98,S
7929,1,3,"Moore, Miss. Annie",female,29.8,0,0,T36830,7.62,,S
7930,0,3,"Davis, Mr. James",male,50.9,0,0,T568193,6.53,,C
7931,0,2,"Davis, Mr. John",male,,0,0,T743487,20.49,F116,S
7932,1,3,"Moore, Miss. Clara",female,44.5,0,0,T258645,5.19,,S
7933,0,1,"Davis, Mr. George",male,,1,0,T476292,111.43,B85,S
7934,0,3,"Williams, Mr. Robert",male,31.1,1,1,T732555,17.39,,S
7935,1,3,"Brown, Miss. Alice",female,,1,0,T180642,10.38,,C
7936,0,2,"Taylor, Miss. Clara",female,28.3,0,0,T201707,33.08,,S
7937,0,3,"Davis, Miss. Emma",female,18.9,0,1,T621674,19.23,F56,Q
7938,0,3,"Davis, Mrs. Dorothy",female,27.4,0,0,T291513,9.91,,S
7939,0,2,"Thomas, Mr. Henry",male,26.4,0,0,T206258,21.36,,C
7940,0,1,"Moore, Mrs. Clara",female,25.1,0,0,T879295,104.16,D35,C
7941,0,1,"Davis, Mr. Edward",male,60.3,0,0,T194784,72.02,,C
7942,1,3,"Williams, Mrs. Emma",female,55.3,3,0,T908456,28.9,,S
7943,0,3,"Miller, Mr. William",male,50.2,0,0,T870419,6.46,,C
7944,0,3,"Jones, Mr. Charles",male,,0,0,T834456,6.86,,C
7945,1,2,"Miller, Mr. John",male,50.3,0,0,T519475,18.94,,C
7946,0,3,"Brown, Mr. Robert",male,29.4,2,0,T378788,6.92,,S
7947,0,2,"Davis, Mr. Charles",male,27.9,0,3,T72180,14.35,,S
7948,0,1,"Williams, Master. James",male,33.1,0,0,T150643,46.59,,S
7949,0,3,"Jones, Master. Edward",male,,0,2,T948307,7.4,,S
7950,0,3,"Brown, Mr. Richard",male,14.6,0,1,T427270,12.08,,C
7951,0,3,"Taylor, Master. William",male,34.0,1,0,T263167,20.21,,Q
7952,0,3,"Smith, Mr. Henry",male,,0,0,T189371,23.4,,C
7953,0,3,"Anderson, Mr. James",male,31.7,0,0,T509766,11.42,,S
7954,0,3,"Miller, Mrs. Beatrice",female,15.3,1,0,T787605,9.44,,C
7955,1,1,"Williams, Mr. Thomas",male,,0,0,T692366,77.52,,C
7956,0,3,"Johnson, Master. Robert",male,32.5,0,0,T910530,7.65,A40,S
7957,1,3,"Wilson, Mr. Edward",male,24.6,1,0,T16477,15.92,E13,S
7958,0,3,"Brown, Mrs. Dorothy",female,5.9,0,0,T336984,18.2,,S
7959,0,2,"Jones, Mrs. Alice",female,12.5,4,0,T495474,20.51,G46,S
7960,0,3,"Wilson, Mr. James",male,36.3,1,0,T808842,10.67,,S
7961,1,3,"Brown, Miss. Dorothy",female,21.6,0,0,T909702,9.27,,S
7962,1,1,"Johnson, Miss. Emma",female,37.8,0,0,T589658,44.22,,S
7963,0,3,"Johnson, Mrs. Annie",female,,0,4,T639972,10.91,,S
7964,0,3,"Williams, Mr. John",male,26.8,0,0,T147343,17.26,,S
7965,1,1,"Thomas, Mrs. Mary",female,34.7,0,0,T84022,133.33,,S
7966,0,1,"Brown, Mr. James",male,19.9,0,0,T845388,87.33,,C
7967,0,3,"Johnson, Mrs. Emma",female,35.5,0,0,T610586,7.86,C99,S
7968,1,2,"Davis, Miss. Emma",female,,0,1,T910305,19.19,,S
7969,0,3,"Taylor, Miss. Alice",female,66.5,0,2,T865922,20.92,B108,S
7970,0,3,"Moore, Mr. James",male,13.3,0,0,T823585,11.63,,Q
7971,0,2,"Thomas, Mrs. Florence",female,24.5,0,3,T272201,,,S
7972,0,3,"Thomas, Master. Thomas",male,25.1,1,0,T440230,10.18,,Q
7973,0,3,"Thomas, Master. Henry",male,,0,0,T585960,10.7,,C
7974,0,3,"Jones, Master. George",male,40.2,0,1,T650667,37.17,,Q
7975,0,3,"Wilson, Miss. Annie",female,23.5,1,0,T304126,28.87,G21,S
7976,0,3,"Johnson, Mr. Robert",male,0.5,0,1,T226402,8.87,,C
7977,0,1,"Davis, Mr. Richard",male,,1,0,T144586,66.52,,S
7978,0,2,"Anderson, Mr. William",male,20.5,0,1,T587562,25.34,,Q
7979,1,1,"Smith, Mr. Edward",male,28.2,1,0,T222667,167.73,,S
7980,1,2,"Miller, Mrs. Annie",female,39.5,0,3,T599510,19.51,,S
7981,0,3,"Smith, Miss. Edith",female,24.4,0,0,T836473,22.92,,S
7982,0,3,"Moore, Mr. Edward",male,24.3,1,0,T213190,13.53,C108,S
7983,0,3,"Taylor, Mrs. Lily",female,,0,2,T409434,13.06,,S
7984,1,2,"Miller, Mrs. Emma",female,0.5,0,0,T485515,13.25,,S
7985,0,2,"Brown, Mrs. Edith",female,,0,0,T145109,20.64,,S
7986,1,3,"Williams, Mrs. Alice",female,13.9,0,0,T34763,4.99,,Q
7987,1,2,"Williams, Miss. Florence",female,,0,0,T447268,23.97,,S
7988,0,3,"Smith, Mrs. Mary",female,20.4,0,0,T275383,5.77,,C
7989,0,1,"Brown, Mr. John",male,33.2,0,0,T996427,112.86,,C
7990,0,3,"Miller, Mr. Richard",male,22.8,0,1,T971119,4.18,D5,C
7991,1,3,"Thomas, Miss. Florence",female,,0,0,T869211,4.06,A94,S
7992,0,3,"Thomas, Mr. Henry",male,,0,0,T360986,12.95,,S
7993,1,1,"Thomas, Mr. John",male,33.4,0,0,T407537,39.88,,S
7994,0,3,"Jones, Master. Charles",male,48.4,4,0,T287089,22.75,B78,S
7995,0,3,"Johnson, Mr. Richard",male,36.1,0,0,T860174,17.17,,S
7996,0,3,"Williams, Mr. Thomas",male,19.0,1,1,T739599,4.69,,Q
7997,1,1,"Brown, Mrs. Annie",female,34.2,0,0,T518179,52.06,,S
7998,1,2,"Smith, Miss. Alice",female,64.8,0,0,T317385,14.72,,C
7999,0,2,"Thomas, Mr. Richard",male,37.9,0,2,T135346,28.5,F72,S
8000,1,1,"Brown, Mr. Richard",male,31.9,0,0,T68790,74.44,,C
8001,0,3,"Anderson, Mr. Robert",male,,3,1,T135595,15.56,,S
8002,1,1,"Taylor, Mr. James",male,,0,0,T152443,73.35,,S
8003,0,2,"Smith, Mr. Thomas",male,42.3,0,0,T835874,18.61,,S
8004,0,3,"Smith, Miss. Annie",female,,0,0,T709825,24.72,,Q
8005,1,3,"Williams, Miss. Clara",female,31.4,0,0,T481683,12.06,,S
8006,1,3,"Williams, Mr. Robert",male,,1,0,T551390,12.77,E40,S
8007,0,3,"Brown, Mr. George",male,42.1,0,0,T828212,6.68,,C
8008,0,1,"Anderson, Mrs. Alice",female,,0,0,T137075,237.08,,S
8009,0,3,"Williams, Mrs. Clara",female,30.7,0,4,T926441,17.74,,S
8010,0,1,"Brown, Mrs. Lily",female,27.8,0,0,T757336,47.95,D54,S
8011,0,2,"Jones, Mr. James",male,38.9,0,2,T28159,13.76,,S
8012,1,1,"Brown, Mr. Richard",male,27.8,0,0,T180416,137.11,,Q
8013,0,1,"Wilson, Mr. James",male,29.0,0,6,T302415,61.2,,S
8014,0,2,"Thomas, Mr. Edward",male,36.4,0,0,T420856,23.28,,S
8015,1,2,"Smith, Miss. Emma",female,22.3,0,3,T450909,21.18,,S
8016,0,3,"Miller, Mr. William",male,32.9,0,0,T56190,19.33,B46,S
8017,0,3,"Brown, Miss. Dorothy",female,30.9,1,0,T549351,9.63,,S
8018,0,3,"Williams, Mr. William",male,43.7,0,0,T725064,6.8,E143,S
8019,1,3,"Thomas, Mrs. Beatrice",female,20.8,0,0,T950346,4.11,,S
8020,0,2,"Moore, Mr. George",male,,2,0,T606866,13.67,,S
8021,0,2,"Davis, Mr. Robert",male,25.2,1,6,T99336,22.56,,C
8022,0,2,"Anderson, Mr. James",male,35.5,0,2,T798680,23.67,,S
8023,0,2,"Davis, Master. George",male,43.7,0,2,T247025,26.42,,S
8024,1,3,"Taylor, Miss. Clara",female,19.7,0,0,T474434,12.23,,S
8025,0,3,"Jones, Master. Henry",male,37.6,1,0,T680135,4.46,,Q
8026,1,2,"Davis, Miss. Edith",female,,0,1,T459558,18.32,,C
8027,0,1,"Brown, Mr. Edward",male,40.6,0,0,T202689,187.75,,C
8028,0,1,"Taylor, Mr. James",male,,0,0,T112397,327.11,,S
8029,1,1,"Anderson, Miss. Clara",female,19.8,0,0,T219209,74.86,F42,C
8030,1,1,"Brown, Miss. Mary",female,36.0,1,0,T752424,38.0,,S
8031,0,3,"Moore, Mr. George",male,53.3,0,0,T724321,17.33,B123,S
8032,1,1,"Smith, Mrs. Mary",female,29.9,0,0,T63533,98.05,,Q
8033,0,3,"Johnson, Mr. Robert",male,27.3,1,0,T121568,13.03,,C
8034,0,2,"Jones, Mr. John",male,,0,0,T342616,32.64,,S
8035,0,1,"Anderson, Miss. Edith",female,,1,1,T322963,120.22,G95,S
8036,0,3,"Brown, Mr. Thomas",male,19.3,0,0,T833434,7.51,,S
8037,0,3,"Jones, Mr. Henry",male,30.1,0,0,T825580,14.27,C27,C
8038,0,1,"Brown, Mrs. Annie",female,7.8,0,0,T806126,58.39,A76,S
8039,0,3,"Johnson, Mr. Henry",male,24.9,0,1,T791349,4.79,,S
8040,1,1,"Anderson, Mr. John",male,,0,2,T227466,68.52,,C
8041,1,1,"Taylor, Mr. Charles",male,43.3,1,0,T27172,112.68,B46,S
8042,1,3,"Davis, Mrs. Lily",female,17.2,0,0,T76947,5.03,B102,S
8043,1,3,"Taylor, Mrs. Beatrice",female,,5,0,T884610,16.74,F73,S
8044,1,2,"Miller, Mr. Thomas",male,33.8,2,0,T820563,17.08,,S
8045,0,1,"Williams, Mrs. Alice",female,23.1,0,0,T98291,70.08,,S
8046,0,3,"Miller, Mr. George",male,,2,2,T608582,8.55,,Q
8047,1,2,"Jones, Mrs. Clara",female,43.2,0,2,T868584,39.35,,C
8048,1,1,"Wilson, Mrs. Mary",female,29.9,0,0,T376126,80.53,,S
8049,1,3,"Anderson, Mrs. Dorothy",female,,0,1,T367723,6.1,,S
8050,0,3,"Johnson, Mr. John",male,0.5,1,0,T729353,14.68,,S
8051,1,1,"Anderson, Mrs. Lily",female,,2,1,T906803,149.75,,C
8052,0,3,"Wilson, Mr. William",male,37.1,1,0,T742925,8.57,,C
8053,0,3,"Taylor, Mr. William",male,28.6,0,0,T959653,12.63,G31,Q
8054,0,2,"Wilson, Mr. Richard",male,37.9,0,0,T939781,23.57,,S
8055,1,3,"Anderson, Mr. John",male,39.7,0,0,T499198,12.43,,Q
8056,0,3,"Anderson, Master. Thomas",male,23.7,0,0,T671421,11.32,,C
8057,1,1,"Wilson, Mr. Richard",male,35.2,0,0,T987934,91.59,,S
8058,0,1,"Wilson, Mr. James",male,44.9,0,0,T769828,143.77,,S
8059,0,3,"Thomas, Miss. Mary",female,36.3,1,0,T665178,8.73,,Q
8060,0,3,"Davis, Mr. Henry",male,26.0,4,1,T366884,16.47,,S
8061,0,2,"Taylor, Mr. Edward",male,34.0,0,0,T263480,11.47,G74,S
8062,0,3,"Wilson, Mr. Henry",male,49.7,0,0,T612635,15.9,,S
8063,1,3,"Davis, Miss. Edith",female,41.1,0,0,T657089,10.45,,S
8064,1,3,"Jones, Mr. Thomas",male,12.8,1,0,T502725,9.62,,C
8065,0,3,"Wilson, Mr. Thomas",male,38.2,1,0,T111048,13.69,G18,C
8066,0,2,"Taylor, Master. Richard",male,,1,0,T168221,20.45,A103,S
8067,0,2,"Smith, Miss. Lily",female,46.6,2,0,T912786,14.72,,S
8068,0,3,"Anderson, Mr. James",male,30.2,0,0,T852899,5.75,B149,S
8069,0,2,"Johnson, Master. Richard",male,24.3,0,0,T22069,19.49,,S
8070,1,3,"Jones, Mrs. Florence",female,9.9,0,0,T872326,6.76,,S
8071,0,2,"Moore, Mr. John",male,19.6,1,0,T905586,24.0,C84,S
8072,0,1,"Wilson, Mr. Edward",male,,0,0,T682663,73.87,,C
8073,0,3,"Moore, Mr. John",male,32.6,1,1,T381224,11.44,,S
8074,1,3,"Anderson, Miss. Florence",female,,0,0,T311249,9.91,,S
8075,0,3,"Miller, Master. James",male,,0,0,T629402,12.04,,S
8076,0,3,"Williams, Mr. John",male,,0,0,T460678,12.23,,S
8077,1,1,"Davis, Master. Robert",male,19.0,0,0,T30427,88.66,,S
8078,1,2,"Anderson, Mrs. Clara",female,47.1,1,0,T730719,13.32,,C
8079,0,3,"Anderson, Mr. Richard",male,,0,0,T806886,5.46,F100,S
8080,0,2,"Williams, Mr. Richard",male,36.4,0,0,T835148,19.09,,C
8081,1,3,"Miller, Miss. Alice",female,34.6,0,0,T648060,5.9,,S
8082,0,3,"Davis, Mrs. Dorothy",female,46.4,1,0,T292191,8.0,,Q
8083,0,2,"Brown, Mrs. Dorothy",female,35.2,0,0,T198978,20.28,C57,C
8084,0,3,"Wilson, Mr. James",male,26.2,0,0,T277873,13.96,,S
8085,0,1,"Johnson, Mr. Edward",male,27.3,0,2,T178925,79.19,,S
8086,0,3,"Moore, Mr. James",male,68.8,0,0,T241574,4.58,,S
8087,0,1,"Wilson, Mr. Edward",male,30.9,1,0,T399635,143.79,,Q
8088,1,1,"Jones, Mrs. Clara",female,38.4,1,0,T15674,106.89,,S
8089,1,3,"Williams, Mrs. Alice",female,0.5,1,3,T557177,14.43,,S
8090,0,3,"Moore, Mr. Charles",male,17.7,0,0,T489668,8.38,,S
8091,0,3,"Brown, Mrs. Edith",female,,0,0,T214038,15.48,,S
8092,0,3,"Thomas, Miss. Lily",female,,0,2,T762472,14.78,,S
8093,0,3,"Wilson, Mrs. Alice",female,37.7,0,0,T270452,8.0,,S
8094,1,2,"Thomas, Miss. Mary",female,19.2,0,1,T248782,22.08,,S
8095,0,3,"Brown, Mr. Edward",male,14.7,0,0,T732159,7.16,,S
8096,0,3,"Miller, Mr. George",male,19.1,0,0,T362582,9.75,E130,S
8097,0,2,"Williams, Mr. Edward",male,51.8,0,2,T447780,29.23,,S
8098,0,3,"Jones, Mr. William",male,34.5,0,0,T867706,9.98,,S
8099,1,3,"Jones, Mr. Henry",male,,0,1,T953015,7.03,,S
8100,0,1,"Jones, Mr. Edward",male,40.9,1,0,T573041,57.35,,C
8101,0,3,"Williams, Mr. George",male,41.7,0,0,T373111,7.4,,C
8102,0,1,"Davis, Mr. Richard",male,24.2,0,0,T304703,95.9,B120,S
8103,0,2,"Jones, Mr. Charles",male,,0,0,T354548,20.64,,S
8104,1,2,"Moore, Master. John",male,44.3,0,0,T960535,41.01,,S
8105,0,3,"Brown, Mr. Charles",male,42.0,1,0,T712593,10.84,,S
8106,0,1,"Moore, Mr. George",male,19.9,0,0,T336583,82.87,,S
8107,0,3,"Williams, Mr. George",male,12.6,0,0,T709539,7.65,C102,S
8108,0,3,"Miller, Mrs. Annie",female,5.2,0,0,T479580,11.67,,S
8109,0,3,"Wilson, Mr. George",male,20.2,1,0,T403208,10.14,A115,S
8110,0,3,"Moore, Master. George",male,,0,0,T226642,34.44,,C
8111,1,3,"Moore, Mr. Edward",male,25.5,3,1,T575634,7.68,,S
8112,0,3,"Moore, Mr. Edward",male,29.0,0,0,T238279,12.93,,S
8113,1,3,"Miller, Mrs. Lily",female,54.8,1,1,T949834,6.26,,S
8114,0,3,"Jones, Mr. Charles",male,24.8,0,1,T240465,16.64,,S
8115,1,3,"Moore, Mrs. Mary",female,,1,0,T454525,15.54,,Q
8116,0,3,"Brown, Miss. Annie",female,3.3,0,2,T169117,9.92,,S
8117,0,2,"Johnson, Mr. John",male,,0,0,T51922,16.49,,C
8118,0,3,"Williams, Mr. George",male,10.6,0,0,T596940,11.46,D136,S
8119,0,1,"Jones, Mr. Henry",male,19.5,0,0,T585899,116.22,,C
8120,1,2,"Davis, Mr. Charles",male,,0,0,T999511,25.25,,S
8121,0,3,"Johnson, Miss. Dorothy",female,33.3,0,0,T500744,10.71,E89,S
8122,0,3,"Miller, Mr. Richard",male,53.5,0,0,T719149,8.08,,S
8123,0,3,"Thomas, Mr. Thomas",male,40.1,0,0,T470426,15.77,,S
8124,0,3,"Jones, Mr. William",male,28.5,0,0,T151902,8.14,D136,S
8125,0,3,"Miller, Mr. Edward",male,44.8,0,0,T958624,5.73,,S
8126,1,1,"Anderson, Miss. Lily",female,46.5,1,3,T227335,77.84,,C
8127,0,3,"Davis, Mr. Robert",male,20.1,0,0,T21118,6.06,,S
8128,0,1,"Taylor, Mr. Richard",male,43.7,0,1,T703193,156.33,,S
8129,0,2,"Brown, Mr. Robert",male,,1,1,T769718,16.56,,C
8130,0,3,"Davis, Mr. Robert",male,,1,0,T761901,10.52,,S
8131,1,2,"Davis, Mr. Thomas",male,31.8,0,0,T525453,34.65,,S
8132,0,1,"Davis, Mr. John",male,24.2,0,0,T130687,99.44,,C
8133,0,3,"Smith, Mr. Robert",male,23.4,1,0,T936735,18.39,,C
8134,0,2,"Johnson, Mr. Edward",male,44.0,1,0,T24353,31.13,A125,C
8135,0,1,"Johnson, Mr. William",male,,0,0,T927213,255.76,F105,S
8136,0,1,"Taylor, Mr. Henry",male,14.3,0,0,T533904,99.04,D60,S
8137,0,2,"Johnson, Mr. Charles",male,,0,0,T492862,29.33,,S
8138,0,1,"Smith, Mr. Richard",male,28.6,1,0,T752566,80.09,,S
8139,1,3,"Davis, Miss. Florence",female,44.1,0,0,T806716,28.63,,S
8140,0,2,"Williams, Mr. Edward",male,34.9,2,0,T746000,18.97,,S
8141,0,3,"Williams, Miss. Clara",female,10.4,0,0,T566067,7.85,,S
8142,0,1,"Jones, Miss. Clara",female,30.6,0,0,T929458,44.5,,S
8143,0,3,"Moore, Master. Richard",male,37.5,0,0,T852174,21.97,,S
8144,0,3,"Johnson, Miss. Annie",female,33.1,0,0,T884712,13.53,,C
8145,0,3,"Anderson, Miss. Alice",female,,0,0,T965243,7.98,,S
8146,1,3,"Williams, Mr. Robert",male,,0,0,T900544,13.53,G94,Q
8147,1,3,"Taylor, Mrs. Mary",female,21.6,1,0,T763810,23.15,B125,S
8148,0,1,"Smith, Mr. Thomas",male,10.5,3,1,T232193,157.85,A100,S
8149,0,3,"Smith, Mr. Edward",male,,0,1,T264176,5.85,,S
8150,1,3,"Smith, Mrs. Mary",female,35.4,1,0,T718667,7.45,,S
8151,0,1,"Moore, Mr. James",male,17.1,0,0,T130837,134.12,E124,S
8152,1,1,"Anderson, Mrs. Edith",female,38.0,0,0,T323112,38.74,,S
8153,1,1,"Jones, Mrs. Emma",female,21.1,0,1,T899757,44.67,,S
8154,0,3,"Johnson, Mrs. Clara",female,10.7,1,0,T103210,5.63,,S
8155,0,2,"Moore, Mr. Richard",male,23.8,1,0,T998347,24.8,,C
8156,0,1,"Thomas, Mrs. Edith",female,60.1,0,0,T777726,265.01,,S
8157,1,3,"Davis, Mr. Robert",male,,0,0,T291655,23.72,,S
8158,1,3,"Taylor, Mr. John",male,39.1,0,0,T942177,3.39,,S
8159,0,2,"Miller, Mr. Richard",male,,1,3,T15386,19.9,,S
8160,0,2,"Davis, Mr. William",male,9.3,1,0,T825893,30.6,A129,Q
8161,0,3,"Jones, Mr. John",male,50.7,0,0,T578988,3.09,D38,C
8162,0,3,"Smith, Mr. George",male,26.1,0,0,T434024,18.13,,S
8163,0,3,"Davis, Mr. Richard",male,,0,0,T859494,8.51,C144,S
8164,0,3,"Thomas, Mr. Thomas",male,22.3,0,0,T278983,5.23,,C
8165,1,2,"Davis, Miss. Annie",female,26.7,0,1,T434393,28.14,,S
8166,0,2,"Jones, Mr. Thomas",male,40.6,0,2,T267886,33.52,B102,S
8167,0,3,"Williams, Mr. John",male,19.8,0,1,T690934,8.84,,S
8168,1,3,"Thomas, Mrs. Beatrice",female,,0,0,T24765,8.11,,S
8169,0,3,"Williams, Mr. George",male,16.1,1,0,T851431,14.0,A86,C
8170,0,3,"Smith, Miss. Beatrice",female,38.6,2,0,T667688,30.73,,S
8171,0,3,"Brown, Mr. Henry",male,,8,1,T277759,5.71,,C
8172,1,1,"Williams, Mr. William",male,27.9,0,1,T97557,57.64,,Q
8173,0,1,"Taylor, Mr. James",male,35.0,0,0,T844860,81.39,,S
8174,0,1,"Jones, Mr. Thomas",male,13.5,0,0,T94246,59.8,E12,S
8175,1,2,"Johnson, Miss. Dorothy",female,51.4,5,0,T997473,30.89,,S
8176,0,1,"Jones, Mr. Thomas",male,,4,0,T964102,188.15,,C
8177,0,3,"Jones, Miss. Emma",female,25.1,2,0,T590128,4.77,G6,S
8178,0,1,"Johnson, Mr. William",male,,0,2,T844634,110.01,,S
8179,0,2,"Smith, Mr. Thomas",male,21.1,0,0,T576457,8.4,F118,C
8180,1,1,"Thomas, Mrs. Edith",female,47.8,0,2,T212499,110.44,,C
8181,0,3,"Davis, Mr. Edward",male,44.4,0,0,T509817,16.4,,S
8182,1,3,"Johnson, Miss. Beatrice",female,,1,0,T990765,16.88,,S
8183,0,3,"Moore, Mr. Edward",male,,1,0,T711979,10.16,,C
8184,0,3,"Johnson, Mr. Thomas",male,8.3,0,0,T812178,11.89,,S
8185,0,3,"Smith, Miss. Mary",female,51.0,1,0,T898366,15.3,A32,C
8186,0,1,"Wilson, Mr. George",male,28.3,0,1,T523532,45.29,,Q
8187,0,1,"Brown, Mr. Thomas",male,,1,1,T102157,167.21,,C
8188,1,1,"Brown, Miss. Mary",female,40.6,0,1,T961571,79.38,G119,S
8189,0,3,"Brown, Master. Thomas",male,44.3,0,0,T142187,14.7,,S
8190,1,1,"Wilson, Master. George",male,14.5,1,0,T609471,108.72,,S
8191,0,1,"Thomas, Mr. Charles",male,16.4,0,0,T715097,77.34,,C
8192,0,3,"Brown, Mr. John",male,62.3,0,0,T706318,10.13,,S
8193,0,3,"Jones, Mr. Henry",male,7.7,0,0,T539263,11.9,G73,S
8194,0,3,"Smith, Mr. Edward",male,13.8,0,0,T592318,12.88,,S
8195,0,2,"Wilson, Mr. George",male,30.3,0,0,T815139,21.17,,C
8196,0,3,"Williams, Mr. James",male,30.4,0,0,T484851,6.17,G58,C
8197,1,3,"Williams, Mrs. Beatrice",female,21.9,0,0,T664263,6.6,E9,S
8198,0,1,"Smith, Master. Richard",male,38.6,0,0,T485916,178.42,,S
8199,1,3,"Moore, Mr. James",male,42.8,0,0,T13409,11.73,E118,S
8200,1,3,"Brown, Miss. Dorothy",female,29.4,2,2,T735488,5.1,,C
8201,1,1,"Thomas, Miss. Dorothy",female,25.8,0,1,T68711,169.6,,S
8202,0,2,"Jones, Mr. John",male,29.4,1,0,T811053,19.98,F111,S
8203,0,3,"Anderson, Mrs. Florence",female,,0,0,T929183,19.47,,C
8204,1,1,"Smith, Mr. Charles",male,5.1,0,0,T378571,107.07,D58,C
8205,0,3,"Taylor, Master. William",male,34.1,0,0,T287386,10.44,C44,C
8206,1,2,"Johnson, Mrs. Dorothy",female,40.8,1,0,T717452,18.6,,Q
8207,0,3,"Thomas, Miss. Emma",female,27.5,1,0,T85878,9.52,,S
8208,0,3,"Wilson, Mr. Charles",male,,0,0,T234795,12.54,,S
8209,0,3,"Taylor, Mr. William",male,21.4,0,2,T709841,14.45,,S
8210,0,1,"Moore, Mr. James",male,42.8,0,0,T811266,126.75,E64,S
8211,0,1,"Jones, Mr. Edward",male,8.8,0,3,T614494,46.49,,S
8212,0,1,"Smith, Miss. Beatrice",female,39.8,0,2,T806960,79.12,,S
8213,0,2,"Smith, Mr. John",male,23.2,0,0,T136490,15.32,C52,S
8214,0,2,"Taylor, Mr. Henry",male,29.4,0,0,T154277,33.36,,S
8215,0,3,"Wilson, Mr. Charles",male,,0,0,T158509,14.24,,Q
8216,1,2,"Thomas, Mrs. Clara",female,13.2,0,1,T800611,16.98,,S
8217,0,3,"Johnson, Mr. Robert",male,,0,2,T473703,18.58,,S
8218,0,2,"Williams, Mrs. Mary",female,41.5,0,0,T144706,17.47,E143,S
8219,1,3,"Johnson, Mrs. Lily",female,39.0,0,0,T901248,8.69,C68,C
8220,0,3,"Taylor, Mr. William",male,42.9,0,0,T960521,28.73,,C
8221,0,1,"Taylor, Mrs. Beatrice",female,37.0,0,0,T521616,90.28,,
8222,1,3,"Davis, Mrs. Florence",female,43.4,1,0,T670005,15.67,,S
8223,0,3,"Smith, Mr. Thomas",male,,0,0,T596342,7.82,C107,S
8224,0,3,"Smith, Mr. Charles",male,49.7,0,1,T142013,8.03,,S
8225,0,3,"Johnson, Mr. Thomas",male,,0,0,T572519,7.5,,C
8226,0,2,"Brown, Mr. Richard",male,35.2,0,0,T924239,35.22,,S
8227,0,1,"Davis, Mr. Richard",male,25.5,0,0,T835408,387.33,,S
8228,1,1,"Jones, Mr. Richard",male,12.0,0,0,T56542,43.77,,S
8229,0,3,"Johnson, Miss. Annie",female,33.0,1,4,T232607,6.66,,S
8230,1,3,"Taylor, Mr. George",male,54.1,0,3,T889364,5.56,,S
8231,0,3,"Williams, Mr. Robert",male,,0,0,T757908,6.17,C54,S
8232,0,2,"Smith, Mr. William",male,44.5,1,1,T124453,21.48,,S
8233,1,3,"Anderson, Mrs. Emma",female,,1,0,T475976,11.12,,S
8234,0,3,"Williams, Mr. William",male,24.1,2,0,T570754,8.28,B128,S
8235,1,2,"Thomas, Mr. William",male,12.7,4,6,T836272,21.14,,S
8236,0,1,"Johnson, Mr. Thomas",male,18.8,0,0,T551518,117.29,,C
8237,0,1,"Thomas, Mr. William",male,39.1,0,4,T757666,90.97,,S
8238,0,3,"Davis, Mr. John",male,40.9,1,0,T850254,4.89,,S
8239,1,3,"Davis, Mr. Thomas",male,33.1,1,0,T881657,9.83,,S
8240,1,2,"Wilson, Miss. Emma",female,,0,1,T289726,35.99,,S
8241,0,2,"Jones, Miss. Lily",female,13.7,0,0,T182250,11.62,A120,C
8242,0,3,"Jones, Mr. John",male,30.6,0,0,T13090,9.73,,S
8243,0,3,"Wilson, Mr. William",male,24.4,0,1,T43142,13.16,,Q
8244,0,3,"Taylor, Miss. Annie",female,32.8,1,0,T51000,11.23,,S
8245,0,3,"Thomas, Mr. Edward",male,25.0,1,0,T229847,7.44,,S
8246,1,2,"Anderson, Miss. Dorothy",female,25.4,1,0,T97514,30.86,C98,S
8247,0,3,"Taylor, Mrs. Mary",female,32.0,0,0,T637546,5.41,,S
8248,0,1,"Johnson, Miss. Mary",female,34.8,1,0,T857140,245.9,,S
8249,0,3,"Miller, Mr. Edward",male,47.4,0,0,T759932,7.18,G98,S
8250,0,2,"Jones, Mr. John",male,24.8,0,0,T995738,8.81,E76,S
8251,0,3,"Miller, Mr. Charles",male,,0,0,T628442,20.3,C113,S
8252,1,2,"Taylor, Mr. Thomas",male,,0,0,T502663,27.66,D125,C
8253,0,3,"Thomas, Mr. James",male,38.0,0,1,T94269,10.13,,S
8254,0,2,"Miller, Miss. Alice",female,46.6,0,0,T345680,15.27,,S
8255,0,2,"Wilson, Mr. Richard",male,20.7,0,1,T783169,23.36,,S
8256,1,3,"Smith, Mrs. Edith",female,,1,0,T493820,5.63,,C
8257,1,1,"Anderson, Miss. Alice",female,27.4,1,3,T112651,71.6,,C
8258,0,3,"Miller, Mr. Henry",male,28.9,1,0,T876674,21.81,F107,C
8259,0,3,"Moore, Mr. Edward",male,45.2,1,1,T495891,4.08,F122,S
8260,0,3,"Jones, Mr. James",male,19.1,1,0,T450768,7.63,E72,C
8261,0,3,"Anderson, Mr. George",male,28.4,2,0,T857287,6.5,C82,C
8262,0,3,"Jones, Mr. Richard",male,45.3,1,0,T362751,10.85,A116,C
8263,1,3,"Anderson, Mr. George",male,32.8,0,0,T712435,10.5,,C
8264,0,3,"Jones, Miss. Emma",female,,0,0,T170582,18.27,,S
8265,0,1,"Brown, Mr. William",male,33.2,0,0,T481593,170.46,F139,S
8266,0,1,"Williams, Mr. John",male,13.4,0,1,T569585,267.72,,C
8267,0,3,"Thomas, Miss. Beatrice",female,13.1,0,0,T860405,16.11,,Q
8268,0,2,"Jones, Master. Henry",male,6.7,1,0,T496728,28.37,,S
8269,0,3,"Jones, Mr. George",male,32.7,1,0,T722956,10.9,,C
8270,0,2,"Williams, Mr. George",male,43.0,0,0,T306710,22.34,,C
8271,0,2,"Anderson, Mr. William",male,40.8,0,0,T523746,21.7,,S
8272,0,3,"Miller, Mr. George",male,,0,2,T329295,5.52,,S
8273,0,3,"Johnson, Mrs. Mary",female,,0,0,T811702,7.91,F31,Q
8274,0,3,"Brown, Mr. James",male,31.8,0,0,T833547,11.73,,S
8275,0,3,"Taylor, Mr. Henry",male,28.8,0,0,T85535,10.0,,S
8276,0,2,"Miller, Mr. William",male,51.1,0,1,T187848,20.68,B133,S
8277,0,2,"Brown, Mrs. Annie",female,19.5,0,0,T10255,22.16,,S
8278,0,2,"Miller, Mr. Henry",male,12.6,0,3,T771462,27.88,,S
8279,1,3,"Williams, Mr. John",male,24.8,1,1,T791841,14.83,,S
8280,0,1,"Taylor, Mr. John",male,23.1,0,1,T723798,247.66,,C
8281,0,1,"Miller, Master. Henry",male,30.4,0,0,T881293,192.05,,C
8282,0,3,"Davis, Mr. Richard",male,17.4,0,0,T899017,4.97,,Q
8283,0,3,"Williams, Mrs. Beatrice",female,35.1,2,0,T502440,14.19,,S
8284,1,1,"Jones, Miss. Dorothy",female,,1,0,T66094,311.51,,S
8285,0,1,"Williams, Mr. Richard",male,47.5,0,2,T804095,177.35,,S
8286,0,3,"Thomas, Mr. Richard",male,,0,0,T435814,16.63,,S
8287,0,3,"Anderson, Mr. Robert",male,27.7,5,0,T156160,15.9,,S
8288,1,2,"Miller, Mrs. Clara",female,24.8,1,3,T711270,22.9,C108,S
8289,0,2,"Davis, Master. Henry",male,33.0,1,2,T699387,37.47,,S
8290,1,3,"Brown, Mrs. Alice",female,43.1,0,0,T438193,14.46,,S
8291,0,3,"Taylor, Mrs. Mary",female,33.6,1,0,T211608,11.72,,S
8292,1,3,"Thomas, Mr. Robert",male,27.8,0,0,T337954,8.09,,S
8293,1,3,"Anderson, Miss. Mary",female,39.7,0,0,T412935,16.11,E18,S
8294,1,3,"Jones, Miss. Mary",female,41.9,0,0,T355824,18.24,,Q
8295,1,2,"Thomas, Mr. Henry",male,,0,0,T736175,35.43,E145,Q
8296,0,1,"Moore, Mr. Edward",male,35.3,0,0,T275227,145.42,,S
8297,0,3,"Moore, Mr. Henry",male,,0,0,T840669,8.53,,S
8298,0,3,"Moore, Mr. Edward",male,5.9,1,0,T26716,12.33,,S
8299,0,3,"Davis, Mr. John",male,24.6,0,0,T864601,5.39,,Q
8300,1,1,"Williams, Mr. William",male,35.2,1,0,T663173,59.89,B95,S
8301,0,3,"Davis, Mr. George",male,25.5,0,1,T433136,9.99,,S
8302,0,2,"Anderson, Mr. Richard",male,25.5,0,1,T987782,20.33,A6,S
8303,1,3,"Smith, Miss. Edith",female,35.1,0,0,T940203,11.34,,S
8304,0,1,"Thomas, Miss. Annie",female,35.5,0,2,T874084,81.11,,S
8305,0,3,"Williams, Mrs. Mary",female,36.5,1,0,T670628,16.79,,S
8306,0,3,"Wilson, Mr. John",male,,0,0,T872940,10.74,,S
8307,0,2,"Davis, Mrs. Alice",female,9.1,1,1,T318136,29.26,F18,S
8308,0,1,"Moore, Miss. Alice",female,,0,0,T591407,46.88,A77,C
8309,0,3,"Anderson, Mr. Edward",male,18.9,1,0,T252446,10.17,,S
8310,0,3,"Smith, Miss. Mary",female,,0,0,T75903,5.94,,S
8311,0,2,"Miller, Mr. Henry",male,16.6,0,0,T950885,25.81,,Q
8312,0,2,"Taylor, Miss. Emma",female,,1,0,T693992,43.61,,S
8313,0,2,"Williams, Mrs. Annie",female,32.8,2,2,T585403,27.13,,S
8314,0,3,"Taylor, Miss. Emma",female,34.7,1,5,T107745,5.56,F148,S
8315,0,2,"Miller, Mr. Edward",male,,0,0,T65715,19.21,D17,S
8316,0,1,"Taylor, Mr. George",male,29.1,0,0,T154718,93.45,,Q
8317,0,3,"Williams, Mr. James",male,44.4,1,0,T536223,11.38,,S
8318,0,3,"Jones, Mr. Richard",male,12.3,2,0,T158876,19.0,,S
8319,1,1,"Miller, Master. George",male,14.0,0,1,T984297,155.49,C99,S
8320,0,3,"Johnson, Mr. James",male,13.2,0,2,T970299,21.57,,S
8321,0,3,"Anderson, Miss. Emma",female,35.8,0,0,T881433,15.34,,S
8322,0,3,"Jones, Mr. Thomas",male,37.0,0,0,T914834,7.28,,S
8323,0,2,"Smith, Mrs. Clara",female,22.8,0,0,T650684,22.02,,S
8324,0,3,"Moore, Mr. James",male,,0,0,T502779,11.33,,S
8325,0,2,"Davis, Mr. Robert",male,48.1,1,0,T447705,21.55,F18,C
8326,0,2,"Williams, Mr. Charles",male,19.6,0,0,T263631,16.57,,S
8327,0,1,"Anderson, Mr. Charles",male,,2,0,T463529,16.06,F123,S
8328,0,3,"Brown, Mr. Richard",male,19.8,1,1,T294880,11.85,,Q
8329,1,3,"Davis, Mrs. Emma",female,,0,0,T429460,5.35,F133,S
8330,1,3,"Taylor, Mr. Richard",male,,1,2,T929093,11.44,,S
8331,1,1,"Brown, Mrs. Clara",female,,1,2,T808179,57.82,E66,C
8332,0,3,"Thomas, Miss. Beatrice",female,25.9,0,0,T960892,8.8,,S
8333,0,3,"Smith, Mr. Richard",male,,0,0,T409981,11.6,,S
8334,1,2,"Smith, Miss. Beatrice",female,42.8,0,0,T776031,36.52,,S
8335,1,3,"Thomas, Mrs. Emma",female,59.4,0,0,T265032,17.44,,S
8336,0,2,"Smith, Miss. Edith",female,,0,0,T657125,44.3,,S
8337,1,3,"Wilson, Mrs. Mary",female,9.0,0,0,T775762,15.05,,S
8338,1,1,"Miller, Mrs. Beatrice",female,,1,3,T115981,69.61,,Q
8339,0,3,"Anderson, Mr. William",male,29.4,2,0,T219222,8.43,B77,S
8340,0,3,"Taylor, Mr. Robert",male,23.7,1,1,T385896,18.85,,S
8341,1,3,"Brown, Miss. Edith",female,4.5,1,0,T451338,19.94,,S
8342,0,2,"Anderson, Miss. Mary",female,34.4,0,0,T325812,11.39,,S
8343,0,2,"Brown, Mr. Richard",male,42.6,0,0,T523290,100.28,,Q
8344,1,1,"Miller, Mr. Robert",male,71.0,0,2,T28502,91.73,,S
8345,0,3,"Brown, Miss. Annie",female,48.7,0,0,T515675,11.91,,S
8346,0,3,"Wilson, Mr. Edward",male,10.9,0,0,T480537,11.23,B30,S
8347,0,2,"Smith, Mr. Thomas",male,29.5,0,0,T259965,18.51,,S
8348,0,1,"Williams, Mr. William",male,38.3,1,5,T596834,229.9,,S
8349,0,3,"Thomas, Miss. Emma",female,19.7,0,0,T994681,10.85,,C
8350,0,3,"Smith, Master. Richard",male,,4,0,T174047,11.65,,S
8351,0,2,"Johnson, Mr. George",male,39.9,2,2,T307142,16.65,,Q
8352,1,2,"Davis, Mrs. Clara",female,,0,1,T979023,32.55,F89,S
8353,1,2,"Moore, Miss. Lily",female,41.3,0,1,T451155,21.47,,S
8354,0,3,"Wilson, Mr. Charles",male,33.8,0,2,T480149,7.33,D101,Q
8355,0,3,"Moore, Mr. William",male,20.4,0,1,T873237,20.95,,S
8356,0,3,"Thomas, Mr. Thomas",male,11.0,0,4,T307906,7.96,,S
8357,0,3,"Taylor, Mrs. Beatrice",female,32.9,1,0,T432929,26.54,,S
8358,0,3,"Williams, Mr. Thomas",male,23.8,1,0,T872498,7.56,,S
8359,1,2,"Johnson, Mr. Thomas",male,25.2,0,0,T747831,27.64,,S
8360,0,2,"Miller, Mrs. Alice",female,,0,0,T226176,25.78,,S
8361,1,3,"Thomas, Mrs. Emma",female,49.5,0,0,T792082,15.85,,S
8362,0,2,"Anderson, Mr. George",male,11.8,0,0,T792981,27.52,,C
8363,1,2,"Williams, Mr. George",male,26.6,1,1,T970540,43.92,,C
8364,0,3,"Smith, Mr. Thomas",male,23.4,0,0,T999932,8.53,C25,Q
8365,0,1,"Smith, Master. Edward",male,34.3,0,0,T265195,75.68,F25,S
8366,1,3,"Johnson, Master. William",male,0.5,0,0,T393195,14.15,,Q
8367,0,3,"Davis, Mr. William",male,8.5,0,0,T192454,8.56,F97,Q
8368,0,3,"Anderson, Mr. Charles",male,28.0,3,1,T196043,4.57,,S
8369,0,1,"Johnson, Mr. William",male,41.1,1,3,T957771,73.9,,S
8370,0,2,"Wilson, Miss. Beatrice",female,,1,0,T495459,12.92,E144,S
8371,1,1,"Jones, Mr. John",male,39.4,1,0,T831647,160.1,,S
8372,1,2,"Davis, Mr. Henry",male,32.6,0,0,T573095,49.43,,Q
8373,1,3,"Brown, Mrs. Annie",female,48.2,0,0,T61871,8.57,,S
8374,0,2,"Anderson, Mr. Henry",male,,1,0,T366266,43.74,,S
8375,1,2,"Moore, Miss. Alice",female,18.7,0,0,T158039,19.23,F63,C
8376,0,3,"Johnson, Mr. George",male,42.5,0,0,T138573,11.95,,S
8377,0,3,"Wilson, Mr. Richard",male,37.1,0,0,T905267,16.95,A38,S
8378,0,3,"Smith, Mr. James",male,66.0,0,0,T471043,19.75,,S
8379,1,2,"Miller, Mr. Henry",male,18.1,1,0,T219674,40.98,D89,Q
8380,0,3,"Smith, Mr. Robert",male,28.0,0,0,T373373,9.99,,S
8381,0,3,"Williams, Miss. Mary",female,14.7,2,2,T405636,5.55,,C
8382,0,2,"Davis, Mr. Henry",male,15.6,1,0,T463106,17.6,,S
8383,1,2,"Brown, Miss. Dorothy",female,35.3,0,0,T49452,34.16,,S
8384,0,2,"Thomas, Mr. Richard",male,,0,0,T795845,30.86,,S
8385,0,3,"Williams, Miss. Edith",female,,1,0,T487084,4.93,,S
8386,0,1,"Taylor, Mr. Henry",male,37.2,0,0,T709576,113.5,A101,S
8387,0,3,"Davis, Mrs. Edith",female,26.3,0,0,T48049,7.35,,S
8388,0,3,"Thomas, Mr. Edward",male,26.2,0,0,T458402,20.76,,S
8389,1,3,"Jones, Mrs. Dorothy",female,15.6,0,1,T801887,6.03,,C
8390,1,1,"Moore, Mr. John",male,,0,2,T856505,136.52,,S
8391,1,2,"Smith, Miss. Edith",female,28.9,1,0,T486702,23.14,,S
8392,1,1,"Taylor, Mr. Edward",male,32.6,2,0,T40698,161.45,,S
8393,0,2,"Moore, Miss. Alice",female,,0,2,T635008,20.34,G23,Q
8394,1,3,"Miller, Miss. Emma",female,,2,0,T89514,5.99,,S
8395,1,1,"Taylor, Mrs. Alice",female,52.3,0,0,T977034,43.55,D44,S
8396,0,2,"Williams, Mr. Edward",male,15.6,0,0,T746050,34.73,C138,S
8397,1,1,"Taylor, Mrs. Clara",female,26.3,0,0,T494016,154.75,,S
8398,1,2,"Miller, Mr. Richard",male,,1,0,T532125,43.68,E99,S
8399,0,3,"Thomas, Mr. John",male,,0,0,T529900,14.98,F60,C
8400,0,3,"Taylor, Mr. Thomas",male,22.4,0,0,T223078,15.26,,S
8401,0,3,"Anderson, Mr. George",male,,1,0,T611710,16.87,G143,S
8402,0,2,"Jones, Miss. Emma",female,50.8,1,0,T101611,22.57,,S
8403,0,3,"Johnson, Master. Edward",male,35.7,0,0,T344949,4.52,,S
8404,0,3,"Thomas, Mr. Robert",male,33.9,1,0,T33881,28.18,,S
8405,0,2,"Jones, Mr. Henry",male,,0,0,T249321,19.73,,S
8406,1,2,"Johnson, Mrs. Beatrice",female,25.1,0,0,T638158,15.54,B18,S
8407,0,3,"Williams, Mr. Edward",male,23.4,1,1,T413030,7.94,B54,S
8408,1,3,"Brown, Mrs. Annie",female,27.6,0,0,T358262,7.13,,S
8409,0,3,"Anderson, Mr. James",male,56.2,1,0,T56673,6.71,,S
8410,1,2,"Wilson, Mrs. Edith",female,14.6,1,0,T705796,41.9,F19,Q
8411,1,1,"Taylor, Miss. Dorothy",female,32.7,0,3,T199880,112.92,,C
8412,0,3,"Smith, Mr. George",male,40.0,0,0,T122239,7.45,B22,S
8413,0,3,"Miller, Mr. Richard",male,,1,0,T337434,14.34,,S
8414,0,3,"Thomas, Mrs. Mary",female,35.7,0,0,T256311,17.27,,S
8415,0,3,"Smith, Miss. Annie",female,7.9,0,0,T681527,18.32,,C
8416,0,1,"Davis, Mr. Richard",male,,0,1,T331420,137.33,G9,S
8417,0,3,"Johnson, Mr. George",male,46.1,1,0,T150184,12.01,,S
8418,1,3,"Smith, Mrs. Beatrice",female,28.3,0,0,T912150,4.37,,S
8419,0,3,"Moore, Mr. William",male,16.9,0,0,T973583,24.68,,S
8420,0,2,"Williams, Mr. James",male,41.2,1,0,T355706,51.04,,S
8421,1,2,"Anderson, Miss. Dorothy",female,13.1,0,0,T483093,13.09,,C
8422,0,3,"Smith, Mr. Edward",male,15.1,0,0,T981304,11.99,D135,C
8423,0,3,"Miller, Mr. William",male,28.9,0,0,T77295,7.93,A33,C
8424,1,3,"Taylor, Miss. Emma",female,51.7,1,1,T965348,4.27,,S
8425,0,3,"Anderson, Mr. John",male,39.0,0,5,T890540,17.3,,C
8426,1,3,"Thomas, Mrs. Clara",female,20.3,0,0,T452226,3.57,E113,S
8427,0,3,"Anderson, Miss. Lily",female,5.3,0,0,T135144,10.82,,S
8428,1,1,"Brown, Miss. Lily",female,30.3,0,0,T783705,127.71,,S
8429,1,1,"Wilson, Mrs. Alice",female,33.3,0,1,T225570,63.43,,S
8430,0,1,"Williams, Mr. Charles",male,,1,0,T787027,97.85,E111,S
8431,0,3,"Thomas, Mr. John",male,55.9,0,0,T673867,7.7,,S
8432,0,2,"Johnson, Mr. Henry",male,27.8,1,1,T987116,24.79,D3,S
8433,1,3,"Davis, Mr. George",male,,0,0,T48753,16.18,A86,S
8434,0,3,"Taylor, Mr. Edward",male,23.8,0,2,T292500,10.38,F78,S
8435,0,3,"Taylor, Mr. Edward",male,36.3,1,0,T230741,6.0,,S
8436,1,3,"Anderson, Mr. Robert",male,35.3,0,0,T408053,17.35,,S
8437,1,2,"Johnson, Mr. Thomas",male,,0,2,T995186,14.48,,Q
8438,0,3,"Taylor, Miss. Edith",female,24.7,0,1,T518355,6.43,,C
8439,1,1,"Brown, Miss. Alice",female,0.7,1,2,T352958,194.56,F29,S
8440,1,1,"Brown, Mr. John",male,30.9,0,2,T550328,121.66,,S
8441,0,1,"Brown, Mr. Edward",male,,3,0,T474000,117.41,,S
8442,0,2,"Brown, Mr. Richard",male,33.3,0,1,T457567,19.43,,C
8443,0,2,"Williams, Mr. Richard",male,36.8,4,0,T161640,14.15,,Q
8444,1,3,"Taylor, Mrs. Alice",female,47.7,0,0,T871223,8.71,,S
8445,1,1,"Brown, Miss. Emma",female,15.8,0,0,T707603,72.02,,S
8446,0,3,"Moore, Mr. Edward",male,10.9,1,0,T677555,14.76,,S
8447,1,1,"Moore, Mr. Charles",male,,0,1,T827844,43.53,,S
8448,0,1,"Moore, Mr. Henry",male,19.0,0,0,T11930,141.78,,S
8449,0,3,"Miller, Mr. Robert",male,17.7,0,0,T725577,10.17,,S
8450,0,3,"Moore, Miss. Dorothy",female,,0,0,T995873,13.77,,S
8451,0,3,"Moore, Mr. William",male,31.9,0,0,T325633,14.48,,C
8452,0,3,"Johnson, Mrs. Alice",female,58.3,0,0,T960550,16.09,E74,S
8453,0,3,"Miller, Mr. George",male,29.7,0,0,T849019,4.93,,S
8454,0,3,"Smith, Master. George",male,12.7,0,0,T549204,10.53,,S
8455,1,3,"Jones, Mr. Thomas",male,18.0,0,1,T229366,6.28,,S
8456,0,3,"Moore, Mr. James",male,,1,0,T493438,9.61,,S
8457,1,1,"Thomas, Mrs. Mary",female,,0,0,T442208,79.05,,C
8458,1,3,"Wilson, Mrs. Emma",female,37.8,0,0,T531391,11.75,,S
8459,0,2,"Brown, Miss. Emma",female,24.5,0,0,T229048,59.23,,Q
8460,0,2,"Thomas, Mr. James",male,16.2,5,0,T988444,35.49,,S
8461,1,3,"Wilson, Miss. Annie",female,49.8,0,0,T337235,8.31,,S
8462,1,1,"Moore, Mr. Thomas",male,21.2,0,0,T964041,78.71,,S
8463,0,2,"Miller, Mr. John",male,,0,0,T339194,12.76,,S
8464,1,1,"Wilson, Mr. John",male,,0,0,T821741,118.27,,S
8465,0,3,"Jones, Mr. John",male,22.3,1,0,T544445,6.99,,S
8466,0,1,"Jones, Mrs. Dorothy",female,61.8,0,0,T872094,75.3,,S
8467,1,2,"Davis, Miss. Emma",female,45.1,2,0,T804949,30.36,,C
8468,0,3,"Davis, Mr. William",male,21.1,2,0,T498643,5.6,,S
8469,0,3,"Johnson, Mr. Edward",male,22.8,0,0,T834537,14.92,,S
8470,0,1,"Miller, Mr. John",male,0.5,0,0,T86535,65.29,,S
8471,0,2,"Smith, Mr. William",male,31.7,0,0,T854632,26.2,,C
8472,1,1,"Miller, Mr. Robert",male,,1,1,T631844,140.85,,C
8473,1,1,"Miller, Miss. Lily",female,31.0,0,0,T385580,31.95,,S
8474,1,1,"Wilson, Mr. Robert",male,1.2,1,1,T965849,61.16,,S
8475,0,2,"Thomas, Miss. Edith",female,29.3,0,0,T940231,25.37,,S
8476,0,3,"Jones, Mr. George",male,54.3,0,0,T709475,7.0,,S
8477,0,3,"Davis, Master. John",male,,5,2,T252345,12.67,F31,S
8478,0,3,"Miller, Mr. James",male,,0,1,T355171,14.29,,Q
8479,1,1,"Davis, Miss. Alice",female,29.4,0,0,T364648,99.89,,S
8480,0,2,"Moore, Mr. Robert",male,,0,0,T279702,52.96,,S
8481,0,3,"Smith, Mr. Charles",male,61.5,1,0,T389524,5.37,F79,S
8482,0,1,"Jones, Miss. Mary",female,24.9,0,2,T362518,123.92,,S
8483,0,3,"Wilson, Mr. John",male,12.3,1,0,T28990,23.01,D77,C
8484,1,3,"Moore, Mrs. Annie",female,30.0,1,0,T745197,10.34,,C
8485,0,3,"Taylor, Mr. William",male,,0,0,T699819,10.43,,S
8486,1,2,"Williams, Miss. Alice",female,37.9,0,0,T558122,46.76,,S
8487,0,2,"Thomas, Mr. Robert",male,,0,0,T709857,25.6,,Q
8488,0,3,"Davis, Mr. Richard",male,58.1,0,0,T209763,15.77,,S
8489,0,3,"Thomas, Mr. Robert",male,21.1,0,1,T527049,2.89,,C
8490,1,1,"Brown, Mr. Robert",male,19.7,0,0,T159889,131.21,,S
8491,0,3,"Johnson, Miss. Beatrice",female,2.8,1,0,T332197,9.72,,S
8492,1,1,"Wilson, Miss. Clara",female,39.3,1,0,T194849,61.97,F129,C
8493,0,1,"Davis, Mr. Edward",male,16.8,0,0,T429143,96.41,,C
8494,0,3,"Anderson, Mr. Thomas",male,42.6,0,1,T255270,14.24,,S
8495,0,3,"Wilson, Mr. Edward",male,22.6,0,0,T868910,6.52,,S
8496,0,3,"Johnson, Mrs. Mary",female,54.7,1,0,T586894,7.97,,Q
8497,0,2,"Davis, Mr. Henry",male,8.9,0,0,T375204,19.77,,C
8498,0,1,"Davis, Mr. Robert",male,44.5,1,0,T300234,89.91,,C
8499,1,3,"Wilson, Mrs. Beatrice",female,,1,1,T71931,9.7,,S
8500,0,2,"Johnson, Mr. William",male,37.3,0,0,T244544,33.6,,Q
8501,1,2,"Moore, Mr. James",male,,1,0,T501642,23.49,,S
8502,0,3,"Anderson, Mr. Richard",male,37.4,0,0,T457319,8.51,,C
8503,1,1,"Miller, Mrs. Dorothy",female,31.5,1,0,T17523,53.58,,S
8504,1,3,"Davis, Mr. Thomas",male,3.2,5,0,T713347,4.1,,C
8505,1,2,"Wilson, Mrs. Beatrice",female,,0,0,T441651,16.34,A59,S
8506,0,3,"Davis, Mr. George",male,24.7,0,1,T492384,6.34,,S
8507,0,3,"Wilson, Mr. William",male,,0,0,T384185,7.99,,C
8508,1,1,"Taylor, Mrs. Clara",female,28.7,0,1,T149193,97.56,,S
8509,1,1,"Wilson, Mr. James",male,43.9,0,1,T292735,56.87,,S
8510,0,2,"Wilson, Mr. James",male,,1,0,T256113,36.05,,S
8511,1,1,"Davis, Mr. Thomas",male,32.8,1,0,T891037,55.05,G36,C
8512,0,3,"Johnson, Mr. Thomas",male,31.8,1,0,T520774,10.2,,Q
8513,0,3,"Johnson, Miss. Alice",female,25.0,0,0,T272320,11.61,,S
8514,0,3,"Thomas, Mr. Thomas",male,17.1,5,0,T95108,7.65,,S
8515,0,3,"Moore, Mrs. Mary",female,,1,0,T12968,11.9,,S
8516,0,2,"Moore, Mr. Robert",male,17.4,0,1,T405463,18.87,,S
8517,1,2,"Brown, Miss. Emma",female,39.9,1,0,T553303,37.22,,C
8518,0,3,"Anderson, Miss. Alice",female,,0,0,T605629,7.48,,C
8519,0,3,"Williams, Mr. William",male,12.5,0,0,T499572,22.35,,S
8520,0,3,"Moore, Master. William",male,8.9,3,0,T751843,9.84,,S
8521,0,2,"Wilson, Mr. Robert",male,,1,0,T86073,30.21,,C
8522,1,3,"Wilson, Mr. John",male,16.7,0,0,T301196,9.86,,C
8523,1,1,"Williams, Mrs. Lily",female,,0,4,T21345,175.23,,Q
8524,0,3,"Miller, Mrs. Emma",female,40.4,0,0,T144079,29.07,G120,S
8525,0,3,"Jones, Mr. Richard",male,,0,0,T960816,26.64,,S
8526,1,1,"Wilson, Miss. Emma",female,34.1,0,3,T999734,57.98,A55,C
8527,0,3,"Moore, Mr. Edward",male,18.6,0,0,T217749,21.15,,S
8528,0,3,"Davis, Mr. Edward",male,18.6,0,0,T839830,14.64,,C
8529,0,3,"Williams, Master. Richard",male,40.0,0,0,T102462,9.84,,C
8530,0,3,"Thomas, Mr. Edward",male,,1,0,T435065,24.0,,S
8531,0,2,"Moore, Mr. Robert",male,,1,1,T450237,14.92,,
8532,0,3,"Anderson, Mr. Henry",male,,0,0,T160082,4.26,E22,S
8533,0,2,"Moore, Mr. Richard",male,24.0,0,0,T508996,25.66,,S
8534,1,1,"Moore, Miss. Alice",female,16.2,1,1,T826546,170.72,,S
8535,1,2,"Thomas, Miss. Beatrice",female,40.8,0,0,T367480,9.96,,S
8536,1,3,"Moore, Master. Thomas",male,1.3,0,0,T389358,19.28,,Q
8537,0,1,"Miller, Mr. Henry",male,0.5,1,0,T417358,76.82,,S
8538,0,2,"Moore, Mr. Thomas",male,,0,2,T639735,31.3,,S
8539,0,1,"Taylor, Mrs. Alice",female,0.5,0,0,T150198,60.76,,S
8540,0,3,"Moore, Miss. Beatrice",female,49.4,0,0,T658053,9.5,D23,S
8541,0,3,"Miller, Mrs. Dorothy",female,41.1,0,1,T989597,12.38,,C
8542,0,1,"Johnson, Mr. Henry",male,,0,0,T632563,63.31,,C
8543,0,3,"Williams, Mr. Thomas",male,28.2,0,0,T625187,21.56,,S
8544,1,1,"Smith, Mr. Henry",male,51.0,0,0,T338593,92.56,E103,Q
8545,0,3,"Wilson, Mr. Richard",male,37.0,0,0,T734827,13.83,E39,S
8546,0,3,"Anderson, Mr. Robert",male,60.4,1,0,T386430,12.5,,S
8547,1,3,"Anderson, Miss. Edith",female,28.0,0,0,T922165,6.05,,S
8548,1,1,"Miller, Mr. Henry",male,20.2,5,0,T476597,460.03,,S
8549,0,3,"Johnson, Mr. James",male,14.0,0,1,T632073,13.08,,S
8550,1,3,"Wilson, Mrs. Annie",female,30.0,0,1,T236401,10.07,,S
8551,0,3,"Moore, Mr. James",male,,0,0,T412582,10.02,C142,Q
8552,0,3,"Thomas, Mrs. Lily",female,31.1,1,1,T175564,4.23,A99,C
8553,0,1,"Wilson, Mr. George",male,24.5,0,0,T480303,71.17,,S
8554,0,3,"Davis, Mr. Henry",male,47.9,1,0,T71518,10.05,,S
8555,1,2,"Miller, Mr. Henry",male,37.4,0,0,T597123,51.49,,C
8556,0,3,"Davis, Mrs. Dorothy",female,28.1,0,0,T696812,2.17,,S
8557,0,2,"Jones, Master. James",male,18.6,0,0,T305397,16.07,,S
8558,0,3,"Thomas, Master. Thomas",male,26.0,0,0,T407194,8.26,,S
8559,0,1,"Brown, Master. George",male,,0,0,T497023,83.94,,S
8560,0,1,"Davis, Mrs. Annie",female,18.4,0,1,T559583,87.89,,S
8561,1,1,"Jones, Master. Thomas",male,11.8,8,0,T597643,266.67,,Q
8562,0,1,"Moore, Mrs. Florence",female,22.7,0,0,T935227,79.97,C49,S
8563,0,3,"Brown, Mrs. Beatrice",female,29.0,1,0,T674805,15.95,,S
8564,0,3,"Davis, Mrs. Clara",female,,0,2,T914998,11.32,,S
8565,0,3,"Wilson, Mrs. Florence",female,12.9,0,0,T919867,4.09,G7,S
8566,1,3,"Davis, Mr. George",male,33.0,1,2,T67714,9.38,,S
8567,0,3,"Davis, Master. James",male,25.7,0,0,T36078,12.36,F31,S
8568,0,2,"Miller, Mr. Robert",male,26.4,0,0,T275796,19.8,D22,S
8569,0,2,"Davis, Mr. Henry",male,,0,1,T295044,39.32,,C
8570,0,2,"Anderson, Miss. Florence",female,30.9,0,0,T593171,69.71,,C
8571,0,3,"Johnson, Mr. Charles",male,16.5,5,0,T983305,10.77,,Q
8572,0,1,"Anderson, Mrs. Clara",female,42.6,0,0,T289001,101.28,,S
8573,1,1,"Smith, Mrs. Clara",female,41.5,2,0,T813693,216.11,,S
8574,0,3,"Wilson, Master. William",male,,2,0,T801675,13.48,,Q
8575,0,3,"Moore, Master. Robert",male,,0,0,T855769,12.14,,S
8576,0,3,"Thomas, Mr. Robert",male,,2,0,T683498,9.46,A17,S
8577,0,3,"Williams, Mr. Robert",male,29.2,1,0,T684054,8.42,,S
8578,0,3,"Moore, Mr. James",male,,1,0,T336340,14.85,,S
8579,1,3,"Thomas, Mr. William",male,45.0,1,0,T932978,12.52,G107,S
8580,0,3,"Wilson, Mr. Robert",male,,0,0,T559427,5.06,A99,S
8581,0,3,"Taylor, Mrs. Mary",female,,1,0,T551857,18.23,,S
8582,1,1,"Miller, Mr. William",male,46.7,0,0,T676907,158.81,,S
8583,0,2,"Taylor, Master. Richard",male,24.8,0,0,T537842,26.19,,S
8584,1,1,"Smith, Miss. Dorothy",female,3.2,0,1,T961812,57.32,,S
8585,0,3,"Wilson, Mr. Richard",male,23.9,0,0,T21406,12.58,,Q
8586,1,3,"Moore, Mr. Thomas",male,32.4,0,0,T251056,4.94,,S
8587,1,2,"Moore, Mrs. Emma",female,,0,0,T640747,47.45,,S
8588,1,2,"Moore, Mrs. Mary",female,22.1,0,0,T393535,18.48,,S
8589,0,3,"Williams, Mrs. Edith",female,54.7,0,0,T479019,10.66,C115,C
8590,0,3,"Brown, Mr. Robert",male,10.9,0,0,T44643,9.75,,S
8591,0,3,"Williams, Mr. Thomas",male,,1,1,T37675,12.78,,S
8592,0,3,"Johnson, Mr. Edward",male,26.2,0,0,T889988,8.86,A75,S
8593,0,3,"Wilson, Mrs. Beatrice",female,,0,0,T780638,12.67,D85,S
8594,0,3,"Moore, Mr. Charles",male,8.3,0,0,T322020,29.98,,S
8595,0,1,"Moore, Mr. Robert",male,35.9,1,1,T462983,176.09,,Q
8596,1,1,"Johnson, Miss. Clara",female,26.2,1,0,T791218,51.17,,S
8597,0,2,"Thomas, Mrs. Alice",female,51.9,0,0,T686159,37.95,C72,S
8598,1,3,"Jones, Mrs. Lily",female,17.7,0,0,T245112,4.83,,Q
8599,0,3,"Miller, Master. William",male,35.7,4,1,T858323,13.38,,S
8600,0,3,"Taylor, Mr. John",male,17.5,0,1,T341802,6.93,,C
8601,0,3,"Moore, Mrs. Annie",female,32.4,0,0,T297660,14.41,,S
8602,1,2,"Davis, Mr. John",male,24.3,5,0,T303897,24.14,,S
8603,1,3,"Miller, Master. John",male,24.1,0,0,T172061,21.45,,S
8604,0,3,"Moore, Mr. Charles",male,0.9,0,0,T846270,20.55,,S
8605,0,2,"Brown, Mrs. Beatrice",female,35.7,4,0,T713052,77.63,,C
8606,0,3,"Miller, Mr. James",male,14.0,0,0,T471492,13.29,E98,Q
8607,1,1,"Smith, Miss. Beatrice",female,13.5,0,0,T72273,45.68,D105,S
8608,0,1,"Jones, Mr. John",male,7.1,0,0,T213185,109.44,B43,C
8609,0,3,"Jones, Mr. Henry",male,14.4,0,2,T655418,16.74,E5,S
8610,1,3,"Johnson, Mrs. Beatrice",female,37.0,0,0,T559800,22.22,,S
8611,0,2,"Jones, Mr. John",male,,0,0,T154168,26.56,,S
8612,0,3,"Thomas, Mrs. Florence",female,39.3,0,0,T846910,5.92,,S
8613,0,3,"Brown, Mr. Richard",male,,0,0,T702268,7.52,,S
8614,0,3,"Thomas, Mr. George",male,32.8,5,0,T572161,11.92,,C
8615,1,2,"Williams, Miss. Beatrice",female,20.8,3,0,T994156,28.49,,Q
8616,0,1,"Taylor, Miss. Alice",female,,0,0,T102224,108.63,,S
8617,0,2,"Brown, Miss. Lily",female,,0,0,T498976,23.78,G33,C
8618,0,3,"Miller, Mr. James",male,20.2,2,0,T38843,10.24,,S
8619,0,2,"Brown, Mr. Robert",male,44.8,0,2,T566088,23.36,G63,Q
8620,1,3,"Miller, Mrs. Emma",female,37.1,0,0,T603405,18.72,,S
8621,0,3,"Moore, Mr. Robert",male,9.6,1,0,T542443,22.1,G23,S
8622,1,3,"Johnson, Mrs. Clara",female,5.5,0,0,T428548,5.86,,S
8623,0,3,"Moore, Master. Richard",male,10.2,0,0,T835554,7.94,D7,S
8624,0,3,"Smith, Mrs. Florence",female,53.6,1,0,T86576,8.87,A81,S
8625,0,2,"Johnson, Miss. Emma",female,15.0,1,0,T918862,36.82,,S
8626,1,1,"Miller, Master. Richard",male,,0,0,T117971,22.44,,S
8627,1,3,"Thomas, Miss. Mary",female,14.2,1,0,T49162,8.4,D142,C
8628,1,3,"Thomas, Mr. Robert",male,12.7,1,0,T548098,16.58,,C
8629,0,3,"Thomas, Mr. Edward",male,42.5,0,1,T195524,13.48,,S
8630,0,3,"Taylor, Mr. John",male,,0,2,T993961,17.84,,S
8631,0,3,"Smith, Mr. Edward",male,37.8,0,0,T172135,13.09,,S
8632,0,3,"Smith, Mr. Richard",male,39.5,1,0,T18518,9.04,,Q
8633,0,3,"Moore, Mr. William",male,,0,0,T211642,12.39,,S
8634,0,3,"Taylor, Mr. Thomas",male,41.8,0,1,T860612,11.46,C4,Q
8635,0,1,"Smith, Mr. Charles",male,33.2,0,0,T482153,59.88,,C
8636,0,2,"Davis, Mr. Henry",male,24.4,0,0,T305631,30.28,,S
8637,0,3,"Taylor, Mr. William",male,,5,0,T973597,10.99,B80,C
8638,1,2,"Wilson, Mrs. Edith",female,45.1,1,0,T28354,24.27,,S
8639,0,3,"Anderson, Mr. Robert",male,35.4,0,0,T558220,8.9,B90,C
8640,1,1,"Smith, Mrs. Alice",female,0.5,1,0,T756404,81.87,,S
8641,0,2,"Jones, Mr. Charles",male,42.6,0,0,T646107,24.57,G62,S
8642,0,2,"Davis, Mr. John",male,41.5,0,0,T506940,17.05,,S
8643,0,1,"Johnson, Mr. John",male,24.2,1,3,T305818,107.14,,S
8644,0,1,"Anderson, Mrs. Emma",female,31.4,0,0,T728144,79.02,C87,C
8645,0,1,"Moore, Mr. John",male,31.3,1,4,T967105,65.21,D71,S
8646,0,3,"Brown, Miss. Dorothy",female,1.0,0,0,T803120,3.05,E109,S
8647,1,1,"Thomas, Mr. Charles",male,23.9,0,0,T971860,202.73,,S
8648,0,2,"Williams, Mr. Robert",male,24.4,0,1,T515120,37.89,,S
8649,0,1,"Moore, Mrs. Clara",female,27.4,1,0,T272977,292.76,,S
8650,0,3,"Thomas, Master. Henry",male,22.1,1,0,T745008,26.27,F102,C
8651,0,3,"Miller, Master. Robert",male,39.3,0,0,T570889,16.92,,S
8652,1,3,"Johnson, Mr. Richard",male,18.0,0,0,T599207,15.77,,S
8653,0,2,"Moore, Mr. Charles",male,42.9,1,0,T582135,29.37,,S
8654,0,1,"Johnson, Mr. Edward",male,38.6,1,0,T207772,136.73,,S
8655,0,3,"Moore, Mr. Robert",male,49.4,0,0,T367344,11.37,,S
8656,1,3,"Anderson, Mrs. Lily",female,54.8,0,0,T178710,12.13,,C
8657,0,1,"Williams, Mrs. Beatrice",female,54.9,0,1,T50994,96.48,,S
8658,0,3,"Williams, Mr. James",male,,0,0,T28706,16.91,A49,C
8659,0,2,"Johnson, Mr. John",male,,0,0,T227697,31.7,,S
8660,0,1,"Taylor, Master. Richard",male,,0,0,T344745,195.97,A68,S
8661,1,3,"Anderson, Mrs. Lily",female,77.3,0,1,T660181,28.52,,C
8662,0,3,"Davis, Mr. Robert",male,38.6,1,1,T597316,27.8,,S
8663,0,1,"Miller, Mr. John",male,50.2,1,0,T810949,202.63,,S
8664,0,2,"Brown, Mr. Edward",male,36.0,0,0,T634345,34.64,,S
8665,0,3,"Miller, Mr. George",male,0.5,0,1,T998770,13.86,,S
8666,1,3,"Miller, Mrs. Edith",female,,1,0,T624590,5.35,,S
8667,0,3,"Johnson, Mr. George",male,19.8,0,2,T810474,13.07,,C
8668,0,3,"Anderson, Miss. Florence",female,,1,0,T838681,19.42,,C
8669,0,3,"Johnson, Master. William",male,34.9,0,0,T970291,5.89,,S
8670,0,2,"Wilson, Mr. John",male,37.0,5,1,T602861,32.03,,S
8671,0,1,"Thomas, Mr. Thomas",male,0.5,0,1,T934129,155.93,,S
8672,0,2,"Davis, Mr. Charles",male,26.3,0,0,T522614,34.21,,C
8673,0,3,"Moore, Mr. John",male,22.7,0,0,T429827,8.87,,S
8674,0,2,"Jones, Mr. Edward",male,49.7,0,0,T807600,27.87,,S
8675,0,3,"Thomas, Mr. Thomas",male,,1,0,T616664,35.32,,S
8676,1,1,"Moore, Mrs. Lily",female,,0,1,T925898,198.87,,S
8677,1,2,"Wilson, Mr. Charles",male,32.9,0,0,T468048,34.37,E75,S
8678,0,1,"Thomas, Mr. Thomas",male,,0,4,T321934,226.38,,S
8679,1,2,"Davis, Miss. Edith",female,39.3,0,0,T159152,21.99,,S
8680,0,1,"Williams, Master. James",male,,0,1,T488070,44.03,,S
8681,0,2,"Thomas, Mrs. Annie",female,18.0,2,1,T468822,22.2,,Q
8682,0,2,"Smith, Miss. Lily",female,48.8,0,0,T708312,49.07,,S
8683,0,3,"Thomas, Mr. William",male,,1,0,T55244,15.61,,S
8684,0,3,"Johnson, Mr. Thomas",male,20.1,0,0,T124676,7.05,,S
8685,1,2,"Smith, Miss. Florence",female,20.9,0,0,T29343,32.96,,S
8686,0,3,"Taylor, Mrs. Emma",female,35.0,1,0,T737773,11.31,G93,S
8687,0,3,"Smith, Master. Edward",male,33.9,0,0,T147425,13.32,,S
8688,0,2,"Anderson, Mr. Edward",male,30.1,0,3,T341967,35.08,,C
8689,0,3,"Smith, Mr. John",male,,0,0,T878539,12.83,,C
8690,0,3,"Taylor, Miss. Dorothy",female,14.4,0,0,T269031,11.4,E11,S
8691,1,2,"Johnson, Mr. Charles",male,18.8,0,2,T820098,29.69,D12,S
8692,1,3,"Brown, Miss. Mary",female,26.9,1,0,T161053,4.92,,S
8693,0,3,"Miller, Miss. Emma",female,29.1,0,0,T759997,11.96,C37,S
8694,0,3,"Jones, Mrs. Florence",female,27.4,1,0,T863980,6.41,,Q
8695,0,3,"Anderson, Mrs. Emma",female,28.0,0,2,T374452,7.97,,S
8696,1,2,"Anderson, Mr. John",male,57.0,0,0,T481525,27.65,,S
8697,0,2,"Davis, Mr. Robert",male,42.0,1,0,T439266,16.5,,C
8698,0,3,"Moore, Master. Robert",male,46.9,0,4,T537237,3.54,D50,S
8699,0,3,"Brown, Mr. George",male,36.4,3,0,T324948,21.7,G117,S
8700,0,3,"Miller, Master. Robert",male,30.7,0,0,T86042,20.61,,C
8701,0,3,"Anderson, Miss. Dorothy",female,,2,0,T710614,8.29,C15,S
8702,0,2,"Wilson, Mr. Charles",male,33.0,0,0,T185241,25.49,,S
8703,1,2,"Smith, Mrs. Annie",female,41.4,0,1,T523681,51.77,C23,C
8704,0,3,"Thomas, Mr. George",male,15.6,1,0,T341623,11.07,,S
8705,0,3,"Jones, Mr. Richard",male,40.2,2,0,T482053,13.96,,S
8706,0,3,"Williams, Mr. William",male,32.1,1,0,T233200,15.57,,S
8707,1,3,"Johnson, Miss. Alice",female,3.5,0,0,T532446,32.61,,S
8708,1,2,"Johnson, Mrs. Edith",female,30.9,0,0,T878986,22.54,,C
8709,0,3,"Jones, Mr. Charles",male,10.8,0,0,T954330,22.62,,S
8710,1,3,"Taylor, Master. William",male,21.9,1,1,T751969,8.37,E56,S
8711,0,3,"Anderson, Mrs. Clara",female,27.4,1,0,T935404,6.48,,S
8712,0,2,"Smith, Mr. William",male,7.8,0,1,T495250,29.79,E41,C
8713,0,2,"Taylor, Mr. John",male,28.9,1,1,T383789,12.28,,C
8714,0,3,"Miller, Mr. John",male,30.7,0,5,T289858,4.75,,S
8715,0,1,"Brown, Mr. Henry",male,,0,0,T458908,215.74,B66,S
8716,0,3,"Wilson, Mr. George",male,23.1,1,0,T382825,9.14,,C
8717,0,1,"Brown, Mr. Robert",male,33.7,2,0,T560290,111.3,,S
8718,0,2,"Jones, Mr. Richard",male,28.3,1,0,T759322,27.33,,S
8719,0,3,"Smith, Mr. Thomas",male,23.6,1,2,T575828,8.88,,S
8720,0,3,"Anderson, Master. John",male,,0,0,T327020,45.88,,S
8721,0,3,"Taylor, Mr. Richard",male,28.1,0,1,T23589,4.89,,S
8722,1,2,"Moore, Mr. William",male,,0,0,T135100,20.45,,C
8723,0,3,"Johnson, Mr. Charles",male,16.2,0,2,T490472,5.86,C77,C
8724,1,1,"Williams, Mr. William",male,26.5,0,0,T746671,54.1,,Q
8725,1,1,"Jones, Mr. James",male,,0,0,T425394,46.55,,S
8726,0,3,"Brown, Mr. Edward",male,,1,0,T286280,4.83,,S
8727,0,3,"Wilson, Mr. John",male,30.1,1,0,T541123,7.28,,S
8728,1,1,"Miller, Mr. Edward",male,33.9,0,1,T168774,23.49,,C
8729,0,3,"Jones, Mr. William",male,29.6,0,0,T976847,13.39,,Q
8730,0,3,"Taylor, Mr. Thomas",male,22.6,0,0,T695008,9.99,B89,S
8731,0,3,"Taylor, Mr. Henry",male,13.3,1,0,T840041,15.7,,S
8732,0,3,"Davis, Miss. Clara",female,25.6,1,0,T667026,16.79,A81,S
8733,0,3,"Williams, Mr. George",male,35.4,0,0,T296755,10.1,,C
8734,1,2,"Davis, Mrs. Clara",female,,0,0,T851275,25.04,G115,S
8735,1,2,"Williams, Mrs. Dorothy",female,,0,0,T935815,34.76,,S
8736,1,3,"Smith, Mrs. Edith",female,,0,0,T610544,12.48,E132,S
8737,0,3,"Smith, Mr. Edward",male,47.7,0,0,T908462,11.46,,S
8738,0,1,"Brown, Mr. James",male,0.5,0,1,T163862,109.38,,S
8739,1,2,"Taylor, Miss. Dorothy",female,52.6,0,0,T390499,27.81,,S
8740,0,1,"Johnson, Mr. Thomas",male,33.6,0,0,T293885,125.77,,Q
8741,0,3,"Brown, Mr. Thomas",male,35.6,0,0,T337018,32.87,,S
8742,0,3,"Davis, Mr. Edward",male,42.7,0,0,T645474,7.94,E147,C
8743,0,3,"Smith, Mrs. Dorothy",female,30.0,0,2,T745532,9.74,,S
8744,0,3,"Miller, Mr. James",male,,0,2,T881463,9.42,,C
8745,0,3,"Thomas, Mr. Richard",male,,0,0,T724052,12.29,,S
8746,0,3,"Smith, Mrs. Emma",female,18.6,1,0,T541317,7.45,D111,S
8747,0,2,"Smith, Mr. Thomas",male,15.4,1,4,T780847,26.43,E137,S
8748,0,1,"Wilson, Miss. Annie",female,26.3,0,0,T250045,37.98,,S
8749,0,2,"Davis, Mr. Thomas",male,24.1,0,0,T532128,26.48,,S
8750,0,3,"Thomas, Miss. Alice",female,29.8,0,1,T762875,11.63,,Q
8751,0,3,"Smith, Mr. Richard",male,28.3,0,0,T883398,11.53,,S
8752,1,3,"Brown, Miss. Mary",female,,0,0,T784791,14.24,E86,S
8753,1,2,"Johnson, Miss. Emma",female,36.4,0,0,T182028,25.74,,S
8754,1,3,"Anderson, Miss. Annie",female,17.3,0,0,T230805,35.8,,S
8755,0,3,"Thomas, Miss. Beatrice",female,19.3,0,0,T851278,6.52,,C
8756,0,1,"Williams, Mr. James",male,24.1,0,0,T30523,137.93,B43,C
8757,1,3,"Moore, Miss. Beatrice",female,24.1,1,0,T87296,14.07,,S
8758,0,3,"Taylor, Mr. William",male,22.2,0,0,T55251,10.58,,S
8759,1,3,"Johnson, Miss. Dorothy",female,13.7,0,2,T41995,3.49,C141,S
8760,1,3,"Wilson, Miss. Dorothy",female,33.9,0,0,T479793,10.03,,C
8761,1,2,"Taylor, Mr. James",male,23.1,1,0,T132368,33.7,,S
8762,1,1,"Brown, Mr. Thomas",male,15.9,0,0,T767978,80.84,,S
8763,1,3,"Anderson, Mr. Richard",male,,0,2,T496385,34.47,,S
8764,0,3,"Brown, Mrs. Beatrice",female,,0,0,T251876,7.04,,Q
8765,0,2,"Taylor, Mr. John",male,26.1,0,0,T800744,23.79,,S
8766,0,1,"Taylor, Mr. John",male,55.5,1,0,T59367,41.82,,S
8767,0,3,"Smith, Mrs. Beatrice",female,61.8,0,0,T393515,8.33,,S
8768,1,3,"Brown, Miss. Edith",female,36.9,1,0,T574929,9.93,,S
8769,0,3,"Jones, Miss. Florence",female,22.9,0,0,T84054,10.41,G37,S
8770,0,1,"Thomas, Mrs. Emma",female,33.6,0,0,T607322,51.22,,S
8771,1,1,"Williams, Mrs. Edith",female,11.9,0,0,T32109,115.77,G53,C
8772,1,1,"Johnson, Mrs. Edith",female,,0,0,T252283,129.42,,C
8773,0,3,"Brown, Mr. James",male,5.3,0,0,T17890,12.55,E69,S
8774,1,1,"Smith, Miss. Edith",female,,0,0,T807883,92.8,F96,S
8775,0,3,"Miller, Mrs. Alice",female,11.8,0,0,T413112,14.23,,Q
8776,0,3,"Jones, Miss. Florence",female,38.7,2,0,T309087,7.84,,S
8777,0,2,"Jones, Mrs. Alice",female,18.8,2,0,T515426,25.35,,S
8778,0,3,"Wilson, Mr. George",male,,0,0,T33961,6.96,B75,S
8779,0,3,"Wilson, Mr. Thomas",male,40.5,0,0,T472841,16.54,,Q
8780,1,3,"Jones, Mrs. Edith",female,46.7,0,2,T530334,9.18,,S
8781,1,3,"Thomas, Mr. Thomas",male,24.6,4,1,T537393,13.93,,S
8782,0,1,"Johnson, Mr. George",male,,1,0,T892189,73.11,,C
8783,1,1,"Thomas, Mr. Edward",male,,1,0,T832001,202.4,,S
8784,0,3,"Williams, Mr. James",male,48.1,0,0,T355540,8.38,,S
8785,1,3,"Williams, Mrs. Florence",female,41.1,0,0,T632181,6.05,,S
8786,0,1,"Moore, Mr. Thomas",male,48.6,0,0,T325219,33.15,F98,C
8787,0,3,"Davis, Mr. Richard",male,,0,0,T36597,11.62,F117,C
8788,0,3,"Taylor, Mr. Charles",male,20.1,1,0,T835459,7.76,C35,S
8789,1,1,"Moore, Mr. Henry",male,44.7,0,0,T975387,92.94,,C
8790,0,3,"Jones, Miss. Emma",female,,0,0,T895796,3.97,,S
8791,0,1,"Anderson, Mr. John",male,27.9,1,2,T868054,104.05,,S
8792,0,3,"Miller, Mr. Richard",male,22.8,0,0,T365829,16.75,,S
8793,0,3,"Smith, Mr. Thomas",male,41.1,0,1,T877041,8.91,,S
8794,0,2,"Anderson, Mrs. Clara",female,1.0,0,0,T892079,42.19,,S
8795,1,3,"Moore, Mrs. Clara",female,41.2,0,0,T691096,17.4,,S
8796,0,3,"Johnson, Mrs. Edith",female,31.0,1,0,T231817,11.77,,S
8797,0,3,"Davis, Mr. Richard",male,22.6,8,0,T749364,10.87,,S
8798,0,2,"Anderson, Mr. James",male,37.0,1,0,T74127,27.33,,C
8799,0,3,"Jones, Miss. Alice",female,24.1,0,0,T813720,12.39,,S
8800,0,3,"Smith, Mr. Edward",male,30.1,0,2,T974084,9.55,,S
8801,0,3,"Davis, Master. Richard",male,29.0,0,0,T495222,11.88,,S
8802,0,3,"Smith, Mr. Charles",male,40.5,0,0,T734939,10.21,A27,S
8803,0,1,"Taylor, Mr. George",male,32.0,0,4,T299855,289.7,F81,S
8804,0,2,"Jones, Mr. Edward",male,2.0,0,1,T61851,18.02,,C
8805,0,3,"Taylor, Mr. James",male,9.5,1,0,T435764,24.43,E108,S
8806,0,1,"Smith, Mr. George",male,14.0,0,0,T325919,208.55,A11,S
8807,0,3,"Williams, Mr. Richard",male,36.3,0,0,T308600,6.22,C122,S
8808,1,3,"Miller, Mrs. Lily",female,37.8,0,0,T708754,13.3,,C
8809,0,3,"Brown, Mr. Henry",male,53.9,1,0,T438679,6.23,,C
8810,0,3,"Brown, Mr. Richard",male,15.0,0,0,T450714,6.02,F123,S
8811,1,3,"Wilson, Mr. William",male,,0,0,T124769,27.75,,S
8812,0,3,"Moore, Mr. Charles",male,1.6,0,0,T506201,5.32,,S
8813,0,1,"Taylor, Mr. William",male,30.0,0,0,T557296,55.77,,S
8814,0,2,"Brown, Miss. Emma",female,33.3,5,0,T811678,7.56,,S
8815,1,1,"Smith, Miss. Annie",female,33.2,0,1,T565542,244.32,,C
8816,0,3,"Johnson, Mr. Thomas",male,25.2,2,0,T206329,15.42,,Q
8817,0,3,"Davis, Mr. John",male,31.4,2,0,T353051,30.98,A51,S
8818,0,2,"Williams, Mr. Charles",male,11.8,0,1,T712964,27.27,,S
8819,1,3,"Johnson, Mrs. Clara",female,42.2,0,0,T781291,5.19,,C
8820,0,1,"Miller, Mrs. Alice",female,33.3,0,5,T850438,75.22,,C
8821,0,3,"Davis, Mr. Richard",male,,0,1,T752130,10.77,,C
8822,0,1,"Jones, Master. Edward",male,25.7,0,0,T417170,66.62,G62,S
8823,0,3,"Taylor, Mr. Edward",male,24.9,1,0,T657484,20.45,,S
8824,0,3,"Taylor, Mr. George",male,37.3,0,1,T264912,10.1,,Q
8825,0,3,"Moore, Mrs. Annie",female,,1,1,T475442,5.61,,S
8826,0,2,"Anderson, Mr. George",male,9.5,0,1,T917392,26.56,,S
8827,0,3,"Brown, Mr. Edward",male,8.8,0,0,T181875,14.71,A36,S
8828,0,2,"Wilson, Master. Edward",male,,0,0,T108269,25.79,,S
8829,1,3,"Miller, Mr. Henry",male,24.9,2,2,T987117,5.69,,S
8830,0,3,"Moore, Mr. William",male,31.5,0,0,T22665,6.06,,C
8831,1,3,"Williams, Miss. Clara",female,,0,0,T983428,6.74,,S
8832,0,3,"Wilson, Mr. Henry",male,38.7,0,0,T908249,10.28,,S
8833,0,3,"Thomas, Mr. William",male,25.6,0,0,T596350,12.22,A1,S
8834,0,3,"Wilson, Mrs. Beatrice",female,12.2,0,1,T425486,30.88,F121,C
8835,0,1,"Moore, Mr. Edward",male,,0,0,T903160,90.8,,S
8836,0,2,"Anderson, Mr. William",male,,0,2,T529949,27.75,,S
8837,0,2,"Johnson, Master. Charles",male,,0,0,T37888,23.84,,S
8838,1,2,"Brown, Miss. Emma",female,29.2,0,0,T719335,30.69,,S
8839,0,3,"Jones, Mr. Edward",male,30.6,1,0,T865379,11.84,,S
8840,1,3,"Miller, Miss. Florence",female,24.5,0,0,T180579,4.89,,Q
8841,0,1,"Miller, Master. Henry",male,32.7,0,1,T315952,94.3,,S
8842,0,3,"Johnson, Mr. Edward",male,6.3,0,1,T432772,5.43,,S
8843,0,2,"Jones, Miss. Edith",female,15.9,1,2,T172994,12.1,,S
8844,0,3,"Moore, Mr. John",male,13.1,0,0,T785254,19.27,,S
8845,0,3,"Williams, Mrs. Clara",female,42.5,2,0,T210207,9.99,,S
8846,0,3,"Taylor, Mr. Henry",male,63.1,0,0,T227896,4.38,,S
8847,0,3,"Taylor, Mr. Richard",male,16.9,0,2,T880765,16.72,,S
8848,1,1,"Brown, Miss. Lily",female,,0,0,T788330,69.01,E13,S
8849,0,3,"Davis, Mr. James",male,19.6,0,0,T81496,9.88,,S
8850,0,1,"Moore, Mr. Richard",male,32.9,0,1,T284445,83.9,,S
8851,0,2,"Taylor, Mr. Thomas",male,20.9,1,0,T681772,22.2,,S
8852,0,3,"Wilson, Mr. George",male,33.8,0,2,T147869,4.77,,S
8853,0,1,"Taylor, Mr. John",male,39.3,0,1,T655470,140.8,,S
8854,1,3,"Taylor, Mrs. Clara",female,12.0,0,0,T587670,17.86,,C
8855,0,3,"Williams, Miss. Florence",female,,1,5,T222968,5.64,,S
8856,0,2,"Moore, Miss. Clara",female,3.7,0,0,T35003,38.9,C83,S
8857,0,3,"Miller, Miss. Emma",female,26.0,0,2,T425496,3.68,,S
8858,0,3,"Moore, Mr. Edward",male,25.0,0,0,T779980,5.2,,S
8859,0,3,"Johnson, Master. William",male,26.4,0,0,T433245,26.41,,C
8860,0,3,"Moore, Mr. John",male,25.2,0,0,T509131,12.47,,S
8861,0,2,"Davis, Mrs. Clara",female,22.5,0,0,T114274,30.36,,S
8862,1,2,"Johnson, Master. Robert",male,25.8,2,0,T438596,34.11,,S
8863,0,2,"Smith, Mr. George",male,,0,0,T774385,39.58,E33,S
8864,0,3,"Johnson, Mr. Henry",male,,3,0,T577625,5.38,,C
8865,0,1,"Williams, Mr. William",male,31.4,0,1,T848190,146.19,C21,C
8866,0,1,"Johnson, Mr. Robert",male,21.4,2,0,T816287,28.57,G50,S
8867,0,3,"Wilson, Mr. Henry",male,45.4,0,0,T259902,4.79,,Q
8868,1,3,"Thomas, Miss. Emma",female,51.8,0,0,T817679,4.54,,S
8869,1,3,"Thomas, Mr. George",male,11.0,1,0,T18612,11.5,G112,C
8870,0,3,"Thomas, Mrs. Clara",female,32.1,0,0,T854566,8.91,D112,S
8871,0,3,"Thomas, Mr. Charles",male,22.9,0,0,T526068,9.54,,S
8872,1,3,"Moore, Mrs. Alice",female,43.1,0,2,T393134,11.9,D108,S
8873,0,1,"Moore, Mr. William",male,29.5,0,2,T431879,76.93,,S
8874,0,3,"Anderson, Mrs. Beatrice",female,,0,0,T359497,18.28,,S
8875,0,1,"Smith, Mr. Thomas",male,36.9,0,0,T577230,65.85,E95,S
8876,1,2,"Anderson, Mrs. Mary",female,,1,0,T86673,29.91,,Q
8877,0,3,"Wilson, Miss. Dorothy",female,,0,0,T133221,16.15,,S
8878,0,2,"Davis, Mr. George",male,37.1,1,0,T405241,15.73,,C
8879,0,3,"Williams, Mr. Richard",male,43.2,0,0,T867468,15.42,,S
8880,0,2,"Smith, Mr. William",male,26.5,0,0,T32517,27.41,,S
8881,0,2,"Thomas, Mr. John",male,27.9,1,0,T59923,15.35,,C
8882,0,3,"Miller, Mr. Robert",male,41.5,0,0,T235376,16.15,,Q
8883,0,3,"Wilson, Miss. Mary",female,40.0,0,0,T103181,12.5,A56,S
8884,0,3,"Anderson, Mr. Robert",male,11.6,0,1,T234405,10.6,,S
8885,1,3,"Smith, Mrs. Alice",female,31.6,0,1,T698824,17.26,,S
8886,1,1,"Davis, Mrs. Alice",female,36.6,0,0,T966446,100.14,,Q
8887,1,3,"Wilson, Mrs. Alice",female,27.8,1,1,T953819,5.61,,S
8888,0,1,"Johnson, Master. James",male,35.2,0,0,T410181,293.05,,S
8889,0,3,"Taylor, Master. Edward",male,28.4,1,0,T206219,14.29,,S
8890,1,2,"Jones, Mr. John",male,0.5,1,0,T757411,21.49,C126,C
8891,0,3,"Thomas, Mr. Richard",male,10.7,2,1,T815032,7.02,,S
8892,0,3,"Thomas, Master. Thomas",male,43.8,0,4,T803608,3.72,,Q
8893,1,1,"Taylor, Miss. Clara",female,26.2,0,0,T483263,80.76,F138,S
8894,1,3,"Wilson, Mrs. Florence",female,,0,0,T996902,20.42,,C
8895,0,2,"Wilson, Mr. Thomas",male,29.6,1,0,T261296,25.46,,S
8896,0,2,"Thomas, Mr. Robert",male,17.7,0,0,T683234,18.87,,S
8897,0,3,"Thomas, Mr. Thomas",male,22.9,1,0,T530480,12.27,,C
8898,1,1,"Smith, Mrs. Alice",female,34.5,0,0,T766164,139.86,,C
8899,1,1,"Davis, Mrs. Mary",female,,0,1,T496846,83.81,,S
8900,0,3,"Miller, Mr. Robert",male,,0,0,T34054,10.6,,C
8901,0,3,"Thomas, Mr. Charles",male,22.8,0,2,T339012,20.87,,S
8902,1,1,"Wilson, Mr. William",male,53.9,1,2,T526884,97.44,,S
8903,0,3,"Miller, Mr. James",male,17.2,0,0,T404047,33.22,,C
8904,0,3,"Davis, Mr. William",male,36.8,0,0,T627759,17.94,,S
8905,1,3,"Thomas, Miss. Mary",female,32.3,0,0,T357327,11.88,G96,C
8906,0,3,"Williams, Mr. William",male,27.9,1,0,T718008,6.39,C45,
8907,0,3,"Brown, Mrs. Mary",female,29.6,1,0,T579810,19.46,,S
8908,0,3,"Williams, Mr. George",male,20.7,1,1,T541501,9.52,,Q
8909,1,2,"Davis, Mrs. Lily",female,42.8,1,0,T794121,28.39,,S
8910,0,1,"Williams, Mrs. Alice",female,,0,4,T747041,126.06,,S
8911,0,3,"Johnson, Mr. William",male,34.3,0,0,T502643,9.69,,S
8912,0,3,"Thomas, Miss. Annie",female,40.7,0,0,T648838,6.47,,S
8913,0,3,"Wilson, Mr. William",male,49.8,0,0,T701352,15.34,,Q
8914,1,1,"Smith, Master. George",male,,0,2,T513267,163.64,,S
8915,1,3,"Smith, Mr. John",male,38.0,0,0,T728543,10.2,,S
8916,0,3,"Johnson, Mr. William",male,20.5,0,0,T411241,5.9,,S
8917,0,3,"Taylor, Mr. Charles",male,18.3,0,0,T216924,8.39,G33,S
8918,0,3,"Taylor, Mrs. Annie",female,,0,5,T978799,3.85,C23,S
8919,0,3,"Wilson, Mr. Henry",male,11.8,5,0,T664146,7.73,,S
8920,1,1,"Jones, Mr. John",male,29.7,0,0,T680838,55.12,,C
8921,1,3,"Anderson, Miss. Alice",female,19.2,0,0,T978945,19.31,,S
8922,1,3,"Jones, Mrs. Florence",female,47.1,0,1,T696820,11.34,,C
8923,1,1,"Anderson, Mr. John",male,21.3,1,1,T480034,167.3,,C
8924,1,2,"Wilson, Mr. Thomas",male,31.1,0,0,T745309,10.74,,S
8925,1,3,"Thomas, Mr. John",male,25.9,0,0,T627183,9.07,E37,S
8926,0,3,"Miller, Master. John",male,9.3,0,1,T527169,22.17,,S
8927,1,2,"Brown, Miss. Beatrice",female,45.5,1,0,T660903,29.16,,S
8928,1,1,"Taylor, Mr. John",male,39.8,1,1,T725836,120.77,,C
8929,1,1,"Davis, Mr. Thomas",male,41.5,0,0,T44127,55.78,,S
8930,0,2,"Williams, Miss. Clara",female,38.3,0,0,T477300,23.79,,S
8931,0,3,"Jones, Mr. Richard",male,18.7,0,0,T436055,11.92,,S
8932,0,3,"Taylor, Mr. Robert",male,19.0,0,0,T75339,16.42,,S
8933,1,3,"Williams, Miss. Dorothy",female,36.3,0,0,T49260,25.08,,S
8934,1,3,"Johnson, Miss. Annie",female,52.1,0,0,T519362,11.54,,S
8935,0,1,"Smith, Mr. Richard",male,35.3,1,0,T732353,71.31,,S
8936,1,1,"Davis, Miss. Emma",female,43.9,1,1,T979784,57.23,,S
8937,1,2,"Thomas, Mr. Thomas",male,,0,0,T984020,12.46,,S
8938,1,1,"Moore, Mrs. Emma",female,,0,0,T301725,113.12,,C
8939,1,1,"Anderson, Mrs. Lily",female,23.6,0,0,T966951,88.85,,S
8940,1,3,"Wilson, Mr. Richard",male,,0,0,T503822,6.72,,C
8941,0,3,"Miller, Master. Richard",male,,0,0,T350745,14.1,,Q
8942,0,3,"Wilson, Mr. Thomas",male,42.6,1,0,T551380,7.13,,C
8943,0,3,"Taylor, Miss. Clara",female,42.8,1,0,T151868,10.52,,S
8944,1,3,"Jones, Miss. Beatrice",female,8.3,0,0,T186309,16.47,,C
8945,0,3,"Taylor, Mr. Edward",male,48.9,1,0,T318971,11.16,G95,S
8946,1,2,"Johnson, Mrs. Annie",female,64.2,0,0,T905601,24.59,,S
8947,0,3,"Thomas, Mrs. Florence",female,24.5,0,0,T863258,10.74,,Q
8948,1,1,"Miller, Miss. Annie",female,27.9,0,0,T395248,67.43,,Q
8949,1,1,"Moore, Mrs. Annie",female,47.7,0,0,T519020,148.55,B13,S
8950,0,2,"Williams, Master. William",male,30.7,1,0,T702033,24.4,,S
8951,0,3,"Brown, Mr. Edward",male,29.6,0,0,T965116,9.22,,C
8952,1,3,"Thomas, Miss. Clara",female,57.2,1,0,T109240,13.07,D2,S
8953,0,3,"Moore, Miss. Emma",female,10.1,0,0,T954438,14.04,,S
8954,0,3,"Davis, Master. George",male,18.3,0,0,T655167,6.59,,S
8955,0,3,"Johnson, Mr. Charles",male,35.8,1,0,T562948,10.37,B87,S
8956,1,3,"Taylor, Mrs. Annie",female,6.2,0,0,T769599,25.97,,S
8957,0,3,"Johnson, Mrs. Alice",female,,3,0,T635832,7.76,,S
8958,0,3,"Anderson, Mr. Thomas",male,24.2,0,0,T823527,11.43,,S
8959,0,2,"Davis, Mr. James",male,43.6,0,1,T724297,15.07,D122,S
8960,1,2,"Wilson, Mrs. Alice",female,39.7,1,0,T562358,50.93,E42,S
8961,0,3,"Davis, Miss. Dorothy",female,5.3,4,0,T970724,12.25,E31,C
8962,1,1,"Smith, Mrs. Beatrice",female,19.6,0,0,T919895,57.28,F105,S
8963,0,3,"Jones, Mrs. Lily",female,19.7,1,0,T319641,15.35,A41,S
8964,0,3,"Taylor, Mr. George",male,,4,0,T768068,11.66,,S
8965,1,3,"Johnson, Mrs. Florence",female,13.8,0,1,T504700,10.94,,S
8966,0,2,"Brown, Mrs. Lily",female,,0,0,T616794,22.46,,S
8967,0,3,"Williams, Mr. Thomas",male,19.6,1,1,T221771,7.38,,Q
8968,0,3,"Jones, Mrs. Annie",female,38.2,2,0,T366852,8.45,,C
8969,1,3,"Taylor, Mrs. Mary",female,,1,0,T599901,7.0,F114,Q
8970,1,3,"Miller, Mrs. Dorothy",female,15.6,0,0,T23892,12.02,,S
8971,0,3,"Thomas, Master. Robert",male,49.8,0,3,T289039,16.67,,S
8972,0,3,"Jones, Mr. Robert",male,50.3,2,2,T483137,12.32,E129,S
8973,1,2,"Williams, Mr. Henry",male,33.9,0,1,T177023,14.04,,S
8974,1,3,"Miller, Mr. William",male,26.2,0,0,T70184,13.24,,S
8975,0,2,"Smith, Master. James",male,14.4,0,0,T585001,32.19,,S
8976,1,2,"Davis, Mr. George",male,45.2,0,2,T446773,32.31,,S
8977,0,1,"Johnson, Mr. Charles",male,41.6,0,0,T355643,90.05,B146,C
8978,1,3,"Taylor, Mrs. Edith",female,17.9,0,1,T170556,8.45,,S
8979,0,2,"Smith, Mr. Richard",male,19.7,0,0,T47729,24.89,,S
8980,0,2,"Miller, Master. Robert",male,36.3,0,0,T860909,16.62,,S
8981,0,3,"Wilson, Mr. Thomas",male,12.7,4,0,T221472,7.49,,S
8982,0,3,"Williams, Mr. William",male,20.6,0,0,T44163,18.73,,S
8983,1,1,"Wilson, Mrs. Edith",female,14.6,1,2,T380163,169.36,,C
8984,0,3,"Wilson, Mr. Charles",male,,1,0,T979780,6.08,,S
8985,0,3,"Smith, Mr. Henry",male,19.3,1,1,T574899,12.68,,S
8986,1,1,"Miller, Mr. Henry",male,42.8,0,0,T207344,152.68,,Q
8987,0,3,"Smith, Mr. Thomas",male,4.3,0,0,T699758,6.91,,S
8988,0,3,"Wilson, Mr. Robert",male,36.0,0,0,T416545,8.37,,S
8989,0,3,"Anderson, Mr. William",male,33.4,1,0,T845851,10.67,B112,S
8990,0,3,"Brown, Mr. Henry",male,43.7,1,0,T330965,12.25,,S
8991,0,3,"Anderson, Mr. Richard",male,33.4,0,0,T815258,15.55,,S
8992,1,1,"Davis, Miss. Dorothy",female,24.2,0,0,T407566,144.26,,S
8993,0,3,"Anderson, Mr. William",male,17.9,0,0,T478761,13.95,G133,C
8994,0,1,"Johnson, Mr. William",male,,0,0,T837560,45.02,,S
8995,1,3,"Anderson, Mr. William",male,36.9,2,1,T790167,9.5,D70,S
8996,0,1,"Miller, Miss. Annie",female,22.5,0,0,T121455,151.86,G62,C
8997,0,3,"Davis, Mr. Robert",male,,0,0,T933094,13.85,,C
8998,0,2,"Smith, Mr. Charles",male,23.2,0,0,T195974,28.3,,S
8999,0,3,"Wilson, Miss. Beatrice",female,29.7,0,0,T272512,17.6,B98,S
9000,0,2,"Jones, Mr. Richard",male,20.9,0,4,T708500,37.31,,S
9001,0,3,"Johnson, Mr. William",male,37.4,0,0,T85741,9.44,,S
9002,0,3,"Anderson, Master. Richard",male,15.3,0,0,T417747,16.61,,C
9003,1,3,"Johnson, Mrs. Clara",female,25.4,0,0,T590772,8.15,,C
9004,0,1,"Miller, Mr. Edward",male,20.2,1,0,T392203,39.15,E88,S
9005,0,1,"Miller, Mr. Richard",male,33.5,2,0,T928917,130.17,,S
9006,1,3,"Davis, Miss. Emma",female,35.3,0,1,T742181,13.15,B24,Q
9007,0,3,"Taylor, Mr. George",male,13.7,0,0,T777577,5.59,,C
9008,0,1,"Anderson, Mr. James",male,35.6,0,0,T213292,250.87,,Q
9009,0,1,"Jones, Mr. John",male,8.3,0,0,T891564,284.56,,S
9010,0,1,"Wilson, Mr. John",male,61.5,0,2,T867028,188.18,G102,Q
9011,0,3,"Davis, Mr. James",male,22.3,1,1,T816636,12.9,,S
9012,1,2,"Jones, Miss. Annie",female,,0,0,T259602,53.88,,S
9013,0,3,"Smith, Mr. Henry",male,32.6,0,1,T356663,23.63,,S
9014,1,1,"Moore, Mr. John",male,33.2,2,0,T701405,90.21,,S
9015,0,1,"Taylor, Mr. Richard",male,12.8,0,0,T439102,101.68,,S
9016,0,2,"Anderson, Mr. George",male,41.9,0,0,T669327,27.39,,C
9017,0,3,"Wilson, Mr. Robert",male,30.4,0,0,T101495,12.45,,S
9018,0,3,"Miller, Mr. James",male,36.5,0,0,T724620,4.86,,S
9019,0,1,"Jones, Mr. Edward",male,28.4,2,0,T48587,54.02,,S
9020,0,3,"Wilson, Mr. George",male,31.6,1,0,T103607,6.77,,S
9021,0,2,"Davis, Mrs. Florence",female,16.8,0,0,T990716,22.44,,S
9022,0,3,"Davis, Mr. Edward",male,27.5,0,0,T30310,4.3,,S
9023,0,3,"Thomas, Mr. George",male,,0,0,T799914,10.22,,S
9024,1,1,"Johnson, Mr. Henry",male,19.5,0,2,T322804,97.46,,S
9025,0,3,"Thomas, Master. Thomas",male,31.7,0,0,T671183,14.74,,S
9026,0,3,"Thomas, Mr. James",male,35.0,0,2,T386332,12.37,,S
9027,0,2,"Anderson, Mrs. Emma",female,33.3,0,0,T758011,23.81,,S
9028,0,3,"Wilson, Mr. James",male,28.2,0,0,T478565,28.91,,C
9029,0,2,"Moore, Mr. Robert",male,,0,6,T205837,24.49,E54,S
9030,1,3,"Davis, Mrs. Mary",female,33.2,0,1,T30981,21.17,,S
9031,0,2,"Anderson, Mr. Richard",male,31.1,0,0,T984602,11.89,,S
9032,0,3,"Davis, Miss. Edith",female,,4,0,T589790,16.08,,S
9033,0,1,"Moore, Mrs. Clara",female,46.9,1,2,T126572,66.88,,S
9034,0,1,"Johnson, Miss. Clara",female,,0,0,T403550,117.79,,S
9035,1,2,"Moore, Miss. Florence",female,25.1,0,1,T297000,34.01,,S
9036,1,1,"Wilson, Mrs. Lily",female,34.6,0,0,T932708,29.75,,S
9037,0,3,"Anderson, Mr. Charles",male,,0,0,T167098,19.75,,S
9038,0,1,"Wilson, Mr. William",male,49.7,0,0,T792390,61.4,,Q
9039,0,3,"Thomas, Mr. John",male,33.4,1,0,T805208,8.46,D88,S
9040,0,2,"Williams, Mr. John",male,43.6,0,0,T675048,24.34,,S
9041,0,3,"Jones, Mrs. Dorothy",female,45.9,0,0,T420864,11.13,,C
9042,0,3,"Davis, Mr. Charles",male,35.7,0,0,T987947,6.37,D5,S
9043,1,3,"Wilson, Mrs. Lily",female,,0,2,T350822,8.18,,C
9044,0,3,"Taylor, Mrs. Florence",female,31.8,0,0,T175276,11.8,,S
9045,1,3,"Moore, Mrs. Dorothy",female,,1,0,T884077,5.14,,S
9046,0,3,"Moore, Mr. Robert",male,13.9,5,2,T310376,9.35,D18,S
9047,1,2,"Miller, Miss. Edith",female,,0,1,T790755,28.36,A146,S
9048,0,3,"Davis, Mr. William",male,36.4,0,0,T833714,16.23,D22,S
9049,0,3,"Jones, Mrs. Dorothy",female,11.6,0,0,T707728,10.0,,S
9050,1,1,"Smith, Mr. James",male,59.6,0,0,T105405,127.22,E64,Q
9051,0,3,"Thomas, Miss. Beatrice",female,,0,2,T664694,9.14,G18,S
9052,0,1,"Taylor, Mr. James",male,49.3,0,0,T390951,50.35,,C
9053,0,3,"Thomas, Mr. John",male,30.2,0,0,T268780,9.84,,S
9054,0,3,"Wilson, Mr. Henry",male,40.6,0,0,T714914,8.96,,S
9055,0,3,"Williams, Miss. Clara",female,30.5,0,0,T499490,8.12,,Q
9056,0,3,"Wilson, Miss. Clara",female,,0,0,T178608,10.37,,Q
9057,0,3,"Moore, Mr. Richard",male,0.5,0,0,T827204,12.22,,S
9058,0,3,"Anderson, Master. James",male,42.6,1,0,T833399,10.43,,S
9059,0,3,"Williams, Mr. Robert",male,39.4,0,0,T716902,17.4,,S
9060,0,2,"Anderson, Master. James",male,27.5,0,0,T512454,25.11,,S
9061,0,2,"Jones, Mr. Edward",male,23.8,4,0,T702275,23.46,,Q
9062,0,3,"Wilson, Mr. Robert",male,25.4,0,0,T514176,14.44,,S
9063,0,2,"Brown, Mrs. Lily",female,,4,0,T759286,36.36,A85,Q
9064,0,2,"Williams, Mr. James",male,47.3,0,0,T104818,34.6,,S
9065,0,3,"Williams, Mrs. Mary",female,22.0,0,0,T822251,6.2,,Q
9066,0,3,"Miller, Mr. William",male,,1,0,T829823,4.68,,C
9067,0,3,"Wilson, Mr. Henry",male,,2,0,T662644,21.83,,C
9068,0,2,"Williams, Master. Edward",male,39.4,0,0,T565432,47.41,,C
9069,0,2,"Brown, Mr. Charles",male,24.0,1,0,T891218,41.19,,Q
9070,1,3,"Brown, Mr. William",male,46.9,0,0,T299195,14.7,,C
9071,0,1,"Jones, Mr. Robert",male,43.2,1,4,T637441,70.87,D73,C
9072,0,2,"Davis, Mr. Charles",male,36.8,0,4,T691227,16.32,B144,Q
9073,0,1,"Taylor, Mr. Robert",male,,1,1,T812426,141.55,,S
9074,0,1,"Davis, Mr. Richard",male,39.4,0,0,T570378,114.99,,C
9075,0,2,"Brown, Mr. James",male,45.5,1,0,T920329,17.87,,S
9076,0,1,"Wilson, Mr. George",male,4.8,0,0,T512215,183.1,A113,S
9077,0,2,"Jones, Mr. Thomas",male,33.0,0,2,T953905,48.15,,C
9078,0,3,"Johnson, Mr. John",male,34.0,3,0,T292613,12.68,,S
9079,0,1,"Miller, Master. George",male,33.6,0,0,T70357,158.85,,S
9080,0,2,"Miller, Mr. Robert",male,30.4,0,0,T559294,17.44,,C
9081,0,3,"Wilson, Mrs. Annie",female,,0,0,T598993,26.26,,S
9082,1,3,"Moore, Mrs. Edith",female,,0,0,T828196,11.71,,S
9083,0,2,"Taylor, Mr. James",male,29.7,0,1,T622426,24.17,,S
9084,0,3,"Thomas, Mr. Richard",male,34.3,0,1,T749360,9.31,,C
9085,0,2,"Taylor, Master. James",male,,1,0,T482588,18.74,,S
9086,0,1,"Moore, Mr. William",male,9.6,0,0,T979514,279.78,F87,S
9087,0,3,"Moore, Mr. Robert",male,32.8,0,0,T131038,5.93,D90,Q
9088,0,3,"Taylor, Master. Richard",male,,0,2,T111131,22.41,A66,S
9089,1,3,"Taylor, Mrs. Edith",female,24.4,0,1,T117030,13.71,,S
9090,1,3,"Smith, Mrs. Florence",female,27.8,0,0,T212577,7.76,,Q
9091,1,3,"Brown, Mrs. Beatrice",female,0.5,1,0,T13819,11.05,,S
9092,0,1,"Taylor, Mr. William",male,47.2,0,2,T211213,165.43,,Q
9093,0,1,"Thomas, Mr. Charles",male,,0,2,T759528,102.39,C137,C
9094,1,3,"Johnson, Mr. George",male,10.3,1,0,T632718,11.06,,C
9095,0,3,"Thomas, Mr. William",male,19.9,0,0,T336364,14.06,C130,Q
9096,1,1,"Brown, Miss. Edith",female,50.7,8,0,T246603,30.51,,S
9097,0,3,"Taylor, Mr. George",male,13.0,0,0,T990080,19.81,,S
9098,1,1,"Anderson, Mr. Thomas",male,36.6,0,0,T631587,118.66,,C
9099,0,3,"Johnson, Mr. Thomas",male,22.6,0,0,T590405,22.73,E12,S
9100,0,3,"Taylor, Mr. George",male,35.6,0,0,T622818,2.62,C98,S
9101,0,3,"Brown, Master. George",male,30.4,1,0,T808821,7.43,,S
9102,0,1,"Brown, Master. Thomas",male,25.6,1,0,T486387,143.57,D56,C
9103,0,2,"Moore, Master. George",male,35.3,0,0,T643711,42.03,C126,S
9104,1,3,"Davis, Mrs. Alice",female,22.6,0,0,T625373,12.12,G38,S
9105,1,1,"Brown, Mr. Henry",male,3.8,2,0,T171697,228.68,,C
9106,0,1,"Williams, Mr. James",male,16.2,1,0,T884281,37.11,,C
9107,0,3,"Moore, Mr. Henry",male,14.5,0,0,T249914,11.87,C50,C
9108,1,3,"Thomas, Miss. Emma",female,6.4,0,0,T89581,18.15,A67,S
9109,1,1,"Miller, Mr. Robert",male,,2,1,T145732,68.44,,S
9110,0,3,"Jones, Mrs. Lily",female,27.2,1,0,T324121,12.13,,S
9111,0,3,"Thomas, Mr. Charles",male,34.8,0,0,T598655,8.58,,S
9112,0,1,"Smith, Master. Charles",male,37.3,0,0,T890363,170.01,,S
9113,0,3,"Anderson, Mr. John",male,40.7,0,1,T191703,11.04,,S
9114,1,1,"Davis, Mrs. Florence",female,35.6,0,0,T275725,127.0,,C
9115,0,1,"Johnson, Mr. Edward",male,15.5,0,0,T729850,110.73,,S
9116,0,1,"Brown, Mr. Richard",male,38.1,1,0,T482533,62.65,,S
9117,0,2,"Jones, Master. William",male,32.9,1,2,T563751,25.97,,S
9118,0,3,"Williams, Mr. John",male,61.5,0,0,T535381,4.89,,S
9119,1,2,"Thomas, Master. Charles",male,,1,2,T884372,36.78,,Q
9120,0,3,"Smith, Miss. Lily",female,35.3,0,0,T531693,10.35,,C
9121,1,2,"Davis, Mrs. Lily",female,28.3,1,2,T650925,27.82,,S
9122,1,1,"Moore, Miss. Dorothy",female,,0,0,T851346,190.06,,S
9123,0,3,"Wilson, Mr. William",male,29.4,0,0,T608647,7.09,,S
9124,0,3,"Moore, Mr. George",male,23.4,0,0,T177499,9.46,,C
9125,0,3,"Smith, Mr. Richard",male,32.3,0,1,T197673,12.03,,S
9126,0,3,"Jones, Mr. William",male,38.7,0,2,T419249,8.46,,C
9127,1,2,"Davis, Miss. Emma",female,23.6,0,1,T925049,20.04,,S
9128,0,3,"Davis, Mr. Richard",male,,0,1,T393688,9.6,,S
9129,1,1,"Miller, Mrs. Clara",female,40.1,0,0,T277463,47.9,,S
9130,1,3,"Moore, Miss. Florence",female,16.9,0,0,T500773,11.88,,S
9131,0,3,"Taylor, Mr. James",male,15.7,0,1,T57022,10.73,F6,S
9132,0,1,"Miller, Mr. Edward",male,36.2,1,0,T50122,89.26,,C
9133,1,2,"Williams, Mr. John",male,,0,0,T471000,22.4,,S
9134,0,3,"Miller, Mr. William",male,14.5,0,0,T21365,6.82,,C
9135,0,3,"Wilson, Mr. Thomas",male,54.6,1,1,T476775,7.55,,S
9136,1,1,"Jones, Miss. Florence",female,15.7,0,0,T358363,170.79,,S
9137,0,3,"Thomas, Mr. Henry",male,7.6,1,1,T563547,14.5,,Q
9138,0,3,"Taylor, Miss. Mary",female,,0,0,T773188,13.62,,S
9139,1,1,"Miller, Mrs. Annie",female,33.1,1,2,T536381,33.3,,C
9140,0,1,"Wilson, Miss. Emma",female,30.8,0,0,T559009,39.38,B143,S
9141,0,3,"Johnson, Mrs. Florence",female,,0,0,T841760,15.08,E70,Q
9142,0,1,"Miller, Mr. George",male,18.6,0,1,T447159,125.13,,S
9143,1,1,"Taylor, Mrs. Annie",female,33.1,1,0,T407988,163.75,B145,S
9144,0,3,"Thomas, Mr. Edward",male,46.1,1,0,T938286,9.02,,S
9145,0,3,"Brown, Mr. Richard",male,,0,0,T967192,11.87,,C
9146,1,3,"Smith, Mr. George",male,39.9,2,0,T214390,18.63,,S
9147,0,2,"Moore, Mr. John",male,3.1,2,0,T908558,19.88,,C
9148,1,3,"Anderson, Mrs. Florence",female,55.2,0,0,T649199,13.67,,S
9149,0,3,"Williams, Mr. George",male,44.1,0,0,T824052,9.21,,S
9150,0,2,"Davis, Mr. Charles",male,19.8,0,0,T560196,15.59,,C
9151,0,3,"Miller, Mr. Charles",male,41.7,2,0,T396217,7.54,,S
9152,0,3,"Anderson, Mr. Charles",male,48.7,0,0,T878835,7.22,A95,C
9153,0,3,"Moore, Mr. Henry",male,11.0,2,0,T570898,5.29,,C
9154,0,3,"Brown, Mr. Thomas",male,21.0,0,0,T530919,14.01,,S
9155,1,1,"Brown, Mrs. Mary",female,49.2,5,0,T197939,183.35,,S
9156,1,3,"Anderson, Master. James",male,,0,0,T305257,6.0,B12,S
9157,1,3,"Thomas, Mr. Henry",male,36.0,0,0,T529379,6.49,,S
9158,0,3,"Thomas, Mr. Richard",male,30.7,0,0,T785501,25.36,,Q
9159,0,3,"Miller, Mr. John",male,42.6,1,0,T319178,8.73,G103,C
9160,1,1,"Johnson, Mrs. Lily",female,37.1,0,0,T873071,128.06,C33,S
9161,0,1,"Smith, Mr. John",male,31.2,0,0,T887447,54.21,G104,S
9162,0,1,"Taylor, Mr. John",male,0.5,1,0,T948420,82.98,,S
9163,1,3,"Anderson, Mr. Robert",male,39.0,0,0,T537396,13.37,,C
9164,1,1,"Wilson, Miss. Dorothy",female,40.3,0,0,T418573,229.84,,C
9165,0,3,"Smith, Mr. James",male,11.7,1,0,T571380,12.18,,S
9166,0,2,"Davis, Master. Edward",male,12.7,2,0,T940890,29.45,B85,S
9167,0,3,"Wilson, Mr. Edward",male,37.2,0,0,T946517,10.47,,S
9168,1,1,"Brown, Mrs. Clara",female,32.5,1,0,T607668,74.18,D83,S
9169,0,3,"Jones, Miss. Emma",female,1.1,0,2,T169135,7.73,,S
9170,0,3,"Wilson, Mr. Henry",male,,0,0,T408752,5.04,,S
9171,0,3,"Smith, Mrs. Beatrice",female,34.3,1,0,T971965,7.38,,S
9172,1,3,"Brown, Mr. Edward",male,,0,0,T604256,8.33,,S
9173,1,1,"Brown, Mr. Thomas",male,21.2,0,0,T11852,73.21,,C
9174,0,1,"Brown, Mr. Robert",male,27.6,0,2,T864965,64.93,,S
9175,1,3,"Brown, Miss. Annie",female,16.9,0,0,T381169,4.57,,Q
9176,0,3,"Anderson, Mr. George",male,48.9,0,0,T765426,7.32,B92,S
9177,0,1,"Johnson, Miss. Edith",female,32.2,1,0,T221365,184.3,,S
9178,0,3,"Anderson, Mr. Robert",male,20.0,0,0,T647873,21.87,,S
9179,1,2,"Thomas, Miss. Dorothy",female,12.9,0,1,T979621,20.44,C79,Q
9180,0,2,"Moore, Master. James",male,11.3,2,0,T400334,33.73,,S
9181,0,1,"Smith, Mr. Robert",male,,0,0,T705531,478.79,D87,S
9182,0,3,"Thomas, Master. James",male,,1,1,T69365,8.05,,C
9183,0,1,"Davis, Mr. George",male,23.9,2,0,T331217,78.65,,C
9184,0,2,"Jones, Mr. Richard",male,26.6,5,0,T984777,30.43,,S
9185,0,2,"Davis, Mr. William",male,20.6,0,0,T642287,22.07,,
9186,1,1,"Taylor, Miss. Alice",female,28.1,0,0,T248193,90.77,,C
9187,0,3,"Brown, Mr. Thomas",male,30.2,1,0,T512806,17.02,,S
9188,0,1,"Williams, Mr. Edward",male,29.9,0,0,T469404,87.97,,S
9189,0,2,"Moore, Mr. William",male,11.4,0,0,T975374,38.57,,C
9190,0,3,"Jones, Mr. Thomas",male,42.6,0,0,T714795,7.39,F76,S
9191,0,2,"Williams, Mr. George",male,21.7,0,0,T521119,44.86,,C
9192,1,2,"Anderson, Mrs. Edith",female,,0,0,T813771,18.51,,S
9193,0,3,"Brown, Mr. Robert",male,,0,0,T140572,17.34,,C
9194,0,3,"Williams, Mrs. Mary",female,14.4,0,0,T163464,9.07,,S
9195,0,3,"Moore, Mr. James",male,33.6,0,0,T893070,8.99,,S
9196,0,1,"Brown, Mrs. Beatrice",female,42.7,0,0,T71936,74.39,,S
9197,0,3,"Johnson, Mr. Robert",male,19.2,0,0,T559015,11.9,,S
9198,0,3,"Miller, Mr. Robert",male,3.0,0,0,T27219,4.7,,S
9199,0,3,"Williams, Mr. William",male,14.8,0,0,T98549,20.07,A93,C
9200,0,1,"Thomas, Miss. Dorothy",female,23.2,0,0,T886639,70.53,,S
9201,0,1,"Brown, Master. Charles",male,11.8,0,0,T361917,268.33,,S
9202,0,3,"Thomas, Master. William",male,21.0,0,0,T525378,13.19,,C
9203,0,3,"Jones, Mr. Charles",male,21.7,0,0,T122428,17.38,,S
9204,1,3,"Miller, Mrs. Alice",female,29.5,0,0,T478505,15.27,,S
9205,0,1,"Jones, Mr. Charles",male,8.6,0,0,T93370,102.44,,S
9206,1,1,"Williams, Mr. James",male,38.1,0,0,T926558,57.95,,Q
9207,0,3,"Moore, Miss. Emma",female,53.8,1,0,T591711,2.79,,S
9208,0,3,"Thomas, Miss. Florence",female,,0,1,T755472,11.44,,S
9209,1,1,"Miller, Miss. Lily",female,,0,0,T262955,74.2,A143,S
9210,1,1,"Moore, Mrs. Beatrice",female,39.4,3,0,T731744,120.0,,S
9211,0,2,"Jones, Mr. Henry",male,37.7,2,2,T791839,30.91,,C
9212,0,3,"Wilson, Mr. William",male,,0,0,T969710,8.2,,S
9213,0,3,"Brown, Miss. Clara",female,32.3,1,0,T596683,8.86,C83,S
9214,1,3,"Thomas, Miss. Florence",female,39.6,0,0,T546420,18.31,,S
9215,0,3,"Anderson, Miss. Lily",female,42.5,0,0,T583839,13.55,,S
9216,0,1,"Miller, Mrs. Lily",female,17.9,1,0,T79229,113.93,,Q
9217,0,3,"Brown, Mr. Thomas",male,,0,0,T935379,7.33,,S
9218,0,3,"Thomas, Mr. Richard",male,53.9,1,0,T283450,10.88,,S
9219,0,3,"Miller, Mr. Charles",male,,1,0,T787239,9.72,,S
9220,1,3,"Davis, Miss. Lily",female,52.0,0,2,T811562,7.47,,Q
9221,0,2,"Smith, Mr. James",male,0.5,0,0,T911794,17.99,,S
9222,1,3,"Wilson, Mrs. Lily",female,38.3,0,0,T358786,12.94,,S
9223,0,3,"Moore, Mr. Edward",male,,0,0,T652849,5.54,,S
9224,0,3,"Moore, Master. William",male,44.6,0,0,T980808,8.99,,C
9225,1,2,"Brown, Mr. George",male,13.4,0,1,T346468,20.95,,S
9226,0,3,"Moore, Mrs. Annie",female,22.4,0,1,T828348,7.72,G5,S
9227,0,3,"Davis, Mr. John",male,42.8,0,0,T440348,14.88,,S
9228,0,1,"Taylor, Mrs. Alice",female,,1,1,T631256,111.27,,S
9229,1,1,"Smith, Mr. William",male,33.2,0,0,T739798,190.66,,S
9230,0,3,"Thomas, Mr. Edward",male,29.5,1,0,T861831,16.19,,S
9231,0,2,"Johnson, Mr. William",male,26.9,0,0,T359483,20.14,,S
9232,1,1,"Smith, Mrs. Florence",female,38.0,1,1,T710956,60.03,,S
9233,0,3,"Anderson, Mr. John",male,13.5,0,0,T365478,6.31,,S
9234,1,3,"Davis, Mrs. Clara",female,18.4,0,0,T140548,11.28,,S
9235,0,3,"Miller, Mr. Henry",male,27.7,0,0,T894719,17.32,,S
9236,1,1,"Brown, Master. John",male,12.3,0,0,T991591,184.34,,S
9237,0,3,"Taylor, Mr. Robert",male,47.5,0,0,T951999,24.67,,Q
9238,0,1,"Taylor, Mr. Richard",male,18.1,0,0,T447437,100.14,,S
9239,0,2,"Taylor, Master. Robert",male,41.1,0,0,T407188,18.52,,C
9240,0,2,"Jones, Mr. John",male,17.0,1,0,T725543,25.38,,S
9241,0,3,"Johnson, Miss. Lily",female,39.9,0,0,T884324,14.1,,S
9242,0,2,"Brown, Mr. Robert",male,,3,0,T737019,21.5,,S
9243,0,1,"Moore, Mr. James",male,50.1,1,0,T115948,61.73,,C
9244,0,2,"Anderson, Mr. Thomas",male,46.2,0,0,T986636,17.43,C146,S
9245,0,3,"Davis, Mr. James",male,21.7,0,0,T102320,12.19,,C
9246,0,3,"Brown, Mr. Robert",male,17.7,1,1,T731673,9.08,,S
9247,1,3,"Miller, Miss. Emma",female,36.3,0,0,T548750,9.83,,C
9248,1,1,"Brown, Mrs. Emma",female,7.6,0,0,T203044,78.86,,S
9249,0,1,"Miller, Miss. Florence",female,30.2,0,0,T492193,249.51,,S
9250,1,1,"Smith, Mr. William",male,18.0,0,0,T837677,56.75,,S
9251,0,3,"Wilson, Master. William",male,26.0,0,2,T501107,19.63,,Q
9252,0,1,"Johnson, Mr. Edward",male,20.4,0,1,T188848,99.98,,S
9253,0,1,"Johnson, Mr. Thomas",male,,1,0,T577987,61.38,,S
9254,0,3,"Jones, Mr. George",male,54.4,2,0,T199836,14.86,,S
9255,0,2,"Moore, Master. Henry",male,41.0,3,0,T933140,11.62,A143,S
9256,1,1,"Miller, Mrs. Beatrice",female,8.2,1,0,T920257,27.94,F70,C
9257,0,2,"Johnson, Mrs. Emma",female,17.0,1,4,T347541,53.58,,S
9258,0,2,"Brown, Mr. William",male,42.1,0,0,T42723,56.05,,S
9259,0,3,"Thomas, Mrs. Mary",female,43.7,0,0,T511924,11.23,,S
9260,0,3,"Jones, Miss. Florence",female,9.6,0,0,T85083,10.19,,S
9261,1,1,"Davis, Mr. John",male,39.8,0,1,T885787,169.62,,S
9262,1,2,"Wilson, Mrs. Beatrice",female,33.5,1,0,T752713,44.26,,S
9263,0,3,"Brown, Mr. Richard",male,1.5,0,1,T252617,10.17,,S
9264,0,3,"Wilson, Miss. Emma",female,23.9,1,2,T876060,13.18,F48,C
9265,0,2,"Williams, Master. George",male,,0,0,T971284,17.53,,S
9266,0,3,"Anderson, Mr. Charles",male,30.4,1,0,T441571,9.23,,C
9267,0,1,"Davis, Mr. Richard",male,10.6,2,0,T786285,153.31,E37,C
9268,1,3,"Johnson, Mrs. Mary",female,18.6,1,0,T122528,29.34,,S
9269,1,3,"Johnson, Mr. Edward",male,20.7,0,0,T744164,7.99,,C
9270,0,3,"Johnson, Mr. Richard",male,,0,0,T849235,11.03,B8,S
9271,0,3,"Williams, Mr. Edward",male,22.2,1,0,T680549,24.83,,C
9272,0,1,"Johnson, Mr. Richard",male,27.8,1,0,T49302,77.76,E91,S
9273,1,3,"Williams, Mrs. Florence",female,,0,0,T11699,9.86,B142,S
9274,0,3,"Moore, Mrs. Florence",female,55.4,3,0,T691818,11.53,,S
9275,1,3,"Jones, Mrs. Mary",female,42.3,0,0,T773725,14.68,,S
9276,1,1,"Smith, Miss. Dorothy",female,48.8,0,0,T386782,81.65,,S
9277,0,3,"Thomas, Miss. Florence",female,22.7,0,0,T96866,9.73,,S
9278,1,3,"Anderson, Mrs. Alice",female,15.1,0,0,T469901,14.46,E126,C
9279,1,1,"Thomas, Miss. Lily",female,41.3,0,0,T698240,71.45,,S
9280,0,1,"Williams, Mr. William",male,29.5,0,0,T416929,114.79,,S
9281,0,2,"Anderson, Mr. Thomas",male,40.3,0,0,T735728,12.52,,S
9282,0,3,"Wilson, Mrs. Edith",female,16.9,3,4,T116696,15.05,,S
9283,0,3,"Williams, Mrs. Dorothy",female,39.1,0,1,T732511,8.96,,S
9284,1,3,"Anderson, Mrs. Florence",female,27.2,0,0,T144716,6.43,,S
9285,1,2,"Smith, Mr. Henry",male,23.0,0,3,T68323,26.81,E138,S
9286,0,3,"Davis, Mrs. Beatrice",female,24.4,2,0,T879206,11.17,C94,S
9287,0,3,"Williams, Miss. Beatrice",female,,0,0,T387381,12.22,,C
9288,0,2,"Williams, Mr. John",male,40.9,0,0,T506368,33.38,,S
9289,0,1,"Wilson, Mr. James",male,24.4,0,1,T602493,85.37,,S
9290,0,2,"Thomas, Mr. Richard",male,34.7,0,0,T509761,22.35,,S
9291,0,3,"Taylor, Miss. Beatrice",female,34.6,0,3,T93124,17.83,,S
9292,1,2,"Brown, Mrs. Edith",female,40.4,1,0,T257282,37.04,,S
9293,1,2,"Moore, Mrs. Beatrice",female,44.0,0,0,T124168,36.21,,S
9294,0,1,"Miller, Mr. Charles",male,56.0,0,0,T123021,62.59,,Q
9295,0,3,"Brown, Miss. Annie",female,23.0,0,0,T364763,10.77,,S
9296,0,2,"Johnson, Mr. Charles",male,,1,0,T312446,39.78,,S
9297,0,2,"Smith, Mr. Richard",male,,0,0,T448586,23.3,,S
9298,0,2,"Williams, Mr. William",male,13.8,0,0,T444998,16.69,,Q
9299,1,2,"Wilson, Miss. Alice",female,20.3,0,0,T823461,29.89,,C
9300,0,2,"Miller, Mr. Thomas",male,36.5,0,0,T394420,47.72,,Q
9301,0,3,"Miller, Mr. William",male,40.2,0,0,T513375,6.26,,S
9302,0,3,"Johnson, Mr. Edward",male,15.0,1,0,T213415,10.58,,C
9303,0,3,"Miller, Mr. Robert",male,18.6,1,2,T355751,11.94,,S
9304,1,3,"Brown, Miss. Alice",female,,0,1,T333081,7.85,B10,S
9305,1,1,"Johnson, Mr. Henry",male,17.2,4,0,T655597,59.06,,Q
9306,0,3,"Williams, Mr. George",male,2.4,0,0,T255324,6.74,,C
9307,0,1,"Thomas, Miss. Clara",female,,0,0,T145817,178.98,,S
9308,1,1,"Wilson, Mr. Charles",male,24.2,0,0,T661321,104.77,G134,S
9309,0,3,"Johnson, Miss. Mary",female,33.4,0,0,T471273,10.86,,S
9310,0,3,"Moore, Mr. Robert",male,39.2,0,0,T179220,9.32,E144,S
9311,0,3,"Wilson, Mrs. Lily",female,,0,0,T558528,12.62,,S
9312,0,3,"Thomas, Mr. William",male,10.2,0,0,T914831,9.54,,S
9313,0,3,"Anderson, Miss. Mary",female,22.0,0,0,T67490,5.23,F69,S
9314,1,3,"Johnson, Mrs. Alice",female,29.7,0,1,T885443,14.2,,S
9315,0,3,"Brown, Mr. Thomas",male,44.3,1,0,T503136,19.7,,S
9316,0,3,"Miller, Mr. Robert",male,,0,1,T196304,14.74,,S
9317,1,1,"Thomas, Mr. George",male,24.4,0,1,T40067,100.61,,S
9318,1,1,"Anderson, Mr. William",male,34.9,1,0,T244079,46.25,,S
9319,1,3,"Jones, Master. James",male,17.5,1,2,T924547,5.77,F124,Q
9320,0,2,"Anderson, Mrs. Annie",female,30.8,0,0,T821430,10.98,,S
9321,0,1,"Anderson, Mr. George",male,28.8,0,0,T836490,217.93,A139,S
9322,1,2,"Jones, Master. Richard",male,,2,0,T416373,19.32,,S
9323,0,2,"Jones, Mr. Henry",male,36.9,1,0,T366350,22.77,B114,S
9324,0,3,"Brown, Mr. William",male,18.5,5,0,T30480,6.01,B3,S
9325,0,3,"Thomas, Mr. Thomas",male,18.7,1,0,T828890,10.36,,S
9326,1,3,"Williams, Miss. Clara",female,,0,0,T811104,31.45,F73,S
9327,1,3,"Miller, Miss. Dorothy",female,7.0,0,0,T524709,7.69,B38,C
9328,0,3,"Miller, Mr. George",male,26.4,0,0,T406237,8.62,,C
9329,0,3,"Smith, Mr. Robert",male,,0,0,T997243,6.65,,C
9330,1,3,"Johnson, Mr. Edward",male,36.5,1,1,T939558,18.75,,Q
9331,1,2,"Moore, Miss. Mary",female,,0,0,T156129,19.67,,C
9332,1,1,"Smith, Mrs. Mary",female,31.1,0,0,T464034,166.09,B69,S
9333,1,1,"Anderson, Mrs. Emma",female,6.1,1,0,T622890,90.01,,S
9334,0,3,"Johnson, Mr. Charles",male,12.0,0,0,T299553,15.74,,S
9335,0,3,"Anderson, Mrs. Florence",female,20.9,0,0,T563653,16.92,,S
9336,0,3,"Thomas, Mr. Edward",male,39.2,0,0,T283552,5.63,,S
9337,0,3,"Wilson, Mr. John",male,,2,0,T296134,5.14,,S
9338,1,1,"Taylor, Miss. Annie",female,,0,0,T636521,81.62,,Q
9339,0,1,"Smith, Mr. William",male,63.9,1,1,T740781,129.97,,S
9340,1,3,"Brown, Mr. Robert",male,52.3,0,0,T838385,2.96,,S
9341,0,1,"Smith, Mr. Edward",male,,0,1,T170719,64.75,,C
9342,0,3,"Wilson, Mr. Richard",male,39.9,0,0,T230724,34.33,,S
9343,0,3,"Anderson, Mr. William",male,36.3,1,2,T465760,6.82,,S
9344,0,3,"Wilson, Mr. George",male,35.3,0,0,T990361,13.56,,S
9345,0,2,"Miller, Mr. Richard",male,3.5,1,0,T958317,47.33,C109,S
9346,0,3,"Jones, Mrs. Dorothy",female,14.5,0,0,T99245,6.45,,S
9347,0,3,"Smith, Mr. John",male,,0,2,T481577,11.14,,S
9348,0,3,"Williams, Mrs. Clara",female,,1,0,T904918,7.72,F49,S
9349,0,3,"Johnson, Mr. William",male,,1,6,T829220,4.87,,S
9350,0,3,"Smith, Mr. Thomas",male,33.6,0,0,T760903,5.77,,S
9351,1,1,"Miller, Mr. John",male,,0,0,T333847,69.86,,C
9352,0,3,"Taylor, Mr. William",male,37.0,0,0,T518572,10.45,,C
9353,1,3,"Anderson, Miss. Beatrice",female,30.6,0,0,T112559,9.56,G71,S
9354,0,1,"Williams, Mr. James",male,27.0,0,1,T719055,67.98,A53,S
9355,1,2,"Johnson, Miss. Alice",female,43.1,4,0,T871143,23.4,,C
9356,1,1,"Thomas, Miss. Emma",female,,0,0,T408763,106.79,,Q
9357,0,3,"Moore, Mr. George",male,26.3,0,0,T360146,5.16,,S
9358,0,2,"Wilson, Mr. Robert",male,33.8,1,0,T15943,26.6,,S
9359,0,1,"Taylor, Mr. George",male,17.3,0,1,T402948,94.17,,S
9360,0,3,"Moore, Mr. Charles",male,0.7,2,0,T779376,10.86,,Q
9361,0,3,"Williams, Mr. Edward",male,13.0,2,0,T509267,5.73,,S
9362,1,2,"Williams, Miss. Florence",female,28.8,1,0,T671130,18.74,C135,S
9363,0,2,"Davis, Master. Thomas",male,26.1,0,0,T204139,31.38,,S
9364,1,2,"Thomas, Miss. Clara",female,29.4,0,0,T702900,31.72,,C
9365,0,3,"Wilson, Miss. Emma",female,20.1,0,0,T685463,17.69,,S
9366,0,2,"Davis, Master. William",male,10.7,0,1,T94409,11.38,,S
9367,0,3,"Wilson, Mr. John",male,31.7,4,0,T524689,8.49,B112,S
9368,0,3,"Jones, Miss. Emma",female,27.3,0,0,T83733,26.51,D35,S
9369,0,3,"Moore, Mr. William",male,38.9,0,0,T458159,4.72,,S
9370,0,2,"Johnson, Mr. Robert",male,,0,0,T428147,30.45,,S
9371,0,3,"Johnson, Mr. William",male,0.5,0,0,T141474,11.25,,S
9372,1,3,"Smith, Miss. Dorothy",female,0.5,0,0,T571128,12.73,,S
9373,1,1,"Brown, Miss. Alice",female,23.9,1,0,T120436,26.92,C108,S
9374,1,1,"Wilson, Mr. Richard",male,31.6,1,0,T364705,131.07,,Q
9375,0,3,"Jones, Mr. Charles",male,26.3,0,0,T476786,18.27,B60,S
9376,1,3,"Moore, Mrs. Lily",female,21.5,0,0,T691560,18.82,B24,Q
9377,1,1,"Johnson, Mrs. Edith",female,6.6,1,0,T12983,180.23,C36,C
9378,0,3,"Taylor, Mr. James",male,2.3,3,0,T878411,68.69,,S
9379,1,3,"Smith, Mrs. Alice",female,35.0,0,0,T902901,9.21,,C
9380,0,3,"Wilson, Mr. Richard",male,26.4,0,0,T180151,14.7,,Q
9381,0,1,"Smith, Mr. James",male,24.4,1,1,T698080,105.63,F57,Q
9382,1,3,"Wilson, Mr. Thomas",male,7.3,0,0,T346449,10.29,,S
9383,1,1,"Thomas, Mr. George",male,15.7,1,0,T953765,114.07,,S
9384,0,3,"Wilson, Mrs. Mary",female,30.4,1,1,T983860,10.02,F136,S
9385,0,3,"Thomas, Mr. James",male,33.8,2,1,T306813,4.24,,
9386,1,2,"Johnson, Mr. Robert",male,27.3,0,0,T748336,18.91,,S
9387,0,3,"Taylor, Miss. Beatrice",female,49.7,0,0,T338979,3.23,,S
9388,1,1,"Smith, Mrs. Lily",female,21.4,0,0,T891656,31.59,,S
9389,0,3,"Jones, Mr. Richard",male,48.4,1,1,T899995,22.1,,C
9390,0,1,"Anderson, Mr. Henry",male,32.8,1,0,T342848,71.55,,C
9391,0,3,"Brown, Mrs. Edith",female,31.3,1,0,T716209,7.78,G50,S
9392,1,1,"Williams, Miss. Edith",female,43.2,0,0,T338546,122.79,,Q
9393,0,3,"Jones, Mrs. Florence",female,20.7,0,0,T380022,7.91,A82,Q
9394,0,3,"Smith, Master. Robert",male,24.9,0,0,T191172,8.86,,S
9395,0,3,"Johnson, Mr. Charles",male,12.0,0,0,T496459,19.61,,S
9396,0,1,"Jones, Mrs. Mary",female,43.3,1,0,T550737,225.45,,S
9397,0,3,"Miller, Mrs. Annie",female,34.6,0,0,T175147,11.61,,S
9398,0,1,"Jones, Mr. Robert",male,45.6,0,0,T997602,174.37,,S
9399,0,3,"Moore, Mr. Thomas",male,32.7,1,2,T961991,13.27,,C
9400,0,3,"Moore, Miss. Emma",female,45.7,0,0,T746691,9.21,,S
9401,0,3,"Johnson, Mr. Edward",male,18.9,1,2,T413466,6.88,F69,S
9402,0,3,"Davis, Mr. George",male,44.0,1,2,T296890,8.71,,S
9403,0,1,"Miller, Mr. Thomas",male,23.9,0,0,T674315,62.71,,S
9404,0,3,"Taylor, Mr. William",male,29.7,0,0,T419775,23.29,,S
9405,1,2,"Davis, Mr. William",male,40.3,0,0,T683465,23.25,C41,S
9406,0,3,"Johnson, Master. John",male,63.5,0,0,T78280,15.76,,S
9407,0,3,"Taylor, Mr. Thomas",male,,1,1,T914845,10.42,,S
9408,0,3,"Moore, Mrs. Annie",female,43.0,0,0,T477941,8.73,,S
9409,1,3,"Wilson, Miss. Edith",female,21.8,1,0,T28263,11.02,A35,S
9410,0,2,"Brown, Mrs. Edith",female,32.0,4,0,T210697,21.31,,S
9411,0,3,"Smith, Miss. Mary",female,,0,1,T193477,16.76,,C
9412,1,2,"Miller, Miss. Clara",female,50.1,0,0,T448913,16.61,,C
9413,0,3,"Thomas, Mr. Henry",male,27.6,0,2,T414521,14.93,E23,C
9414,1,3,"Anderson, Mr. William",male,,2,0,T950791,10.82,,C
9415,0,1,"Thomas, Mr. Richard",male,10.8,0,0,T957846,385.03,A124,S
9416,0,2,"Moore, Mr. John",male,50.0,1,0,T143363,40.47,,S
9417,0,1,"Taylor, Mr. William",male,17.2,2,2,T479605,25.83,D62,S
9418,1,3,"Johnson, Mrs. Florence",female,42.1,0,0,T373144,12.03,F123,S
9419,0,1,"Taylor, Mr. George",male,17.2,0,0,T894768,67.26,,S
9420,0,3,"Moore, Mr. Robert",male,38.7,0,0,T369258,14.88,,S
9421,0,3,"Smith, Miss. Lily",female,15.7,2,0,T356488,8.33,,S
9422,0,1,"Anderson, Mr. James",male,,0,1,T597513,57.45,,S
9423,0,3,"Moore, Mrs. Edith",female,42.0,0,0,T905299,14.97,,Q
9424,0,3,"Taylor, Mr. Richard",male,,0,0,T714959,30.03,,Q
9425,0,1,"Williams, Mr. Henry",male,38.1,1,0,T463472,78.83,,S
9426,0,3,"Anderson, Mrs. Beatrice",female,43.4,0,0,T119758,3.59,,Q
9427,0,2,"Anderson, Mr. Thomas",male,16.3,2,0,T585879,35.47,,S
9428,1,1,"Johnson, Mr. William",male,14.7,2,0,T428618,149.91,,S
9429,0,3,"Taylor, Mr. John",male,14.2,0,0,T282743,9.82,,S
9430,1,2,"Williams, Miss. Clara",female,,2,0,T973720,18.4,,C
9431,0,3,"Jones, Mr. Robert",male,14.1,0,0,T464795,12.12,F55,S
9432,1,3,"Davis, Miss. Clara",female,,0,0,T998217,7.01,,S
9433,0,3,"Brown, Mrs. Florence",female,37.8,1,0,T385600,13.49,C38,C
9434,0,2,"Johnson, Mr. Charles",male,5.1,0,0,T130107,20.61,E1,Q
9435,0,2,"Davis, Mrs. Alice",female,22.3,5,0,T958874,21.64,C135,S
9436,1,2,"Jones, Mrs. Lily",female,12.9,1,0,T150943,32.23,,S
9437,0,3,"Johnson, Mr. Charles",male,,0,1,T899409,11.44,,C
9438,0,3,"Davis, Mrs. Dorothy",female,23.2,2,0,T766846,8.91,,S
9439,1,2,"Moore, Mrs. Clara",female,,0,1,T558005,57.9,,S
9440,0,1,"Williams, Mr. Charles",male,32.2,0,0,T905658,126.67,D26,S
9441,0,3,"Miller, Mrs. Beatrice",female,38.5,0,2,T310388,9.01,,S
9442,0,1,"Anderson, Mr. George",male,15.9,0,1,T169853,57.15,G84,C
9443,0,3,"Anderson, Mr. Charles",male,25.9,0,2,T984191,5.07,,S
9444,1,3,"Davis, Mrs. Mary",female,16.6,0,0,T298962,15.15,,C
9445,0,3,"Moore, Mr. George",male,47.7,0,0,T525426,8.76,,S
9446,1,2,"Brown, Mrs. Beatrice",female,,0,1,T209662,30.25,,S
9447,0,3,"Johnson, Mr. George",male,,1,0,T561496,17.08,,S
9448,0,1,"Thomas, Mr. Thomas",male,29.0,0,0,T559872,104.34,,C
9449,1,3,"Thomas, Mrs. Dorothy",female,26.7,0,2,T664522,10.62,G58,S
9450,0,2,"Smith, Mrs. Alice",female,39.7,0,0,T492019,9.61,,Q
9451,0,3,"Wilson, Mrs. Edith",female,47.3,1,0,T725142,9.09,,S
9452,0,3,"Jones, Mrs. Mary",female,47.4,0,0,T314628,7.62,,S
9453,1,1,"Smith, Mr. Edward",male,,0,1,T860040,78.41,,C
9454,0,3,"Smith, Miss. Annie",female,34.1,0,1,T522409,17.98,,C
9455,1,3,"Williams, Mr. Thomas",male,51.3,0,5,T48347,9.09,,S
9456,1,1,"Johnson, Mr. James",male,51.8,0,0,T209119,123.28,,Q
9457,0,1,"Brown, Mr. Thomas",male,17.0,0,0,T110254,125.44,G15,Q
9458,0,3,"Davis, Mrs. Florence",female,,0,0,T532432,9.29,,S
9459,0,3,"Williams, Mr. Charles",male,35.8,3,0,T29895,12.16,,Q
9460,0,3,"Anderson, Mr. Robert",male,43.1,0,0,T495438,10.44,A7,S
9461,0,3,"Anderson, Mr. James",male,,0,0,T881833,12.04,,C
9462,0,3,"Jones, Mr. Edward",male,,4,1,T771145,5.93,,S
9463,1,3,"Miller, Mrs. Alice",female,19.7,0,1,T798506,8.01,,S
9464,1,3,"Taylor, Mr. Henry",male,,0,0,T730196,10.81,,C
9465,0,2,"Williams, Master. Edward",male,31.8,1,0,T519989,43.74,,S
9466,0,3,"Williams, Mr. George",male,,0,0,T787262,19.81,,S
9467,0,1,"Williams, Mr. William",male,5.5,0,0,T249088,354.87,,S
9468,0,2,"Williams, Mr. Richard",male,39.3,0,0,T785407,26.87,,Q
9469,0,3,"Anderson, Mr. George",male,41.9,0,0,T118410,8.13,,S
9470,0,2,"Miller, Mr. Charles",male,10.1,0,0,T423402,14.56,G30,S
9471,0,1,"Davis, Mr. William",male,45.6,0,1,T712996,58.46,E39,S
9472,0,1,"Taylor, Miss. Emma",female,26.8,0,0,T305502,120.11,,S
9473,1,3,"Brown, Mrs. Edith",female,14.9,0,0,T316163,15.08,,S
9474,0,3,"Smith, Mr. Robert",male,21.6,1,0,T231690,6.53,,C
9475,0,3,"Davis, Mr. William",male,12.0,0,0,T860315,38.71,,S
9476,0,3,"Anderson, Mrs. Mary",female,20.8,0,0,T664460,13.67,,S
9477,1,2,"Smith, Mr. Edward",male,2.6,3,0,T861274,27.51,,S
9478,0,2,"Davis, Mr. James",male,28.6,0,0,T480808,14.29,,Q
9479,0,1,"Brown, Mr. Thomas",male,38.2,0,0,T947667,172.7,,S
9480,1,2,"Williams, Miss. Emma",female,,2,0,T303228,12.19,B142,S
9481,1,2,"Anderson, Miss. Mary",female,29.9,0,3,T553317,27.35,,S
9482,0,1,"Jones, Mr. William",male,18.0,1,0,T777097,108.14,G6,S
9483,1,1,"Jones, Mr. George",male,39.4,1,0,T941498,87.07,,S
9484,0,3,"Smith, Mr. Edward",male,,1,1,T376258,7.62,,S
9485,0,3,"Brown, Mr. Robert",male,,4,0,T374506,14.34,,S
9486,0,3,"Thomas, Mr. William",male,,0,0,T794472,8.41,,S
9487,1,3,"Johnson, Mrs. Florence",female,26.7,0,0,T179495,5.18,,
9488,1,1,"Taylor, Mr. William",male,19.4,0,0,T890648,113.54,,C
9489,1,3,"Thomas, Mr. Richard",male,24.5,1,0,T677497,7.36,,S
9490,1,1,"Brown, Mr. James",male,7.5,0,0,T490021,84.11,,S
9491,0,3,"Johnson, Mr. George",male,53.8,1,0,T453162,10.95,,S
9492,1,3,"Anderson, Mrs. Annie",female,11.0,1,0,T896076,22.28,,S
9493,0,3,"Johnson, Mr. George",male,12.2,0,0,T269927,8.8,,S
9494,0,3,"Anderson, Mr. Robert",male,55.7,0,1,T973392,6.38,,S
9495,0,3,"Johnson, Mr. Edward",male,34.4,0,0,T231325,7.02,,S
9496,0,3,"Thomas, Mr. Henry",male,11.5,0,0,T154111,8.4,,S
9497,0,2,"Thomas, Mrs. Lily",female,,0,0,T156524,21.93,,S
9498,0,3,"Miller, Mr. William",male,26.3,0,1,T831267,11.28,D72,S
9499,1,1,"Moore, Mr. James",male,5.2,0,0,T199280,292.6,B133,S
9500,0,3,"Johnson, Mr. Charles",male,18.7,0,4,T785340,17.0,,Q
9501,1,2,"Williams, Mrs. Annie",female,,0,0,T99766,21.56,,S
9502,0,1,"Williams, Master. William",male,48.1,0,0,T490595,36.89,,Q
9503,1,3,"Johnson, Miss. Alice",female,27.0,0,0,T430592,12.77,,S
9504,0,1,"Smith, Mr. Thomas",male,28.1,0,1,T68192,60.86,,S
9505,1,3,"Moore, Mrs. Emma",female,17.9,1,0,T752557,10.74,E52,S
9506,1,2,"Williams, Mr. Edward",male,45.6,0,0,T760028,22.46,,S
9507,0,3,"Johnson, Mr. Henry",male,42.8,0,0,T401637,11.88,,S
9508,1,3,"Johnson, Mrs. Beatrice",female,41.1,3,0,T421583,10.49,F88,C
9509,0,3,"Miller, Mr. Robert",male,31.3,1,0,T480629,19.51,C12,S
9510,1,2,"Taylor, Mr. James",male,6.5,2,0,T14965,22.26,,S
9511,0,1,"Jones, Mr. William",male,45.5,0,3,T137048,24.03,,S
9512,0,3,"Miller, Mr. William",male,,0,0,T47211,15.99,,C
9513,1,1,"Jones, Mr. John",male,25.2,0,0,T379686,172.41,,S
9514,0,2,"Smith, Mr. William",male,,1,0,T418470,44.22,,S
9515,0,3,"Williams, Mr. Thomas",male,33.0,2,0,T35887,12.57,,Q
9516,0,3,"Thomas, Master. John",male,,0,0,T235616,8.88,,C
9517,1,1,"Johnson, Miss. Beatrice",female,,0,0,T851511,29.99,,Q
9518,0,1,"Miller, Mr. James",male,2.1,0,1,T36277,49.39,,S
9519,0,1,"Moore, Mr. James",male,30.9,0,0,T463693,22.57,C19,C
9520,1,3,"Johnson, Mrs. Emma",female,49.0,0,0,T502074,10.95,,S
9521,1,1,"Smith, Miss. Lily",female,3.7,2,0,T53995,185.65,F133,S
9522,0,3,"Johnson, Mr. Robert",male,31.6,0,0,T195940,15.75,,S
9523,1,1,"Johnson, Mr. William",male,39.4,0,1,T174405,118.3,,S
9524,1,1,"Smith, Mrs. Annie",female,41.5,0,0,T133372,116.74,,S
9525,0,3,"Miller, Mr. Edward",male,18.9,1,1,T976184,14.97,,S
9526,1,1,"Brown, Master. William",male,13.7,0,0,T926019,208.58,,Q
9527,0,3,"Johnson, Mr. Robert",male,,0,0,T443846,42.31,,
9528,0,3,"Davis, Mrs. Dorothy",female,47.0,0,0,T713325,6.02,G41,S
9529,1,1,"Williams, Mr. Thomas",male,4.9,0,0,T580796,136.68,,C
9530,1,3,"Miller, Miss. Beatrice",female,,0,0,T883426,14.35,,C
9531,0,2,"Anderson, Miss. Clara",female,23.0,1,4,T325821,15.53,,S
9532,0,1,"Miller, Mr. Thomas",male,15.6,0,0,T801473,58.23,,C
9533,1,1,"Smith, Mrs. Alice",female,29.1,1,1,T74946,42.8,,S
9534,0,3,"Anderson, Mr. Richard",male,50.2,0,0,T30694,13.39,A44,C
9535,0,1,"Wilson, Mr. John",male,12.2,1,1,T370773,500.43,,C
9536,1,3,"Wilson, Mrs. Mary",female,27.6,0,0,T316066,25.34,F134,S
9537,1,3,"Anderson, Mr. Charles",male,29.6,0,3,T552787,6.61,A84,S
9538,1,1,"Williams, Mr. Charles",male,24.8,0,0,T197952,37.2,,C
9539,0,3,"Thomas, Mr. James",male,6.8,0,0,T809766,8.15,,C
9540,0,3,"Davis, Mr. Henry",male,20.5,0,0,T522900,6.98,A13,S
9541,0,3,"Taylor, Mr. Edward",male,,2,0,T513231,15.29,,S
9542,0,3,"Taylor, Mr. Thomas",male,38.9,0,0,T606256,17.69,,S
9543,1,3,"Taylor, Mr. James",male,35.8,0,0,T672091,6.82,,S
9544,0,1,"Williams, Mr. Thomas",male,7.2,0,0,T148467,142.47,,Q
9545,0,3,"Brown, Mr. George",male,24.1,4,0,T747850,8.66,,S
9546,0,3,"Moore, Mr. Edward",male,22.4,0,0,T910659,5.82,,S
9547,0,3,"Anderson, Master. Henry",male,58.0,0,0,T348524,7.02,,Q
9548,0,3,"Anderson, Mr. James",male,,8,3,T987101,21.29,D57,S
9549,0,3,"Williams, Mr. Richard",male,14.1,1,1,T383254,9.39,A18,S
9550,1,3,"Anderson, Miss. Mary",female,18.4,2,0,T890170,19.89,,C
9551,1,3,"Smith, Master. William",male,24.2,0,0,T524607,8.03,,C
9552,0,2,"Anderson, Mr. William",male,35.0,1,0,T556421,23.39,,S
9553,0,3,"Wilson, Miss. Clara",female,36.7,1,0,T856761,13.37,,S
9554,0,2,"Taylor, Mr. Edward",male,32.6,0,0,T386569,32.36,,S
9555,0,2,"Johnson, Mr. Robert",male,26.7,0,0,T31437,29.07,,S
9556,1,2,"Thomas, Mr. Thomas",male,27.7,0,0,T939555,28.27,A21,S
9557,0,1,"Brown, Mr. Thomas",male,,0,0,T731134,64.2,F114,S
9558,0,2,"Miller, Mr. Thomas",male,3.8,0,1,T349405,41.93,C84,C
9559,1,3,"Miller, Mrs. Dorothy",female,28.8,0,0,T143110,36.89,F129,S
9560,0,2,"Williams, Mr. Richard",male,,1,2,T638008,53.79,,S
9561,0,3,"Moore, Mr. George",male,5.7,0,0,T231864,11.72,,C
9562,0,1,"Jones, Miss. Emma",female,64.8,1,0,T20070,77.37,,S
9563,0,2,"Davis, Mr. John",male,,0,0,T328950,43.25,,Q
9564,1,1,"Brown, Mr. James",male,29.9,0,1,T191991,62.26,,S
9565,0,1,"Brown, Mr. Richard",male,24.3,0,0,T733844,50.98,C79,C
9566,0,3,"Davis, Mr. Robert",male,40.3,0,2,T783792,18.41,C65,S
9567,0,3,"Williams, Mrs. Emma",female,12.8,3,0,T225471,13.85,F6,S
9568,0,1,"Davis, Mr. Robert",male,,0,0,T537358,82.58,E85,S
9569,0,3,"Anderson, Miss. Alice",female,15.9,1,0,T231099,4.09,,S
9570,0,3,"Jones, Mr. Thomas",male,40.2,0,0,T377049,13.8,,C
9571,1,1,"Wilson, Miss. Alice",female,17.7,0,0,T998937,39.32,,C
9572,0,1,"Taylor, Mr. Richard",male,45.7,0,0,T11468,48.43,,S
9573,1,3,"Miller, Mrs. Beatrice",female,28.3,1,0,T443418,27.84,,S
9574,1,1,"Thomas, Mr. Robert",male,40.9,0,0,T646217,68.15,,S
9575,0,3,"Smith, Mrs. Alice",female,35.5,0,0,T617922,5.97,,S
9576,0,3,"Taylor, Mr. William",male,45.1,0,0,T410124,10.49,,S
9577,0,3,"Wilson, Miss. Emma",female,,1,2,T794098,13.58,,S
9578,0,2,"Jones, Mr. Richard",male,42.8,0,0,T237470,65.99,,S
9579,0,3,"Smith, Mr. Charles",male,2.7,0,0,T558826,13.7,B22,S
9580,0,1,"Thomas, Mr. William",male,30.3,1,0,T506111,286.79,,S
9581,0,3,"Thomas, Mr. Charles",male,,0,0,T819324,10.51,,S
9582,0,3,"Miller, Mr. Robert",male,,1,0,T342348,5.65,C23,S
9583,1,1,"Davis, Mrs. Alice",female,,0,0,T866716,217.54,E117,S
9584,0,3,"Wilson, Master. Edward",male,20.4,0,0,T636988,12.68,,S
9585,1,1,"Jones, Mr. Charles",male,,0,2,T393766,82.11,,S
9586,0,1,"Miller, Mr. Richard",male,,0,0,T975903,175.07,,C
9587,0,3,"Brown, Master. George",male,30.9,0,0,T655112,8.86,F106,S
9588,0,3,"Jones, Mrs. Florence",female,17.7,0,1,T399879,15.33,B112,S
9589,0,3,"Johnson, Mr. James",male,22.8,1,2,T97945,12.03,,C
9590,1,1,"Anderson, Mr. Thomas",male,25.5,1,0,T974469,64.55,,C
9591,1,3,"Moore, Mr. George",male,32.3,1,0,T670063,16.5,,S
9592,0,1,"Anderson, Mr. George",male,,1,1,T879420,106.19,,S
9593,0,3,"Anderson, Master. Edward",male,42.1,0,0,T317330,11.42,,C
9594,0,3,"Williams, Mr. Edward",male,33.1,0,0,T23417,20.53,,S
9595,1,3,"Davis, Mr. George",male,35.9,2,0,T895156,10.7,,S
9596,0,3,"Jones, Mr. Robert",male,34.2,1,0,T876567,9.69,,S
9597,0,3,"Davis, Mr. Thomas",male,25.1,0,1,T355088,8.36,,C
9598,0,3,"Smith, Mr. George",male,42.8,0,0,T191714,4.56,F76,S
9599,0,3,"Taylor, Mr. Charles",male,16.4,0,0,T427351,6.42,E119,Q
9600,0,3,"Moore, Mrs. Beatrice",female,,0,0,T906982,10.99,,C
9601,0,3,"Davis, Mrs. Annie",female,14.6,1,0,T554704,8.37,,S
9602,1,3,"Jones, Mrs. Annie",female,,2,1,T362285,16.57,,S
9603,1,3,"Jones, Mrs. Dorothy",female,25.4,2,0,T244091,8.38,,S
9604,0,1,"Miller, Mr. James",male,,0,0,T791763,144.04,B61,C
9605,0,1,"Davis, Mr. Charles",male,25.7,1,0,T538766,62.12,,S
9606,0,3,"Brown, Mr. George",male,,0,1,T264932,11.64,,C
9607,0,3,"Jones, Mr. John",male,30.7,4,2,T920203,9.1,D32,Q
9608,1,3,"Taylor, Miss. Florence",female,28.7,3,0,T956260,3.87,,S
9609,1,2,"Davis, Mr. Richard",male,38.6,1,0,T450228,27.26,,S
9610,1,2,"Anderson, Mr. James",male,22.9,0,0,T363875,43.77,E65,S
9611,0,3,"Williams, Mr. Edward",male,,1,0,T671531,7.27,,C
9612,0,3,"Wilson, Mr. Thomas",male,27.2,0,1,T641384,13.88,,Q
9613,1,1,"Thomas, Mr. George",male,28.1,0,0,T444784,83.28,,S
9614,0,3,"Williams, Mr. Robert",male,17.8,0,0,T383942,5.24,,S
9615,1,3,"Brown, Mrs. Alice",female,26.6,1,0,T708685,10.07,D64,S
9616,0,2,"Wilson, Mr. Thomas",male,21.9,0,0,T839454,22.18,,S
9617,0,2,"Taylor, Mr. John",male,46.1,1,0,T317296,20.92,,Q
9618,1,1,"Brown, Mr. George",male,5.3,2,0,T968335,160.2,,C
9619,1,1,"Wilson, Mr. Thomas",male,42.6,0,0,T151967,262.45,,S
9620,0,3,"Davis, Mr. John",male,4.4,0,2,T193210,6.13,,Q
9621,0,1,"Williams, Mr. Robert",male,37.5,0,0,T378494,91.3,,Q
9622,0,1,"Anderson, Mr. Henry",male,17.6,0,0,T850575,62.39,,S
9623,0,3,"Davis, Mr. Robert",male,37.9,0,0,T840041,7.73,,Q
9624,0,3,"Jones, Mr. Richard",male,27.9,1,0,T563308,12.13,B128,S
9625,0,3,"Taylor, Mr. Edward",male,,0,0,T114340,11.38,A50,S
9626,1,1,"Davis, Mrs. Clara",female,49.4,0,0,T297582,181.89,D61,S
9627,0,3,"Thomas, Master. James",male,,0,2,T183562,26.23,G11,S
9628,0,3,"Anderson, Mr. Charles",male,37.0,0,0,T765295,16.0,C148,C
9629,0,3,"Johnson, Miss. Mary",female,20.4,0,0,T194903,11.65,B126,S
9630,0,3,"Jones, Mr. James",male,41.5,0,0,T988182,9.97,E30,S
9631,0,3,"Miller, Mr. Edward",male,11.1,0,0,T849814,4.9,,S
9632,0,3,"Moore, Mr. Thomas",male,0.5,0,0,T790084,18.76,,S
9633,0,3,"Moore, Mrs. Mary",female,,0,0,T554441,12.76,,S
9634,1,1,"Johnson, Miss. Mary",female,16.3,0,0,T918406,237.67,,C
9635,0,2,"Brown, Mr. Edward",male,,1,0,T516075,24.44,,S
9636,1,1,"Moore, Mrs. Edith",female,23.4,0,0,T742393,34.64,C122,S
9637,0,1,"Williams, Mr. Henry",male,24.0,4,0,T504994,86.58,,S
9638,1,1,"Thomas, Mrs. Emma",female,,4,2,T574762,66.9,C123,C
9639,0,3,"Thomas, Mr. Henry",male,0.5,0,0,T726947,19.91,,S
9640,1,1,"Brown, Miss. Clara",female,32.5,0,0,T142963,31.12,,S
9641,1,3,"Johnson, Mr. James",male,25.9,0,0,T357294,5.88,,C
9642,0,3,"Wilson, Master. George",male,,0,0,T725988,10.44,,C
9643,0,1,"Williams, Mr. John",male,50.0,1,2,T833272,50.14,G49,S
9644,1,3,"Moore, Mrs. Florence",female,,3,0,T116849,6.91,,S
9645,0,1,"Johnson, Miss. Alice",female,30.5,0,1,T23114,58.76,,S
9646,1,3,"Wilson, Mr. Henry",male,41.2,0,0,T42670,4.71,G145,S
9647,0,3,"Wilson, Miss. Florence",female,8.1,2,0,T489984,13.38,,S
9648,0,1,"Jones, Mr. John",male,29.4,0,0,T492633,134.4,G138,Q
9649,1,3,"Davis, Miss. Beatrice",female,41.2,0,1,T515143,7.39,,S
9650,0,3,"Johnson, Mr. Richard",male,,0,1,T930260,15.67,,C
9651,0,1,"Williams, Mr. Robert",male,10.8,0,3,T171955,48.92,,S
9652,0,3,"Wilson, Master. James",male,22.7,1,2,T71341,3.3,,S
9653,0,3,"Moore, Mr. James",male,32.4,0,0,T225574,6.32,G134,S
9654,1,1,"Williams, Mrs. Annie",female,0.5,0,0,T188214,106.72,C5,S
9655,1,3,"Thomas, Mrs. Alice",female,10.1,0,0,T636248,3.39,,S
9656,0,1,"Williams, Miss. Lily",female,58.3,0,0,T725347,126.45,,S
9657,0,3,"Wilson, Mr. Henry",male,36.7,0,0,T615026,3.79,,S
9658,1,1,"Williams, Miss. Clara",female,51.2,0,0,T101461,132.45,G59,S
9659,0,3,"Taylor, Mr. Thomas",male,42.3,0,0,T556687,9.79,,C
9660,1,3,"Jones, Mrs. Alice",female,35.4,0,2,T586373,13.7,,S
9661,1,1,"Jones, Mr. Edward",male,25.2,3,2,T692148,125.6,C135,S
9662,1,2,"Jones, Mr. James",male,,1,0,T579964,23.36,C119,S
9663,1,1,"Brown, Mrs. Alice",female,50.7,2,0,T677756,97.31,,S
9664,1,3,"Moore, Mrs. Dorothy",female,41.7,1,0,T590801,13.09,C36,S
9665,1,1,"Jones, Mr. Richard",male,,1,0,T301386,178.16,,C
9666,0,3,"Miller, Mr. Henry",male,27.2,1,0,T301665,12.74,,C
9667,0,3,"Taylor, Mr. Robert",male,,0,0,T223261,9.03,B99,S
9668,1,3,"Brown, Master. Henry",male,22.0,0,0,T511842,17.36,E14,S
9669,1,1,"Taylor, Mrs. Beatrice",female,36.9,1,0,T234050,142.81,,S
9670,0,2,"Davis, Mrs. Emma",female,19.6,0,1,T465020,14.73,E10,S
9671,0,3,"Taylor, Mr. Edward",male,24.6,0,0,T251289,8.67,,C
9672,0,3,"Brown, Mr. Thomas",male,,0,0,T401415,7.14,,S
9673,0,3,"Williams, Mrs. Beatrice",female,23.3,1,0,T308672,20.27,,S
9674,0,3,"Davis, Mr. Robert",male,19.8,1,1,T982468,16.89,,S
9675,0,2,"Moore, Mr. George",male,54.2,1,2,T178500,20.5,G31,S
9676,1,3,"Brown, Mrs. Florence",female,,0,0,T10095,12.13,,C
9677,0,1,"Taylor, Mrs. Annie",female,,0,0,T786280,99.26,,S
9678,0,3,"Brown, Mr. Robert",male,,1,0,T212413,7.54,C148,S
9679,0,3,"Davis, Mr. Thomas",male,30.4,1,2,T889584,41.25,,S
9680,0,1,"Moore, Mr. Edward",male,33.9,0,0,T753354,90.84,,C
9681,0,3,"Williams, Mr. James",male,2.9,1,0,T654706,13.34,,S
9682,0,3,"Williams, Mr. Edward",male,9.4,0,0,T543301,15.2,D78,Q
9683,1,3,"Anderson, Mr. George",male,15.9,2,2,T865672,12.06,,S
9684,0,1,"Taylor, Mrs. Alice",female,10.8,1,0,T277833,108.69,,S
9685,0,1,"Williams, Mrs. Mary",female,30.9,0,0,T86454,92.09,,S
9686,0,2,"Williams, Mrs. Clara",female,33.2,0,0,T450666,31.89,E17,S
9687,1,1,"Moore, Mr. Henry",male,14.3,2,0,T398664,128.74,,C
9688,0,3,"Wilson, Mr. Edward",male,31.5,0,0,T613489,7.0,,Q
9689,0,3,"Moore, Miss. Florence",female,23.6,0,0,T298708,11.9,B8,S
9690,0,2,"Davis, Mrs. Annie",female,,3,1,T551646,12.98,,Q
9691,0,3,"Miller, Mrs. Dorothy",female,20.6,0,0,T964976,10.92,,S
9692,1,3,"Taylor, Mrs. Alice",female,36.8,0,0,T42151,25.76,B127,S
9693,0,2,"Taylor, Mrs. Annie",female,53.4,0,0,T683970,50.75,C76,S
9694,0,2,"Jones, Mr. Charles",male,40.9,1,1,T840550,29.97,,C
9695,0,1,"Johnson, Mr. John",male,49.9,1,0,T414093,81.51,,Q
9696,0,3,"Smith, Mr. John",male,9.4,0,0,T237584,6.86,F64,S
9697,0,3,"Jones, Mr. William",male,,2,0,T148701,7.26,,Q
9698,0,3,"Smith, Mr. William",male,37.9,0,1,T625131,4.61,,S
9699,1,2,"Smith, Mrs. Dorothy",female,,1,0,T505845,17.93,,S
9700,0,3,"Williams, Mr. Charles",male,39.1,0,0,T474108,11.73,,S
9701,0,1,"Wilson, Miss. Lily",female,14.8,1,0,T527386,141.78,E17,S
9702,0,3,"Williams, Mr. Henry",male,23.4,0,0,T236120,14.8,,C
9703,1,3,"Miller, Mr. George",male,34.5,1,0,T887638,7.92,,S
9704,1,2,"Anderson, Mrs. Emma",female,27.3,1,0,T408150,19.47,,S
9705,0,3,"Johnson, Mr. Robert",male,,0,0,T109191,8.69,D7,S
9706,0,3,"Thomas, Mr. William",male,25.5,0,0,T196458,7.51,F112,S
9707,1,3,"Williams, Mr. Edward",male,,0,0,T261356,7.31,,S
9708,0,2,"Brown, Mrs. Edith",female,14.0,0,0,T339546,34.96,E115,S
9709,1,3,"Brown, Mrs. Clara",female,44.0,0,2,T712058,19.43,,S
9710,0,3,"Anderson, Miss. Florence",female,,1,4,T287690,6.99,,S
9711,1,3,"Moore, Mrs. Clara",female,28.6,0,0,T166171,10.34,,Q
9712,1,2,"Moore, Miss. Mary",female,44.7,0,0,T288618,17.51,E13,C
9713,0,3,"Miller, Mr. George",male,27.9,0,0,T570307,12.77,,S
9714,0,1,"Brown, Mr. Charles",male,43.9,0,0,T786256,334.31,,S
9715,0,3,"Taylor, Master. Edward",male,,0,0,T889495,50.46,,S
9716,0,1,"Miller, Mr. Charles",male,36.0,0,0,T494405,104.13,D27,S
9717,1,2,"Moore, Miss. Mary",female,41.9,0,0,T646832,29.99,,S
9718,0,3,"Davis, Mr. George",male,17.7,0,2,T815476,7.18,,S
9719,0,2,"Moore, Mr. James",male,27.1,1,1,T996025,35.22,,S
9720,0,3,"Thomas, Mr. George",male,27.4,0,1,T112081,4.36,,S
9721,0,3,"Moore, Mr. Charles",male,32.7,1,1,T376325,11.75,E119,S
9722,1,2,"Moore, Miss. Annie",female,,0,0,T402515,24.85,,S
9723,0,1,"Davis, Mr. John",male,16.5,0,0,T74802,92.26,,S
9724,1,3,"Johnson, Mrs. Florence",female,28.8,1,0,T795301,19.73,,C
9725,0,2,"Anderson, Mr. John",male,52.8,1,1,T240950,34.95,,S
9726,1,3,"Miller, Mrs. Annie",female,45.0,1,0,T963348,10.71,,S
9727,0,3,"Smith, Mr. Robert",male,41.2,1,0,T430871,11.38,G131,C
9728,0,3,"Anderson, Mr. Henry",male,26.9,0,0,T464205,9.9,,S
9729,0,3,"Brown, Mrs. Mary",female,60.6,0,0,T341746,8.19,G102,C
9730,0,1,"Moore, Master. George",male,44.6,4,2,T334658,102.6,,S
9731,0,3,"Smith, Mr. Edward",male,30.2,0,0,T289585,8.29,,S
9732,0,3,"Miller, Mr. Robert",male,32.9,1,0,T356152,14.27,B103,S
9733,0,3,"Thomas, Mr. Charles",male,,1,0,T389155,10.01,,S
9734,1,3,"Davis, Miss. Alice",female,35.4,0,0,T377185,5.34,D120,S
9735,0,3,"Williams, Master. William",male,38.3,0,2,T128374,11.76,,S
9736,0,3,"Wilson, Mr. Richard",male,39.9,0,0,T572330,10.66,,S
9737,0,2,"Jones, Mr. Charles",male,27.1,1,0,T934535,22.44,,S
9738,0,3,"Smith, Mr. Charles",male,8.3,3,0,T509538,9.58,,S
9739,0,1,"Thomas, Mr. Charles",male,33.2,0,0,T91992,249.79,,C
9740,1,1,"Brown, Mrs. Edith",female,39.9,0,0,T962915,67.2,E14,S
9741,1,1,"Wilson, Mr. Robert",male,15.5,0,0,T989654,98.34,E35,S
9742,0,2,"Jones, Mrs. Lily",female,28.4,0,0,T230175,38.17,,S
9743,1,2,"Taylor, Mr. Edward",male,49.2,0,0,T521053,24.92,,S
9744,1,3,"Thomas, Miss. Annie",female,12.2,0,1,T627672,12.61,,S
9745,1,2,"Jones, Mrs. Alice",female,25.6,0,1,T983062,24.93,E131,S
9746,0,3,"Thomas, Mr. Edward",male,51.3,0,0,T192932,15.28,,C
9747,0,2,"Smith, Mrs. Florence",female,32.0,0,0,T418108,24.79,F20,C
9748,1,2,"Williams, Mr. William",male,22.1,0,0,T111241,38.02,,S
9749,0,1,"Jones, Master. Robert",male,29.6,2,0,T361837,62.17,,S
9750,0,2,"Anderson, Mr. Edward",male,41.7,0,2,T924125,21.02,,S
9751,0,1,"Thomas, Mrs. Florence",female,26.7,1,0,T100080,153.22,,S
9752,0,3,"Smith, Mr. Charles",male,38.4,1,0,T682922,18.02,,C
9753,0,3,"Wilson, Mr. George",male,33.1,0,1,T307932,16.92,,S
9754,0,1,"Johnson, Mrs. Annie",female,,1,1,T999825,167.64,,S
9755,1,2,"Jones, Master. John",male,,0,2,T800492,29.1,B52,S
9756,0,1,"Smith, Mr. Thomas",male,25.4,0,0,T395791,114.21,B14,S
9757,0,3,"Williams, Mrs. Lily",female,16.0,0,0,T566486,11.17,,S
9758,0,3,"Taylor, Mr. James",male,36.6,0,0,T367388,11.57,,C
9759,0,1,"Brown, Mr. George",male,,3,0,T113028,30.57,,S
9760,1,2,"Miller, Mrs. Alice",female,23.2,0,0,T178190,15.85,D110,S
9761,0,3,"Anderson, Mr. James",male,37.3,0,0,T895710,4.76,,S
9762,0,2,"Williams, Mr. John",male,48.2,0,0,T256264,31.01,,C
9763,0,3,"Thomas, Mr. Charles",male,,0,0,T581794,33.67,C25,S
9764,1,2,"Jones, Miss. Annie",female,29.8,1,0,T739449,28.54,G79,S
9765,0,3,"Brown, Mr. George",male,12.6,0,0,T237125,17.37,C130,Q
9766,0,3,"Wilson, Mr. Henry",male,26.5,0,0,T606153,5.04,,Q
9767,0,3,"Taylor, Mr. James",male,32.9,0,0,T508057,7.99,,S
9768,0,3,"Thomas, Mr. Charles",male,,1,0,T174752,23.61,,S
9769,1,2,"Johnson, Mrs. Edith",female,24.4,0,0,T796569,27.18,,Q
9770,0,3,"Williams, Mr. Edward",male,,0,0,T592616,13.79,,S
9771,0,2,"Smith, Mr. Thomas",male,30.5,1,0,T708666,11.68,,S
9772,0,3,"Wilson, Mr. Edward",male,67.2,0,0,T802626,10.88,,S
9773,0,3,"Brown, Mr. George",male,,1,0,T581825,15.73,E119,S
9774,1,2,"Jones, Master. William",male,,0,2,T693520,66.87,,S
9775,0,1,"Wilson, Mr. Richard",male,13.6,0,0,T520483,64.81,,S
9776,0,3,"Moore, Mr. John",male,37.4,0,1,T621670,6.5,,S
9777,0,3,"Moore, Mr. Richard",male,20.4,0,0,T822222,11.73,,S
9778,1,3,"Johnson, Mrs. Florence",female,21.3,2,0,T929410,8.92,,S
9779,1,1,"Taylor, Mr. George",male,11.7,0,0,T379359,113.42,,S
9780,1,1,"Williams, Master. Henry",male,,1,0,T481849,329.33,A87,S
9781,0,2,"Taylor, Miss. Florence",female,,1,0,T90181,25.01,,S
9782,0,3,"Johnson, Mr. John",male,35.3,0,0,T21874,15.13,E4,S
9783,0,3,"Smith, Mr. William",male,14.9,0,0,T739912,6.02,,S
9784,1,3,"Johnson, Miss. Lily",female,41.4,2,0,T200861,12.91,E134,C
9785,0,3,"Smith, Mr. Henry",male,12.4,0,0,T994574,15.57,,C
9786,1,3,"Jones, Miss. Alice",female,,0,0,T823237,16.87,,S
9787,1,3,"Thomas, Mrs. Dorothy",female,,0,0,T994195,10.78,,S
9788,0,3,"Wilson, Master. Richard",male,16.2,0,0,T207054,18.34,,S
9789,1,3,"Smith, Miss. Alice",female,14.4,0,4,T216691,11.0,,Q
9790,0,2,"Smith, Master. Edward",male,35.2,0,0,T933924,12.25,,S
9791,0,3,"Thomas, Master. Henry",male,21.6,0,0,T316048,6.64,G17,Q
9792,0,1,"Moore, Mr. Robert",male,26.9,0,0,T846155,38.89,,S
9793,0,2,"Johnson, Mr. James",male,39.7,1,0,T619302,14.63,,S
9794,0,3,"Moore, Mr. Henry",male,36.6,1,0,T196895,9.4,,S
9795,0,3,"Thomas, Master. Richard",male,16.4,1,0,T235805,6.39,,S
9796,0,3,"Thomas, Miss. Dorothy",female,,0,0,T696696,8.11,E67,C
9797,0,1,"Smith, Mr. Richard",male,16.1,0,0,T852869,159.27,E142,S
9798,0,3,"Anderson, Mr. Henry",male,42.3,0,1,T558940,11.95,,S
9799,0,3,"Miller, Mr. Henry",male,52.0,0,0,T575836,42.27,,S
9800,0,2,"Brown, Mr. Henry",male,17.4,2,0,T357725,24.78,D101,S
9801,0,3,"Wilson, Mr. Charles",male,29.2,0,1,T182498,17.12,,S
9802,1,2,"Anderson, Mrs. Dorothy",female,43.0,1,0,T750421,25.54,F107,S
9803,0,3,"Johnson, Mr. Robert",male,30.1,0,0,T183048,15.91,,S
9804,1,3,"Taylor, Mr. Thomas",male,37.8,2,4,T834397,12.17,,S
9805,1,1,"Wilson, Mr. Robert",male,30.4,0,1,T448233,48.16,,S
9806,1,1,"Moore, Mrs. Edith",female,14.4,1,1,T630683,101.25,,S
9807,0,1,"Jones, Mr. George",male,,1,0,T784039,44.07,,S
9808,0,2,"Williams, Mr. Thomas",male,,1,0,T275877,33.28,,S
9809,1,1,"Williams, Mrs. Beatrice",female,34.3,0,5,T845373,51.19,,S
9810,0,1,"Anderson, Master. Robert",male,53.2,0,0,T252409,27.39,,S
9811,0,1,"Miller, Miss. Clara",female,4.0,1,0,T935524,70.69,,S
9812,1,1,"Thomas, Mrs. Mary",female,,1,0,T864895,92.32,E138,S
9813,0,2,"Davis, Mr. Robert",male,20.3,2,3,T825854,18.99,,S
9814,1,1,"Anderson, Mrs. Clara",female,17.0,0,0,T621741,105.29,,S
9815,0,3,"Smith, Miss. Beatrice",female,49.0,0,0,T755987,14.91,A14,S
9816,0,3,"Davis, Master. Richard",male,26.0,1,0,T303084,27.55,,Q
9817,0,1,"Jones, Mr. Richard",male,24.6,0,0,T855031,81.72,,C
9818,0,3,"Johnson, Mr. Robert",male,34.7,1,1,T257205,18.15,,S
9819,1,3,"Wilson, Mr. Edward",male,0.5,0,0,T465370,10.32,,C
9820,0,3,"Moore, Mr. Richard",male,49.3,0,1,T997623,10.27,E130,S
9821,0,1,"Moore, Mr. Robert",male,57.3,0,0,T795451,87.81,,S
9822,0,3,"Anderson, Mr. Thomas",male,43.0,0,0,T774879,28.76,,S
9823,0,2,"Moore, Miss. Edith",female,,0,1,T418856,21.62,,S
9824,1,1,"Davis, Mrs. Emma",female,,0,0,T704211,93.99,,S
9825,0,2,"Wilson, Mr. Charles",male,,1,0,T412505,33.96,,C
9826,1,2,"Johnson, Mr. Robert",male,47.0,0,1,T643953,19.57,E96,S
9827,0,3,"Smith, Master. Henry",male,,1,1,T940294,13.99,,S
9828,0,3,"Williams, Mr. Edward",male,36.2,8,0,T171871,12.02,,S
9829,1,3,"Moore, Miss. Clara",female,,0,0,T336199,5.25,,C
9830,0,2,"Smith, Mr. James",male,34.1,0,0,T582675,30.11,,S
9831,0,2,"Jones, Mr. William",male,22.1,0,2,T513999,40.43,,Q
9832,0,2,"Jones, Mr. George",male,66.0,2,0,T821729,31.07,,S
9833,0,2,"Brown, Mr. Richard",male,25.6,0,0,T522428,20.26,D66,S
9834,0,3,"Taylor, Master. John",male,23.5,0,0,T968840,9.18,,S
9835,0,3,"Miller, Mr. Charles",male,45.9,0,1,T38242,6.57,,S
9836,0,3,"Anderson, Mr. Richard",male,29.3,0,1,T860527,18.91,C54,S
9837,0,3,"Miller, Mr. Robert",male,,0,0,T615196,14.87,,S
9838,0,2,"Smith, Mr. George",male,,0,2,T494626,50.15,,S
9839,0,2,"Anderson, Mr. Charles",male,,0,0,T562200,15.88,,C
9840,0,3,"Taylor, Miss. Alice",female,40.3,0,3,T686831,12.5,D38,S
9841,0,2,"Anderson, Mr. Robert",male,9.1,1,0,T965351,19.65,A63,S
9842,0,3,"Smith, Mr. Thomas",male,35.5,1,0,T130675,20.83,,S
9843,0,3,"Smith, Miss. Alice",female,15.1,0,0,T117737,7.51,,C
9844,1,2,"Moore, Mrs. Alice",female,23.1,1,0,T201171,17.76,,C
9845,0,3,"Miller, Mr. Robert",male,32.2,0,1,T45643,16.68,,S
9846,0,3,"Miller, Mr. William",male,29.2,0,0,T932301,13.08,E4,S
9847,0,2,"Miller, Mr. George",male,39.2,0,1,T371693,42.27,,S
9848,0,3,"Moore, Master. William",male,40.9,0,0,T96176,11.42,,S
9849,0,1,"Williams, Mr. Henry",male,42.0,0,0,T174092,134.33,,C
9850,0,3,"Moore, Mrs. Mary",female,10.2,2,0,T134384,9.51,,S
9851,0,1,"Davis, Mrs. Clara",female,,1,0,T768046,18.02,,S
9852,0,1,"Johnson, Miss. Dorothy",female,29.3,0,0,T411213,39.81,,S
9853,0,3,"Williams, Mr. Henry",male,47.3,1,1,T451038,13.18,,S
9854,0,2,"Johnson, Mrs. Emma",female,0.5,1,0,T283610,16.54,,S
9855,0,3,"Williams, Mr. William",male,25.9,0,0,T307832,28.01,,S
9856,0,3,"Thomas, Mr. Richard",male,8.5,0,0,T193212,23.93,,C
9857,1,1,"Brown, Mrs. Lily",female,17.2,1,0,T721024,185.49,,S
9858,0,3,"Moore, Mr. George",male,30.4,0,0,T206785,5.64,,S
9859,1,3,"Miller, Mr. Richard",male,24.8,2,1,T70118,13.81,B54,S
9860,1,1,"Miller, Mrs. Dorothy",female,48.8,0,0,T534044,87.31,,S
9861,0,3,"Miller, Mr. John",male,55.4,1,0,T774641,22.85,,S
9862,0,3,"Johnson, Mr. Thomas",male,15.7,1,0,T418410,5.76,,S
9863,0,3,"Davis, Mr. Charles",male,22.6,0,0,T620083,9.32,,C
9864,0,3,"Jones, Mrs. Edith",female,14.7,0,0,T687513,20.3,,S
9865,0,3,"Brown, Mr. Henry",male,46.5,0,0,T40257,15.96,D62,Q
9866,0,3,"Wilson, Mr. Edward",male,32.0,1,0,T337213,8.43,,Q
9867,0,3,"Davis, Master. Henry",male,30.2,0,0,T681547,16.64,,Q
9868,0,1,"Thomas, Miss. Alice",female,34.2,0,1,T59775,100.85,,C
9869,0,3,"Moore, Mr. John",male,25.2,0,0,T720898,7.56,,S
9870,1,1,"Brown, Mr. Henry",male,17.3,0,0,T159013,71.95,,S
9871,0,3,"Miller, Mr. Richard",male,30.4,0,0,T440038,16.86,A29,S
9872,0,3,"Smith, Mr. Henry",male,25.8,1,0,T19531,9.5,,S
9873,0,3,"Moore, Mr. Thomas",male,34.7,0,0,T940721,7.17,F47,S
9874,0,1,"Johnson, Mr. Richard",male,,0,0,T918488,65.68,A29,S
9875,1,3,"Moore, Mr. Robert",male,,0,0,T16785,12.47,B21,S
9876,1,1,"Smith, Mrs. Dorothy",female,19.7,0,1,T723299,45.86,,S
9877,1,3,"Jones, Mrs. Lily",female,31.9,0,1,T813199,14.47,,S
9878,0,3,"Davis, Mr. Richard",male,,0,4,T313028,11.48,,C
9879,0,3,"Thomas, Mr. William",male,21.6,0,0,T971223,11.47,,S
9880,0,1,"Brown, Mr. John",male,,0,0,T575116,49.94,,S
9881,0,3,"Thomas, Master. Richard",male,4.5,0,1,T110891,5.57,,S
9882,0,3,"Moore, Mr. Robert",male,52.1,1,1,T675916,8.31,,S
9883,0,3,"Smith, Mr. William",male,47.7,1,0,T341760,12.5,,C
9884,0,3,"Davis, Mr. Robert",male,,0,0,T581179,12.27,,Q
9885,0,1,"Taylor, Mr. Richard",male,17.0,0,0,T466838,62.16,D104,S
9886,1,2,"Anderson, Mr. William",male,8.0,0,0,T827864,22.4,,C
9887,0,3,"Davis, Mr. Robert",male,43.1,8,0,T518127,6.7,E54,S
9888,0,3,"Wilson, Mr. Robert",male,24.9,0,0,T760879,16.65,G39,S
9889,0,3,"Taylor, Mr. Richard",male,23.8,0,0,T669644,9.15,,S
9890,0,1,"Johnson, Miss. Dorothy",female,13.4,0,3,T542986,157.15,,S
9891,0,3,"Miller, Mr. James",male,,1,0,T619004,10.43,,C
9892,0,1,"Smith, Master. Thomas",male,15.6,0,2,T929580,476.84,,S
9893,1,3,"Johnson, Miss. Florence",female,,1,0,T482346,21.92,,C
9894,0,3,"Wilson, Miss. Mary",female,,0,0,T595007,6.77,,S
9895,1,3,"Davis, Miss. Edith",female,23.9,0,0,T332330,11.95,,S
9896,0,3,"Miller, Mr. William",male,21.0,0,0,T477214,5.68,B90,C
9897,1,1,"Williams, Mrs. Beatrice",female,,0,0,T879727,136.35,,C
9898,1,1,"Smith, Mrs. Emma",female,37.9,1,0,T116497,135.05,,S
9899,1,1,"Anderson, Miss. Clara",female,24.7,0,2,T761886,85.73,,S
9900,0,1,"Williams, Mr. Edward",male,53.3,0,0,T564155,51.97,,Q
9901,0,3,"Thomas, Mr. Charles",male,18.4,0,0,T750011,12.34,A66,S
9902,1,1,"Brown, Mrs. Emma",female,40.6,0,0,T703514,181.81,E30,S
9903,0,3,"Anderson, Mrs. Emma",female,,3,0,T909016,10.61,,S
9904,1,2,"Brown, Miss. Clara",female,18.4,0,0,T236754,36.08,E37,S
9905,1,3,"Wilson, Mrs. Edith",female,,0,2,T826991,3.68,,S
9906,0,3,"Taylor, Mr. Charles",male,13.7,0,0,T466865,3.94,,C
9907,0,2,"Davis, Mr. William",male,33.8,0,1,T376003,21.1,,S
9908,1,2,"Taylor, Miss. Dorothy",female,,2,0,T901203,63.25,,C
9909,1,2,"Johnson, Miss. Lily",female,0.5,0,0,T227756,24.37,,S
9910,0,3,"Jones, Miss. Lily",female,58.6,1,0,T629311,13.8,,Q
9911,1,3,"Jones, Mrs. Annie",female,,1,0,T457470,11.91,,S
9912,0,2,"Davis, Mr. William",male,29.7,0,0,T887198,23.0,G13,S
9913,0,3,"Davis, Mr. Richard",male,48.7,1,0,T765850,7.7,A72,C
9914,1,1,"Taylor, Mrs. Dorothy",female,44.0,0,1,T521273,108.11,,C
9915,0,3,"Johnson, Mr. Thomas",male,,0,0,T868468,14.47,A110,C
9916,1,2,"Williams, Miss. Dorothy",female,1.4,0,1,T925632,41.94,D53,S
9917,1,3,"Davis, Miss. Dorothy",female,,0,0,T335358,34.44,D106,S
9918,0,3,"Taylor, Mr. George",male,15.7,1,0,T782681,15.04,,S
9919,1,3,"Taylor, Miss. Edith",female,47.7,0,0,T172574,10.02,B31,Q
9920,0,2,"Wilson, Mr. Richard",male,18.4,3,0,T60186,26.93,D149,S
9921,1,1,"Williams, Miss. Dorothy",female,23.1,1,0,T75072,53.4,,C
9922,0,3,"Brown, Mr. George",male,10.2,0,0,T472077,8.6,,S
9923,0,3,"Williams, Miss. Florence",female,11.4,1,0,T91532,22.32,,S
9924,0,1,"Smith, Miss. Dorothy",female,28.1,1,0,T882073,132.14,E113,S
9925,0,3,"Moore, Mr. Thomas",male,26.8,0,1,T549535,13.74,,S
9926,0,2,"Taylor, Miss. Emma",female,,0,0,T78310,14.86,,S
9927,0,1,"Johnson, Miss. Florence",female,59.5,5,0,T671514,59.59,,Q
9928,0,3,"Wilson, Mrs. Mary",female,,1,3,T126164,6.26,,Q
9929,0,3,"Miller, Mrs. Mary",female,29.8,2,0,T903517,14.9,,S
9930,0,2,"Brown, Mr. Robert",male,0.5,0,0,T605689,18.76,G62,C
9931,0,3,"Wilson, Mr. Henry",male,41.7,1,0,T441925,18.5,,S
9932,0,3,"Johnson, Mr. Richard",male,73.1,1,1,T842982,20.27,,S
9933,1,1,"Thomas, Mrs. Alice",female,,0,0,T793103,438.15,C127,C
9934,0,3,"Thomas, Mr. William",male,17.9,1,0,T952768,12.06,,S
9935,0,3,"Brown, Mr. William",male,32.1,0,0,T243364,14.0,,S
9936,0,1,"Brown, Mr. Robert",male,8.9,0,0,T617710,310.14,,S
9937,0,3,"Davis, Mr. Robert",male,36.4,0,2,T869276,14.91,D142,S
9938,0,1,"Moore, Miss. Emma",female,51.5,0,0,T653095,164.52,C110,Q
9939,0,3,"Anderson, Mr. Charles",male,20.0,1,1,T702818,24.67,,C
9940,0,3,"Taylor, Miss. Emma",female,20.4,2,2,T990657,5.5,,C
9941,1,1,"Williams, Mr. Thomas",male,,0,0,T85313,162.95,,S
9942,1,3,"Anderson, Miss. Mary",female,22.4,0,0,T29395,4.69,,S
9943,0,3,"Miller, Mr. Edward",male,7.8,0,2,T875222,8.32,,S
9944,0,2,"Williams, Mr. William",male,24.1,0,0,T857739,28.61,,S
9945,0,3,"Thomas, Mr. James",male,21.2,2,0,T999201,10.2,,S
9946,1,1,"Johnson, Master. John",male,49.5,2,0,T60741,165.2,,S
9947,0,3,"Davis, Mr. John",male,,0,0,T136828,8.59,,C
9948,0,3,"Miller, Mr. Robert",male,50.0,1,0,T700406,12.97,A61,S
9949,0,3,"Brown, Mr. George",male,41.3,0,2,T623976,7.52,,S
9950,0,3,"Jones, Mr. Thomas",male,32.7,0,2,T326859,24.0,,C
9951,0,3,"Wilson, Mr. Richard",male,17.0,0,0,T830022,8.59,,C
9952,0,3,"Smith, Mr. Henry",male,48.9,0,0,T591264,19.03,,C
9953,0,3,"Taylor, Mrs. Clara",female,34.7,0,0,T21527,7.48,C101,C
9954,0,3,"Johnson, Miss. Mary",female,11.6,1,1,T901756,10.67,C125,S
9955,0,3,"Williams, Mr. George",male,16.4,1,0,T933647,11.37,,S
9956,0,1,"Brown, Mr. Charles",male,11.4,1,1,T776886,64.99,,S
9957,0,3,"Williams, Mr. Edward",male,0.5,0,2,T359413,15.22,B29,S
9958,0,3,"Thomas, Mr. Charles",male,35.3,0,0,T914955,5.65,,S
9959,0,3,"Brown, Mrs. Alice",female,11.8,0,2,T624814,15.78,A5,S
9960,0,3,"Anderson, Mr. George",male,,0,0,T664946,15.96,,C
9961,0,1,"Moore, Master. Richard",male,,1,0,T592462,87.54,D90,S
9962,0,2,"Davis, Mr. George",male,27.0,0,0,T256513,66.65,D81,S
9963,1,1,"Thomas, Mrs. Annie",female,19.4,0,0,T957555,131.74,,S
9964,0,3,"Moore, Mr. Thomas",male,51.7,0,2,T736447,7.17,,S
9965,1,3,"Williams, Miss. Beatrice",female,7.6,1,0,T389999,10.29,,Q
9966,1,3,"Miller, Miss. Mary",female,,0,0,T285792,9.28,,S
9967,0,3,"Thomas, Mr. George",male,36.3,2,0,T444121,5.91,,S
9968,0,3,"Anderson, Mr. John",male,20.6,0,0,T605897,9.17,,S
9969,0,3,"Taylor, Mr. Henry",male,20.1,0,0,T367676,15.16,B144,S
9970,0,3,"Jones, Mr. William",male,14.1,0,0,T400230,12.69,,C
9971,1,2,"Davis, Mr. Charles",male,,0,0,T534802,14.84,,S
9972,0,3,"Smith, Mr. John",male,33.0,1,0,T300508,9.65,G39,Q
9973,0,3,"Miller, Mr. Richard",male,,4,0,T101041,11.59,,Q
9974,0,3,"Williams, Mr. George",male,21.2,1,0,T429764,5.15,,S
9975,1,3,"Johnson, Mrs. Mary",female,18.8,1,2,T621350,7.11,,C
9976,0,3,"Moore, Mrs. Beatrice",female,27.3,1,0,T428736,12.04,,C
9977,0,1,"Davis, Mr. John",male,43.7,0,0,T950507,51.93,,S
9978,1,2,"Johnson, Master. William",male,52.4,1,0,T661248,35.18,,Q
9979,0,3,"Anderson, Mr. Henry",male,45.8,0,0,T759214,9.78,,S
9980,1,1,"Smith, Mrs. Beatrice",female,,0,2,T579817,57.55,,S
9981,0,1,"Anderson, Miss. Edith",female,43.9,0,2,T789335,76.58,,S
9982,0,2,"Anderson, Mr. John",male,12.6,0,0,T502308,24.63,,Q
9983,0,3,"Wilson, Mr. William",male,19.4,0,1,T367559,12.86,,S
9984,0,3,"Moore, Mr. Charles",male,37.3,0,4,T153754,6.86,,S
9985,0,2,"Smith, Mr. Charles",male,28.0,0,0,T52626,20.18,,S
9986,0,3,"Johnson, Miss. Lily",female,34.6,0,0,T580737,16.09,,S
9987,0,3,"Taylor, Mr. Henry",male,43.9,0,0,T57110,7.97,,S
9988,1,2,"Anderson, Mrs. Emma",female,41.6,0,0,T335413,23.05,,S
9989,0,2,"Brown, Mr. James",male,13.9,1,2,T825939,14.04,,S
9990,0,3,"Jones, Miss. Clara",female,29.9,0,0,T856518,34.37,,C
9991,0,3,"Taylor, Mr. James",male,16.3,0,0,T819948,7.8,,S
9992,0,2,"Davis, Mr. William",male,18.4,0,0,T876568,20.27,F143,S
9993,1,2,"Davis, Miss. Edith",female,4.9,0,0,T748760,31.93,,S
9994,0,2,"Jones, Miss. Mary",female,31.6,0,0,T759890,16.38,,S
9995,1,1,"Miller, Mrs. Mary",female,3.8,0,1,T893408,237.95,,Q
9996,0,3,"Davis, Mrs. Dorothy",female,35.4,0,1,T790771,19.13,,C
9997,0,3,"Thomas, Mrs. Emma",female,49.4,0,0,T147737,11.13,,S
9998,0,3,"Brown, Mr. John",male,37.4,0,0,T320060,4.55,B140,S
9999,0,3,"Johnson, Mrs. Mary",female,30.5,0,0,T800000,33.51,,S
10000,0,2,"Jones, Miss. Clara",female,51.9,0,0,T689958,54.67,,S
10001,0,3,"Moore, Mr. Edward",male,34.4,0,0,T770765,3.13,,C
10002,0,1,"Williams, Mr. Robert",male,17.2,0,2,T330439,81.42,,C
10003,0,3,"Davis, Miss. Mary",female,31.5,2,0,T443284,33.06,,S
10004,0,3,"Wilson, Miss. Emma",female,58.1,0,0,T560127,15.6,,S
10005,1,3,"Johnson, Mr. Robert",male,,0,0,T245865,13.18,,S
10006,1,3,"Johnson, Mrs. Dorothy",female,9.7,0,0,T246240,34.06,,S
10007,0,3,"Thomas, Miss. Edith",female,38.6,3,1,T348769,9.03,,Q
10008,0,3,"Jones, Mr. Henry",male,26.5,0,3,T171999,14.41,,S
10009,1,3,"Thomas, Mrs. Clara",female,22.0,0,0,T261587,20.97,G95,S
10010,0,3,"Jones, Mr. Thomas",male,11.4,0,0,T952674,22.93,,S
10011,0,3,"Taylor, Mr. John",male,1.4,0,0,T595807,6.51,,Q
10012,0,3,"Williams, Mr. Robert",male,8.6,0,0,T144100,12.18,,C
10013,1,3,"Miller, Mrs. Annie",female,53.1,0,0,T842035,18.06,G67,S
10014,0,1,"Thomas, Mr. Thomas",male,29.6,0,0,T360849,76.95,,C
10015,1,2,"Johnson, Mrs. Mary",female,,0,0,T596012,19.06,,S
10016,0,3,"Brown, Master. Thomas",male,46.9,1,0,T723802,23.65,G68,Q
10017,1,3,"Smith, Mrs. Lily",female,47.6,1,0,T506280,12.67,,C
10018,1,2,"Thomas, Mrs. Alice",female,47.5,0,0,T12582,36.59,,S
10019,1,3,"Davis, Mrs. Edith",female,23.6,1,0,T850171,7.59,,S
10020,0,2,"Brown, Miss. Clara",female,25.8,0,0,T305615,17.55,,S
10021,1,3,"Thomas, Miss. Mary",female,31.7,0,0,T795485,5.6,,S
10022,0,2,"Johnson, Mr. William",male,50.0,1,0,T440027,28.63,,S
10023,0,3,"Smith, Master. Robert",male,21.7,1,0,T641882,11.19,,C
10024,0,3,"Brown, Mr. Richard",male,,1,0,T48531,13.3,,S
10025,1,2,"Williams, Mrs. Dorothy",female,,0,1,T636505,22.9,D64,S
10026,1,1,"Moore, Mr. John",male,,0,1,T501020,38.5,,S
10027,0,3,"Taylor, Mr. George",male,28.9,0,0,T229548,26.87,,S
10028,1,3,"Davis, Miss. Lily",female,39.4,0,2,T108452,12.16,,S
10029,1,3,"Brown, Mrs. Alice",female,31.3,1,2,T738673,10.95,,S
10030,0,3,"Anderson, Mrs. Mary",female,26.1,0,0,T318871,5.65,,S
10031,0,1,"Johnson, Mr. Robert",male,17.7,0,3,T808049,103.75,,S
10032,1,3,"Miller, Master. James",male,13.0,0,4,T210071,9.17,,S
10033,0,3,"Smith, Mr. Henry",male,20.8,0,0,T416492,5.17,,S
10034,0,3,"Taylor, Mr. Robert",male,15.5,2,0,T320772,9.74,,S
10035,0,3,"Moore, Mr. James",male,33.8,0,0,T700387,12.82,,S
10036,1,3,"Brown, Mr. Charles",male,,1,0,T950070,20.85,,S
10037,0,3,"Brown, Mr. Henry",male,32.7,1,1,T502624,26.44,,S
10038,0,1,"Williams, Mr. Charles",male,16.3,1,0,T405686,167.36,,S
10039,1,2,"Thomas, Mr. Henry",male,,0,0,T128761,24.39,,S
10040,0,3,"Taylor, Mr. Charles",male,34.0,0,0,T181995,6.78,,S
10041,0,3,"Miller, Miss. Beatrice",female,36.9,0,0,T876228,12.31,B99,S
10042,1,3,"Smith, Mrs. Dorothy",female,22.2,0,0,T236117,16.96,,C
10043,0,3,"Moore, Miss. Clara",female,46.1,1,0,T336948,7.07,,Q
10044,0,2,"Williams, Mr. George",male,46.1,0,1,T258670,16.99,,S
10045,1,3,"Brown, Miss. Annie",female,27.0,0,1,T733142,10.1,,C
10046,1,1,"Miller, Miss. Florence",female,40.1,1,5,T810172,131.01,B41,S
10047,1,1,"Moore, Mr. William",male,,0,2,T900783,48.63,,S
10048,1,1,"Miller, Mr. Edward",male,23.0,1,1,T167598,141.56,,S
10049,0,3,"Johnson, Master. William",male,28.5,1,0,T996496,5.09,F55,S
10050,1,1,"Wilson, Miss. Emma",female,30.9,0,0,T623685,145.2,,S
10051,0,3,"Wilson, Master. Richard",male,13.8,0,0,T335022,9.6,,S
10052,1,1,"Anderson, Miss. Emma",female,36.1,1,2,T660125,114.08,F81,S
10053,0,3,"Williams, Mr. James",male,44.5,1,1,T195462,13.16,,S
10054,0,3,"Anderson, Mrs. Dorothy",female,27.6,0,1,T910876,7.14,,S
10055,0,3,"Miller, Mrs. Beatrice",female,,1,0,T318051,7.17,,S
10056,1,1,"Williams, Mrs. Mary",female,50.0,0,0,T976346,74.7,,S
10057,1,2,"Taylor, Mr. Richard",male,23.8,0,0,T908562,47.62,,S
10058,1,3,"Taylor, Mr. Henry",male,34.9,0,0,T946520,7.94,,S
10059,1,2,"Anderson, Mrs. Dorothy",female,,0,0,T785677,43.26,D47,S
10060,0,3,"Brown, Miss. Florence",female,21.0,5,0,T905521,10.08,,C
10061,0,3,"Miller, Master. Robert",male,34.7,2,0,T406297,10.39,,S
10062,1,2,"Anderson, Mrs. Florence",female,33.2,0,0,T494174,18.55,E75,Q
10063,0,1,"Johnson, Mr. Edward",male,37.7,0,0,T490581,93.43,C33,Q
10064,0,3,"Moore, Mr. George",male,30.8,1,2,T731930,3.55,F45,C
10065,0,3,"Jones, Mr. Charles",male,36.4,2,0,T866034,12.36,,S
10066,1,2,"Taylor, Mrs. Dorothy",female,53.9,0,0,T97014,21.15,,S
10067,0,3,"Moore, Mr. Henry",male,,1,0,T601740,9.76,,C
10068,1,3,"Anderson, Mrs. Lily",female,34.6,0,0,T351867,15.66,,S
10069,0,3,"Smith, Master. Thomas",male,,0,0,T787756,18.21,G32,S
10070,1,1,"Williams, Mrs. Edith",female,25.4,2,0,T981630,93.18,,S
10071,1,2,"Jones, Miss. Florence",female,,0,1,T381047,18.63,,S
10072,0,3,"Taylor, Mr. William",male,36.8,0,0,T127917,13.17,,S
10073,0,1,"Smith, Mr. Richard",male,31.0,3,0,T728414,94.54,,S
10074,1,1,"Taylor, Mr. John",male,41.2,0,0,T637969,109.22,,S
10075,1,3,"Anderson, Mrs. Florence",female,48.1,0,0,T817638,34.78,,S
10076,0,2,"Anderson, Mr. Henry",male,28.2,2,0,T68508,15.96,,S
10077,0,2,"Johnson, Mr. Richard",male,,2,2,T15465,12.94,,S
10078,0,2,"Johnson, Mr. James",male,59.2,0,0,T993924,26.01,,S
10079,0,3,"Williams, Mr. George",male,20.2,0,0,T214011,6.35,,S
10080,0,2,"Miller, Master. Richard",male,32.5,0,1,T244660,22.87,,S
10081,1,3,"Williams, Mrs. Beatrice",female,40.2,0,1,T233380,6.66,,S
10082,0,3,"Smith, Mr. George",male,50.1,2,0,T655908,6.98,,S
10083,0,3,"Brown, Mr. John",male,55.9,0,0,T974393,12.14,,S
10084,1,2,"Moore, Miss. Alice",female,24.4,0,0,T172244,29.11,,Q
10085,1,2,"Thomas, Mr. Charles",male,47.0,0,1,T338774,12.67,,S
10086,0,3,"Williams, Mrs. Florence",female,32.6,0,0,T129930,11.16,,C
10087,0,2,"Johnson, Miss. Beatrice",female,69.5,4,2,T329063,25.61,,S
10088,0,3,"Wilson, Mr. William",male,45.7,0,0,T341706,8.26,,S
10089,0,3,"Smith, Mr. Robert",male,27.1,0,0,T349790,13.17,F35,S
10090,0,3,"Wilson, Mr. James",male,18.2,0,1,T46419,42.62,,S
10091,1,2,"Taylor, Mr. Richard",male,0.5,2,4,T86310,35.34,,S
10092,0,3,"Taylor, Mr. Richard",male,39.5,1,2,T182719,4.48,,S
10093,0,2,"Miller, Miss. Alice",female,44.3,2,0,T928872,16.49,,S
10094,1,2,"Smith, Mr. Thomas",male,40.5,0,2,T527646,28.78,D126,C
10095,0,3,"Williams, Mrs. Edith",female,0.5,1,0,T425020,11.48,,S
10096,0,3,"Johnson, Mr. John",male,11.5,0,0,T431260,3.34,,S
10097,0,3,"Wilson, Miss. Beatrice",female,36.7,0,1,T472593,8.54,,S
10098,0,3,"Brown, Miss. Lily",female,55.6,0,0,T699592,24.73,F75,S
10099,1,3,"Davis, Mrs. Beatrice",female,28.9,0,0,T386933,8.1,D37,S
10100,0,2,"Miller, Mr. Edward",male,45.5,0,4,T31256,37.21,,S
10101,0,1,"Taylor, Mr. James",male,,0,0,T484774,104.1,,Q
10102,1,3,"Brown, Mr. William",male,32.7,0,2,T352668,8.98,,S
10103,1,1,"Brown, Miss. Annie",female,25.7,2,0,T61620,126.86,,S
10104,0,3,"Johnson, Miss. Emma",female,46.9,0,0,T559700,4.6,G133,S
10105,0,1,"Thomas, Mr. John",male,21.9,2,0,T680224,133.44,,S
10106,1,2,"Johnson, Mrs. Florence",female,54.0,1,0,T616674,32.05,,C
10107,1,1,"Johnson, Mrs. Emma",female,25.2,0,2,T349221,48.09,,S
10108,0,3,"Johnson, Master. Robert",male,14.2,0,4,T188847,4.52,,C
10109,0,3,"Smith, Mr. John",male,,1,0,T536975,5.07,,S
10110,1,1,"Anderson, Mrs. Alice",female,20.7,0,0,T301185,128.16,,S
10111,0,2,"Taylor, Mr. Robert",male,,0,0,T766410,17.06,E85,S
10112,0,3,"Miller, Mrs. Edith",female,20.9,0,0,T852261,9.2,G81,S
10113,0,2,"Moore, Miss. Clara",female,17.8,0,0,T402590,22.14,,S
10114,0,3,"Miller, Mr. John",male,42.6,0,0,T915085,10.99,,S
10115,0,3,"Taylor, Mr. James",male,0.5,0,0,T813940,21.63,,S
10116,1,3,"Jones, Mr. Thomas",male,23.5,1,2,T137759,10.28,A28,S
10117,1,3,"Smith, Miss. Mary",female,10.4,3,0,T542512,6.8,,S
10118,0,2,"Taylor, Mr. Henry",male,17.1,4,1,T31538,27.7,,S
10119,0,3,"Wilson, Mr. Charles",male,33.2,1,0,T545760,25.89,,S
10120,1,3,"Anderson, Mrs. Dorothy",female,26.7,0,0,T446598,14.6,,Q
10121,0,3,"Anderson, Mr. Robert",male,25.4,0,1,T488794,8.83,,S
10122,0,1,"Smith, Miss. Dorothy",female,46.9,0,0,T256118,180.39,,S
10123,1,3,"Taylor, Mr. Henry",male,29.5,0,0,T10848,14.17,,C
10124,0,3,"Wilson, Mr. Edward",male,,1,0,T837111,16.71,,S
10125,0,3,"Williams, Mr. John",male,,0,0,T488683,10.67,,S
10126,0,1,"Jones, Mr. Thomas",male,15.7,0,0,T880614,56.18,,S
10127,1,1,"Brown, Mrs. Annie",female,57.7,2,0,T966306,58.07,,C
10128,0,3,"Taylor, Mr. Edward",male,33.7,0,0,T378257,10.2,,Q
10129,1,3,"Wilson, Mr. Edward",male,,0,0,T660008,6.53,,S
10130,0,2,"Anderson, Master. John",male,25.8,0,1,T467814,19.67,,S
10131,0,3,"Johnson, Mr. Richard",male,33.6,0,0,T547109,6.79,,S
10132,1,1,"Smith, Mr. John",male,36.0,0,2,T232388,46.66,,C
10133,0,2,"Davis, Mr. James",male,27.3,0,2,T527380,25.21,,S
10134,1,2,"Thomas, Mrs. Emma",female,48.1,1,0,T88418,18.4,B67,S
10135,0,2,"Brown, Mr. Thomas",male,57.7,0,0,T906701,39.32,,S
10136,0,2,"Thomas, Master. William",male,0.5,0,2,T838813,31.19,,S
10137,0,1,"Johnson, Mr. Edward",male,41.5,1,0,T123927,127.73,,S
10138,0,1,"Smith, Mr. James",male,16.7,1,0,T280033,67.23,,S
10139,0,3,"Taylor, Mr. John",male,0.5,0,0,T479282,5.72,A5,C
10140,0,3,"Smith, Mr. Charles",male,,0,0,T795730,16.66,D56,S
10141,0,3,"Davis, Mr. Thomas",male,37.2,0,0,T268447,7.56,,S
10142,1,2,"Taylor, Mr. Robert",male,39.6,1,0,T492620,20.53,,S
10143,0,1,"Williams, Mr. William",male,35.1,0,0,T394837,56.01,,C
10144,0,3,"Wilson, Mr. Richard",male,,1,1,T195328,7.41,,S
10145,0,3,"Smith, Mr. Robert",male,21.0,0,1,T438324,10.69,,S
10146,1,2,"Brown, Mr. Thomas",male,33.5,0,0,T29288,16.63,,S
10147,1,2,"Moore, Miss. Beatrice",female,39.8,0,0,T146124,19.1,,S
10148,0,3,"Miller, Mrs. Edith",female,,0,0,T939902,5.42,,S
10149,0,3,"Jones, Mrs. Annie",female,30.3,1,0,T231760,10.15,D104,C
10150,0,3,"Miller, Mr. Robert",male,26.6,0,0,T825605,27.73,,S
10151,0,3,"Johnson, Mrs. Clara",female,28.9,0,1,T834246,12.83,,Q
10152,0,3,"Thomas, Mr. Charles",male,12.4,0,0,T42414,11.87,,C
10153,1,3,"Anderson, Mrs. Mary",female,40.9,0,0,T674288,6.79,,C
10154,1,1,"Moore, Mr. Henry",male,8.6,0,0,T898971,285.0,,S
10155,0,3,"Miller, Master. Charles",male,35.4,0,0,T166478,13.63,,S
10156,0,2,"Thomas, Mr. Edward",male,30.9,0,0,T695205,48.86,,S
10157,0,3,"Williams, Mr. Robert",male,7.2,0,0,T758659,18.19,,C
10158,0,3,"Smith, Mr. James",male,8.0,1,0,T366483,18.04,,S
10159,1,3,"Davis, Mr. George",male,17.3,0,0,T963180,14.87,,S
10160,0,3,"Johnson, Mr. William",male,24.7,1,0,T983407,5.01,C93,S
10161,0,2,"Moore, Mrs. Alice",female,,1,0,T789541,20.03,,S
10162,1,1,"Moore, Mrs. Edith",female,28.1,0,0,T158729,39.33,,S
10163,0,3,"Brown, Mr. Edward",male,37.6,0,0,T417658,19.65,G50,C
10164,0,3,"Thomas, Master. Richard",male,48.1,0,0,T301433,19.02,B20,S
10165,0,1,"Taylor, Mr. Robert",male,45.3,0,4,T654807,75.53,,S
10166,0,3,"Wilson, Mr. William",male,29.6,0,0,T226527,7.55,,C
10167,0,1,"Davis, Mr. John",male,,0,0,T528635,46.72,,S
10168,0,2,"Thomas, Mr. Thomas",male,36.9,0,0,T784498,29.58,,S
10169,0,1,"Anderson, Mrs. Alice",female,19.8,2,0,T149510,39.92,F136,S
10170,0,3,"Miller, Master. George",male,56.0,1,3,T821308,9.36,,S
10171,0,2,"Davis, Mr. William",male,42.3,0,0,T302154,36.18,D23,S
10172,0,3,"Williams, Mr. Robert",male,32.7,0,0,T521113,9.43,,S
10173,0,1,"Smith, Master. George",male,37.1,0,4,T776867,183.52,,C
10174,1,1,"Thomas, Miss. Beatrice",female,32.3,0,0,T601906,132.76,,S
10175,0,3,"Taylor, Mr. Edward",male,24.4,5,0,T665794,10.08,,S
10176,0,3,"Taylor, Mr. Henry",male,36.9,0,0,T303002,6.11,,S
10177,0,2,"Taylor, Mrs. Emma",female,,1,0,T897253,23.6,,S
10178,1,1,"Moore, Mr. John",male,57.8,0,0,T308826,76.03,,S
10179,0,3,"Thomas, Mr. John",male,19.7,0,0,T469209,6.49,,S
10180,1,1,"Davis, Mr. Henry",male,37.1,0,2,T411335,67.1,,S
10181,0,3,"Smith, Mr. Robert",male,,1,1,T559197,11.71,B51,S
10182,0,3,"Brown, Master. Richard",male,18.2,2,2,T612896,11.57,,S
10183,1,2,"Miller, Miss. Mary",female,3.8,0,0,T637644,39.2,C124,C
10184,0,3,"Davis, Mr. Thomas",male,35.7,0,0,T973251,13.21,,S
10185,0,3,"Smith, Mr. Richard",male,,0,0,T804192,10.26,,Q
10186,1,2,"Thomas, Mrs. Annie",female,45.4,0,0,T707015,36.85,,S
10187,0,2,"Wilson, Mr. John",male,,0,0,T515021,35.6,,S
10188,1,2,"Williams, Miss. Emma",female,31.8,0,1,T803828,12.87,G128,S
10189,0,3,"Miller, Mr. James",male,9.2,0,0,T545090,9.79,,S
10190,1,3,"Miller, Mrs. Mary",female,38.2,0,0,T31287,12.19,F43,S
10191,0,2,"Moore, Mrs. Clara",female,20.1,0,0,T679128,37.9,C56,S
10192,0,1,"Miller, Miss. Alice",female,,0,0,T885252,339.83,,S
10193,0,1,"Jones, Mr. James",male,35.9,0,2,T577580,60.19,,S
10194,0,2,"Moore, Mr. Richard",male,11.5,1,0,T162496,35.09,,S
10195,0,1,"Anderson, Mr. William",male,,1,0,T223018,175.71,,C
10196,1,3,"Moore, Miss. Alice",female,48.5,0,0,T69258,9.67,,C
10197,1,1,"Jones, Mr. Robert",male,,1,2,T893631,77.84,F143,Q
10198,1,2,"Davis, Miss. Annie",female,,0,2,T144069,49.49,,S
10199,0,3,"Miller, Mr. Richard",male,15.7,0,1,T592827,7.47,,S
10200,0,2,"Davis, Mr. Robert",male,19.2,0,0,T903620,32.98,,C
10201,0,1,"Moore, Master. Robert",male,46.3,0,0,T94955,56.21,,S
10202,0,1,"Moore, Mr. Robert",male,5.6,1,0,T806413,43.65,,S
10203,1,1,"Smith, Mrs. Dorothy",female,10.3,0,0,T346570,62.31,G20,C
10204,0,3,"Williams, Mr. Robert",male,,0,0,T964837,13.44,,S
10205,1,3,"Taylor, Mrs. Emma",female,23.2,0,0,T315932,20.79,B64,Q
10206,0,1,"Jones, Mr. John",male,33.0,0,0,T418847,53.3,C83,S
10207,1,2,"Anderson, Miss. Annie",female,22.6,0,2,T77371,20.77,D17,C
10208,1,2,"Anderson, Mrs. Edith",female,59.0,0,0,T445131,25.48,,C
10209,1,3,"Brown, Master. George",male,11.0,0,0,T471763,15.12,,S
10210,0,3,"Wilson, Mr. George",male,33.8,2,0,T373782,9.84,,S
10211,0,3,"Anderson, Mr. Edward",male,51.5,0,0,T162397,28.68,,S
10212,0,2,"Jones, Mr. Thomas",male,24.3,0,0,T105236,21.68,,S
10213,1,1,"Williams, Miss. Dorothy",female,18.8,0,0,T425999,159.22,F116,S
10214,1,3,"Thomas, Mrs. Mary",female,40.8,0,0,T880662,12.34,,C
10215,0,3,"Miller, Mrs. Annie",female,44.3,1,2,T702169,15.65,,S
10216,1,3,"Wilson, Miss. Clara",female,18.1,1,0,T58145,11.3,,S
10217,0,1,"Anderson, Mr. John",male,50.9,0,0,T944594,60.58,,S
10218,1,3,"Williams, Mr. George",male,30.4,0,0,T309404,15.27,,S
10219,1,3,"Wilson, Miss. Edith",female,37.1,0,0,T357468,4.93,,S
10220,0,3,"Anderson, Mr. William",male,51.3,0,0,T366528,16.7,,S
10221,0,2,"Taylor, Miss. Beatrice",female,40.8,0,0,T684459,13.74,,C
10222,0,3,"Anderson, Miss. Clara",female,29.7,0,0,T44063,6.07,,S
10223,0,1,"Davis, Mr. Thomas",male,20.0,0,0,T417890,91.97,,S
10224,1,3,"Anderson, Mr. Thomas",male,69.0,0,0,T333863,12.79,E74,S
10225,1,2,"Brown, Miss. Beatrice",female,18.3,0,0,T586820,19.14,,S
10226,1,3,"Moore, Mr. Thomas",male,34.3,0,0,T45496,5.58,,Q
10227,1,3,"Anderson, Mrs. Clara",female,37.1,1,0,T295456,14.67,,C
10228,1,2,"Smith, Mr. Richard",male,37.8,0,0,T247172,31.9,,S
10229,0,3,"Smith, Mr. William",male,,0,0,T966090,13.53,,S
10230,1,1,"Jones, Mr. Edward",male,30.4,0,0,T567530,92.27,,S
10231,1,2,"Thomas, Miss. Emma",female,28.3,1,2,T429729,14.93,,Q
10232,0,2,"Thomas, Mr. John",male,52.2,0,0,T510231,25.99,,C
10233,0,1,"Davis, Mr. William",male,,0,0,T541489,99.93,,Q
10234,0,3,"Johnson, Mr. Charles",male,,0,0,T480522,6.04,,S
10235,0,1,"Williams, Mr. Robert",male,32.5,0,0,T713935,84.96,A92,S
10236,0,3,"Smith, Mr. Henry",male,43.1,1,0,T466536,11.41,,S
10237,0,3,"Johnson, Mr. William",male,40.2,1,1,T912319,13.16,,C
10238,0,3,"Johnson, Mr. John",male,23.9,0,1,T744917,5.81,,S
10239,0,3,"Thomas, Mr. Richard",male,3.0,2,0,T801976,12.93,,S
10240,0,1,"Anderson, Mr. William",male,5.4,0,0,T924961,198.73,,C
10241,0,3,"Miller, Mr. Charles",male,3.0,0,0,T267992,19.79,,S
10242,0,2,"Miller, Mr. Thomas",male,,1,0,T158723,39.69,,C
10243,0,3,"Wilson, Mr. Edward",male,,0,1,T609295,11.86,,S
10244,0,3,"Wilson, Mr. James",male,27.4,0,0,T87852,10.56,,S
10245,0,3,"Wilson, Mrs. Clara",female,31.6,1,2,T322930,10.86,D127,S
10246,0,1,"Johnson, Mr. William",male,42.1,0,0,T279338,51.25,,S
10247,0,3,"Smith, Mr. Charles",male,,1,1,T791415,9.1,,S
10248,0,3,"Williams, Mr. Charles",male,42.8,0,0,T689487,18.04,,S
10249,1,3,"Wilson, Mrs. Florence",female,35.7,0,0,T843798,10.05,,C
10250,0,1,"Anderson, Mrs. Edith",female,25.0,0,0,T87301,186.75,,S
10251,0,3,"Jones, Mr. Richard",male,,1,2,T729856,17.56,D10,S
10252,1,1,"Moore, Miss. Emma",female,,0,0,T406465,84.5,,S
10253,0,3,"Thomas, Mr. Henry",male,33.0,0,0,T518057,11.86,,S
10254,1,3,"Thomas, Mr. Henry",male,6.7,0,0,T71550,11.4,,S
10255,0,1,"Smith, Master. Robert",male,,1,0,T470785,52.44,,S
10256,0,1,"Thomas, Mr. Charles",male,,0,0,T348542,134.94,B146,S
10257,0,3,"Miller, Mr. Thomas",male,,1,1,T199703,6.84,,S
10258,1,2,"Williams, Mr. Charles",male,34.4,0,1,T625668,38.24,,Q
10259,0,1,"Brown, Mr. Robert",male,,1,0,T902324,109.52,,S
10260,1,3,"Brown, Mrs. Beatrice",female,5.3,1,0,T821765,7.71,,C
10261,0,3,"Davis, Mr. Richard",male,25.0,0,0,T763394,6.47,B19,S
10262,0,3,"Williams, Mr. George",male,37.7,0,0,T320929,6.1,E12,S
10263,1,1,"Thomas, Mr. William",male,55.1,1,0,T522939,68.66,C55,S
10264,0,1,"Williams, Mr. William",male,29.1,0,0,T486786,232.43,C100,C
10265,0,3,"Thomas, Mr. Robert",male,21.1,0,1,T821420,22.55,,S
10266,0,3,"Johnson, Master. James",male,,1,0,T11204,7.41,A51,S
10267,0,3,"Johnson, Mr. Robert",male,,0,0,T663273,20.74,,C
10268,0,3,"Jones, Mr. William",male,,0,0,T327468,8.89,B5,S
10269,0,2,"Smith, Mrs. Lily",female,12.2,0,0,T957576,9.0,,S
10270,0,1,"Anderson, Mr. George",male,37.3,0,0,T238644,42.92,C77,S
10271,0,3,"Moore, Mr. Robert",male,14.0,1,0,T797413,10.53,,S
10272,1,3,"Taylor, Mr. Robert",male,10.8,0,0,T206585,7.26,,Q
10273,1,3,"Miller, Mrs. Beatrice",female,,1,0,T646943,11.21,,C
10274,0,3,"Miller, Mr. James",male,,1,0,T675090,10.34,,S
10275,0,3,"Davis, Mr. William",male,22.7,0,0,T481524,6.35,,Q
10276,1,3,"Brown, Mr. Charles",male,50.5,0,0,T29734,11.76,G121,S
10277,0,2,"Wilson, Mr. James",male,,0,0,T434759,20.01,,S
10278,0,3,"Smith, Mr. Richard",male,25.8,0,0,T365360,18.57,,S
10279,0,3,"Smith, Mr. Henry",male,29.2,0,0,T575154,14.22,,Q
10280,0,2,"Johnson, Mr. John",male,26.2,0,2,T505144,39.44,,S
10281,0,3,"Williams, Mr. Robert",male,48.2,0,2,T580765,5.61,E131,S
10282,0,2,"Smith, Mr. Charles",male,14.6,1,2,T118080,24.84,,S
10283,1,3,"Miller, Mrs. Lily",female,18.8,0,0,T766183,9.81,,C
10284,0,3,"Davis, Mr. Edward",male,12.4,0,2,T651841,12.62,,Q
10285,1,3,"Moore, Miss. Beatrice",female,57.0,0,0,T46633,17.46,,S
10286,0,3,"Thomas, Mr. John",male,,0,0,T280537,9.63,,S
10287,0,3,"Davis, Mrs. Edith",female,18.6,1,0,T20539,17.26,,S
10288,0,3,"Taylor, Mr. Richard",male,25.5,2,2,T139732,12.12,,S
10289,0,3,"Davis, Mr. Charles",male,42.0,0,0,T347522,13.56,,C
10290,1,2,"Jones, Mrs. Florence",female,39.3,0,0,T855713,13.04,,S
10291,0,1,"Jones, Miss. Emma",female,21.4,2,0,T475546,88.96,,S
10292,0,3,"Brown, Mr. Edward",male,,1,0,T503895,14.97,,S
10293,0,3,"Davis, Miss. Mary",female,8.6,0,0,T615408,15.18,,S
10294,1,1,"Jones, Miss. Annie",female,31.7,0,1,T751950,63.31,,S
10295,0,1,"Williams, Mr. James",male,48.3,2,1,T907157,40.65,,C
10296,0,1,"Anderson, Mrs. Edith",female,21.3,0,0,T481212,44.35,F136,S
10297,1,3,"Brown, Mr. Thomas",male,38.9,4,0,T537227,7.46,B68,C
10298,0,3,"Davis, Mr. James",male,,4,1,T130590,10.11,,S
10299,0,1,"Moore, Mr. Richard",male,13.8,2,2,T61010,88.71,,S
10300,1,3,"Thomas, Master. Richard",male,,3,0,T646044,12.83,,S
10301,0,2,"Johnson, Miss. Emma",female,,0,0,T762506,15.68,G28,S
10302,0,3,"Wilson, Master. Charles",male,37.6,0,1,T720416,26.85,,S
10303,0,3,"Wilson, Mr. Charles",male,23.7,0,4,T772969,7.81,,C
10304,1,3,"Johnson, Mrs. Beatrice",female,24.6,0,0,T445312,18.94,D101,S
10305,0,2,"Williams, Mrs. Lily",female,57.4,0,0,T233946,29.43,F22,S
10306,0,2,"Williams, Mr. John",male,34.2,1,2,T721531,34.3,,S
10307,0,3,"Miller, Mr. Richard",male,18.6,1,0,T788338,16.21,,S
10308,1,1,"Thomas, Miss. Mary",female,28.8,0,1,T560981,85.46,D125,C
10309,0,3,"Davis, Mr. William",male,32.8,0,0,T629878,2.64,,S
10310,0,3,"Taylor, Mr. George",male,36.5,0,0,T726467,14.31,,C
10311,0,2,"Taylor, Mr. George",male,,1,2,T709227,39.51,,Q
10312,0,3,"Anderson, Mr. Charles",male,48.2,0,0,T925742,5.37,,S
10313,0,1,"Anderson, Mr. George",male,32.6,0,0,T598786,97.87,,S
10314,0,3,"Davis, Mr. Henry",male,29.1,0,0,T547491,17.84,,S
10315,0,3,"Wilson, Mrs. Alice",female,35.4,0,0,T719650,4.77,,S
10316,1,1,"Smith, Mr. William",male,20.9,1,0,T787996,77.52,,S
10317,0,3,"Taylor, Mr. Edward",male,43.9,0,4,T475411,5.14,,Q
10318,0,2,"Moore, Mr. John",male,26.7,0,1,T752917,36.71,,S
10319,0,3,"Wilson, Mr. William",male,36.8,0,1,T837374,9.58,,Q
10320,1,1,"Brown, Mr. Edward",male,54.5,0,0,T54971,39.35,B39,C
10321,0,3,"Brown, Mr. Richard",male,37.7,1,0,T615034,16.9,,S
10322,0,3,"Johnson, Mr. Richard",male,33.0,1,1,T130312,27.08,G32,C
10323,0,1,"Williams, Mrs. Beatrice",female,22.2,1,0,T556300,432.83,,S
10324,0,3,"Moore, Miss. Beatrice",female,28.6,0,6,T267737,5.08,,S
10325,1,3,"Thomas, Master. William",male,13.2,1,0,T747276,2.87,,Q
10326,0,3,"Johnson, Mr. John",male,,1,0,T232569,3.98,,S
10327,0,3,"Davis, Mrs. Mary",female,0.5,1,0,T450294,10.73,,S
10328,0,3,"Williams, Miss. Mary",female,43.7,0,3,T807430,14.41,,Q
10329,0,1,"Davis, Miss. Dorothy",female,40.3,0,0,T773574,203.2,,S
10330,0,3,"Taylor, Mr. Robert",male,31.1,0,0,T496398,19.82,,S
10331,0,3,"Smith, Miss. Clara",female,22.0,1,3,T710484,7.92,,Q
10332,0,1,"Moore, Mr. James",male,29.5,0,0,T673734,92.35,,S
10333,0,2,"Brown, Mr. John",male,4.0,2,0,T905147,9.32,A139,Q
10334,0,3,"Taylor, Mr. Henry",male,,0,0,T53703,18.97,G23,S
10335,0,3,"Taylor, Mr. Thomas",male,27.3,0,0,T771334,11.68,,S
10336,0,3,"Johnson, Mr. Richard",male,51.7,1,5,T302479,,G72,S
10337,0,3,"Wilson, Mr. George",male,35.4,4,0,T312652,4.69,,S
10338,1,1,"Jones, Mrs. Florence",female,33.1,0,0,T426482,47.34,,Q
10339,0,3,"Brown, Mr. Edward",male,35.5,0,0,T137326,7.93,,C
10340,1,3,"Brown, Miss. Beatrice",female,15.6,1,0,T727737,10.95,,S
10341,0,2,"Brown, Mr. Henry",male,23.2,0,0,T419720,17.76,,S
10342,0,2,"Moore, Mr. Henry",male,31.6,0,0,T471929,29.53,C76,S
10343,0,3,"Johnson, Mr. Robert",male,25.3,0,0,T228653,3.84,,S
10344,0,3,"Johnson, Mr. George",male,21.3,0,0,T858869,8.35,,S
10345,1,2,"Moore, Miss. Lily",female,25.6,0,0,T523207,20.97,E125,S
10346,0,1,"Taylor, Mr. Robert",male,30.3,1,0,T620254,67.11,,C
10347,0,1,"Jones, Mr. John",male,,0,0,T360475,297.17,,S
10348,0,2,"Williams, Miss. Lily",female,,2,0,T382005,23.98,,C
10349,0,2,"Moore, Mr. Henry",male,19.9,0,0,T504739,16.46,,C
10350,0,3,"Moore, Mr. Robert",male,,0,0,T475168,8.59,,Q
10351,0,1,"Wilson, Mr. George",male,51.5,0,0,T734204,104.99,,S
10352,0,3,"Moore, Mr. William",male,52.5,0,0,T995597,7.15,,S
10353,1,3,"Taylor, Miss. Alice",female,58.0,0,0,T681110,9.81,E17,S
10354,0,3,"Johnson, Mr. William",male,30.6,3,0,T695575,6.76,,S
10355,0,3,"Smith, Mr. Charles",male,,2,0,T158892,10.01,,S
10356,0,1,"Brown, Master. John",male,14.5,1,0,T579982,88.25,,S
10357,1,2,"Anderson, Mrs. Alice",female,24.6,0,0,T260515,36.9,,S
10358,1,1,"Johnson, Mrs. Annie",female,13.5,0,2,T698120,59.96,,S
10359,0,3,"Jones, Mr. Edward",male,,0,1,T283439,12.46,,S
10360,0,2,"Anderson, Mr. George",male,30.3,0,2,T847863,26.51,G112,Q
10361,0,3,"Thomas, Mr. James",male,33.0,0,0,T439611,28.44,,C
10362,0,3,"Moore, Mr. Robert",male,17.4,0,0,T273753,8.25,,Q
10363,0,3,"Anderson, Mr. Richard",male,42.0,0,0,T332449,16.64,B130,S
10364,1,3,"Johnson, Mrs. Dorothy",female,0.5,1,0,T684713,6.92,A102,Q
10365,0,3,"Jones, Mrs. Florence",female,,0,0,T204794,32.51,E75,S
10366,0,3,"Thomas, Mr. John",male,28.2,2,0,T731335,10.25,,S
10367,0,3,"Smith, Mr. John",male,0.5,0,0,T920780,12.78,F45,S
10368,0,1,"Miller, Mr. Richard",male,35.3,0,3,T404147,72.45,,S
10369,0,3,"Taylor, Miss. Mary",female,27.2,0,0,T143259,11.01,,S
10370,0,3,"Williams, Miss. Alice",female,37.8,1,2,T916937,9.55,,S
10371,0,1,"Davis, Mr. Edward",male,,0,1,T343293,198.59,,Q
10372,0,3,"Moore, Mr. George",male,34.4,0,0,T105304,8.72,,S
10373,1,3,"Wilson, Mr. Charles",male,43.8,0,1,T809042,8.96,,S
10374,0,3,"Johnson, Mr. Edward",male,,1,0,T184994,5.87,,S
10375,1,3,"Davis, Master. William",male,36.8,0,0,T972342,12.3,,Q
10376,1,3,"Miller, Mr. Thomas",male,17.1,0,0,T863111,8.72,,C
10377,1,1,"Thomas, Mr. Robert",male,,1,0,T62350,204.15,,Q
10378,1,2,"Taylor, Master. Charles",male,35.1,0,0,T524149,50.55,,S
10379,0,3,"Williams, Mr. Thomas",male,23.9,2,0,T78837,26.46,,S
10380,0,3,"Smith, Master. Henry",male,48.3,0,0,T976871,24.66,E60,C
10381,1,3,"Johnson, Miss. Lily",female,,0,0,T287082,13.74,,C
10382,0,2,"Miller, Mr. Thomas",male,29.5,0,0,T449146,22.13,,S
10383,1,1,"Smith, Mrs. Annie",female,12.9,0,0,T289689,56.29,,S
10384,0,3,"Davis, Mr. Richard",male,24.7,4,0,T774363,12.66,,S
10385,1,1,"Taylor, Mr. Henry",male,16.0,0,0,T323193,48.68,,S
10386,0,1,"Jones, Mr. John",male,17.4,0,1,T329121,195.73,,S
10387,0,3,"Brown, Master. John",male,28.9,0,0,T447092,10.64,,S
10388,0,2,"Johnson, Mr. Henry",male,20.9,0,1,T470139,26.35,,S
10389,0,3,"Williams, Mr. George",male,67.8,0,0,T88193,35.82,,S
10390,0,1,"Johnson, Mrs. Dorothy",female,41.8,0,2,T430220,171.44,F71,S
10391,1,1,"Johnson, Mrs. Florence",female,,0,2,T464318,95.19,B98,S
10392,0,3,"Williams, Miss. Clara",female,28.1,0,0,T181058,8.72,,S
10393,0,3,"Anderson, Mr. Edward",male,31.2,0,2,T978486,12.99,G55,S
10394,0,1,"Davis, Mr. James",male,,0,1,T445008,31.48,,S
10395,1,3,"Wilson, Mr. Charles",male,67.8,0,0,T669491,31.46,,C
10396,0,2,"Johnson, Mrs. Emma",female,28.1,1,0,T709350,16.57,,C
10397,1,3,"Jones, Mrs. Emma",female,,2,2,T936404,13.06,A115,C
10398,1,1,"Thomas, Mrs. Clara",female,18.8,0,0,T514317,64.78,C90,S
10399,1,3,"Davis, Mr. Edward",male,,0,2,T137179,14.68,,S
10400,0,3,"Taylor, Mr. James",male,50.3,0,0,T488415,4.91,F145,S
10401,0,1,"Miller, Mr. Robert",male,45.5,0,0,T172948,30.53,G65,S
10402,0,1,"Brown, Mr. Henry",male,,0,0,T262111,84.33,E139,S
10403,0,3,"Thomas, Mr. Robert",male,18.4,0,0,T712594,5.51,,S
10404,1,1,"Williams, Master. Richard",male,47.8,0,0,T298167,29.12,,S
10405,0,2,"Brown, Master. Thomas",male,60.2,0,0,T456002,32.01,,S
10406,0,2,"Wilson, Mr. John",male,27.6,1,0,T707718,27.25,F99,S
10407,0,3,"Williams, Mr. Charles",male,47.2,2,0,T939552,28.34,,S
10408,0,3,"Smith, Mrs. Mary",female,8.4,0,4,T829466,15.98,,S
10409,1,1,"Smith, Mr. Thomas",male,17.5,0,1,T125757,27.87,A22,S
10410,0,3,"Moore, Mr. Thomas",male,15.1,0,0,T942834,8.01,,C
10411,0,3,"Miller, Mr. John",male,,1,2,T931150,10.77,,Q
10412,1,1,"Davis, Mr. Richard",male,,1,0,T368896,153.11,,Q
10413,1,3,"Miller, Mr. George",male,33.2,1,0,T361139,19.29,,S
10414,0,3,"Williams, Mrs. Edith",female,,1,0,T130722,18.86,,S
10415,0,3,"Williams, Mr. George",male,20.2,2,0,T361947,9.66,,S
10416,1,1,"Brown, Mr. Thomas",male,31.1,0,0,T861752,42.25,C122,S
10417,0,3,"Williams, Master. Henry",male,10.3,0,1,T957841,8.55,,S
10418,0,3,"Williams, Mr. William",male,46.6,0,0,T725802,12.42,,S
10419,0,3,"Thomas, Mr. John",male,45.6,0,0,T451627,19.8,,C
10420,0,3,"Williams, Mr. Charles",male,34.9,0,0,T839277,10.92,,S
10421,0,1,"Smith, Mr. Henry",male,31.4,0,0,T195404,115.62,D86,S
10422,1,3,"Davis, Mrs. Lily",female,22.3,1,0,T335245,20.25,,S
10423,0,3,"Jones, Mr. George",male,9.5,1,0,T672948,16.62,,S
10424,1,1,"Miller, Mrs. Edith",female,,0,2,T131545,56.41,,S
10425,0,1,"Moore, Mr. John",male,40.7,0,1,T207666,157.38,,S
10426,0,1,"Davis, Mr. James",male,,0,0,T542754,118.41,,C
10427,0,3,"Moore, Mr. Robert",male,24.0,0,0,T765514,9.0,A90,S
10428,1,3,"Taylor, Mrs. Clara",female,33.6,1,1,T778308,15.55,,S
10429,1,3,"Thomas, Mrs. Alice",female,45.9,0,0,T265185,5.51,G72,S
10430,0,2,"Brown, Mr. Charles",male,46.3,0,0,T129268,24.65,B113,C
10431,0,3,"Williams, Mr. Edward",male,,1,0,T984402,10.46,,S
10432,0,3,"Taylor, Mrs. Beatrice",female,,0,0,T507297,14.34,,S
10433,1,1,"Anderson, Mrs. Clara",female,22.1,0,0,T535908,47.08,,S
10434,0,2,"Taylor, Mr. Thomas",male,16.6,0,0,T322269,21.82,,C
10435,1,1,"Taylor, Mr. George",male,51.0,0,0,T76338,95.72,,S
10436,1,3,"Thomas, Mrs. Annie",female,30.6,0,0,T729719,10.47,,Q
10437,0,3,"Wilson, Mr. Charles",male,,0,0,T74177,12.91,,S
10438,1,3,"Brown, Miss. Dorothy",female,33.3,1,0,T252550,6.41,,S
10439,0,2,"Anderson, Mr. Richard",male,30.5,1,0,T319415,32.34,,S
10440,1,3,"Smith, Miss. Annie",female,26.5,1,2,T33398,9.49,,C
10441,0,3,"Wilson, Mr. George",male,18.7,0,0,T571009,11.87,,S
10442,0,3,"Thomas, Mr. Richard",male,52.4,0,0,T864584,10.15,D16,S
10443,1,1,"Thomas, Mr. Robert",male,21.4,0,0,T192569,33.4,,S
10444,1,3,"Smith, Mrs. Alice",female,16.2,0,1,T593125,14.14,,S
10445,0,3,"Brown, Miss. Clara",female,28.5,0,2,T480120,15.56,A10,C
10446,1,1,"Wilson, Miss. Clara",female,61.0,0,0,T574514,29.31,,S
10447,1,1,"Anderson, Mrs. Lily",female,17.8,1,0,T442840,68.84,F14,C
10448,0,3,"Thomas, Mr. William",male,40.0,1,0,T178783,5.25,A25,S
10449,0,3,"Jones, Mr. Robert",male,26.1,0,0,T853346,26.73,,S
10450,0,3,"Thomas, Mr. George",male,33.2,0,1,T97618,4.75,,S
10451,0,2,"Anderson, Miss. Annie",female,43.1,2,0,T102253,21.37,,C
10452,1,2,"Wilson, Mr. John",male,4.8,0,0,T706763,14.4,,S
10453,0,2,"Brown, Mr. Edward",male,16.7,1,0,T811141,17.75,,S
10454,0,3,"Taylor, Mr. Charles",male,42.9,0,0,T153104,11.55,,S
10455,0,3,"Smith, Mr. Robert",male,31.1,0,0,T691137,21.45,,S
10456,0,3,"Williams, Miss. Beatrice",female,32.8,0,0,T302702,14.31,,C
10457,0,2,"Smith, Mrs. Dorothy",female,40.0,0,0,T73101,38.38,,S
10458,0,3,"Miller, Mr. Henry",male,16.8,1,0,T693495,9.22,F133,S
10459,0,3,"Jones, Mrs. Florence",female,45.0,1,0,T548678,32.4,B146,S
10460,0,3,"Moore, Mr. Thomas",male,41.6,0,0,T975815,4.58,G69,S
10461,1,3,"Moore, Mr. Thomas",male,33.2,0,2,T147319,5.57,,S
10462,0,3,"Miller, Miss. Emma",female,36.5,0,0,T140197,7.42,,S
10463,0,3,"Smith, Mr. George",male,,2,1,T735334,6.1,,S
10464,0,2,"Davis, Mr. William",male,,0,0,T833573,19.31,,C
10465,0,3,"Thomas, Mrs. Dorothy",female,39.3,1,0,T675962,12.83,,S
10466,1,1,"Smith, Mrs. Clara",female,,1,2,T944336,104.64,B147,C
10467,1,3,"Davis, Miss. Emma",female,39.0,2,0,T60969,17.03,A108,C
10468,1,3,"Johnson, Miss. Beatrice",female,26.5,0,0,T989900,6.99,,S
10469,0,2,"Anderson, Mr. George",male,,2,0,T202720,19.11,,S
10470,0,3,"Williams, Mr. John",male,33.0,1,0,T269553,11.45,D1,S
10471,1,3,"Miller, Miss. Alice",female,50.0,1,0,T817860,13.98,,S
10472,0,3,"Jones, Mr. Thomas",male,23.6,1,0,T943743,7.38,,S
10473,0,3,"Thomas, Mr. Charles",male,,0,0,T197870,6.27,,S
10474,0,3,"Smith, Mr. Edward",male,21.8,2,0,T499037,10.25,G60,S
10475,1,3,"Davis, Miss. Annie",female,,1,0,T411023,8.46,D24,S
10476,1,2,"Thomas, Mr. Henry",male,,0,0,T203419,15.05,,S
10477,1,1,"Smith, Miss. Edith",female,,0,0,T922099,60.25,E20,S
10478,0,2,"Taylor, Mr. Thomas",male,26.5,0,0,T449295,36.74,,Q
10479,0,3,"Taylor, Mr. Richard",male,13.6,1,0,T476254,42.87,,S
10480,1,1,"Davis, Miss. Alice",female,,0,1,T948754,96.25,,C
10481,0,3,"Jones, Mr. John",male,37.5,0,0,T925272,11.49,,S
10482,1,2,"Miller, Mr. Charles",male,,0,0,T906521,24.62,F34,S
10483,1,3,"Anderson, Miss. Mary",female,17.9,0,2,T468564,18.35,D147,S
10484,0,1,"Jones, Miss. Edith",female,,1,0,T548241,64.82,,C
10485,0,3,"Smith, Mr. George",male,,0,3,T814569,4.12,,S
10486,0,3,"Davis, Mr. John",male,,2,0,T896597,6.87,,S
10487,0,3,"Thomas, Master. James",male,,0,0,T497660,22.59,,S
10488,0,3,"Anderson, Mr. Henry",male,27.4,3,3,T176021,9.59,,C
10489,0,3,"Williams, Mr. Thomas",male,22.0,0,0,T425044,18.36,,C
10490,0,3,"Moore, Mr. Henry",male,37.3,0,0,T907453,8.69,A36,S
10491,1,3,"Brown, Mr. George",male,56.4,4,0,T813163,8.06,B40,S
10492,0,2,"Smith, Master. Henry",male,24.2,0,0,T239458,17.95,F54,S
10493,0,3,"Brown, Mr. Edward",male,52.6,1,0,T753191,9.5,E2,S
10494,0,3,"Brown, Mr. Charles",male,8.4,0,0,T480180,21.55,,S
10495,0,2,"Wilson, Mrs. Lily",female,36.3,0,0,T655849,19.89,,S
10496,0,3,"Anderson, Mrs. Emma",female,21.1,3,0,T34782,36.62,,S
10497,1,3,"Johnson, Mr. Robert",male,36.6,0,0,T583435,13.5,,S
10498,0,3,"Brown, Miss. Edith",female,4.2,2,1,T978680,23.65,E94,S
10499,0,3,"Anderson, Miss. Beatrice",female,11.1,1,0,T37279,8.96,,S
10500,0,2,"Miller, Mr. Thomas",male,36.6,0,1,T907971,22.71,,S
10501,0,2,"Johnson, Mr. Richard",male,20.6,0,0,T797038,16.31,,S
10502,0,1,"Thomas, Mr. Richard",male,25.0,0,1,T925947,26.15,,S
10503,0,2,"Davis, Mr. Richard",male,56.3,0,0,T277379,18.29,,S
10504,0,3,"Thomas, Mr. George",male,31.7,0,0,T100477,11.46,,S
10505,0,2,"Jones, Miss. Beatrice",female,42.8,0,0,T899777,26.47,,S
10506,1,3,"Thomas, Miss. Emma",female,18.7,0,0,T10284,11.21,,S
10507,1,3,"Davis, Mrs. Beatrice",female,10.3,1,0,T478022,11.33,,C
10508,1,3,"Moore, Miss. Annie",female,28.5,0,0,T421093,12.12,,S
10509,1,1,"Williams, Miss. Annie",female,8.1,0,0,T816198,387.59,,S
10510,0,2,"Brown, Mr. William",male,19.6,0,1,T145590,30.54,,S
10511,0,2,"Wilson, Mr. Robert",male,33.1,1,2,T310728,26.91,,S
10512,0,2,"Anderson, Mr. John",male,,0,0,T15138,26.6,,C
10513,1,3,"Miller, Miss. Emma",female,,0,0,T182677,15.68,,S
10514,0,3,"Brown, Mr. Edward",male,,8,0,T849345,6.08,,S
10515,0,3,"Brown, Miss. Emma",female,,0,0,T470322,14.56,C32,S
10516,0,3,"Wilson, Miss. Edith",female,16.0,0,0,T161157,12.25,C72,S
10517,0,2,"Moore, Mr. James",male,0.5,1,0,T43279,18.87,,C
10518,0,3,"Miller, Mr. James",male,24.3,0,2,T143886,10.48,A94,S
10519,1,1,"Jones, Mrs. Mary",female,40.4,0,0,T99002,71.29,,S
10520,0,3,"Anderson, Master. Robert",male,51.3,0,0,T983040,13.3,,C
10521,0,3,"Smith, Mr. George",male,,0,0,T409415,14.77,,S
10522,1,1,"Brown, Mrs. Edith",female,,0,0,T998451,130.13,,C
10523,1,2,"Williams, Mrs. Edith",female,35.3,1,0,T606980,16.48,,S
10524,0,2,"Anderson, Mr. John",male,31.3,0,0,T453918,49.35,,S
10525,0,3,"Moore, Miss. Alice",female,20.8,1,0,T803380,7.48,,C
10526,0,1,"Moore, Mr. John",male,0.5,0,0,T508869,155.49,,C
10527,0,3,"Smith, Mr. Robert",male,,0,2,T355808,17.07,C49,S
10528,0,3,"Brown, Mr. John",male,28.9,0,1,T258444,11.5,,S
10529,1,3,"Miller, Mr. Charles",male,49.8,3,0,T853783,8.75,,S
10530,0,3,"Moore, Mr. William",male,15.9,1,0,T458012,6.4,,S
10531,1,1,"Anderson, Mrs. Clara",female,64.9,0,0,T276191,68.24,,C
10532,0,3,"Jones, Mr. William",male,26.1,0,1,T396372,26.63,,S
10533,0,3,"Johnson, Mr. Thomas",male,19.7,0,0,T496335,9.22,B64,S
10534,0,3,"Brown, Mr. George",male,26.6,2,2,T192962,9.27,E81,S
10535,1,3,"Miller, Mr. George",male,32.2,1,0,T12711,10.43,,S
10536,0,3,"Anderson, Mrs. Alice",female,,0,0,T999657,7.03,D117,S
10537,0,2,"Thomas, Mr. Henry",male,22.2,1,2,T47458,25.58,A81,S
10538,0,3,"Anderson, Master. Richard",male,3.6,1,0,T875346,13.78,,C
10539,1,3,"Taylor, Mr. James",male,,0,0,T45335,12.01,,C
10540,0,1,"Wilson, Mrs. Edith",female,45.3,0,0,T654121,54.6,B112,C
10541,0,3,"Jones, Mr. Edward",male,,2,0,T829757,6.96,,S
10542,0,1,"Jones, Mr. James",male,4.8,1,0,T482551,156.31,,S
10543,0,3,"Anderson, Mrs. Clara",female,14.4,0,1,T400878,24.41,,C
10544,0,3,"Smith, Mr. Robert",male,,0,0,T993772,3.52,,S
10545,0,3,"Davis, Master. James",male,18.7,0,0,T468078,12.99,,S
10546,1,3,"Miller, Mrs. Lily",female,25.6,2,0,T875362,7.82,,S
10547,0,3,"Anderson, Mrs. Dorothy",female,18.1,1,2,T411582,8.06,,S
10548,1,2,"Moore, Miss. Lily",female,44.3,3,0,T182179,45.36,,S
10549,0,3,"Jones, Mr. John",male,36.8,0,0,T826172,10.93,F106,C
10550,0,2,"Anderson, Mr. Henry",male,61.9,0,0,T813797,27.28,,S
10551,0,2,"Johnson, Master. Thomas",male,24.2,1,0,T642220,39.42,,C
10552,1,2,"Jones, Miss. Florence",female,,0,0,T936380,34.69,,S
10553,0,3,"Brown, Mrs. Annie",female,46.9,0,1,T475930,16.24,,S
10554,0,3,"Miller, Mr. Robert",male,35.4,1,0,T486672,3.88,,S
10555,0,3,"Jones, Mr. Edward",male,,0,0,T171416,13.49,,Q
10556,0,3,"Smith, Mr. Richard",male,37.8,0,0,T635361,15.24,G149,S
10557,0,1,"Smith, Mr. William",male,35.4,0,0,T252944,112.84,,S
10558,0,3,"Thomas, Mr. Charles",male,3.7,1,0,T515284,15.03,,C
10559,0,2,"Davis, Mrs. Edith",female,20.3,0,0,T879430,36.54,,S
10560,0,3,"Wilson, Mrs. Annie",female,32.5,3,2,T199387,12.53,,C
10561,1,3,"Wilson, Miss. Clara",female,50.7,0,2,T147179,5.07,,S
10562,0,3,"Davis, Mr. Charles",male,39.8,1,0,T747815,8.08,,S
10563,0,3,"Miller, Mrs. Alice",female,21.5,1,0,T671732,7.06,B11,S
10564,1,3,"Smith, Miss. Clara",female,19.4,1,0,T168839,21.49,C100,Q
10565,0,3,"Davis, Mr. Robert",male,,0,0,T453677,17.66,,S
10566,0,3,"Moore, Mr. John",male,,0,0,T692194,4.43,,S
10567,1,1,"Wilson, Mr. George",male,18.0,1,1,T936886,60.34,,S
10568,1,1,"Moore, Mrs. Florence",female,50.1,2,0,T403255,427.34,,S
10569,1,1,"Anderson, Miss. Dorothy",female,34.0,0,0,T32842,63.3,F47,S
10570,0,2,"Moore, Mr. Edward",male,18.7,2,0,T315391,48.04,E113,S
10571,1,1,"Miller, Mrs. Lily",female,12.3,0,0,T34884,65.93,,C
10572,0,3,"Brown, Mr. Thomas",male,41.9,0,0,T243556,11.3,,S
10573,1,3,"Taylor, Mrs. Clara",female,30.8,0,0,T24614,11.25,,S
10574,1,3,"Thomas, Mrs. Dorothy",female,26.5,1,0,T571905,7.93,,S
10575,0,2,"Davis, Mr. William",male,,0,0,T471570,27.35,,S
10576,0,2,"Taylor, Miss. Mary",female,32.1,0,0,T495576,17.03,G30,S
10577,0,2,"Thomas, Mr. Thomas",male,31.0,1,1,T184221,12.71,A39,S
10578,0,3,"Johnson, Mr. Thomas",male,10.5,0,0,T680238,6.26,G74,S
10579,1,3,"Jones, Mr. John",male,14.8,1,0,T458246,16.35,G122,Q
10580,0,3,"Taylor, Mr. Henry",male,40.6,3,0,T354581,8.01,,Q
10581,1,3,"Davis, Mrs. Clara",female,37.8,0,0,T202384,13.16,,S
10582,0,3,"Moore, Mr. Robert",male,35.2,3,0,T971994,17.78,F99,S
10583,0,1,"Wilson, Mr. Charles",male,,0,0,T278982,96.14,,C
10584,0,3,"Miller, Miss. Alice",female,40.8,1,3,T847867,28.0,E148,Q
10585,0,3,"Moore, Mr. Robert",male,24.3,1,0,T205028,11.49,,Q
10586,0,3,"Jones, Mr. George",male,48.6,0,0,T290181,7.45,,S
10587,0,2,"Miller, Mr. Robert",male,,1,0,T780321,12.49,,S
10588,0,2,"Brown, Mr. James",male,22.1,0,0,T916583,21.16,G114,S
10589,0,1,"Moore, Mr. Henry",male,,0,0,T947081,87.36,A95,S
10590,0,3,"Wilson, Mr. Robert",male,42.0,1,0,T291326,17.67,,S
10591,0,3,"Anderson, Mr. Thomas",male,29.2,0,1,T165169,18.13,,Q
10592,0,3,"Smith, Mr. Charles",male,30.2,0,0,T865239,6.83,E77,S
10593,0,3,"Taylor, Miss. Mary",female,24.0,0,0,T184736,15.63,,S
10594,0,1,"Wilson, Mrs. Clara",female,,0,1,T265262,172.04,,S
10595,0,3,"Brown, Mr. Henry",male,28.7,2,0,T371053,6.75,,S
10596,0,1,"Johnson, Mrs. Alice",female,,0,0,T713467,65.14,D14,S
10597,1,3,"Smith, Mrs. Clara",female,,1,0,T325771,12.12,G11,S
10598,0,3,"Williams, Mrs. Beatrice",female,31.9,0,2,T593389,5.39,,Q
10599,0,3,"Wilson, Mr. Robert",male,63.8,1,0,T293905,11.51,,C
10600,0,3,"Johnson, Miss. Emma",female,20.8,1,2,T527788,7.79,A54,S
10601,1,3,"Brown, Mrs. Emma",female,17.5,0,0,T424351,3.76,F101,S
10602,0,3,"Williams, Mr. James",male,33.7,1,0,T739924,6.64,,S
10603,0,2,"Wilson, Mr. Charles",male,15.3,0,0,T449493,26.71,,S
10604,0,3,"Jones, Mrs. Edith",female,14.1,1,0,T878340,2.94,,Q
10605,0,3,"Anderson, Mr. Charles",male,8.9,0,0,T808801,25.9,,S
10606,0,3,"Jones, Mr. William",male,18.5,1,0,T827228,12.09,E13,
10607,0,3,"Taylor, Mr. Richard",male,18.8,0,2,T29362,5.81,,S
10608,0,3,"Williams, Mrs. Emma",female,11.1,0,0,T84169,15.88,,S
10609,1,3,"Thomas, Miss. Emma",female,26.1,0,0,T91795,7.31,,S
10610,0,1,"Jones, Mr. Thomas",male,0.5,0,1,T359447,41.48,,S
10611,0,3,"Miller, Mrs. Beatrice",female,36.8,0,0,T768197,10.09,,S
10612,0,3,"Moore, Mr. John",male,21.6,0,0,T451674,,,S
10613,0,3,"Davis, Mrs. Lily",female,,0,1,T758568,10.48,,Q
10614,0,1,"Smith, Mr. William",male,38.2,2,2,T153762,96.38,E15,S
10615,0,3,"Brown, Mrs. Lily",female,35.1,0,0,T92873,12.26,,S
10616,0,1,"Smith, Mr. Richard",male,20.6,0,0,T263243,111.96,,C
10617,0,3,"Smith, Mr. Henry",male,36.3,1,0,T801234,21.57,,S
10618,0,1,"Davis, Master. Henry",male,,0,0,T670329,162.2,G92,S
10619,0,3,"Miller, Mrs. Dorothy",female,15.0,0,0,T71859,13.14,F74,S
10620,1,2,"Johnson, Mrs. Edith",female,40.6,0,0,T685008,18.1,B106,S
10621,1,2,"Jones, Mr. William",male,13.6,0,2,T71542,10.98,,C
10622,0,3,"Jones, Mr. William",male,,0,1,T618826,5.47,,S
10623,1,2,"Johnson, Mrs. Annie",female,19.4,1,0,T451833,15.83,,S
10624,1,1,"Williams, Mrs. Beatrice",female,18.8,0,1,T92402,38.49,,C
10625,0,1,"Jones, Mr. Charles",male,,1,1,T22020,72.58,C27,S
10626,0,3,"Brown, Mr. William",male,40.2,0,0,T579866,8.21,,C
10627,0,3,"Moore, Mr. George",male,19.9,0,1,T903229,13.6,,S
10628,0,2,"Williams, Mr. Edward",male,31.5,1,1,T873323,21.44,,S
10629,0,3,"Brown, Mr. Edward",male,19.4,0,0,T277334,16.21,G63,S
10630,0,1,"Williams, Mr. Thomas",male,6.6,0,0,T253789,109.79,,S
10631,0,3,"Smith, Mr. James",male,32.4,0,0,T483428,4.5,,S
10632,1,3,"Moore, Mrs. Alice",female,24.5,0,0,T189461,8.96,,S
10633,1,3,"Smith, Mrs. Alice",female,16.0,0,0,T748787,12.06,E52,S
10634,1,3,"Davis, Miss. Mary",female,48.6,0,1,T828144,7.04,,
10635,0,2,"Johnson, Mrs. Alice",female,16.5,0,0,T490902,39.24,,S
10636,1,2,"Smith, Mrs. Lily",female,31.8,1,0,T534284,26.14,,S
10637,0,3,"Wilson, Mr. John",male,45.4,0,0,T442060,10.81,,C
10638,0,1,"Smith, Master. John",male,26.0,0,0,T930379,74.2,,S
10639,0,2,"Moore, Mr. Robert",male,19.1,2,0,T943022,24.11,,Q
10640,1,1,"Anderson, Mrs. Alice",female,34.0,1,0,T462826,139.98,,S
10641,0,3,"Williams, Mrs. Lily",female,36.3,0,1,T982822,4.17,,S
10642,0,3,"Thomas, Mrs. Edith",female,42.4,0,0,T165520,11.9,,C
10643,0,1,"Williams, Mr. James",male,56.8,1,0,T872888,175.08,,S
10644,1,1,"Smith, Miss. Lily",female,23.1,0,0,T333929,179.7,,C
10645,0,3,"Davis, Miss. Alice",female,32.5,0,0,T191283,4.09,,S
10646,1,1,"Jones, Mr. Richard",male,11.3,1,0,T832456,267.28,,S
10647,0,3,"Williams, Miss. Florence",female,,1,0,T442674,7.58,,S
10648,0,1,"Thomas, Mr. James",male,32.4,2,0,T567105,81.5,,Q
10649,0,3,"Williams, Mrs. Beatrice",female,27.1,5,0,T309886,10.86,E10,S
10650,1,2,"Smith, Master. James",male,20.7,0,0,T344644,30.4,D121,C
10651,0,1,"Wilson, Mr. James",male,24.6,0,0,T515282,155.76,,S
10652,0,3,"Thomas, Miss. Florence",female,33.1,0,0,T880645,15.89,,Q
10653,0,3,"Smith, Mr. George",male,15.7,0,0,T220867,11.26,,C
10654,1,3,"Moore, Master. Edward",male,25.2,1,0,T67513,5.91,,S
10655,0,3,"Anderson, Mr. Henry",male,29.9,3,0,T713636,4.29,F46,S
10656,1,1,"Taylor, Mrs. Clara",female,7.4,2,0,T585645,149.36,,S
10657,1,1,"Miller, Mr. Thomas",male,14.5,1,2,T111116,148.32,,Q
10658,0,2,"Anderson, Miss. Emma",female,,0,0,T157006,59.92,,C
10659,1,1,"Taylor, Miss. Florence",female,52.4,0,0,T631605,137.17,,S
10660,0,3,"Wilson, Mr. Richard",male,17.7,1,0,T973625,10.33,,C
10661,0,3,"Brown, Mr. Henry",male,28.9,0,1,T941705,5.81,,S
10662,0,3,"Brown, Mr. Edward",male,14.6,0,0,T180589,10.73,,S
10663,0,3,"Anderson, Mr. Edward",male,18.4,0,0,T133929,6.88,,S
10664,0,3,"Anderson, Mr. William",male,,2,0,T440853,9.4,,C
10665,0,3,"Jones, Mr. Thomas",male,39.4,0,1,T359654,8.74,,S
10666,1,1,"Moore, Mr. Richard",male,10.5,1,0,T323222,132.73,,S
10667,0,3,"Miller, Mr. William",male,42.9,2,0,T14990,6.07,,S
10668,0,3,"Moore, Mrs. Clara",female,36.5,1,0,T915308,4.86,,C
10669,0,1,"Taylor, Mr. William",male,28.6,0,1,T348411,64.98,,C
10670,0,2,"Taylor, Miss. Beatrice",female,43.3,0,0,T616611,21.2,,C
10671,0,3,"Thomas, Master. Richard",male,,0,6,T862426,18.87,D77,C
10672,0,3,"Miller, Mr. Richard",male,36.6,0,0,T354197,7.74,,Q
10673,0,2,"Johnson, Mr. Richard",male,13.5,0,2,T154083,23.76,,C
10674,0,3,"Johnson, Mr. Edward",male,51.3,2,0,T309697,14.12,,S
10675,1,2,"Brown, Mrs. Edith",female,,0,2,T148461,29.1,,C
10676,0,3,"Thomas, Mr. Edward",male,60.3,0,0,T972639,17.67,,S
10677,0,2,"Taylor, Mr. Robert",male,22.4,0,0,T889535,31.59,,S
10678,0,2,"Davis, Mr. John",male,48.3,0,0,T656135,38.92,,S
10679,0,3,"Anderson, Mr. Edward",male,29.7,1,0,T394416,11.68,,S
10680,0,3,"Wilson, Mr. William",male,68.2,5,0,T749534,25.47,,C
10681,0,3,"Taylor, Mr. Edward",male,,0,1,T236783,22.66,,C
10682,0,1,"Miller, Mr. George",male,73.2,0,0,T987236,63.28,,S
10683,0,3,"Wilson, Mr. John",male,36.1,0,0,T916210,12.17,,S
10684,0,2,"Anderson, Mr. John",male,,0,0,T669381,32.11,,S
10685,1,2,"Williams, Mrs. Dorothy",female,,1,0,T476023,21.02,,S
10686,0,3,"Johnson, Mr. William",male,18.3,0,0,T435600,40.82,,S
10687,0,3,"Wilson, Master. James",male,,1,0,T70569,13.33,E91,S
10688,1,1,"Jones, Mr. Charles",male,,1,0,T310147,90.64,,S
10689,0,1,"Moore, Mr. James",male,31.9,2,0,T90611,133.47,,S
10690,1,3,"Wilson, Mr. James",male,30.9,0,0,T165098,13.2,,C
10691,0,3,"Johnson, Mr. Edward",male,38.0,1,0,T361861,16.15,,S
10692,0,3,"Williams, Mr. John",male,37.4,1,0,T290144,10.76,,S
10693,0,3,"Anderson, Mr. Henry",male,21.4,0,0,T828491,7.11,,S
10694,0,3,"Thomas, Miss. Alice",female,31.5,2,0,T984606,31.54,,S
10695,1,3,"Smith, Mrs. Annie",female,0.5,0,0,T785918,10.75,,S
10696,0,3,"Jones, Mr. Charles",male,,1,0,T113061,7.49,,S
10697,0,1,"Johnson, Mr. John",male,54.3,0,1,T69161,250.94,,S
10698,0,3,"Smith, Mr. William",male,32.5,0,2,T122264,8.63,,Q
10699,0,2,"Williams, Miss. Annie",female,6.4,1,0,T382768,30.13,,S
10700,0,3,"Brown, Mrs. Alice",female,40.5,0,1,T332107,6.69,E4,S
10701,1,1,"Jones, Mr. Edward",male,18.6,0,1,T286154,52.83,,C
10702,0,3,"Williams, Mr. Henry",male,,0,0,T529690,12.47,,S
10703,1,3,"Thomas, Mrs. Beatrice",female,,0,2,T842402,8.7,,C
10704,0,3,"Davis, Miss. Annie",female,37.6,0,1,T869643,17.42,,S
10705,0,3,"Brown, Mr. Thomas",male,45.4,1,1,T17828,27.58,B7,S
10706,1,2,"Johnson, Miss. Edith",female,31.8,1,2,T199185,24.33,,C
10707,0,3,"Moore, Master. John",male,,0,0,T829210,10.19,,S
10708,0,2,"Johnson, Mr. Charles",male,,0,1,T628162,32.34,,S
10709,1,1,"Brown, Mr. Thomas",male,28.7,0,6,T177665,42.99,,S
10710,0,2,"Moore, Mr. Thomas",male,19.7,0,0,T528846,19.24,F108,S
10711,1,1,"Smith, Miss. Edith",female,36.3,0,0,T712851,69.4,,C
10712,0,3,"Davis, Mrs. Edith",female,13.3,0,0,T108183,10.56,C4,S
10713,1,3,"Miller, Mrs. Dorothy",female,28.5,0,0,T41790,3.49,,S
10714,0,3,"Thomas, Mr. Richard",male,9.7,0,1,T845848,4.76,,S
10715,1,1,"Williams, Mr. Charles",male,,0,0,T159223,49.53,,S
10716,0,1,"Wilson, Mr. Robert",male,22.3,0,0,T741305,76.23,,S
10717,1,2,"Taylor, Mr. Thomas",male,15.4,0,0,T611257,49.28,,S
10718,0,2,"Davis, Miss. Emma",female,45.7,0,0,T666512,18.39,,S
10719,0,1,"Jones, Mr. Thomas",male,44.5,0,1,T40680,136.44,,S
10720,0,2,"Moore, Mr. Edward",male,,0,1,T753556,21.36,,S
10721,0,3,"Davis, Mr. Robert",male,27.0,2,1,T554879,14.75,,S
10722,0,3,"Anderson, Mr. George",male,23.4,1,0,T673245,13.35,A128,S
10723,0,3,"Jones, Mr. Robert",male,,0,1,T973681,8.01,,S
10724,0,2,"Johnson, Mr. John",male,31.6,0,0,T400728,49.29,,S
10725,1,3,"Anderson, Mrs. Emma",female,31.5,4,0,T983629,7.8,E13,C
10726,1,3,"Taylor, Mrs. Alice",female,,0,1,T669937,26.03,F5,C
10727,0,2,"Smith, Mr. William",male,40.7,0,0,T205695,29.59,,S
10728,0,1,"Smith, Mr. William",male,38.7,0,1,T320288,136.8,,S
10729,0,2,"Williams, Miss. Annie",female,29.6,0,0,T249202,21.11,,S
10730,0,1,"Moore, Mr. Richard",male,41.5,4,1,T436341,86.46,,S
10731,0,3,"Thomas, Mrs. Dorothy",female,,0,2,T273330,12.14,,S
10732,1,1,"Anderson, Mr. John",male,19.6,2,0,T840565,104.7,,S
10733,0,3,"Williams, Mr. William",male,26.5,0,0,T364162,12.08,,S
10734,1,1,"Anderson, Mrs. Beatrice",female,15.1,0,0,T95695,216.53,E112,S
10735,0,3,"Anderson, Mr. James",male,50.9,0,0,T146302,6.95,,C
10736,0,1,"Moore, Mr. Robert",male,43.9,0,0,T512745,44.39,,S
10737,0,3,"Jones, Mr. Henry",male,17.9,0,2,T274609,10.09,,S
10738,0,1,"Taylor, Mr. James",male,38.7,0,0,T198787,68.19,A11,S
10739,1,1,"Thomas, Mr. Charles",male,33.7,0,1,T723085,117.86,,S
10740,0,3,"Anderson, Mr. Richard",male,19.8,0,0,T835586,10.27,,S
10741,0,3,"Johnson, Mr. Robert",male,31.5,0,2,T98439,14.0,,S
10742,1,1,"Davis, Miss. Clara",female,42.1,1,2,T35264,64.7,,S
10743,0,3,"Jones, Mr. George",male,43.3,1,1,T400085,10.95,A64,S
10744,1,3,"Wilson, Mr. Thomas",male,63.5,0,0,T902261,9.97,,S
10745,0,3,"Brown, Master. Thomas",male,31.1,0,0,T16340,7.19,,S
10746,1,2,"Johnson, Mr. Richard",male,26.3,0,2,T793371,28.35,,S
10747,0,3,"Miller, Mr. Henry",male,37.9,0,0,T160285,12.95,G143,Q
10748,1,2,"Brown, Mr. Henry",male,27.0,4,0,T855065,21.48,,S
10749,0,2,"Wilson, Mrs. Florence",female,21.2,1,0,T80045,17.55,,S
10750,0,2,"Smith, Master. Henry",male,16.3,0,0,T500954,9.51,,S
10751,0,3,"Brown, Master. Robert",male,0.5,0,0,T371803,19.17,,C
10752,1,3,"Taylor, Miss. Edith",female,40.4,1,0,T644791,11.78,,S
10753,0,3,"Thomas, Mr. James",male,5.9,0,0,T758954,3.2,,S
10754,1,3,"Smith, Mrs. Annie",female,16.9,0,0,T700112,11.61,,S
10755,0,3,"Jones, Mr. John",male,33.9,0,5,T240076,14.03,,S
10756,0,3,"Smith, Miss. Clara",female,25.0,0,0,T669035,11.17,A72,S
10757,1,3,"Anderson, Miss. Florence",female,60.9,0,0,T883396,6.8,,S
10758,0,3,"Johnson, Miss. Alice",female,7.8,0,0,T333731,14.22,,S
10759,0,1,"Taylor, Mr. Richard",male,62.2,0,0,T447911,41.19,B92,S
10760,0,3,"Anderson, Mrs. Clara",female,,0,0,T59178,8.54,,S
10761,1,3,"Wilson, Mr. Edward",male,42.9,0,4,T382937,26.83,,C
10762,0,3,"Taylor, Miss. Edith",female,50.6,0,1,T106602,7.27,F145,C
10763,0,3,"Williams, Mr. William",male,,0,0,T800945,10.47,,S
10764,0,3,"Johnson, Mr. Edward",male,5.0,0,0,T405625,8.7,B105,S
10765,1,3,"Anderson, Mr. Edward",male,37.2,0,0,T66726,17.02,,S
10766,0,3,"Moore, Mr. Henry",male,8.2,0,1,T269087,5.0,B128,S
10767,0,1,"Johnson, Mr. Edward",male,,5,0,T912321,42.46,,S
10768,0,1,"Davis, Mr. Edward",male,28.6,0,0,T569639,47.8,,S
10769,1,3,"Smith, Mr. Charles",male,16.5,1,0,T309006,7.38,,C
10770,0,2,"Jones, Mrs. Emma",female,43.4,0,0,T748623,14.84,,Q
10771,0,3,"Johnson, Mr. Henry",male,26.6,0,0,T739306,25.5,,S
10772,0,2,"Thomas, Mr. William",male,35.6,0,0,T525770,41.64,,S
10773,0,3,"Johnson, Master. Richard",male,29.6,0,0,T784948,8.38,,S
10774,1,2,"Taylor, Master. James",male,31.5,0,0,T341851,32.81,,S
10775,1,3,"Thomas, Mr. Robert",male,16.8,0,1,T919921,4.74,,S
10776,1,3,"Moore, Miss. Clara",female,12.7,0,0,T318704,11.8,G106,Q
10777,0,3,"Brown, Mr. Edward",male,27.5,0,0,T226760,12.55,,S
10778,0,2,"Wilson, Mrs. Florence",female,,3,0,T56433,23.0,F111,S
10779,0,3,"Miller, Mr. Edward",male,49.9,0,0,T557051,13.3,,S
10780,1,3,"Jones, Miss. Alice",female,9.7,1,0,T849434,6.7,,S
10781,0,2,"Jones, Mr. Thomas",male,63.6,0,0,T845196,29.8,C109,S
10782,1,1,"Moore, Mrs. Dorothy",female,34.1,0,2,T228336,99.98,,S
10783,0,2,"Moore, Mr. John",male,30.7,0,0,T875819,11.12,,S
10784,0,1,"Miller, Mr. William",male,,2,0,T692954,374.04,B61,S
10785,0,2,"Williams, Mr. James",male,39.2,1,0,T231926,26.71,B9,S
10786,1,2,"Wilson, Mr. Charles",male,26.7,0,2,T661358,18.58,,S
10787,0,3,"Williams, Mr. Edward",male,,0,0,T716781,10.58,,S
10788,1,3,"Brown, Mr. Edward",male,41.9,0,0,T426661,10.07,,S
10789,1,3,"Jones, Mrs. Edith",female,39.4,0,0,T435095,9.86,,S
10790,0,3,"Williams, Mr. John",male,47.7,0,0,T936190,8.68,,S
10791,0,3,"Williams, Mr. William",male,37.5,0,0,T107465,7.36,,S
10792,0,3,"Brown, Mr. John",male,15.9,0,0,T128018,11.77,,S
10793,0,2,"Miller, Mrs. Emma",female,0.5,0,0,T253858,26.17,B93,S
10794,0,2,"Miller, Mr. James",male,32.8,0,0,T99941,49.15,E101,S
10795,0,3,"Thomas, Mr. Robert",male,33.0,0,6,T134645,26.56,,C
10796,0,3,"Williams, Mr. Edward",male,57.6,0,0,T756178,14.66,,S
10797,0,3,"Taylor, Mr. George",male,28.0,1,0,T988709,15.06,,C
10798,1,1,"Jones, Mr. John",male,35.1,0,1,T506908,78.55,,Q
10799,1,3,"Jones, Mrs. Annie",female,41.0,1,2,T621952,10.83,,C
10800,0,2,"Williams, Master. John",male,37.1,0,0,T556464,30.68,,S
10801,0,1,"Smith, Mr. Henry",male,41.9,1,0,T227742,68.8,,S
10802,0,3,"Smith, Mrs. Dorothy",female,17.8,2,0,T729044,6.68,,S
10803,0,3,"Wilson, Mr. Charles",male,15.5,0,0,T177539,23.32,,S
10804,0,3,"Smith, Mr. Robert",male,25.6,0,0,T231450,14.91,,Q
10805,0,3,"Smith, Miss. Annie",female,0.5,0,0,T118321,12.83,,S
10806,1,3,"Smith, Mrs. Beatrice",female,29.1,0,0,T308333,15.08,G145,S
10807,0,3,"Taylor, Mr. William",male,,0,0,T114636,8.85,,S
10808,1,2,"Thomas, Mr. John",male,34.4,2,0,T307538,13.63,,Q
10809,0,2,"Jones, Mrs. Emma",female,25.9,1,0,T634943,29.98,,S
10810,0,3,"Jones, Mr. William",male,15.0,0,0,T143626,7.19,,S
10811,1,2,"Davis, Master. Richard",male,48.7,1,0,T675344,38.32,C113,C
10812,0,1,"Miller, Mr. Robert",male,30.9,1,0,T254572,98.97,,C
10813,0,1,"Moore, Mr. John",male,42.2,0,1,T306853,64.32,,S
10814,1,3,"Anderson, Miss. Alice",female,32.4,0,0,T367241,6.51,,C
10815,1,3,"Davis, Mrs. Alice",female,36.4,0,0,T851821,21.15,,C
10816,0,3,"Brown, Mr. John",male,10.0,0,0,T481092,9.5,,S
10817,1,3,"Davis, Mrs. Clara",female,48.2,0,0,T601017,18.56,,C
10818,1,1,"Taylor, Mr. Robert",male,42.4,0,0,T19247,97.41,,C
10819,0,3,"Miller, Miss. Florence",female,29.4,0,0,T159477,8.55,,S
10820,0,3,"Jones, Mr. Charles",male,33.9,0,0,T580346,22.38,A69,S
10821,1,1,"Jones, Mr. Robert",male,44.2,0,0,T578437,501.5,,C
10822,0,3,"Thomas, Mr. John",male,,0,0,T541361,30.4,,S
10823,0,3,"Johnson, Mr. William",male,,1,1,T671386,4.89,,S
10824,0,3,"Moore, Mr. Edward",male,,0,0,T405501,6.92,,S
10825,0,1,"Johnson, Mr. James",male,31.9,0,0,T978327,70.53,,S
10826,0,3,"Miller, Miss. Dorothy",female,,2,0,T84190,23.05,,S
10827,0,3,"Davis, Miss. Annie",female,48.8,0,0,T129845,37.19,,S
10828,0,3,"Moore, Mr. Henry",male,15.8,2,0,T404429,11.37,,S
10829,1,2,"Brown, Mrs. Mary",female,17.6,0,0,T115201,26.14,C59,Q
10830,0,3,"Anderson, Mrs. Florence",female,14.4,0,0,T67200,12.97,,S
10831,1,3,"Miller, Miss. Florence",female,35.9,0,0,T176300,13.3,,S
10832,0,2,"Williams, Mr. Robert",male,,0,0,T974552,15.32,A60,S
10833,1,2,"Johnson, Miss. Dorothy",female,,0,0,T604195,35.93,B85,S
10834,0,3,"Johnson, Mr. John",male,16.2,1,0,T698428,17.68,,S
10835,0,1,"Davis, Mr. Robert",male,,0,0,T934028,419.59,,S
10836,0,3,"Moore, Master. Henry",male,55.4,2,0,T191865,16.09,,C
10837,1,1,"Wilson, Master. Robert",male,47.6,5,0,T824655,61.44,C40,S
10838,1,1,"Williams, Miss. Emma",female,31.4,0,0,T268190,39.59,,S
10839,1,3,"Brown, Mrs. Mary",female,10.7,1,0,T720218,10.22,,Q
10840,1,1,"Johnson, Miss. Alice",female,58.9,5,0,T664455,239.49,C85,S
10841,0,3,"Johnson, Mrs. Lily",female,26.9,2,0,T673777,5.17,,S
10842,0,3,"Smith, Mr. Henry",male,33.3,0,0,T389934,10.89,,S
10843,1,3,"Taylor, Miss. Mary",female,42.9,0,0,T667244,9.07,A76,S
10844,1,3,"Moore, Mr. Richard",male,1.2,0,0,T844584,14.05,,S
10845,0,3,"Brown, Mr. Thomas",male,20.4,1,0,T930055,5.37,,S
10846,1,2,"Jones, Mrs. Florence",female,28.7,0,1,T682458,27.4,,S
10847,0,3,"Davis, Mr. Robert",male,31.6,0,0,T704785,18.34,,Q
10848,0,1,"Johnson, Mrs. Mary",female,,0,6,T444728,216.58,,Q
10849,0,2,"Johnson, Mr. James",male,34.4,0,0,T217687,34.78,,S
10850,1,3,"Anderson, Miss. Clara",female,30.2,0,0,T192401,8.99,D145,S
10851,0,3,"Thomas, Mr. George",male,53.9,0,3,T301429,8.18,,S
10852,0,1,"Jones, Mr. John",male,44.2,0,0,T397252,97.59,,S
10853,0,2,"Johnson, Mr. Richard",male,25.8,1,2,T974033,19.96,,S
10854,0,3,"Brown, Mr. George",male,,0,0,T980439,16.81,,S
10855,0,2,"Taylor, Mr. John",male,,0,0,T663534,30.78,,S
10856,0,3,"Wilson, Mr. James",male,33.8,0,2,T487728,14.13,,C
10857,0,3,"Moore, Mrs. Clara",female,9.8,0,0,T776423,6.44,,S
10858,0,1,"Thomas, Mr. John",male,,0,4,T397189,142.16,,Q
10859,0,1,"Jones, Master. Thomas",male,15.3,1,5,T144936,171.92,,S
10860,1,3,"Anderson, Mr. Thomas",male,65.6,0,1,T20213,17.93,,S
10861,0,3,"Wilson, Miss. Lily",female,35.9,1,0,T355177,7.95,,S
10862,0,1,"Miller, Mrs. Clara",female,20.5,2,1,T623741,46.37,,Q
10863,0,2,"Taylor, Mr. William",male,0.5,0,0,T848036,47.37,,Q
10864,1,2,"Thomas, Mr. John",male,41.0,0,0,T341478,34.96,,S
10865,0,1,"Anderson, Mr. Edward",male,,0,0,T102003,89.58,B13,S
10866,0,3,"Wilson, Mr. Edward",male,34.9,0,1,T590915,13.71,,S
10867,0,3,"Taylor, Mr. Charles",male,57.7,1,0,T623435,27.09,,S
10868,0,3,"Thomas, Mr. William",male,13.2,2,0,T429375,6.93,,S
10869,0,3,"Brown, Mr. William",male,40.4,0,0,T745042,13.19,,S
10870,0,1,"Moore, Mr. James",male,17.9,0,2,T394887,103.53,,Q
10871,0,2,"Johnson, Mr. John",male,46.1,0,0,T251156,31.83,,S
10872,0,3,"Smith, Mr. George",male,30.7,0,0,T89196,7.5,,S
10873,1,3,"Anderson, Mrs. Florence",female,29.4,0,0,T313130,10.22,,S
10874,1,3,"Wilson, Miss. Florence",female,47.2,0,0,T447787,9.38,D111,S
10875,1,3,"Wilson, Mrs. Emma",female,38.8,0,0,T977565,23.34,,C
10876,0,3,"Davis, Mr. Charles",male,18.0,0,0,T221307,18.06,,S
10877,0,1,"Brown, Mr. Robert",male,55.6,0,0,T627485,238.74,B85,S
10878,1,3,"Johnson, Mr. William",male,7.4,0,0,T232482,12.87,B14,S
10879,1,3,"Taylor, Mr. Edward",male,33.7,0,0,T521360,12.95,,S
10880,0,3,"Taylor, Mr. Charles",male,17.8,0,0,T56327,8.54,,S
10881,1,3,"Davis, Miss. Florence",female,8.1,0,0,T803917,16.05,B114,S
10882,1,3,"Anderson, Miss. Annie",female,13.3,0,1,T747308,14.38,G31,Q
10883,1,3,"Johnson, Miss. Dorothy",female,29.0,0,0,T884663,14.86,,S
10884,0,3,"Thomas, Miss. Edith",female,34.8,0,1,T972806,7.7,,S
10885,0,3,"Davis, Master. William",male,45.1,1,0,T374806,3.11,G26,S
10886,0,3,"Moore, Miss. Emma",female,51.1,1,0,T373603,12.83,,S
10887,1,3,"Taylor, Mrs. Florence",female,33.7,2,0,T626107,16.07,,S
10888,1,1,"Davis, Mr. James",male,23.3,0,1,T679946,117.88,,S
10889,0,3,"Anderson, Mr. John",male,44.8,0,0,T922713,5.56,,S
10890,0,3,"Davis, Mr. Charles",male,20.8,0,0,T402037,6.58,,S
10891,0,3,"Davis, Mr. James",male,6.6,0,1,T181004,7.24,,S
10892,0,1,"Williams, Mr. Thomas",male,,0,0,T513365,161.43,E96,S
10893,0,3,"Miller, Miss. Annie",female,48.9,0,0,T538268,5.06,,C
10894,0,2,"Taylor, Mr. Henry",male,17.8,1,1,T74076,27.87,,S
10895,0,3,"Smith, Miss. Clara",female,58.1,0,0,T375255,11.65,,C
10896,0,2,"Jones, Mr. Edward",male,38.2,0,0,T146542,26.3,E56,S
10897,0,3,"Smith, Mr. Charles",male,36.0,0,0,T18080,27.8,,S
10898,0,2,"Thomas, Mr. James",male,,0,2,T566655,21.3,,S
10899,1,1,"Wilson, Mrs. Lily",female,44.5,0,0,T335397,119.21,,S
10900,0,3,"Brown, Mr. Robert",male,7.6,1,0,T194913,3.97,C32,S
10901,1,1,"Williams, Mrs. Edith",female,24.8,0,0,T802196,67.5,,S
10902,1,3,"Smith, Mrs. Alice",female,19.1,1,0,T753176,6.5,,S
10903,1,3,"Anderson, Mrs. Beatrice",female,,0,0,T86240,7.31,,C
10904,1,3,"Williams, Miss. Lily",female,42.2,0,0,T352341,10.58,,S
10905,1,1,"Taylor, Miss. Mary",female,,0,0,T705928,59.72,,S
10906,0,3,"Taylor, Mr. George",male,41.4,0,0,T318148,13.44,,S
10907,0,2,"Anderson, Mrs. Clara",female,,0,2,T616276,37.0,,S
10908,0,3,"Taylor, Mr. Richard",male,44.0,0,0,T863406,10.67,,S
10909,0,3,"Thomas, Mr. Charles",male,30.8,0,2,T395898,20.59,D60,C
10910,0,1,"Miller, Mr. Thomas",male,,0,0,T817597,165.45,,S
10911,1,2,"Thomas, Mr. Thomas",male,,0,0,T245650,22.08,,S
10912,1,2,"Taylor, Mr. Charles",male,0.9,0,1,T756769,22.34,,S
10913,0,3,"Moore, Mr. Charles",male,46.6,0,2,T325830,7.32,B30,S
10914,0,2,"Jones, Mrs. Alice",female,44.9,0,0,T216702,33.0,,S
10915,0,3,"Jones, Mr. Richard",male,,0,2,T524066,10.92,,S
10916,0,3,"Jones, Mr. Henry",male,24.8,2,0,T398285,15.2,,S
10917,0,3,"Wilson, Miss. Annie",female,,0,0,T282653,11.81,,Q
10918,0,3,"Wilson, Mr. John",male,5.0,1,1,T948748,29.7,,S
10919,1,2,"Anderson, Mr. Robert",male,,0,0,T964706,19.03,,C
10920,1,3,"Miller, Mrs. Mary",female,40.3,0,1,T78241,9.08,,S
10921,0,3,"Moore, Mr. James",male,52.2,1,0,T35020,31.21,,S
10922,0,3,"Thomas, Mr. John",male,16.4,0,0,T872787,17.87,D34,Q
10923,1,1,"Jones, Miss. Edith",female,,0,1,T395831,103.66,,C
10924,1,2,"Davis, Mr. James",male,,0,1,T590211,20.31,,S
10925,0,2,"Taylor, Mr. Robert",male,49.2,0,2,T384115,57.05,,S
10926,0,2,"Anderson, Miss. Dorothy",female,,1,0,T666889,,,S
10927,0,1,"Johnson, Mr. James",male,7.1,0,0,T471756,39.24,F84,S
10928,0,3,"Anderson, Mr. William",male,27.8,0,2,T245051,4.67,,S
10929,0,3,"Thomas, Mr. Thomas",male,1.5,0,0,T604085,17.14,,Q
10930,0,3,"Taylor, Mrs. Edith",female,,0,0,T156728,10.88,,S
10931,1,3,"Anderson, Miss. Alice",female,13.7,1,0,T653202,7.26,,S
10932,1,1,"Anderson, Miss. Mary",female,,1,0,T302326,160.16,,C
10933,0,3,"Jones, Mr. Edward",male,25.9,0,0,T727325,12.42,,S
10934,1,3,"Brown, Mrs. Florence",female,,0,0,T171043,16.13,,Q
10935,1,3,"Jones, Miss. Beatrice",female,31.4,0,0,T952670,5.59,,S
10936,0,3,"Johnson, Mr. Richard",male,,0,1,T381739,16.59,E97,S
10937,0,1,"Jones, Mrs. Mary",female,34.5,0,0,T727899,50.82,,Q
10938,1,3,"Anderson, Mrs. Mary",female,11.6,0,0,T537651,3.13,,S
10939,0,1,"Taylor, Master. Robert",male,30.8,2,0,T764405,98.67,,S
10940,0,2,"Moore, Miss. Emma",female,50.5,0,2,T279692,33.59,G129,S
10941,1,2,"Moore, Miss. Mary",female,27.3,1,0,T871091,35.29,,S
10942,0,3,"Brown, Mr. Edward",male,,1,0,T409172,9.61,,S
10943,0,2,"Davis, Mrs. Beatrice",female,35.5,0,0,T272950,12.99,,S
10944,1,3,"Davis, Miss. Alice",female,,1,2,T337053,8.25,A15,S
10945,1,2,"Davis, Miss. Dorothy",female,33.9,0,0,T654987,23.88,,S
10946,0,3,"Williams, Mr. John",male,,0,0,T721549,5.86,,S
10947,0,3,"Johnson, Mr. Thomas",male,37.1,0,0,T787360,11.73,,S
10948,0,1,"Davis, Mr. Richard",male,39.2,0,2,T975639,58.7,D126,S
10949,1,2,"Davis, Mrs. Annie",female,36.1,0,1,T99957,17.33,F13,C
10950,0,3,"Miller, Mr. Robert",male,15.1,1,0,T887836,20.22,F26,S
10951,0,2,"Davis, Mr. Edward",male,12.7,4,0,T850135,12.79,,S
10952,0,3,"Thomas, Mr. James",male,24.6,0,2,T372295,13.1,A138,S
10953,0,3,"Wilson, Mr. George",male,52.2,0,2,T129848,18.45,E91,C
10954,1,2,"Williams, Miss. Emma",female,27.2,0,0,T600258,50.37,,S
10955,1,2,"Miller, Miss. Mary",female,34.2,4,0,T76892,46.53,,S
10956,0,3,"Miller, Mr. John",male,1.2,1,2,T27680,6.29,,S
10957,0,1,"Wilson, Mr. James",male,32.5,0,0,T102925,71.51,G144,S
10958,0,2,"Taylor, Mr. Robert",male,,0,0,T991400,14.79,,S
10959,0,1,"Taylor, Mr. Henry",male,0.5,0,0,T504666,26.12,,C
10960,1,2,"Jones, Mrs. Lily",female,33.9,1,0,T297292,14.12,,S
10961,0,2,"Smith, Mr. Edward",male,5.8,0,4,T391167,36.42,,S
10962,0,3,"Anderson, Mr. Edward",male,,8,0,T495409,6.47,C73,Q
10963,1,3,"Taylor, Mrs. Florence",female,,0,0,T217788,10.45,,S
10964,0,3,"Miller, Miss. Annie",female,32.0,4,0,T603675,8.7,,S
10965,1,1,"Taylor, Mrs. Lily",female,,0,1,T635703,203.54,,S
10966,1,1,"Johnson, Mrs. Dorothy",female,,0,0,T461112,42.69,E89,S
10967,0,3,"Brown, Mrs. Beatrice",female,23.6,0,1,T697553,26.73,,C
10968,1,3,"Brown, Mrs. Annie",female,32.0,0,0,T408458,8.63,,S
10969,0,1,"Moore, Miss. Emma",female,12.3,1,0,T740550,71.48,,S
10970,1,2,"Miller, Miss. Dorothy",female,46.0,0,0,T697410,28.49,,S
10971,0,3,"Anderson, Mrs. Emma",female,13.1,0,0,T784987,17.12,,C
10972,0,3,"Anderson, Mr. Charles",male,4.7,0,0,T729055,13.34,,S
10973,1,1,"Brown, Mr. Edward",male,44.1,0,1,T52654,91.06,,S
10974,1,3,"Johnson, Mr. William",male,23.4,0,0,T840931,12.9,D20,Q
10975,0,3,"Miller, Miss. Lily",female,30.7,0,0,T538846,9.2,,S
10976,1,3,"Brown, Mrs. Florence",female,39.2,1,0,T48797,30.41,,S
10977,0,3,"Taylor, Miss. Florence",female,19.3,0,0,T698441,11.14,E34,S
10978,0,2,"Anderson, Mr. Richard",male,31.7,0,0,T344728,27.7,,S
10979,0,3,"Johnson, Mr. Robert",male,39.1,0,0,T169312,22.79,,S
10980,0,3,"Williams, Mrs. Lily",female,53.5,0,0,T152077,34.76,C61,S
10981,0,3,"Moore, Mr. Henry",male,,0,0,T314082,11.45,,S
10982,0,3,"Anderson, Mr. Thomas",male,23.0,0,0,T571622,11.74,A33,S
10983,1,3,"Williams, Miss. Emma",female,37.9,0,0,T81019,11.55,,C
10984,1,1,"Thomas, Mr. Richard",male,32.7,0,0,T188093,62.17,,C
10985,0,1,"Brown, Master. John",male,27.7,1,0,T559150,147.22,,C
10986,0,3,"Brown, Mr. Edward",male,52.8,1,0,T959114,7.25,,S
10987,0,2,"Jones, Mr. John",male,5.3,2,0,T286257,24.02,E24,S
10988,1,1,"Davis, Mr. John",male,9.1,0,0,T198586,109.71,,S
10989,0,2,"Brown, Mr. Edward",male,5.5,0,1,T504354,19.24,A43,S
10990,0,3,"Taylor, Master. Thomas",male,47.1,0,0,T311091,6.11,,S
10991,0,1,"Brown, Mr. Charles",male,37.2,0,0,T668779,227.52,,S
10992,0,3,"Anderson, Mrs. Clara",female,9.8,0,0,T499728,12.48,,S
10993,0,1,"Jones, Mr. John",male,27.9,0,0,T775375,115.63,,S
10994,1,1,"Williams, Mr. James",male,29.3,2,0,T887912,69.6,,S
10995,0,2,"Davis, Mr. James",male,,1,0,T675870,16.32,C29,C
10996,1,1,"Williams, Master. Richard",male,32.4,0,0,T296957,144.92,,S
10997,0,3,"Wilson, Mr. Charles",male,12.6,0,0,T966264,9.11,,S
10998,0,3,"Davis, Master. Charles",male,39.9,0,0,T876258,8.79,,S
10999,1,3,"Smith, Mrs. Annie",female,13.1,0,0,T417146,15.21,,C
11000,0,2,"Jones, Mrs. Alice",female,,3,0,T915684,17.34,,S
11001,0,3,"Smith, Mr. Charles",male,48.5,0,0,T49585,15.08,,C
11002,0,1,"Thomas, Mr. Thomas",male,43.8,0,0,T951879,163.95,,S
11003,0,2,"Thomas, Mr. Edward",male,37.1,0,0,T482100,29.87,,S
11004,0,3,"Johnson, Mr. Henry",male,,1,0,T276449,5.24,,S
11005,1,3,"Davis, Miss. Emma",female,7.9,3,0,T437957,18.45,,C
11006,1,1,"Johnson, Mr. Thomas",male,23.3,0,0,T946623,33.8,B114,S
11007,0,2,"Williams, Mrs. Emma",female,26.4,0,0,T447995,18.05,,S
11008,0,3,"Williams, Miss. Annie",female,,0,2,T12437,18.72,,S
11009,0,2,"Johnson, Mr. Henry",male,7.5,0,0,T954010,32.39,,S
11010,0,3,"Davis, Mr. James",male,36.0,0,0,T129268,5.14,D34,C
11011,0,3,"Davis, Mr. Charles",male,12.6,0,0,T746309,13.61,,S
11012,0,3,"Williams, Mr. Edward",male,52.1,1,0,T33575,10.25,G25,S
11013,0,2,"Taylor, Miss. Dorothy",female,31.8,0,1,T591370,43.93,,S
11014,0,3,"Davis, Mr. Thomas",male,43.9,1,1,T280596,14.6,,S
11015,0,1,"Jones, Mr. John",male,,1,2,T386944,91.57,,S
11016,1,2,"Wilson, Mrs. Lily",female,59.8,1,1,T996353,15.86,,S
11017,0,3,"Davis, Mr. William",male,32.3,0,0,T228568,6.01,,C
11018,1,2,"Moore, Mr. Robert",male,24.0,0,0,T99757,27.02,F137,S
11019,0,1,"Taylor, Mr. Edward",male,24.3,1,0,T220762,72.15,A101,C
11020,0,3,"Jones, Mrs. Mary",female,51.4,0,0,T195575,21.36,,C
11021,0,3,"Wilson, Mr. John",male,10.6,0,0,T722395,18.08,,S
11022,1,1,"Smith, Mrs. Beatrice",female,17.0,0,0,T668963,82.23,,Q
11023,0,2,"Miller, Mr. Thomas",male,33.1,0,1,T874832,21.17,G10,Q
11024,1,1,"Davis, Mr. Richard",male,27.5,0,0,T790220,195.32,,S
11025,0,2,"Wilson, Mr. Robert",male,43.7,0,2,T192303,16.67,,S
11026,1,3,"Johnson, Mrs. Alice",female,10.3,0,0,T14495,11.11,,Q
11027,0,3,"Thomas, Mr. Charles",male,28.7,0,0,T194295,12.11,,C
11028,0,3,"Thomas, Mr. Robert",male,27.0,1,0,T791552,9.59,A16,C
11029,0,1,"Brown, Mrs. Annie",female,14.2,0,0,T772363,94.18,,C
11030,1,1,"Wilson, Miss. Alice",female,,1,0,T499512,103.08,,Q
11031,0,1,"Anderson, Mrs. Edith",female,28.4,0,4,T924889,59.11,,C
11032,0,2,"Anderson, Mr. George",male,27.8,1,0,T279320,13.79,,S
11033,1,1,"Thomas, Mr. John",male,17.7,1,0,T688484,164.04,E146,C
11034,0,2,"Johnson, Mr. Edward",male,24.3,0,0,T894898,33.3,G85,S
11035,1,1,"Wilson, Miss. Mary",female,,0,0,T86256,28.49,,C
11036,0,3,"Miller, Mr. John",male,42.2,0,0,T826113,24.84,,S
11037,1,3,"Thomas, Mr. Richard",male,44.7,2,0,T861581,12.01,,S
11038,0,3,"Davis, Master. Edward",male,54.1,0,0,T862532,11.3,,S
11039,1,1,"Johnson, Mr. Charles",male,36.0,0,0,T381633,270.6,,S
11040,1,3,"Miller, Miss. Beatrice",female,24.8,0,0,T806348,9.49,B30,S
11041,1,3,"Taylor, Miss. Florence",female,22.9,0,0,T649973,15.36,,C
11042,0,1,"Moore, Miss. Lily",female,36.8,0,1,T55787,69.14,,S
11043,0,3,"Thomas, Mr. James",male,32.6,0,0,T801403,11.52,D52,S
11044,0,3,"Davis, Miss. Florence",female,27.2,0,0,T513194,11.54,,S
11045,0,3,"Williams, Mr. Robert",male,25.9,0,1,T573858,12.33,,S
11046,1,2,"Williams, Mr. Charles",male,,0,0,T101692,28.7,,S
11047,0,3,"Davis, Mr. William",male,23.4,0,0,T524422,14.01,,C
11048,0,3,"Davis, Mr. James",male,49.2,0,0,T342121,11.45,F65,S
11049,0,2,"Anderson, Mr. James",male,32.3,0,0,T480025,23.17,,S
11050,0,3,"Williams, Mr. Robert",male,24.4,0,0,T853160,5.65,,Q
11051,1,3,"Smith, Miss. Mary",female,18.3,1,0,T548811,16.36,,S
11052,1,2,"Davis, Mrs. Clara",female,27.5,0,0,T680592,34.64,,S
11053,0,3,"Johnson, Mr. Thomas",male,37.0,0,2,T617922,6.31,,C
11054,0,3,"Thomas, Master. Charles",male,24.2,2,0,T284415,9.78,,S
11055,0,1,"Miller, Mr. George",male,42.0,0,0,T992363,96.3,B8,S
11056,0,2,"Brown, Mr. Charles",male,23.5,0,0,T972553,20.04,,S
11057,0,3,"Anderson, Mr. Richard",male,,0,0,T542701,15.16,,Q
11058,0,3,"Taylor, Mr. William",male,11.0,0,0,T340307,16.66,,C
11059,1,1,"Thomas, Mrs. Alice",female,37.8,1,1,T320453,448.1,,S
11060,0,1,"Davis, Mr. Edward",male,25.8,0,0,T705202,58.2,,S
11061,0,3,"Moore, Mr. George",male,52.6,1,0,T271187,17.79,,S
11062,1,3,"Davis, Mrs. Dorothy",female,39.9,0,0,T403834,21.8,,C
11063,1,2,"Moore, Mrs. Dorothy",female,30.9,1,0,T397396,24.17,,S
11064,0,3,"Wilson, Mr. George",male,,3,0,T484670,12.06,,S
11065,0,1,"Thomas, Mr. Richard",male,35.6,0,0,T618323,194.96,,S
11066,1,1,"Taylor, Miss. Mary",female,44.3,0,0,T195084,39.32,,Q
11067,1,3,"Johnson, Miss. Florence",female,17.2,0,0,T464655,8.25,,Q
11068,0,1,"Taylor, Mr. William",male,36.4,0,0,T485986,50.22,,S
11069,0,3,"Davis, Mr. Charles",male,37.0,0,0,T382379,10.11,,S
11070,0,1,"Taylor, Mr. Thomas",male,7.3,1,0,T309350,121.36,,S
11071,0,3,"Miller, Mr. Thomas",male,51.5,0,4,T560135,6.86,F80,S
11072,1,2,"Miller, Mr. James",male,12.9,1,2,T798801,16.74,,C
11073,0,2,"Thomas, Mr. James",male,10.9,0,0,T373227,20.25,B147,S
11074,0,3,"Taylor, Miss. Beatrice",female,,0,0,T944889,9.07,,Q
11075,0,3,"Davis, Mr. James",male,,1,0,T426778,12.24,B83,S
11076,0,3,"Brown, Mr. Henry",male,5.9,0,2,T748414,7.84,,S
11077,0,3,"Moore, Mr. Henry",male,22.2,0,2,T359021,24.17,,C
11078,0,3,"Smith, Mr. George",male,41.8,0,0,T715109,9.54,,S
11079,0,3,"Anderson, Mr. William",male,32.5,1,0,T931724,21.86,F90,S
11080,0,3,"Jones, Mr. William",male,20.7,0,0,T910072,7.38,,S
11081,0,3,"Brown, Mrs. Alice",female,,1,0,T944352,7.16,,C
11082,0,3,"Thomas, Master. Edward",male,28.1,0,0,T71719,4.91,,S
11083,1,3,"Brown, Mrs. Alice",female,42.1,4,0,T541685,6.61,,C
11084,0,2,"Miller, Miss. Alice",female,39.9,0,0,T559219,59.62,,S
11085,0,3,"Williams, Mr. Richard",male,,0,0,T692965,17.08,B122,S
11086,1,1,"Taylor, Miss. Edith",female,20.2,0,2,T986332,72.9,,S
11087,1,2,"Davis, Miss. Edith",female,10.6,1,0,T608105,26.73,,S
11088,0,2,"Davis, Mr. James",male,34.2,1,0,T786552,33.31,F48,S
11089,0,3,"Jones, Miss. Mary",female,32.8,0,0,T232644,10.19,,S
11090,0,3,"Smith, Mr. William",male,29.6,0,0,T371956,6.58,,S
11091,0,3,"Moore, Mr. George",male,18.9,0,0,T923490,12.67,,S
11092,0,1,"Williams, Mr. James",male,0.5,0,0,T522728,218.97,,C
11093,1,3,"Johnson, Miss. Dorothy",female,15.1,0,0,T708450,21.62,,S
11094,0,3,"Williams, Mr. Thomas",male,37.8,0,0,T420228,10.47,D8,S
11095,0,1,"Moore, Miss. Mary",female,33.8,0,0,T794606,95.03,,C
11096,1,1,"Moore, Mrs. Clara",female,43.7,0,0,T345760,276.33,,Q
11097,0,2,"Anderson, Mr. John",male,34.7,0,1,T509801,47.44,,S
11098,0,3,"Johnson, Master. Charles",male,40.4,0,0,T289014,16.3,G28,S
11099,1,3,"Taylor, Mr. Richard",male,40.8,0,2,T257415,7.36,,S
11100,0,3,"Williams, Mr. Robert",male,30.0,0,0,T533947,9.51,,S
11101,1,3,"Johnson, Miss. Alice",female,,3,0,T382975,7.51,G46,S
11102,0,2,"Anderson, Mr. Robert",male,0.5,1,0,T110268,39.95,F105,S
11103,0,3,"Moore, Mr. William",male,20.2,1,1,T934679,26.84,F62,S
11104,0,1,"Davis, Mr. William",male,20.8,0,0,T546061,84.77,,C
11105,0,2,"Moore, Miss. Clara",female,28.1,1,0,T129871,30.34,,S
11106,0,3,"Anderson, Master. Thomas",male,,0,0,T298761,18.63,,S
11107,0,3,"Jones, Mrs. Annie",female,,0,0,T335439,13.24,,C
11108,0,3,"Johnson, Mrs. Clara",female,,0,0,T34944,12.25,D5,S
11109,0,3,"Moore, Mrs. Dorothy",female,45.7,0,0,T30729,12.74,,S
11110,0,2,"Taylor, Mr. John",male,15.8,2,0,T77097,16.82,F110,S
11111,0,1,"Moore, Master. William",male,20.9,1,0,T538911,284.05,D72,S
11112,1,1,"Taylor, Mr. Thomas",male,19.8,0,0,T281983,193.61,F13,S
11113,0,3,"Brown, Mr. James",male,22.5,0,0,T709451,11.21,E16,S
11114,1,3,"Williams, Mrs. Annie",female,46.8,1,0,T642361,34.07,,C
11115,0,3,"Anderson, Mr. William",male,25.0,0,0,T842032,14.98,,S
11116,0,1,"Davis, Mr. Robert",male,25.3,0,4,T696006,138.97,C24,S
11117,0,3,"Williams, Mr. William",male,18.9,0,3,T150176,9.74,,C
11118,0,3,"Williams, Mr. Edward",male,,0,0,T755796,8.27,E127,C
11119,0,3,"Thomas, Mr. Thomas",male,32.8,0,0,T838291,5.8,,S
11120,0,3,"Thomas, Mr. Robert",male,26.6,0,0,T435666,3.45,,C
11121,0,3,"Wilson, Mrs. Alice",female,27.5,0,1,T12112,10.65,,S
11122,0,2,"Miller, Master. John",male,44.4,0,0,T268503,12.45,,S
11123,0,1,"Smith, Master. George",male,33.7,1,0,T755625,227.38,,S
11124,0,1,"Moore, Mr. John",male,13.0,0,1,T428339,74.93,,S
11125,1,1,"Miller, Mr. Charles",male,28.5,0,0,T852221,343.97,E78,S
11126,1,2,"Smith, Mrs. Alice",female,21.9,1,0,T837699,12.31,A45,S
11127,0,1,"Taylor, Mrs. Mary",female,37.3,0,0,T46992,157.05,,C
11128,0,2,"Brown, Mr. Richard",male,31.2,1,0,T60000,24.95,,S
11129,0,3,"Jones, Master. Edward",male,46.1,2,0,T558963,11.24,,S
11130,0,3,"Miller, Mr. Thomas",male,,0,0,T230965,5.1,F25,C
11131,1,3,"Johnson, Miss. Florence",female,26.9,0,0,T632458,10.66,,S
11132,1,2,"Jones, Mrs. Florence",female,14.3,0,5,T594539,35.64,,S
11133,0,1,"Brown, Mr. Richard",male,29.1,0,0,T438799,102.38,E86,S
11134,1,1,"Brown, Miss. Alice",female,7.4,2,0,T546973,82.72,,S
11135,0,3,"Johnson, Mr. William",male,,5,1,T61884,24.99,,S
11136,1,3,"Davis, Miss. Florence",female,28.9,0,0,T873381,21.76,,S
11137,0,1,"Anderson, Mrs. Lily",female,,1,0,T674867,82.56,A17,S
11138,0,3,"Miller, Mr. Charles",male,41.1,0,2,T435205,7.35,,S
11139,0,2,"Williams, Master. William",male,33.0,0,0,T744986,29.1,,Q
11140,1,3,"Taylor, Miss. Beatrice",female,11.2,0,2,T792033,9.84,,S
11141,0,2,"Taylor, Mr. Edward",male,21.6,5,1,T796170,15.73,,C
11142,0,2,"Miller, Mrs. Emma",female,28.5,0,0,T149375,18.96,C19,S
11143,0,3,"Davis, Mr. George",male,,4,1,T194707,7.77,,S
11144,0,3,"Wilson, Mrs. Edith",female,26.7,0,0,T468931,21.24,,C
11145,0,3,"Anderson, Mr. William",male,53.2,0,0,T172089,23.06,E120,S
11146,0,3,"Moore, Mr. Richard",male,,2,0,T876655,12.99,,S
11147,1,1,"Davis, Miss. Beatrice",female,35.2,0,5,T640094,110.79,,Q
11148,0,2,"Brown, Mrs. Mary",female,,0,0,T230638,26.26,E88,S
11149,0,3,"Anderson, Mr. Henry",male,40.5,0,0,T610797,33.05,,C
11150,0,3,"Smith, Mr. James",male,,0,0,T95261,24.26,,S
11151,1,3,"Brown, Mrs. Annie",female,49.2,0,0,T89885,5.1,B17,S
11152,1,2,"Moore, Mrs. Clara",female,23.3,0,0,T462142,21.81,,S
11153,0,3,"Johnson, Mrs. Beatrice",female,,0,0,T424292,14.96,,S
11154,0,2,"Wilson, Mr. George",male,30.1,1,1,T398432,25.24,,C
11155,0,3,"Moore, Mr. Edward",male,34.1,0,0,T161154,15.52,,C
11156,0,3,"Anderson, Mrs. Mary",female,25.8,3,0,T210130,6.92,A14,C
11157,0,3,"Thomas, Mrs. Clara",female,25.4,0,0,T444451,11.69,A129,S
11158,0,3,"Brown, Mr. Richard",male,0.5,1,0,T449266,12.36,F79,S
11159,0,2,"Brown, Mr. Robert",male,41.1,0,0,T326445,35.83,A37,C
11160,0,1,"Taylor, Mr. John",male,,0,0,T600389,142.66,B119,S
11161,0,3,"Smith, Mrs. Clara",female,27.0,1,0,T585649,6.28,,C
11162,1,2,"Brown, Mrs. Edith",female,33.7,0,2,T601844,25.73,A8,Q
11163,0,3,"Wilson, Mrs. Clara",female,23.7,0,0,T717461,9.94,,S
11164,0,3,"Miller, Mr. Henry",male,33.5,1,0,T995211,7.78,,S
11165,0,3,"Taylor, Mr. William",male,,0,0,T285656,6.3,,S
11166,1,3,"Davis, Miss. Beatrice",female,35.6,1,0,T583929,13.67,,S
11167,0,3,"Moore, Mr. James",male,,0,2,T556144,12.97,,C
11168,1,3,"Johnson, Master. William",male,27.9,0,1,T569962,6.71,,S
11169,0,1,"Anderson, Mr. Thomas",male,32.6,1,1,T18310,291.88,,S
11170,1,3,"Williams, Miss. Mary",female,17.6,0,1,T478575,18.0,B75,S
11171,0,3,"Williams, Mr. Thomas",male,32.7,0,0,T830279,10.2,E45,S
11172,0,2,"Smith, Mr. Edward",male,39.6,0,0,T100596,29.33,,Q
11173,0,3,"Smith, Master. Charles",male,31.0,0,0,T44696,21.02,,S
11174,0,3,"Thomas, Mr. Charles",male,23.6,0,0,T823561,7.86,,S
11175,0,3,"Miller, Mr. Charles",male,25.5,0,1,T317711,7.18,,S
11176,0,2,"Thomas, Mr. Edward",male,,1,0,T973927,32.47,,Q
11177,1,3,"Taylor, Miss. Florence",female,13.7,0,0,T431312,11.81,,C
11178,0,2,"Smith, Master. Charles",male,17.9,0,2,T343904,13.95,,Q
11179,0,3,"Thomas, Mr. Thomas",male,,0,0,T456311,17.52,,S
11180,0,3,"Miller, Mrs. Dorothy",female,30.2,0,0,T667773,12.48,,S
11181,0,3,"Wilson, Mr. Robert",male,42.2,0,0,T720863,14.37,,C
11182,0,2,"Taylor, Master. Henry",male,49.0,1,0,T502488,23.0,,S
11183,0,1,"Wilson, Mr. Edward",male,52.2,0,0,T193192,80.2,,C
11184,0,1,"Davis, Mrs. Florence",female,19.7,4,1,T730143,89.99,,S
11185,1,1,"Smith, Mrs. Florence",female,33.3,1,0,T176959,108.4,,S
11186,0,3,"Anderson, Mr. Charles",male,23.9,1,0,T734879,8.78,D39,S
11187,0,3,"Smith, Mr. William",male,53.6,0,0,T855594,4.56,,S
11188,0,1,"Taylor, Miss. Alice",female,48.6,0,1,T789013,70.77,,S
11189,1,1,"Johnson, Mr. John",male,32.1,1,6,T656758,36.94,,S
11190,0,3,"Brown, Miss. Clara",female,20.7,1,0,T64404,16.48,D134,S
11191,0,3,"Moore, Mr. William",male,0.5,0,3,T263945,20.93,,S
11192,0,1,"Brown, Mr. William",male,8.9,1,0,T954931,67.59,,S
11193,0,2,"Jones, Mr. William",male,2.8,0,0,T695485,28.67,,S
11194,0,1,"Thomas, Mr. Edward",male,8.7,5,1,T175335,78.84,A93,S
11195,0,2,"Miller, Mr. Edward",male,,0,0,T920322,11.19,,S
11196,0,1,"Taylor, Mr. James",male,,0,0,T852346,52.01,,S
11197,0,2,"Jones, Mr. Robert",male,14.3,0,0,T543285,19.18,,C
11198,0,3,"Anderson, Mr. John",male,16.4,0,0,T563257,13.44,,S
11199,0,3,"Miller, Mr. Henry",male,67.4,0,0,T851431,7.17,,S
11200,1,1,"Jones, Mr. William",male,,0,1,T777989,196.82,,Q
11201,1,3,"Taylor, Mrs. Annie",female,,2,0,T897121,12.35,,S
11202,1,3,"Williams, Mrs. Mary",female,32.2,0,2,T287572,14.25,D31,C
11203,0,3,"Jones, Mr. Richard",male,0.9,0,1,T276179,6.28,,S
11204,0,2,"Jones, Mr. Thomas",male,,2,2,T237618,12.88,F95,S
11205,0,3,"Smith, Mr. James",male,35.5,0,0,T855589,5.17,,S
11206,0,3,"Brown, Mr. Edward",male,27.9,1,0,T119154,13.11,,Q
11207,0,1,"Smith, Mrs. Edith",female,55.2,1,1,T414589,22.97,,S
11208,0,3,"Smith, Mr. Thomas",male,24.7,0,0,T594492,13.17,A121,S
11209,1,3,"Anderson, Mrs. Beatrice",female,27.6,0,1,T829845,7.96,,S
11210,0,3,"Anderson, Mr. Edward",male,24.7,1,1,T745180,16.11,,S
11211,0,1,"Jones, Mr. George",male,45.3,0,0,T666963,62.49,,S
11212,0,2,"Thomas, Mrs. Mary",female,41.5,0,3,T96518,51.27,,S
11213,0,3,"Moore, Mr. Thomas",male,33.7,1,0,T814192,7.35,,S
11214,0,2,"Brown, Mr. Richard",male,14.4,0,2,T642818,37.72,,S
11215,0,3,"Brown, Mr. George",male,24.3,0,0,T757364,5.24,,S
11216,1,2,"Smith, Mrs. Emma",female,14.4,0,0,T339900,18.0,B127,S
11217,0,3,"Anderson, Mr. Edward",male,46.5,0,1,T370673,14.78,,Q
11218,0,3,"Brown, Mr. George",male,6.9,0,0,T759640,11.17,C88,S
11219,1,1,"Davis, Mrs. Annie",female,52.8,0,0,T768633,99.11,,S
11220,0,3,"Davis, Mr. Thomas",male,48.4,0,1,T357342,10.24,F116,S
11221,0,2,"Wilson, Miss. Mary",female,16.4,1,0,T976960,37.02,,Q
11222,1,2,"Brown, Mr. John",male,23.7,0,0,T21091,24.1,G53,S
11223,0,1,"Taylor, Miss. Dorothy",female,19.4,0,2,T726977,51.16,,S
11224,1,1,"Moore, Mrs. Annie",female,35.9,0,0,T13257,223.09,,C
11225,0,1,"Wilson, Mr. Henry",male,,0,2,T130718,132.56,,C
11226,0,3,"Brown, Mr. George",male,46.9,1,0,T167680,6.3,,S
11227,1,2,"Brown, Mrs. Edith",female,23.4,0,0,T975120,36.95,,S
11228,1,1,"Johnson, Miss. Clara",female,47.9,2,0,T578265,34.33,,S
11229,0,1,"Moore, Mr. James",male,46.7,0,0,T924889,34.36,,S
11230,0,1,"Smith, Miss. Edith",female,27.0,0,0,T169044,73.44,,S
11231,0,3,"Johnson, Mr. William",male,29.6,0,1,T606538,17.62,B81,S
11232,0,1,"Miller, Mr. Henry",male,52.1,0,0,T455609,155.09,F34,S
11233,0,3,"Brown, Mr. Charles",male,45.0,0,0,T975840,9.93,,C
11234,0,2,"Taylor, Mr. Edward",male,47.5,0,0,T905116,21.63,,C
11235,0,3,"Anderson, Mr. George",male,67.2,0,4,T186749,29.04,,C
11236,1,2,"Moore, Mr. James",male,37.6,4,0,T764499,33.94,,C
11237,0,3,"Brown, Miss. Lily",female,34.4,1,0,T758915,7.72,,S
11238,0,3,"Thomas, Mr. William",male,49.4,1,1,T161315,15.05,E98,C
11239,0,2,"Miller, Mr. Edward",male,58.5,0,0,T230964,22.59,E53,Q
11240,1,3,"Anderson, Miss. Edith",female,20.8,2,0,T671582,6.58,,S
11241,0,3,"Anderson, Mr. Robert",male,26.8,0,0,T557889,23.31,,S
11242,0,2,"Johnson, Mr. William",male,14.9,0,0,T799154,17.13,,Q
11243,0,3,"Davis, Miss. Alice",female,34.7,0,0,T450342,9.39,,Q
11244,0,3,"Davis, Mrs. Mary",female,42.6,0,0,T790638,12.0,B74,S
11245,0,3,"Wilson, Mr. Charles",male,15.9,0,0,T324446,13.91,,Q
11246,1,3,"Taylor, Mr. Henry",male,46.1,0,0,T364446,10.01,,S
11247,0,1,"Wilson, Mr. Charles",male,23.1,0,0,T250667,110.43,,S
11248,1,3,"Anderson, Mrs. Annie",female,21.9,1,0,T689273,5.18,,S
11249,0,3,"Thomas, Mr. Richard",male,46.1,1,1,T166635,15.6,,S
11250,1,2,"Taylor, Mr. Henry",male,20.6,1,0,T309275,29.35,D34,S
11251,0,3,"Williams, Miss. Emma",female,9.3,0,0,T478843,8.56,,S
11252,0,1,"Smith, Mr. William",male,40.5,0,0,T674280,219.81,,S
11253,0,3,"Davis, Mr. Charles",male,,0,0,T134029,13.71,,C
11254,0,2,"Wilson, Mr. William",male,,0,0,T687151,40.65,,S
11255,0,1,"Smith, Mr. James",male,,1,0,T953460,51.92,G100,S
11256,0,3,"Smith, Mrs. Dorothy",female,4.3,1,0,T680468,6.22,,S
11257,0,2,"Thomas, Mr. Henry",male,48.8,0,0,T598062,20.4,E117,S
11258,0,1,"Taylor, Mr. John",male,57.2,0,0,T86702,211.8,,S
11259,0,1,"Wilson, Mr. William",male,44.7,0,0,T461303,265.04,E12,C
11260,1,3,"Thomas, Mr. William",male,45.3,2,1,T580139,10.85,G47,S
11261,0,3,"Johnson, Mrs. Dorothy",female,26.1,0,1,T820828,15.56,,Q
11262,1,1,"Brown, Mrs. Beatrice",female,,0,0,T605932,124.47,,C
11263,0,3,"Miller, Mr. Charles",male,32.8,0,1,T547895,5.73,,C
11264,0,1,"Johnson, Mr. George",male,43.0,1,1,T477252,159.67,C41,S
11265,0,3,"Jones, Mr. Charles",male,42.7,0,0,T855595,8.56,,S
11266,0,1,"Jones, Mr. John",male,23.4,0,0,T58675,221.56,,C
11267,1,1,"Thomas, Mrs. Beatrice",female,21.9,1,2,T162908,78.6,,S
11268,1,1,"Moore, Miss. Dorothy",female,8.1,0,0,T579458,98.96,,Q
11269,0,3,"Anderson, Mr. James",male,39.1,0,0,T351369,21.15,,Q
11270,0,3,"Smith, Mr. Richard",male,24.0,1,0,T738681,19.44,,S
11271,0,3,"Taylor, Mr. William",male,25.3,0,1,T693427,7.49,,C
11272,1,1,"Brown, Master. Edward",male,54.8,0,0,T630146,50.09,,C
11273,0,3,"Taylor, Mr. Charles",male,38.4,1,0,T477061,18.07,,S
11274,0,3,"Anderson, Mr. Henry",male,34.4,0,0,T997602,14.86,B119,C
11275,0,1,"Wilson, Mr. George",male,41.7,0,1,T50498,40.52,,S
11276,0,1,"Wilson, Mr. William",male,,0,0,T190688,72.46,E126,C
11277,1,1,"Taylor, Mr. Edward",male,6.2,0,0,T391480,124.65,,S
11278,1,3,"Anderson, Miss. Lily",female,21.5,0,1,T609348,11.58,,S
11279,0,3,"Smith, Mrs. Alice",female,26.3,0,0,T394239,5.96,,C
11280,0,3,"Davis, Master. Edward",male,15.5,1,0,T261194,11.06,,C
11281,0,2,"Davis, Mr. Thomas",male,25.9,1,1,T540793,22.46,,S
11282,0,2,"Miller, Mr. George",male,7.2,1,0,T995022,41.35,E148,S
11283,1,3,"Taylor, Mrs. Beatrice",female,,1,0,T477021,4.16,,C
11284,0,2,"Johnson, Miss. Lily",female,22.2,8,0,T590174,17.84,,S
11285,1,3,"Johnson, Mrs. Alice",female,32.6,1,0,T415936,10.95,,S
11286,1,3,"Williams, Miss. Alice",female,30.4,0,2,T450507,5.29,,S
11287,0,1,"Johnson, Mr. George",male,37.8,0,3,T333230,153.89,,S
11288,0,3,"Wilson, Mr. James",male,0.5,0,1,T897763,13.79,,S
11289,0,3,"Williams, Mr. John",male,36.2,0,0,T266002,5.7,,S
11290,0,2,"Taylor, Mr. Robert",male,25.7,1,0,T735286,17.2,,S
11291,0,3,"Miller, Mr. James",male,35.6,0,0,T810165,8.65,,S
11292,1,2,"Anderson, Mrs. Dorothy",female,12.6,1,0,T414647,16.11,,S
11293,0,3,"Davis, Miss. Florence",female,35.7,0,0,T634541,20.03,,C
11294,0,3,"Brown, Mr. Richard",male,48.5,0,0,T897751,9.17,,S
11295,0,3,"Taylor, Mrs. Beatrice",female,32.5,2,0,T39719,14.23,,S
11296,1,3,"Brown, Mr. William",male,,0,0,T586404,12.61,,S
11297,0,3,"Taylor, Miss. Alice",female,19.9,1,0,T471119,14.89,,S
11298,1,1,"Thomas, Mrs. Dorothy",female,38.1,0,0,T463554,155.11,,Q
11299,0,2,"Jones, Mr. Richard",male,38.0,0,0,T446251,16.71,,C
11300,0,2,"Thomas, Mr. Charles",male,34.9,1,0,T129475,25.04,,S
11301,0,1,"Taylor, Mr. George",male,29.2,1,0,T291468,69.26,,S
11302,1,2,"Williams, Miss. Alice",female,32.6,1,0,T708966,36.65,D70,S
11303,0,2,"Davis, Mr. John",male,28.8,0,0,T27992,14.56,,S
11304,0,3,"Taylor, Mrs. Edith",female,24.2,1,2,T747956,13.96,,Q
11305,0,3,"Moore, Mr. George",male,40.7,0,1,T403017,24.79,,S
11306,1,2,"Moore, Miss. Dorothy",female,34.2,0,0,T387549,22.2,,S
11307,0,3,"Smith, Mrs. Mary",female,48.4,3,0,T887363,7.0,,C
11308,1,1,"Davis, Miss. Annie",female,,0,0,T427782,512.0,,S
11309,0,3,"Johnson, Mr. Richard",male,33.7,0,3,T496121,4.98,F83,S
11310,0,3,"Brown, Mr. James",male,38.3,0,0,T652963,9.13,,S
11311,0,1,"Miller, Mr. Edward",male,15.8,1,0,T361198,149.23,C27,S
11312,1,3,"Taylor, Mr. Richard",male,,0,1,T16667,11.26,,S
11313,0,1,"Johnson, Mr. George",male,,1,0,T457954,150.0,G56,S
11314,0,1,"Taylor, Mr. William",male,6.8,0,1,T241907,90.22,G40,Q
11315,1,1,"Williams, Mrs. Emma",female,,0,0,T571751,103.41,,S
11316,0,3,"Miller, Mr. William",male,,2,0,T374423,11.8,,S
11317,0,3,"Taylor, Miss. Alice",female,17.4,0,0,T720229,12.02,,C
11318,0,3,"Jones, Mr. Thomas",male,22.0,1,0,T181291,17.35,D54,S
11319,0,3,"Taylor, Mr. William",male,29.3,0,0,T615415,25.44,,C
11320,0,2,"Davis, Mr. James",male,,0,0,T232427,13.49,,S
11321,0,3,"Thomas, Mr. John",male,,0,0,T642211,14.72,,S
11322,0,2,"Wilson, Mr. Richard",male,32.3,0,3,T679346,21.32,,C
11323,1,1,"Williams, Mr. Henry",male,,0,0,T475302,92.66,,Q
11324,1,3,"Wilson, Miss. Alice",female,,1,0,T125738,6.0,,S
11325,1,1,"Miller, Master. Thomas",male,38.0,0,0,T951765,60.25,,Q
11326,0,1,"Brown, Mr. Robert",male,17.3,2,0,T51973,128.44,,S
11327,0,3,"Thomas, Mr. William",male,12.6,0,0,T79489,13.59,,S
11328,1,3,"Smith, Miss. Dorothy",female,38.7,0,0,T977633,16.25,G142,S
11329,1,3,"Taylor, Mrs. Emma",female,13.8,0,1,T220493,16.29,,S
11330,0,2,"Davis, Miss. Edith",female,,0,0,T485620,41.06,,S
11331,0,2,"Anderson, Mr. Thomas",male,54.4,0,0,T966191,52.02,,Q
11332,0,3,"Johnson, Mr. John",male,43.4,0,0,T903154,11.44,,S
11333,0,3,"Moore, Mr. Edward",male,38.0,0,3,T824253,11.19,,C
11334,0,3,"Moore, Miss. Mary",female,33.6,1,0,T710690,6.17,D83,C
11335,0,3,"Jones, Mr. Charles",male,24.1,0,0,T588648,3.49,,Q
11336,0,3,"Thomas, Mr. Charles",male,28.0,0,0,T854552,7.19,,S
11337,0,2,"Wilson, Mr. Robert",male,21.5,0,0,T172943,35.31,G3,C
11338,0,3,"Williams, Mr. George",male,10.6,0,0,T20176,8.87,F121,S
11339,0,3,"Anderson, Mr. Robert",male,30.2,0,0,T678293,11.48,,S
11340,0,3,"Brown, Mr. Thomas",male,45.8,0,0,T341345,18.17,,S
11341,0,1,"Jones, Mr. John",male,11.0,1,2,T134068,45.25,,S
11342,1,3,"Thomas, Miss. Clara",female,50.0,0,0,T910303,8.98,G66,S
11343,0,3,"Taylor, Mr. George",male,47.3,1,0,T410330,13.34,,S
11344,0,3,"Brown, Mr. Robert",male,,8,0,T908641,4.92,C36,C
11345,0,3,"Thomas, Mr. Thomas",male,,0,0,T564540,6.89,,S
11346,1,1,"Miller, Miss. Clara",female,27.0,0,0,T635914,222.27,,S
11347,0,2,"Moore, Master. Thomas",male,30.3,1,0,T246821,41.46,,S
11348,0,1,"Williams, Mr. Henry",male,23.0,0,0,T377596,242.92,,Q
11349,0,2,"Jones, Mr. Thomas",male,30.2,0,0,T552796,25.0,,S
11350,0,3,"Smith, Mr. Henry",male,31.7,1,0,T103738,7.56,,S
11351,0,2,"Anderson, Mr. John",male,57.0,1,0,T688572,19.81,,S
11352,0,3,"Brown, Mr. Richard",male,37.9,0,0,T237144,9.42,,
11353,1,2,"Davis, Mrs. Lily",female,26.7,0,3,T909638,19.91,,S
11354,0,2,"Brown, Miss. Edith",female,28.3,0,1,T123632,25.06,,S
11355,1,1,"Jones, Mrs. Dorothy",female,19.4,1,0,T910293,81.0,G74,S
11356,0,3,"Brown, Mr. John",male,21.7,0,0,T557804,3.65,,C
11357,0,1,"Miller, Mr. William",male,42.9,0,0,T284014,39.58,,C
11358,0,1,"Thomas, Mrs. Lily",female,22.5,0,2,T381745,211.6,,S
11359,1,3,"Smith, Mrs. Mary",female,20.7,0,0,T652411,8.87,,S
11360,0,3,"Taylor, Mr. Henry",male,21.1,1,0,T274557,21.7,,Q
11361,0,3,"Miller, Mr. Charles",male,19.1,1,0,T11594,8.62,,S
11362,1,1,"Thomas, Mrs. Annie",female,,1,0,T990433,113.17,,S
11363,0,1,"Smith, Mr. Thomas",male,31.8,0,0,T560141,73.43,,C
11364,0,3,"Moore, Mrs. Dorothy",female,,0,1,T512507,14.92,,C
11365,0,3,"Johnson, Master. Charles",male,30.1,0,0,T764898,6.64,A127,S
11366,0,3,"Wilson, Mr. Richard",male,32.9,0,0,T889799,22.47,,S
11367,1,1,"Davis, Mr. Richard",male,,1,3,T55110,61.74,,S
11368,0,1,"Williams, Mr. James",male,9.6,0,0,T241503,151.66,,C
11369,0,1,"Wilson, Mr. Charles",male,49.1,0,1,T893923,82.46,,C
11370,1,3,"Miller, Mrs. Beatrice",female,44.0,1,0,T849885,8.35,A62,S
11371,1,1,"Johnson, Miss. Emma",female,35.2,0,0,T779714,21.84,,S
11372,0,3,"Taylor, Mrs. Alice",female,43.0,0,0,T763520,17.12,,Q
11373,1,1,"Johnson, Mr. George",male,57.5,0,1,T863289,146.23,,S
11374,0,3,"Thomas, Mr. James",male,21.9,0,1,T97695,11.08,,S
11375,0,1,"Anderson, Mr. James",male,13.5,0,0,T75687,76.67,,S
11376,0,3,"Wilson, Miss. Lily",female,39.3,0,0,T48688,13.36,,S
11377,0,1,"Williams, Mr. Richard",male,8.4,0,0,T515633,175.0,B21,S
11378,0,3,"Jones, Mr. William",male,30.3,1,0,T156636,19.14,,Q
11379,0,3,"Johnson, Mrs. Mary",female,25.4,0,0,T398137,7.69,,C
11380,0,1,"Davis, Mr. Edward",male,39.5,1,0,T748897,45.34,,S
11381,1,3,"Miller, Mrs. Emma",female,22.7,0,1,T355183,3.56,,C
11382,0,3,"Jones, Miss. Mary",female,47.1,1,0,T907509,23.88,,Q
11383,0,3,"Brown, Mr. Henry",male,18.9,0,0,T255027,19.56,D16,S
11384,0,3,"Miller, Mr. Robert",male,39.9,1,0,T374780,14.57,A56,C
11385,0,3,"Davis, Mrs. Dorothy",female,20.0,0,0,T609400,16.15,,S
11386,1,1,"Johnson, Mr. George",male,37.7,0,0,T853663,274.97,,S
11387,0,1,"Wilson, Mr. Thomas",male,15.0,0,0,T33205,128.3,,S
11388,0,3,"Williams, Mr. Richard",male,29.4,1,0,T78472,8.64,,S
11389,1,3,"Davis, Mr. Thomas",male,48.9,0,1,T593297,7.94,E43,S
11390,1,1,"Davis, Mrs. Emma",female,31.4,1,1,T521105,77.43,A40,S
11391,1,3,"Moore, Mrs. Alice",female,46.9,1,0,T864325,22.17,G100,S
11392,1,2,"Smith, Mrs. Beatrice",female,29.3,1,2,T602396,14.28,B89,S
11393,1,3,"Miller, Mrs. Beatrice",female,22.4,0,0,T427801,13.42,,S
11394,0,3,"Davis, Mr. Robert",male,32.2,0,0,T980225,20.02,,S
11395,0,3,"Anderson, Miss. Alice",female,,1,0,T811859,8.06,,S
11396,0,2,"Miller, Mr. Henry",male,2.1,1,0,T767148,18.64,,S
11397,0,2,"Smith, Mr. William",male,37.3,1,0,T83203,25.83,,S
11398,1,2,"Jones, Miss. Beatrice",female,,1,1,T473524,18.67,,S
11399,0,3,"Brown, Mr. Henry",male,12.5,1,2,T366958,9.7,,C
11400,1,1,"Brown, Miss. Beatrice",female,37.5,0,0,T350907,77.21,,C
11401,0,3,"Smith, Mr. Robert",male,49.1,0,0,T652971,9.55,,S
11402,1,3,"Brown, Miss. Dorothy",female,,1,1,T723318,11.66,,S
11403,0,3,"Taylor, Mr. James",male,,0,0,T875628,17.6,,S
11404,0,3,"Brown, Mr. James",male,20.0,0,3,T352601,8.42,,S
11405,0,3,"Miller, Mr. Charles",male,23.6,0,2,T93738,21.05,,C
11406,0,1,"Taylor, Mr. Henry",male,32.5,1,0,T472014,175.81,,S
11407,0,3,"Jones, Mr. Robert",male,28.7,0,0,T976656,13.13,,S
11408,0,3,"Taylor, Miss. Alice",female,,0,0,T747908,6.63,,S
11409,1,2,"Brown, Mrs. Dorothy",female,44.2,0,0,T63478,28.77,,S
11410,0,3,"Anderson, Mr. Richard",male,34.7,0,3,T362770,19.57,B123,S
11411,0,1,"Jones, Mr. George",male,42.7,0,0,T787227,50.87,,S
11412,0,2,"Wilson, Mr. James",male,25.8,1,0,T979405,11.93,,S
11413,1,3,"Miller, Mr. Edward",male,77.5,0,0,T987945,9.46,,S
11414,0,3,"Williams, Mr. Robert",male,,0,0,T42347,24.75,,S
11415,0,3,"Davis, Mr. Richard",male,39.6,0,0,T305676,19.19,F25,Q
11416,1,3,"Thomas, Mrs. Lily",female,55.2,0,0,T277666,8.56,,S
11417,0,3,"Thomas, Mr. Henry",male,31.0,0,0,T990915,11.14,,S
11418,0,3,"Wilson, Mr. Thomas",male,20.3,0,0,T994673,15.92,,C
11419,0,3,"Brown, Mr. Edward",male,,1,0,T780709,22.53,,S
11420,0,3,"Smith, Mr. Thomas",male,49.5,1,0,T998068,19.25,,S
11421,1,2,"Thomas, Mrs. Clara",female,31.9,0,0,T345646,16.04,,S
11422,0,1,"Davis, Mr. Thomas",male,55.2,1,0,T226860,38.64,,S
11423,1,2,"Brown, Mr. James",male,28.5,0,0,T964353,22.78,,C
11424,0,3,"Moore, Mr. Charles",male,43.2,0,0,T688436,12.54,,S
11425,0,3,"Jones, Mrs. Lily",female,,1,6,T904516,14.93,E12,S
11426,0,3,"Anderson, Mrs. Beatrice",female,31.1,0,0,T388299,6.75,C71,S
11427,0,1,"Johnson, Mr. Henry",male,36.3,0,2,T231890,160.66,,S
11428,0,3,"Smith, Mr. George",male,,0,0,T249863,10.96,,S
11429,1,1,"Miller, Mr. Thomas",male,24.4,4,0,T395366,38.97,A94,Q
11430,0,1,"Wilson, Mr. Charles",male,17.9,1,1,T183784,160.94,,Q
11431,1,3,"Davis, Miss. Lily",female,49.0,3,4,T389641,8.53,B26,S
11432,0,3,"Brown, Mr. Edward",male,,0,0,T783613,9.53,,S
11433,1,3,"Moore, Mrs. Edith",female,22.4,0,0,T733413,11.31,,Q
11434,0,1,"Wilson, Mr. William",male,31.1,1,0,T442036,125.75,,S
11435,0,2,"Thomas, Mr. Richard",male,,1,0,T685364,14.35,,S
11436,0,3,"Thomas, Mrs. Emma",female,,1,0,T929726,13.19,,S
11437,0,1,"Taylor, Mr. George",male,40.1,0,2,T234908,47.39,,S
11438,0,2,"Anderson, Mr. Charles",male,35.6,0,0,T985786,15.75,,S
11439,1,1,"Smith, Mrs. Florence",female,53.7,5,0,T975552,60.22,,S
11440,0,3,"Jones, Miss. Florence",female,26.5,0,0,T723579,4.59,,S
11441,0,3,"Williams, Mrs. Dorothy",female,49.7,0,3,T691302,6.71,E109,C
11442,0,3,"Miller, Miss. Edith",female,29.1,1,0,T184625,7.01,,S
11443,0,3,"Moore, Mrs. Clara",female,31.7,0,0,T295010,13.1,,S
11444,0,3,"Smith, Mr. Thomas",male,33.8,0,0,T57508,4.87,,S
11445,1,3,"Moore, Miss. Emma",female,60.1,0,0,T744701,21.05,,S
11446,0,3,"Davis, Mrs. Florence",female,11.7,0,1,T94935,6.78,,S
11447,0,3,"Brown, Mr. Charles",male,36.9,0,1,T222285,5.05,,S
11448,1,2,"Moore, Mr. James",male,30.3,0,0,T682189,32.31,G24,C
11449,0,3,"Miller, Mr. James",male,29.3,0,0,T641752,9.3,,C
11450,1,1,"Taylor, Mrs. Florence",female,38.2,0,1,T641832,284.93,,S
11451,0,1,"Miller, Mr. Richard",male,45.7,1,0,T242752,27.21,,C
11452,1,3,"Jones, Mrs. Lily",female,,0,0,T833051,13.84,,Q
11453,0,1,"Brown, Mr. John",male,,0,0,T187681,59.9,,C
11454,1,3,"Williams, Mr. James",male,26.1,0,0,T198452,19.18,,S
11455,0,3,"Jones, Mr. Richard",male,29.0,0,0,T771882,7.95,,C
11456,0,2,"Taylor, Mr. Richard",male,15.2,0,0,T307490,66.0,,S
11457,0,3,"Smith, Mr. Henry",male,58.5,0,0,T946997,21.2,,S
11458,0,3,"Jones, Mr. Edward",male,27.0,0,0,T274882,10.74,,S
11459,0,2,"Johnson, Mr. Thomas",male,25.4,0,0,T696258,21.23,,S
11460,0,3,"Davis, Mr. John",male,38.5,2,0,T236748,28.63,,S
11461,0,3,"Thomas, Mr. William",male,,0,0,T989193,12.34,,S
11462,1,2,"Smith, Mr. Edward",male,19.7,0,1,T224596,24.89,,S
11463,1,1,"Moore, Miss. Mary",female,,0,3,T823342,26.79,,S
11464,1,1,"Johnson, Mrs. Beatrice",female,25.3,0,1,T75774,93.66,,C
11465,1,1,"Thomas, Mrs. Florence",female,50.4,1,0,T128538,73.82,,S
11466,0,1,"Brown, Master. Edward",male,,0,1,T77017,59.97,,S
11467,0,3,"Wilson, Master. Robert",male,40.4,0,1,T978587,12.05,,S
11468,1,2,"Jones, Mr. Henry",male,30.3,0,2,T375766,39.28,,C
11469,1,3,"Davis, Miss. Beatrice",female,13.4,0,0,T708982,11.35,C144,S
11470,0,2,"Taylor, Mr. Thomas",male,9.2,0,0,T265735,17.8,,S
11471,0,3,"Brown, Mrs. Alice",female,18.9,0,0,T960191,5.42,,S
11472,0,3,"Davis, Mr. Edward",male,44.1,0,0,T694513,5.85,,S
11473,0,3,"Johnson, Mr. Charles",male,1.5,0,0,T219819,11.37,,S
11474,0,3,"Taylor, Mr. James",male,34.5,1,2,T190239,7.6,,C
11475,1,2,"Brown, Miss. Lily",female,33.3,0,2,T182564,25.51,,S
11476,0,3,"Davis, Mr. George",male,,0,0,T630315,15.72,,S
11477,0,2,"Miller, Mr. Henry",male,18.1,0,0,T14651,15.88,,S
11478,1,1,"Davis, Miss. Mary",female,,0,0,T439265,111.54,E30,S
11479,0,2,"Miller, Miss. Lily",female,30.5,0,0,T847221,32.01,G89,C
11480,1,3,"Williams, Mr. James",male,51.0,0,0,T311081,9.7,,S
11481,1,1,"Brown, Mr. Henry",male,,0,0,T924096,65.83,,S
11482,0,3,"Anderson, Mr. James",male,24.5,0,0,T96247,13.14,B9,S
11483,0,3,"Jones, Master. Robert",male,17.7,0,0,T506031,11.08,A20,S
11484,0,3,"Johnson, Mrs. Alice",female,7.1,0,0,T312502,9.13,,C
11485,0,2,"Thomas, Master. Robert",male,,0,0,T543673,21.74,,S
11486,1,2,"Davis, Mrs. Clara",female,16.7,2,2,T149081,28.24,,S
11487,0,2,"Johnson, Mr. William",male,29.2,0,1,T559632,50.37,,S
11488,0,2,"Miller, Master. Henry",male,29.7,0,2,T975147,28.73,,C
11489,0,3,"Wilson, Miss. Lily",female,,0,0,T34624,4.98,A139,C
11490,0,3,"Smith, Master. William",male,23.1,0,2,T825167,21.65,,S
11491,1,3,"Thomas, Mrs. Alice",female,19.6,0,0,T414736,16.96,E125,S
11492,0,3,"Wilson, Mrs. Dorothy",female,22.3,0,0,T702771,11.52,B92,C
11493,0,3,"Johnson, Mr. Charles",male,50.5,2,0,T118566,5.64,,S
11494,0,2,"Johnson, Mr. John",male,37.2,0,4,T338375,38.59,,S
11495,0,3,"Williams, Mr. Thomas",male,37.4,0,0,T744093,7.88,,C
11496,1,1,"Davis, Mrs. Annie",female,,0,0,T611832,77.32,C40,Q
11497,0,3,"Davis, Mr. George",male,43.1,2,0,T317783,17.45,A56,S
11498,0,3,"Jones, Mr. Richard",male,50.4,1,0,T976563,5.04,E48,S
11499,0,3,"Anderson, Mr. Robert",male,38.2,0,0,T524235,7.96,E16,S
11500,0,3,"Brown, Mr. James",male,32.7,0,0,T749007,3.99,,C
11501,0,3,"Johnson, Mr. John",male,21.1,0,0,T603518,10.76,,S
11502,0,3,"Moore, Mr. Henry",male,17.7,0,0,T607042,7.8,,S
11503,0,3,"Moore, Mrs. Annie",female,42.5,0,0,T547596,22.45,,Q
11504,0,3,"Williams, Mr. James",male,28.1,0,0,T718614,11.3,,C
11505,0,1,"Jones, Mr. Thomas",male,10.0,0,2,T765445,95.54,,S
11506,1,1,"Taylor, Mrs. Clara",female,,0,0,T739913,54.92,,Q
11507,1,3,"Moore, Mrs. Emma",female,60.8,0,0,T712025,10.21,D14,S
11508,0,3,"Taylor, Mr. Thomas",male,15.4,0,2,T108780,14.67,,S
11509,0,3,"Williams, Mr. Robert",male,19.7,4,0,T658848,11.24,,S
11510,0,2,"Davis, Mr. William",male,,0,0,T553636,25.85,,C
11511,0,1,"Anderson, Mr. Richard",male,12.2,0,0,T48389,173.35,,S
11512,1,2,"Brown, Mrs. Annie",female,,0,0,T873563,25.61,,S
11513,0,3,"Brown, Mr. John",male,56.1,0,3,T518281,12.72,,C
11514,1,1,"Johnson, Miss. Beatrice",female,60.4,1,1,T931562,62.72,,S
11515,0,1,"Jones, Mr. William",male,23.2,1,0,T233232,92.42,,S
11516,0,3,"Brown, Mrs. Edith",female,29.5,1,0,T747676,28.19,,S
11517,0,3,"Smith, Mr. James",male,24.0,1,0,T598723,5.16,D21,S
11518,1,1,"Moore, Miss. Edith",female,,1,1,T812171,124.32,,S
11519,0,3,"Miller, Master. Henry",male,48.5,1,0,T31818,14.76,,Q
11520,1,3,"Anderson, Miss. Clara",female,9.4,0,0,T344428,12.8,,S
11521,0,3,"Miller, Master. Robert",male,39.1,0,0,T428737,8.4,G84,S
11522,0,3,"Williams, Mr. Robert",male,26.9,2,0,T276553,9.53,,S
11523,1,3,"Davis, Mrs. Clara",female,49.5,1,0,T831927,13.92,,S
11524,1,1,"Davis, Mr. George",male,,0,0,T145112,52.48,,C
11525,1,1,"Davis, Mr. Edward",male,23.8,1,1,T710717,44.35,D99,S
11526,0,3,"Johnson, Mrs. Florence",female,28.1,0,1,T136724,21.2,,S
11527,1,3,"Williams, Miss. Beatrice",female,42.6,0,0,T547955,11.09,,S
11528,0,2,"Wilson, Mr. Charles",male,44.0,0,1,T934515,27.43,,S
11529,1,2,"Wilson, Mr. John",male,0.5,3,0,T782452,46.7,,S
11530,0,3,"Anderson, Mr. Richard",male,,0,2,T400221,13.37,,S
11531,0,1,"Johnson, Mrs. Lily",female,53.6,4,1,T550823,67.06,,S
11532,0,3,"Johnson, Mr. Charles",male,33.4,1,2,T215521,5.08,F91,C
11533,1,1,"Davis, Miss. Mary",female,43.5,2,0,T986691,134.8,D11,S
11534,0,3,"Thomas, Mr. Richard",male,48.2,0,0,T881603,4.35,G80,S
11535,0,1,"Thomas, Mr. Robert",male,32.9,0,0,T666972,59.89,C44,S
11536,0,1,"Davis, Mr. John",male,41.5,1,0,T261808,100.12,,S
11537,1,1,"Miller, Mrs. Dorothy",female,,0,0,T751556,101.64,,Q
11538,0,3,"Jones, Mr. William",male,28.9,0,0,T898459,11.59,,S
11539,1,1,"Johnson, Mr. Charles",male,20.1,2,0,T293412,32.23,,S
11540,0,3,"Anderson, Mr. Henry",male,32.2,1,0,T645111,4.31,,S
11541,0,3,"Anderson, Mr. Robert",male,57.1,0,1,T932910,32.02,,S
11542,0,3,"Brown, Master. Thomas",male,16.6,0,0,T147759,18.52,,Q
11543,0,2,"Jones, Mr. Richard",male,38.6,1,0,T35070,33.55,,S
11544,1,3,"Williams, Miss. Beatrice",female,,0,0,T712516,11.18,,C
11545,1,3,"Jones, Mr. William",male,51.1,8,0,T541688,15.37,,Q
11546,0,2,"Johnson, Mr. George",male,,0,0,T656241,31.97,,S
11547,1,3,"Brown, Mrs. Florence",female,16.3,2,0,T177692,5.48,,S
11548,0,3,"Anderson, Mr. William",male,21.4,1,0,T773676,14.2,G107,Q
11549,1,3,"Brown, Mrs. Emma",female,22.2,1,0,T81389,10.47,,S
11550,0,2,"Brown, Mr. John",male,22.7,0,0,T597613,17.52,,C
11551,0,3,"Johnson, Mr. Henry",male,23.9,0,0,T319896,12.56,E56,S
11552,0,2,"Wilson, Mr. Henry",male,34.7,0,0,T171989,22.57,B143,C
11553,1,2,"Williams, Mr. James",male,17.4,0,0,T729918,13.06,,Q
11554,0,1,"Johnson, Mr. James",male,19.4,1,0,T686598,91.31,,S
11555,0,1,"Thomas, Mr. Richard",male,,0,2,T837011,64.4,F102,S
11556,1,3,"Thomas, Mrs. Alice",female,36.8,0,0,T617338,6.97,D98,S
11557,0,3,"Smith, Mr. William",male,28.8,0,0,T740702,14.86,A27,C
11558,0,1,"Thomas, Mr. Edward",male,26.2,2,0,T952410,117.49,,S
11559,0,2,"Anderson, Mr. Robert",male,17.5,1,0,T255366,31.64,,C
11560,0,2,"Wilson, Miss. Annie",female,6.4,1,0,T113966,10.7,,S
11561,0,3,"Miller, Mr. Robert",male,53.4,1,0,T868173,10.49,,C
11562,0,3,"Williams, Mr. Thomas",male,25.5,1,0,T971307,11.89,,S
11563,1,2,"Wilson, Mrs. Mary",female,,0,0,T15413,41.37,,S
11564,0,3,"Anderson, Mrs. Lily",female,40.9,8,1,T148031,8.57,,Q
11565,1,2,"Moore, Mr. John",male,56.2,1,2,T455475,35.67,B112,S
11566,1,3,"Taylor, Mrs. Lily",female,44.1,2,0,T173123,15.35,,S
11567,0,3,"Brown, Mr. James",male,32.0,0,0,T342361,4.99,,C
11568,1,2,"Anderson, Mrs. Emma",female,21.0,8,0,T300397,27.88,,S
11569,0,3,"Moore, Master. James",male,15.5,0,0,T633977,7.3,,C
11570,1,2,"Wilson, Mrs. Florence",female,45.9,1,1,T765854,21.17,A114,S
11571,1,2,"Davis, Miss. Lily",female,33.5,0,0,T528400,28.09,,S
11572,0,3,"Moore, Mr. James",male,38.6,0,0,T191195,8.83,,C
11573,1,3,"Taylor, Mr. Edward",male,,5,0,T127428,3.88,,S
11574,0,3,"Davis, Mr. Robert",male,34.9,0,2,T138755,8.47,,S
11575,0,3,"Davis, Mr. Robert",male,22.9,2,0,T533101,10.6,,S
11576,0,3,"Moore, Mr. William",male,44.4,0,0,T450435,4.54,C119,S
11577,1,2,"Taylor, Mrs. Alice",female,26.8,8,0,T613716,12.16,C60,S
11578,0,2,"Williams, Master. James",male,31.0,0,0,T97896,25.67,,S
11579,0,3,"Anderson, Mr. Edward",male,40.1,1,0,T510027,7.07,,S
11580,0,3,"Miller, Mr. Robert",male,28.8,0,1,T498983,11.1,,S
11581,0,1,"Brown, Mr. Robert",male,3.3,0,0,T39654,145.09,G26,C
11582,0,3,"Wilson, Mr. Henry",male,44.8,0,0,T128942,3.74,,S
11583,0,3,"Taylor, Mr. Charles",male,47.9,0,0,T240188,7.71,,C
11584,1,2,"Davis, Mrs. Mary",female,3.1,1,0,T272554,27.97,,S
11585,1,3,"Williams, Mrs. Edith",female,14.6,0,0,T923938,6.73,,S
11586,1,1,"Smith, Miss. Florence",female,59.0,5,2,T635892,87.37,,Q
11587,0,3,"Williams, Miss. Mary",female,,0,1,T620315,24.45,G133,S
11588,0,3,"Taylor, Mr. Robert",male,29.8,1,0,T556134,10.17,,C
11589,1,3,"Miller, Miss. Clara",female,23.5,0,0,T203329,11.3,,S
11590,1,2,"Williams, Mr. Charles",male,14.8,0,0,T207201,32.57,A7,S
11591,0,3,"Smith, Mr. John",male,26.9,0,0,T130715,7.22,B123,S
11592,0,3,"Anderson, Mr. Henry",male,43.8,4,0,T701220,20.19,,C
11593,1,2,"Brown, Mr. William",male,29.5,0,3,T455240,18.42,,S
11594,0,1,"Thomas, Mr. James",male,,0,0,T193417,314.98,,S
11595,0,3,"Smith, Master. Edward",male,55.3,0,2,T429858,3.43,C73,S
11596,0,3,"Wilson, Mr. Richard",male,21.3,1,0,T657184,11.06,,S
11597,0,1,"Smith, Mr. Robert",male,34.1,1,0,T126666,90.08,,C
11598,1,1,"Davis, Mrs. Alice",female,44.3,1,0,T251574,29.75,,C
11599,0,1,"Anderson, Mr. James",male,16.2,0,0,T505483,77.46,E123,S
11600,1,2,"Davis, Miss. Florence",female,32.3,1,0,T515928,17.19,,C
11601,0,3,"Davis, Mr. James",male,56.8,0,0,T784709,11.52,,S
11602,1,2,"Smith, Mrs. Mary",female,24.8,5,1,T388045,10.04,,S
11603,1,2,"Taylor, Mrs. Emma",female,45.2,0,0,T642453,17.38,F88,S
11604,1,3,"Taylor, Mrs. Dorothy",female,27.7,1,1,T573091,12.14,D136,Q
11605,1,1,"Thomas, Mr. William",male,55.8,0,2,T288407,63.89,,Q
11606,0,3,"Wilson, Mr. William",male,5.8,0,0,T176545,13.59,,C
11607,0,3,"Wilson, Master. George",male,30.6,0,0,T494987,17.56,,Q
11608,0,3,"Anderson, Mr. Richard",male,,0,0,T613733,11.76,,C
11609,0,3,"Wilson, Mr. John",male,19.5,0,1,T431689,11.39,,C
11610,0,2,"Anderson, Miss. Mary",female,,0,0,T44486,21.81,,S
11611,0,1,"Williams, Mr. Richard",male,25.8,0,1,T90337,86.64,B53,S
11612,0,3,"Wilson, Mr. Henry",male,,0,0,T472100,13.96,,S
11613,0,3,"Miller, Mr. Thomas",male,28.7,1,0,T482339,9.94,A17,C
11614,0,1,"Brown, Mr. John",male,,3,0,T15312,37.75,D64,C
11615,1,3,"Williams, Miss. Dorothy",female,7.5,0,0,T671661,11.92,,S
11616,1,3,"Smith, Mrs. Annie",female,20.5,0,0,T474021,8.01,,S
11617,1,1,"Jones, Mr. John",male,66.5,0,1,T467480,64.66,,Q
11618,0,3,"Davis, Mr. George",male,34.5,0,0,T896068,10.0,,S
11619,0,3,"Johnson, Mrs. Clara",female,3.3,1,0,T881004,12.05,,S
11620,0,3,"Moore, Mr. William",male,,0,0,T503393,4.26,E81,S
11621,0,3,"Miller, Mr. Henry",male,33.0,1,0,T597483,9.0,,S
11622,0,3,"Williams, Mrs. Dorothy",female,31.2,0,0,T750168,6.64,,Q
11623,0,2,"Williams, Mr. George",male,,0,0,T30741,20.91,,S
11624,1,1,"Williams, Mr. Robert",male,61.5,0,0,T778895,107.48,C11,S
11625,0,2,"Davis, Mr. John",male,67.7,1,0,T97765,31.77,,S
11626,1,3,"Williams, Miss. Clara",female,,0,2,T430133,6.9,B60,S
11627,0,3,"Johnson, Mr. James",male,42.4,0,0,T933969,9.47,,C
11628,0,3,"Brown, Mr. James",male,,0,0,T915700,17.77,,S
11629,0,3,"Jones, Mrs. Edith",female,45.0,2,0,T692118,20.89,,S
11630,0,3,"Anderson, Mrs. Clara",female,,0,0,T398191,7.39,,S
11631,0,3,"Smith, Mr. Richard",male,57.8,0,0,T245551,33.69,,S
11632,0,1,"Anderson, Master. Richard",male,,0,0,T853735,156.84,,C
11633,1,3,"Johnson, Mr. Edward",male,35.8,0,0,T209598,11.06,D6,S
11634,0,3,"Jones, Mr. George",male,29.7,0,1,T915799,8.79,E90,S
11635,0,3,"Thomas, Mr. Edward",male,,0,0,T309422,17.61,,S
11636,0,2,"Johnson, Miss. Alice",female,33.7,1,1,T510468,13.35,,S
11637,0,3,"Davis, Mr. Thomas",male,,0,1,T218181,10.1,,C
11638,0,3,"Anderson, Mr. Robert",male,1.1,0,0,T926423,7.23,E16,C
11639,0,2,"Anderson, Master. Richard",male,26.6,0,3,T91663,11.12,,S
11640,0,1,"Miller, Mr. Charles",male,,0,0,T61654,80.65,C67,C
11641,0,1,"Davis, Mrs. Clara",female,37.6,0,1,T812588,71.82,,S
11642,1,3,"Taylor, Miss. Edith",female,,0,0,T646833,3.58,D116,S
11643,1,1,"Jones, Mrs. Emma",female,29.9,1,1,T281893,96.33,,S
11644,0,2,"Smith, Mr. James",male,,8,0,T517333,33.75,,S
11645,1,3,"Miller, Mrs. Annie",female,29.6,0,0,T685915,16.37,,C
11646,0,3,"Thomas, Mr. Edward",male,,0,0,T267395,13.58,,S
11647,0,3,"Davis, Mr. John",male,26.5,0,2,T909125,10.1,,C
11648,1,1,"Wilson, Mr. George",male,46.7,0,0,T523705,61.32,,S
11649,0,3,"Williams, Mr. John",male,2.4,0,0,T425405,20.6,,Q
11650,0,2,"Miller, Master. James",male,28.3,0,0,T509960,21.37,,S
11651,0,3,"Johnson, Mr. William",male,,0,0,T132139,5.13,A141,S
11652,1,1,"Williams, Mr. Robert",male,,0,0,T553321,48.04,,S
11653,0,3,"Williams, Mr. Charles",male,47.2,0,0,T297995,10.53,G66,S
11654,0,3,"Taylor, Mrs. Lily",female,31.6,0,0,T50496,7.42,,S
11655,0,3,"Miller, Mr. Henry",male,37.3,1,0,T981942,16.15,,Q
11656,0,3,"Brown, Miss. Alice",female,2.2,1,0,T40299,10.29,,S
11657,1,1,"Johnson, Mr. Thomas",male,14.5,0,0,T633219,103.37,F87,S
11658,0,2,"Brown, Mr. William",male,,0,0,T932335,23.12,,S
11659,0,3,"Moore, Mr. Edward",male,32.0,0,0,T455153,14.24,,S
11660,0,3,"Johnson, Mr. Robert",male,,0,2,T964935,7.89,D64,S
11661,1,2,"Anderson, Miss. Annie",female,30.2,2,0,T646127,52.19,,S
11662,1,1,"Taylor, Mr. Richard",male,,0,0,T232153,85.48,F126,Q
11663,0,3,"Davis, Mr. Robert",male,31.2,2,0,T507442,16.9,,S
11664,0,3,"Miller, Master. George",male,14.4,1,0,T840353,14.22,F75,S
11665,0,3,"Wilson, Mr. Thomas",male,,0,0,T615944,11.78,,S
11666,0,3,"Williams, Master. John",male,11.7,0,0,T671924,9.82,,S
11667,0,3,"Williams, Mr. George",male,20.7,0,0,T128651,18.76,,S
11668,0,1,"Moore, Mr. Henry",male,47.0,0,0,T451495,45.48,,S
11669,1,1,"Taylor, Miss. Alice",female,,3,0,T945191,176.59,,S
11670,1,3,"Smith, Miss. Florence",female,38.3,1,0,T645421,14.74,,C
11671,0,3,"Smith, Mr. Robert",male,31.4,0,0,T513962,6.08,,C
11672,1,3,"Miller, Mr. Henry",male,24.1,0,0,T962989,11.12,,S
11673,1,3,"Brown, Mrs. Florence",female,15.1,0,0,T251539,14.39,,S
11674,1,3,"Miller, Mrs. Dorothy",female,23.9,0,0,T492074,8.32,,S
11675,0,3,"Anderson, Mr. John",male,32.4,1,0,T318332,24.23,,C
11676,0,2,"Smith, Mr. Robert",male,38.1,1,0,T737490,32.82,,S
11677,0,2,"Taylor, Mr. Richard",male,31.5,0,1,T55050,61.88,,C
11678,0,3,"Anderson, Mr. John",male,39.1,0,1,T87957,11.11,,S
11679,0,3,"Taylor, Mr. Edward",male,7.7,0,1,T236822,20.01,D141,S
11680,0,1,"Smith, Mr. John",male,42.3,0,0,T169094,68.46,,Q
11681,1,3,"Miller, Mrs. Lily",female,13.3,0,0,T34916,25.11,D111,C
11682,0,3,"Williams, Mr. George",male,,0,6,T316630,8.3,,S
11683,0,3,"Johnson, Mr. William",male,37.0,0,0,T545809,15.37,,S
11684,1,2,"Anderson, Mr. John",male,,1,0,T997592,23.18,,S
11685,0,1,"Jones, Miss. Annie",female,40.4,0,0,T213970,192.65,,S
11686,0,2,"Moore, Mr. William",male,44.1,0,0,T446975,29.72,,C
11687,1,1,"Williams, Mr. John",male,47.9,0,0,T91038,111.53,,C
11688,0,3,"Wilson, Mr. William",male,18.6,0,0,T42688,9.54,B140,C
11689,0,1,"Thomas, Mr. Henry",male,32.3,1,0,T651058,77.9,,S
11690,0,3,"Davis, Mr. Charles",male,39.8,0,0,T800740,23.97,,S
11691,0,2,"Jones, Master. Thomas",male,40.4,0,0,T352800,15.15,,Q
11692,0,1,"Taylor, Mr. Edward",male,35.6,1,3,T381525,143.03,,Q
11693,0,3,"Anderson, Mr. Thomas",male,23.5,0,0,T80798,4.5,D22,S
11694,0,3,"Jones, Mr. George",male,44.0,0,0,T978203,5.49,B27,Q
11695,0,3,"Brown, Mr. James",male,44.1,1,0,T520624,13.33,,S
11696,0,3,"Jones, Mr. Richard",male,27.5,1,0,T718476,12.09,,Q
11697,1,3,"Williams, Mr. John",male,,0,0,T201369,9.2,,S
11698,1,3,"Davis, Miss. Annie",female,19.1,0,0,T294329,11.89,,S
11699,0,3,"Brown, Miss. Lily",female,49.5,0,0,T766384,8.6,,C
11700,1,1,"Davis, Miss. Annie",female,,0,0,T482951,86.99,,C
11701,0,3,"Johnson, Master. John",male,29.4,0,0,T145180,13.58,,S
11702,0,2,"Wilson, Mr. Charles",male,,0,0,T656525,24.97,,S
11703,1,3,"Smith, Mr. Robert",male,4.1,0,0,T730577,10.4,,C
11704,0,2,"Smith, Mr. John",male,,0,0,T718113,27.87,,S
11705,0,3,"Williams, Mr. Charles",male,12.4,0,0,T992641,13.94,,S
11706,0,3,"Wilson, Mr. Charles",male,32.0,1,0,T573920,7.29,,S
11707,1,1,"Anderson, Master. Richard",male,46.9,1,0,T775281,123.27,,C
11708,0,3,"Taylor, Mr. George",male,15.5,0,2,T533015,6.1,,S
11709,1,1,"Davis, Mrs. Clara",female,33.2,3,0,T410695,24.07,,S
11710,0,1,"Anderson, Master. William",male,44.2,0,0,T63724,121.38,,Q
11711,0,2,"Anderson, Mr. Richard",male,,0,0,T925333,11.32,,S
11712,0,3,"Williams, Mr. Henry",male,22.1,0,0,T186846,9.4,,S
11713,1,3,"Taylor, Miss. Beatrice",female,,2,0,T100718,10.67,,Q
11714,0,3,"Moore, Miss. Clara",female,,0,1,T154812,13.38,,S
11715,0,3,"Taylor, Mr. Charles",male,33.5,0,1,T238381,18.08,,C
11716,0,3,"Wilson, Mr. Edward",male,,0,0,T43747,14.83,C15,S
11717,0,3,"Williams, Mrs. Dorothy",female,46.5,0,2,T487849,17.17,,S
11718,0,1,"Thomas, Mr. James",male,37.2,1,0,T117155,83.67,,S
11719,1,2,"Johnson, Mrs. Dorothy",female,,0,0,T293063,33.29,,S
11720,0,1,"Jones, Mr. George",male,38.9,0,0,T996135,68.03,,S
11721,1,3,"Davis, Mr. William",male,,0,0,T503627,12.07,,S
11722,1,1,"Moore, Miss. Dorothy",female,11.8,0,1,T508471,118.97,,S
11723,0,2,"Wilson, Mr. John",male,0.5,8,0,T429247,39.4,,S
11724,0,3,"Wilson, Mr. Charles",male,14.6,0,1,T482591,14.71,,S
11725,1,2,"Miller, Mr. William",male,28.2,0,0,T959817,50.4,,S
11726,1,3,"Brown, Mrs. Alice",female,44.3,1,0,T594771,11.17,,S
11727,0,2,"Smith, Mr. William",male,16.8,0,0,T793201,26.97,C7,C
11728,0,1,"Jones, Mr. Edward",male,37.7,0,0,T750988,100.32,B41,S
11729,1,2,"Brown, Mr. Edward",male,0.5,1,6,T899026,22.42,,C
11730,1,2,"Anderson, Miss. Lily",female,32.3,3,0,T331342,18.83,,Q
11731,0,3,"Thomas, Mr. Edward",male,,0,0,T24629,10.52,E19,S
11732,0,2,"Anderson, Mr. Charles",male,,0,0,T819840,21.51,,S
11733,0,2,"Smith, Mr. Thomas",male,,0,0,T816208,14.95,F4,S
11734,1,3,"Thomas, Mrs. Beatrice",female,,0,2,T902171,12.53,,S
11735,0,3,"Taylor, Miss. Mary",female,2.2,0,3,T315362,23.95,,Q
11736,0,3,"Davis, Mr. Henry",male,21.7,0,0,T54273,7.37,,S
11737,0,3,"Anderson, Mrs. Clara",female,,1,0,T402179,20.9,,S
11738,0,3,"Smith, Mr. Richard",male,63.1,0,0,T639956,9.66,F145,S
11739,1,2,"Brown, Mr. William",male,24.5,0,0,T750394,21.37,F122,C
11740,1,3,"Wilson, Mrs. Beatrice",female,26.6,0,0,T718402,9.34,,S
11741,0,3,"Anderson, Mr. Henry",male,,1,0,T87222,9.76,,Q
11742,1,2,"Miller, Mr. Charles",male,,0,0,T798617,24.3,,S
11743,1,2,"Wilson, Mrs. Clara",female,45.0,0,0,T229364,28.33,,S
11744,0,1,"Jones, Mr. Edward",male,39.0,0,0,T578689,114.89,,S
11745,0,1,"Taylor, Master. Henry",male,43.0,2,0,T32392,102.7,C42,Q
11746,1,1,"Brown, Miss. Edith",female,12.0,0,0,T741362,106.12,,S
11747,1,1,"Taylor, Mr. George",male,,1,1,T291944,156.49,D58,S
11748,0,3,"Anderson, Mr. Robert",male,,0,0,T277952,19.12,G72,C
11749,0,3,"Miller, Mr. Henry",male,,1,0,T980490,10.65,,S
11750,0,3,"Davis, Mr. James",male,42.7,0,0,T80578,10.74,D141,S
11751,1,3,"Johnson, Miss. Emma",female,33.7,1,0,T602825,12.1,A129,S
11752,0,1,"Moore, Mr. John",male,6.6,0,0,T95630,42.49,,S
11753,0,3,"Moore, Mr. Charles",male,27.0,0,0,T471534,3.9,,Q
11754,0,3,"Miller, Mrs. Clara",female,22.7,4,0,T337659,14.65,G82,C
11755,1,1,"Johnson, Mr. James",male,,0,0,T668810,132.04,,S
11756,1,1,"Moore, Mr. Thomas",male,,0,4,T233587,78.4,,S
11757,0,2,"Jones, Mrs. Alice",female,5.9,0,0,T309218,17.0,,S
11758,1,1,"Brown, Miss. Clara",female,23.3,0,0,T97925,55.45,F68,S
11759,0,2,"Smith, Mr. Richard",male,17.8,0,0,T286230,17.81,,S
11760,0,1,"Johnson, Mr. Richard",male,18.4,0,0,T727192,59.8,,S
11761,0,1,"Johnson, Mr. John",male,,0,1,T898280,109.79,,C
11762,0,2,"Thomas, Mr. James",male,30.7,0,0,T475046,14.2,,S
11763,0,3,"Anderson, Mr. Thomas",male,37.3,0,5,T58076,17.27,,C
11764,1,1,"Wilson, Miss. Mary",female,34.8,0,0,T206089,44.03,,Q
11765,0,1,"Wilson, Mr. Thomas",male,32.4,0,0,T740998,102.04,,S
11766,1,3,"Johnson, Mrs. Lily",female,38.7,0,0,T738894,6.04,,Q
11767,1,3,"Anderson, Miss. Annie",female,64.2,0,0,T273721,11.99,,S
11768,0,2,"Thomas, Mr. Thomas",male,31.7,2,0,T627994,20.96,,S
11769,0,3,"Jones, Mr. Edward",male,44.5,1,0,T457842,23.85,,Q
11770,1,2,"Wilson, Mrs. Emma",female,43.7,0,0,T381671,20.93,,S
11771,1,1,"Taylor, Mrs. Annie",female,,2,0,T40113,67.25,,Q
11772,0,2,"Smith, Mrs. Clara",female,37.8,5,0,T768316,29.4,F137,C
11773,1,3,"Williams, Mr. Henry",male,17.5,0,0,T243738,7.67,,S
11774,0,2,"Anderson, Mr. Henry",male,34.1,0,0,T348739,20.43,,S
11775,0,3,"Miller, Miss. Mary",female,33.3,0,0,T401762,9.97,C136,S
11776,1,1,"Taylor, Master. John",male,41.5,0,0,T801355,86.81,,S
11777,0,3,"Miller, Miss. Beatrice",female,,1,1,T733759,7.54,,C
11778,0,2,"Brown, Master. George",male,,1,1,T261675,14.54,,S
11779,1,3,"Moore, Mrs. Beatrice",female,29.8,0,3,T27391,15.05,,Q
11780,0,3,"Anderson, Master. George",male,,0,1,T155080,24.28,B14,S
11781,1,3,"Williams, Mrs. Clara",female,34.2,0,1,T395445,14.16,,S
11782,0,1,"Taylor, Mr. John",male,31.5,0,3,T383133,110.59,,S
11783,0,3,"Jones, Mrs. Clara",female,,1,1,T408534,13.15,,S
11784,0,3,"Wilson, Mr. Charles",male,,0,0,T372229,7.92,,C
11785,0,1,"Wilson, Mr. George",male,58.1,4,1,T672175,199.22,,S
11786,0,3,"Thomas, Mr. William",male,0.5,0,0,T539079,5.96,,C
11787,1,3,"Williams, Miss. Lily",female,37.5,0,0,T118288,11.78,,S
11788,0,3,"Johnson, Mr. William",male,30.3,0,0,T831308,16.11,,Q
11789,1,1,"Smith, Mr. Henry",male,,0,0,T762630,9.38,,S
11790,0,3,"Anderson, Mr. John",male,0.5,1,0,T10469,16.71,,S
11791,0,1,"Anderson, Mr. Robert",male,38.1,0,1,T177136,107.68,,S
11792,0,2,"Davis, Master. George",male,27.9,1,0,T812607,18.1,,C
11793,0,2,"Thomas, Mr. Henry",male,17.6,4,0,T383899,23.25,,S
11794,0,3,"Taylor, Miss. Annie",female,30.3,5,5,T483884,10.75,,S
11795,1,1,"Anderson, Mr. Robert",male,,2,0,T260656,104.19,,S
11796,1,3,"Brown, Mr. Robert",male,,1,1,T107056,7.87,,S
11797,1,2,"Anderson, Miss. Dorothy",female,31.0,0,1,T507941,24.6,,Q
11798,0,2,"Anderson, Mrs. Edith",female,38.1,0,1,T512907,29.88,F132,S
11799,1,3,"Thomas, Mrs. Mary",female,21.7,0,0,T966402,8.61,,S
11800,0,3,"Johnson, Mr. George",male,,1,0,T987989,13.92,A124,C
11801,0,2,"Brown, Mr. Thomas",male,31.3,0,1,T568686,28.55,,S
11802,1,2,"Moore, Mr. Thomas",male,44.9,1,0,T599292,39.26,,S
11803,1,2,"Wilson, Mr. James",male,,1,0,T318984,15.77,,C
11804,0,3,"Taylor, Mr. Thomas",male,41.3,0,0,T966115,15.13,,S
11805,1,2,"Davis, Miss. Florence",female,25.2,0,0,T496991,17.28,,S
11806,0,3,"Miller, Mr. Charles",male,58.2,0,0,T623514,29.03,,S
11807,0,3,"Moore, Mr. George",male,23.4,0,0,T396977,11.15,,S
11808,0,1,"Jones, Mr. John",male,19.8,0,0,T687092,134.4,,S
11809,0,2,"Miller, Mr. Richard",male,28.2,0,0,T303302,14.58,,S
11810,0,1,"Wilson, Master. Edward",male,19.1,0,0,T997364,111.64,,C
11811,1,2,"Moore, Mr. Charles",male,11.6,0,0,T58219,27.79,C139,C
11812,0,3,"Wilson, Mr. Thomas",male,40.3,0,2,T503758,4.79,G32,S
11813,0,3,"Moore, Mr. Robert",male,0.5,0,2,T47893,18.93,,S
11814,1,3,"Taylor, Miss. Florence",female,19.3,0,0,T840251,29.28,G34,S
11815,1,1,"Johnson, Miss. Florence",female,,0,1,T98448,73.57,G58,C
11816,0,3,"Williams, Miss. Alice",female,31.8,0,0,T796468,5.81,A51,S
11817,0,2,"Taylor, Mr. John",male,,0,0,T568037,38.76,C145,C
11818,1,2,"Moore, Miss. Lily",female,37.6,0,0,T124144,37.26,,C
11819,0,3,"Taylor, Mr. Henry",male,39.2,0,0,T463009,13.96,D49,C
11820,0,3,"Smith, Mrs. Lily",female,6.0,0,0,T464748,20.75,,S
11821,1,2,"Smith, Mr. Richard",male,,0,0,T173302,18.68,,C
11822,0,3,"Johnson, Mr. George",male,37.2,0,0,T341137,9.39,,S
11823,1,3,"Taylor, Mr. Robert",male,43.3,0,2,T561616,12.7,,C
11824,0,3,"Taylor, Mr. Thomas",male,8.4,0,0,T967253,13.08,,S
11825,0,1,"Anderson, Mr. Henry",male,6.4,0,2,T313855,28.88,,Q
11826,0,3,"Jones, Mrs. Clara",female,51.5,0,1,T491790,4.99,,S
11827,0,3,"Williams, Master. Edward",male,17.8,1,0,T182698,6.79,,C
11828,1,3,"Jones, Mr. Edward",male,22.1,0,0,T283678,11.67,,S
11829,0,3,"Moore, Mr. Charles",male,38.9,0,0,T265821,7.26,,C
11830,0,3,"Wilson, Mr. John",male,12.7,0,0,T14063,20.4,,S
11831,0,2,"Johnson, Mrs. Alice",female,25.8,0,0,T475290,42.9,,
11832,0,1,"Smith, Mr. Robert",male,,2,0,T309012,158.85,,S
11833,1,3,"Jones, Miss. Dorothy",female,9.1,0,0,T77922,11.49,,S
11834,0,1,"Smith, Master. William",male,22.4,0,0,T441578,58.58,,S
11835,0,2,"Anderson, Mrs. Emma",female,13.4,0,0,T112509,37.12,,S
11836,0,3,"Johnson, Mr. Edward",male,,0,0,T835720,4.57,,S
11837,1,2,"Smith, Mrs. Lily",female,46.9,1,0,T106832,29.84,,S
11838,0,3,"Jones, Mr. George",male,50.1,0,0,T574334,11.8,F118,S
11839,0,3,"Wilson, Mrs. Lily",female,33.4,0,0,T896824,8.57,,S
11840,0,2,"Thomas, Mr. John",male,37.4,0,0,T829552,20.0,,S
11841,0,3,"Moore, Mr. George",male,37.0,0,0,T472430,12.82,,C
11842,1,1,"Davis, Mr. Henry",male,20.0,0,0,T421548,162.53,A41,S
11843,0,3,"Williams, Mr. Thomas",male,33.2,1,3,T759158,23.63,,S
11844,0,3,"Moore, Mr. Charles",male,10.9,1,0,T501007,12.5,B108,S
11845,0,2,"Brown, Mr. Thomas",male,,2,0,T286416,39.07,A99,S
11846,0,2,"Davis, Mr. Richard",male,28.4,0,0,T931340,39.43,,C
11847,1,2,"Taylor, Mrs. Clara",female,14.3,0,0,T747004,25.32,,S
11848,0,3,"Miller, Mrs. Lily",female,11.2,0,0,T895109,9.82,,S
11849,0,3,"Johnson, Mr. Edward",male,19.4,0,0,T763279,21.09,,S
11850,0,2,"Wilson, Mr. John",male,46.3,1,0,T108074,33.52,,S
11851,0,3,"Moore, Mr. James",male,52.3,0,0,T532940,11.68,,S
11852,0,1,"Johnson, Mrs. Annie",female,29.2,0,0,T293688,181.39,,S
11853,1,3,"Davis, Mrs. Clara",female,38.1,0,2,T611030,10.63,,S
11854,1,3,"Williams, Mrs. Clara",female,21.5,0,0,T500555,17.57,E135,S
11855,1,1,"Smith, Mrs. Lily",female,0.5,0,0,T219983,98.89,,Q
11856,0,3,"Taylor, Mrs. Dorothy",female,16.7,0,0,T235770,10.21,,C
11857,0,3,"Jones, Miss. Edith",female,25.2,2,0,T362734,18.29,,S
11858,0,3,"Davis, Mr. Charles",male,,0,0,T320940,4.54,,C
11859,0,1,"Davis, Mrs. Lily",female,,2,0,T719482,151.63,F60,S
11860,1,1,"Anderson, Miss. Beatrice",female,25.6,0,0,T980085,43.6,,S
11861,0,1,"Anderson, Master. George",male,,0,0,T478468,97.92,,S
11862,0,3,"Jones, Mr. William",male,34.7,0,0,T728956,8.49,,S
11863,0,3,"Miller, Mr. George",male,9.9,0,2,T512978,8.91,,Q
11864,0,1,"Taylor, Mrs. Alice",female,41.3,8,0,T226362,69.45,,C
11865,1,3,"Williams, Mr. Robert",male,21.2,1,2,T511249,9.98,,S
11866,0,2,"Johnson, Mr. Henry",male,,4,0,T46785,22.86,,Q
11867,0,1,"Jones, Miss. Lily",female,25.1,0,0,T886040,90.08,,Q
11868,1,2,"Thomas, Mr. John",male,22.7,0,1,T886220,29.54,E75,S
11869,1,1,"Smith, Mrs. Lily",female,21.5,0,0,T535298,31.52,,S
11870,0,2,"Wilson, Miss. Dorothy",female,22.9,0,0,T49142,16.55,,S
11871,1,2,"Brown, Miss. Clara",female,38.5,0,0,T771821,38.15,,Q
11872,1,3,"Johnson, Mr. Charles",male,29.1,0,1,T799965,34.82,,S
11873,1,3,"Wilson, Mrs. Florence",female,44.0,0,2,T35135,4.05,F99,C
11874,1,2,"Williams, Mr. Edward",male,,1,0,T843747,21.61,,Q
11875,0,3,"Miller, Mr. James",male,,1,0,T775453,25.65,E52,C
11876,0,3,"Miller, Mr. Thomas",male,35.1,0,0,T867462,7.33,,S
11877,0,2,"Moore, Mr. George",male,47.0,0,0,T360293,21.87,E101,S
11878,0,3,"Davis, Miss. Emma",female,39.2,0,0,T564266,9.51,,S
11879,0,3,"Smith, Mr. Edward",male,33.8,0,1,T900062,34.62,,S
11880,1,3,"Brown, Miss. Emma",female,,0,0,T480297,25.99,,C
11881,0,3,"Moore, Mr. Thomas",male,13.0,0,0,T289822,19.32,,S
11882,0,3,"Johnson, Master. Edward",male,67.0,0,0,T752750,2.62,B34,S
11883,0,2,"Taylor, Mr. Charles",male,37.4,1,0,T171674,16.85,,S
11884,0,3,"Brown, Mr. Charles",male,38.8,0,1,T847005,8.33,,S
11885,1,1,"Thomas, Miss. Edith",female,29.3,1,0,T12819,159.82,,S
11886,0,3,"Johnson, Mrs. Lily",female,0.5,0,2,T99826,14.86,B29,S
11887,0,2,"Miller, Mr. Thomas",male,25.9,0,0,T672367,24.97,G119,S
11888,0,1,"Davis, Miss. Annie",female,30.8,0,0,T914995,215.33,,C
11889,0,3,"Anderson, Mr. Thomas",male,,1,0,T903233,13.74,,S
11890,0,2,"Miller, Mr. Richard",male,17.6,0,0,T996143,51.03,,S
11891,0,3,"Miller, Mr. John",male,24.8,0,1,T599434,5.61,,S
11892,0,2,"Wilson, Mr. Edward",male,,3,1,T96349,16.17,,C
11893,1,3,"Davis, Miss. Edith",female,47.9,0,0,T812401,11.63,E98,C
11894,1,2,"Thomas, Mr. William",male,,0,0,T671434,23.48,,S
11895,0,1,"Wilson, Mr. Richard",male,21.5,4,0,T279250,52.07,,C
11896,0,2,"Taylor, Mr. Richard",male,24.4,0,0,T700468,23.55,B148,S
11897,0,3,"Davis, Mr. Richard",male,,0,0,T61120,14.48,,S
11898,0,3,"Thomas, Mr. Thomas",male,32.9,1,0,T482854,11.3,F83,S
11899,0,3,"Miller, Mr. William",male,36.0,2,0,T357555,15.88,,C
11900,1,3,"Taylor, Miss. Mary",female,,1,0,T669797,8.21,,C
11901,1,3,"Thomas, Mr. Thomas",male,37.4,0,2,T982721,15.43,,C
11902,0,3,"Anderson, Mr. William",male,36.2,0,2,T577027,8.88,C10,S
11903,0,1,"Johnson, Mr. Edward",male,24.0,0,0,T932607,372.0,,S
11904,0,1,"Brown, Mr. George",male,4.8,0,4,T371972,103.83,,C
11905,0,2,"Brown, Miss. Emma",female,16.9,1,0,T82565,38.5,,S
11906,1,1,"Wilson, Mr. William",male,52.4,0,0,T764283,110.14,E97,S
11907,0,3,"Miller, Mr. William",male,5.1,0,1,T845072,12.69,,S
11908,1,3,"Davis, Mr. Richard",male,48.8,1,0,T475149,16.81,,Q
11909,0,3,"Williams, Mrs. Dorothy",female,,0,0,T232334,15.92,,C
11910,0,3,"Brown, Mrs. Annie",female,18.5,1,0,T65523,10.59,,S
11911,0,3,"Williams, Mr. Edward",male,,0,0,T812097,7.29,,Q
11912,0,3,"Thomas, Mr. George",male,,0,0,T748061,9.63,,S
11913,0,1,"Davis, Mr. George",male,30.1,1,0,T576841,111.62,,S
11914,1,2,"Taylor, Miss. Alice",female,26.6,0,0,T932832,24.07,,C
11915,0,2,"Smith, Mr. William",male,16.1,0,1,T379916,16.79,,Q
11916,0,1,"Thomas, Master. John",male,37.3,0,0,T247309,105.87,,S
11917,0,3,"Williams, Mr. Henry",male,22.3,2,0,T109982,12.9,F73,S
11918,0,3,"Smith, Mr. James",male,26.4,0,0,T634954,2.96,,C
11919,1,1,"Wilson, Mr. George",male,24.5,1,0,T739690,42.31,,C
11920,0,3,"Thomas, Mr. George",male,40.1,0,1,T464911,7.96,,S
11921,0,3,"Miller, Mr. Edward",male,40.7,0,0,T895880,15.98,,S
11922,0,1,"Anderson, Mr. Robert",male,16.8,0,0,T858110,30.55,,S
11923,0,2,"Anderson, Master. James",male,20.6,0,0,T526816,31.22,,S
11924,0,3,"Davis, Mr. Charles",male,,0,0,T248209,6.69,,S
11925,0,3,"Anderson, Mr. William",male,32.4,1,0,T680296,6.85,,S
11926,1,2,"Moore, Miss. Annie",female,42.8,0,0,T970839,28.22,,S
11927,0,2,"Moore, Mr. James",male,32.6,1,0,T681678,18.64,E147,C
11928,1,2,"Moore, Mr. Thomas",male,0.5,0,0,T560153,12.79,,S
11929,1,1,"Williams, Mrs. Annie",female,,1,0,T889771,68.22,,C
11930,0,3,"Thomas, Mr. William",male,10.1,2,0,T328585,17.89,,C
11931,0,1,"Jones, Mr. Charles",male,19.3,0,0,T966089,239.78,,S
11932,0,2,"Smith, Mr. John",male,32.6,1,0,T804531,29.5,,Q
11933,0,1,"Brown, Mr. George",male,28.5,1,0,T225409,139.94,,Q
11934,0,3,"Moore, Master. Thomas",male,42.4,0,4,T322807,9.37,B124,S
11935,0,1,"Moore, Mr. John",male,20.8,1,0,T679602,56.16,F123,C
11936,1,2,"Johnson, Miss. Edith",female,15.7,1,0,T684041,34.32,,S
11937,1,3,"Jones, Miss. Lily",female,25.2,0,1,T680799,8.22,,S
11938,1,2,"Wilson, Mr. Thomas",male,,0,1,T226784,22.83,F8,S
11939,0,2,"Thomas, Mrs. Annie",female,38.8,1,0,T729985,23.11,D59,S
11940,0,2,"Miller, Mr. Thomas",male,31.0,0,0,T514883,16.96,,C
11941,1,3,"Smith, Miss. Florence",female,48.9,0,0,T319824,24.47,,C
11942,0,3,"Miller, Mr. James",male,46.3,0,0,T627045,24.38,,S
11943,0,2,"Davis, Miss. Beatrice",female,41.1,0,0,T612307,13.43,,S
11944,0,1,"Jones, Mr. Charles",male,12.6,0,0,T543691,72.09,,S
11945,0,1,"Smith, Mr. James",male,41.1,0,3,T599338,104.63,B2,S
11946,0,3,"Williams, Mr. Henry",male,26.8,0,0,T797557,3.53,,S
11947,1,3,"Brown, Miss. Clara",female,,0,0,T202586,8.47,,Q
11948,0,3,"Wilson, Mr. Charles",male,19.8,0,2,T141614,11.68,G54,C
11949,0,3,"Moore, Mr. Edward",male,27.2,2,0,T74963,12.25,,S
11950,0,3,"Miller, Mr. Richard",male,20.6,0,0,T121958,19.54,,C
11951,1,3,"Johnson, Mr. William",male,32.2,2,0,T360251,20.98,,Q
11952,0,3,"Smith, Miss. Annie",female,27.2,0,0,T93939,15.84,,S
11953,1,3,"Anderson, Mrs. Edith",female,32.9,0,0,T869635,8.1,,C
11954,0,2,"Williams, Mrs. Mary",female,37.7,1,0,T494887,27.96,,C
11955,0,3,"Johnson, Mrs. Dorothy",female,25.4,0,1,T599066,5.16,E5,S
11956,0,3,"Wilson, Mr. Thomas",male,19.0,0,0,T351028,12.66,,S
11957,0,3,"Williams, Master. Charles",male,0.6,0,0,T852123,16.49,G122,S
11958,0,1,"Wilson, Mr. James",male,,0,1,T765901,172.84,E47,S
11959,1,3,"Taylor, Miss. Florence",female,,1,0,T44356,6.86,,C
11960,1,3,"Anderson, Mrs. Edith",female,27.1,0,2,T908536,10.06,,S
11961,1,3,"Taylor, Mr. Charles",male,46.7,0,0,T293657,10.98,B28,S
11962,1,1,"Jones, Mr. Charles",male,11.0,1,0,T19653,80.59,,Q
11963,1,2,"Smith, Mr. William",male,30.5,0,0,T589171,24.17,,S
11964,1,1,"Jones, Mr. George",male,,0,0,T873133,171.32,,C
11965,0,3,"Thomas, Mrs. Beatrice",female,39.2,0,0,T493470,7.48,,S
11966,0,3,"Williams, Mr. Edward",male,0.5,0,0,T313686,9.23,,S
11967,0,1,"Davis, Miss. Annie",female,41.4,1,0,T490799,158.07,,S
11968,0,1,"Anderson, Mrs. Florence",female,40.8,1,0,T987959,82.22,,S
11969,1,3,"Johnson, Mrs. Lily",female,16.3,0,0,T59006,11.88,,S
11970,1,1,"Thomas, Mrs. Annie",female,30.7,0,1,T542934,101.07,,S
11971,0,3,"Thomas, Mr. Henry",male,16.6,0,0,T550293,6.99,,S
11972,1,3,"Brown, Mrs. Emma",female,35.9,0,0,T449083,8.61,,C
11973,0,2,"Moore, Mr. John",male,41.6,0,2,T57709,32.99,,S
11974,0,3,"Taylor, Miss. Alice",female,15.1,0,1,T195579,26.54,,S
11975,0,2,"Brown, Mr. Robert",male,10.9,1,0,T435661,19.41,,C
11976,0,3,"Moore, Mr. George",male,45.6,0,0,T992625,21.57,,S
11977,0,2,"Smith, Mr. Henry",male,57.8,1,0,T90559,26.58,,S
11978,0,3,"Anderson, Mr. Richard",male,36.9,0,0,T683252,16.46,A89,S
11979,1,3,"Wilson, Miss. Dorothy",female,37.9,1,0,T495701,13.6,,C
11980,0,3,"Moore, Mrs. Alice",female,24.9,0,0,T391466,6.06,B43,S
11981,0,1,"Johnson, Master. Thomas",male,32.3,1,0,T377739,211.18,,S
11982,0,2,"Miller, Mr. Robert",male,34.8,1,0,T260161,22.09,,S
11983,1,3,"Jones, Miss. Emma",female,27.1,0,0,T963256,22.75,,S
11984,1,3,"Brown, Master. George",male,,0,0,T57017,6.92,,C
11985,1,1,"Thomas, Mrs. Dorothy",female,32.3,0,0,T85331,125.28,,S
11986,0,2,"Moore, Master. George",male,34.1,0,0,T918430,20.68,G71,S
11987,0,2,"Williams, Mr. Edward",male,,0,0,T977375,26.66,,S
11988,1,3,"Davis, Mrs. Annie",female,28.8,0,0,T585182,17.76,A50,C
11989,0,2,"Anderson, Mr. William",male,47.4,0,0,T353124,15.85,,S
11990,1,2,"Johnson, Mr. William",male,31.8,1,2,T283332,24.06,E81,S
11991,1,1,"Wilson, Miss. Beatrice",female,32.2,0,0,T58726,46.51,,S
11992,1,2,"Anderson, Miss. Edith",female,,0,0,T237864,45.54,,Q
11993,0,1,"Taylor, Mrs. Annie",female,24.4,0,0,T317131,38.99,,C
11994,1,3,"Wilson, Mr. John",male,,0,0,T336664,9.73,,S
11995,1,1,"Moore, Mr. Henry",male,52.5,0,0,T748101,41.54,,S
11996,0,3,"Taylor, Mr. George",male,45.2,1,0,T445743,10.48,,S
11997,1,2,"Moore, Mr. Thomas",male,47.8,0,0,T576776,15.98,,S
11998,0,2,"Moore, Mrs. Emma",female,14.1,0,0,T948611,25.45,,C
11999,0,1,"Moore, Mr. George",male,,1,2,T610638,95.63,C66,S
12000,0,3,"Thomas, Mr. Richard",male,58.2,0,0,T598140,8.1,,S
