temperature_celsius,rainfall_mm,soil_type,crop_variety,season,irrigation_type,region,fertilizer_kg_per_acre,sunlight_hours,crop_yield_ton_per_acre
33.37,905.26,Clay,Rice,Zaid,Drip,East,187.06,6.03,12.909
33.45,312.08,Silty,Wheat,Kharif,Flood,East,93.06,8.18,7.968
27.8,889.35,Loamy,Wheat,Zaid,Sprinkler,South,109.03,6.65,9.674
18.02,1166.72,Silty,Rice,Rabi,Sprinkler,North,195.19,10.8,14.777
34.67,420.34,Peaty,Wheat,Zaid,Flood,East,45.4,10.14,10.764
36.71,879.66,Loamy,Wheat,Kharif,Sprinkler,East,18.13,5.66,9.136
17.72,1037.38,Loamy,Maize,Zaid,Sprinkler,East,15.54,8.06,7.99
17.69,1111.42,Clay,Rice,Rabi,Drip,South,184.44,11.47,14.083
37.76,895.74,Sandy,Sorghum,Zaid,Sprinkler,West,94.5,6.17,9.549
18.4,594.59,Loamy,Sorghum,Rabi,Flood,East,19.78,9.42,7.586
25.61,848.62,Loamy,Wheat,Zaid,Rainfed,West,93.65,10.84,11.251
18.19,762.05,Silty,Maize,Zaid,Flood,West,79.2,10.14,10.063
17.07,997.79,Sandy,Rice,Kharif,Drip,North,85.06,11.18,10.615
16.35,340.24,Clay,Wheat,Rabi,Flood,North,177.23,7.07,10.649
23.79,1297.23,Sandy,Barley,Rabi,Flood,West,118.03,9.51,12.277
18.72,1359.35,Peaty,Rice,Zaid,Flood,North,15.92,8.71,12.248
38.07,952.03,Sandy,Rice,Zaid,Flood,South,172.59,5.08,13.239
35.24,523.62,Loamy,Rice,Rabi,Drip,North,141.97,6.95,9.186
37.94,743.37,Peaty,Wheat,Zaid,Rainfed,West,22.29,10.01,10.627
31.78,445.8,Clay,Maize,Zaid,Rainfed,South,87.03,5.16,8.374
35.01,538.16,Loamy,Rice,Zaid,Sprinkler,Central,78.55,9.76,9.584
31.95,584.8,Peaty,Sorghum,Kharif,Drip,East,44.78,11.42,8.99
19.13,871.21,Sandy,Maize,Kharif,Sprinkler,South,111.37,11.34,11.407
28.67,1313.0,Loamy,Barley,Kharif,Rainfed,North,53.33,5.38,11.422
15.8,1445.08,Peaty,Sorghum,Rabi,Drip,East,160.87,7.63,13.339
29.72,1187.53,Clay,Wheat,Rabi,Rainfed,East,43.4,4.96,10.508
17.69,801.14,Loamy,Barley,Kharif,Flood,Central,24.85,9.43,10.019
16.27,1276.73,Silty,Rice,Kharif,Sprinkler,Central,77.02,10.03,12.795
25.58,1225.46,Loamy,Rice,Rabi,Drip,West,147.42,9.5,12.612
22.23,943.06,Loamy,Maize,Kharif,Rainfed,South,39.37,5.17,7.452
35.88,345.34,Sandy,Maize,Rabi,Flood,South,100.1,8.93,8.989
30.94,326.22,Loamy,Barley,Rabi,Sprinkler,East,27.43,4.39,7.424
19.78,277.57,Sandy,Wheat,Kharif,Sprinkler,South,129.38,5.9,8.168
26.96,642.74,Loamy,Maize,Kharif,Sprinkler,East,133.55,5.35,9.761
35.12,1184.47,Sandy,Barley,Kharif,Rainfed,Central,173.83,6.36,12.433
38.26,1427.0,Silty,Rice,Kharif,Sprinkler,West,182.79,4.82,13.152
16.54,1448.79,Silty,Wheat,Kharif,Flood,East,195.12,4.65,14.29
26.93,401.13,Sandy,Sorghum,Rabi,Sprinkler,East,129.14,5.44,9.118
23.57,1360.62,Loamy,Wheat,Rabi,Rainfed,North,162.36,9.87,14.005
31.53,1300.1,Sandy,Maize,Rabi,Flood,Central,164.55,6.07,13.506
25.02,266.33,Loamy,Maize,Rabi,Drip,North,32.14,11.4,6.824
37.43,262.51,Sandy,Maize,Rabi,Flood,West,73.64,6.96,8.04
31.76,1162.8,Loamy,Sorghum,Zaid,Rainfed,South,126.34,9.51,13.521
15.61,230.09,Sandy,Sorghum,Zaid,Rainfed,North,77.99,11.8,9.136
18.79,245.46,Loamy,Wheat,Kharif,Flood,North,134.19,4.27,6.844
36.8,570.46,Silty,Barley,Rabi,Flood,East,126.92,9.39,8.946
18.32,601.63,Loamy,Barley,Rabi,Flood,East,183.5,4.07,9.962
32.82,441.28,Peaty,Rice,Zaid,Flood,South,99.66,4.03,7.855
27.66,1050.57,Clay,Maize,Rabi,Flood,North,140.03,6.87,11.534
39.13,1330.76,Silty,Wheat,Rabi,Flood,East,159.64,6.74,13.624
18.29,1451.86,Loamy,Rice,Kharif,Flood,Central,114.14,5.41,11.291
26.06,648.49,Loamy,Rice,Zaid,Rainfed,Central,159.31,7.38,12.687
22.93,1186.4,Loamy,Barley,Kharif,Flood,North,139.77,5.86,11.489
26.17,1189.23,Loamy,Rice,Rabi,Drip,South,92.11,10.67,12.661
22.11,564.7,Loamy,Sorghum,Kharif,Sprinkler,Central,199.87,7.18,10.102
37.56,550.64,Clay,Barley,Kharif,Flood,South,164.47,5.04,10.393
24.66,847.52,Clay,Barley,Kharif,Rainfed,Central,18.98,4.31,8.28
30.34,1159.39,Silty,Sorghum,Zaid,Sprinkler,South,186.71,4.53,10.789
29.26,521.79,Loamy,Maize,Rabi,Flood,North,135.75,5.33,8.066
33.48,1268.85,Loamy,Maize,Rabi,Sprinkler,East,54.51,10.77,10.926
35.88,1396.38,Peaty,Wheat,Kharif,Flood,West,20.18,8.61,12.462
20.14,1374.0,Loamy,Wheat,Rabi,Flood,North,15.15,9.07,10.808
23.62,647.35,Clay,Barley,Rabi,Flood,South,184.31,4.21,9.493
23.92,542.18,Sandy,Maize,Rabi,Flood,North,188.05,10.25,11.29
24.83,647.38,Loamy,Barley,Rabi,Rainfed,South,177.91,10.89,13.405
29.16,1279.06,Sandy,Rice,Rabi,Rainfed,Central,12.04,11.96,11.671
35.23,1051.96,Peaty,Wheat,Kharif,Drip,East,172.64,4.3,11.247
27.66,1273.25,Peaty,Wheat,Rabi,Flood,North,82.31,5.65,11.008
35.3,651.63,Silty,Sorghum,Rabi,Rainfed,North,86.57,4.46,11.1
28.27,554.55,Loamy,Barley,Rabi,Rainfed,Central,25.94,7.72,8.424
38.64,1201.48,Silty,Wheat,Kharif,Sprinkler,North,156.97,8.69,15.907
21.73,894.33,Clay,Rice,Zaid,Sprinkler,North,69.04,5.8,9.169
16.9,699.18,Sandy,Wheat,Rabi,Rainfed,West,54.04,7.54,7.457
24.23,899.63,Loamy,Rice,Kharif,Rainfed,West,81.37,11.07,10.655
31.82,576.55,Silty,Maize,Kharif,Sprinkler,East,95.27,7.45,8.572
33.15,1380.19,Loamy,Rice,Rabi,Sprinkler,Central,30.97,4.6,11.561
35.07,1374.71,Clay,Barley,Rabi,Drip,Central,34.99,7.44,10.853
27.17,967.43,Sandy,Wheat,Rabi,Sprinkler,West,100.69,4.54,10.204
32.23,1116.9,Sandy,Wheat,Kharif,Drip,Central,199.96,6.21,12.962
22.51,582.39,Sandy,Barley,Rabi,Sprinkler,East,22.25,11.23,9.27
34.12,367.16,Clay,Barley,Kharif,Drip,North,89.92,4.0,7.397
17.65,748.95,Loamy,Maize,Kharif,Flood,South,118.28,8.08,11.815
37.9,430.81,Loamy,Wheat,Zaid,Flood,West,70.7,10.78,9.771
34.08,1085.66,Silty,Maize,Zaid,Sprinkler,South,196.02,9.43,15.886
33.85,559.83,Silty,Wheat,Rabi,Flood,East,29.86,6.37,7.115
29.96,506.45,Loamy,Maize,Zaid,Sprinkler,Central,71.29,6.27,9.432
38.9,1269.59,Loamy,Rice,Zaid,Sprinkler,West,77.49,7.42,11.706
35.91,1061.59,Silty,Wheat,Rabi,Drip,East,22.07,8.01,10.64
28.13,1076.68,Silty,Barley,Rabi,Drip,East,78.59,6.8,10.925
34.84,790.39,Loamy,Sorghum,Rabi,Flood,South,66.06,10.86,11.113
17.63,1424.57,Silty,Wheat,Rabi,Flood,East,45.41,11.54,13.049
28.56,665.75,Peaty,Barley,Kharif,Flood,North,75.88,8.48,9.481
29.87,750.22,Clay,Wheat,Zaid,Rainfed,East,40.82,8.65,11.668
31.65,1477.4,Silty,Barley,Rabi,Sprinkler,West,133.56,6.9,14.008
31.53,888.03,Sandy,Barley,Kharif,Drip,Central,75.58,7.15,9.697
16.92,396.86,Loamy,Maize,Zaid,Flood,South,133.9,8.19,9.699
25.12,455.61,Silty,Barley,Rabi,Sprinkler,East,95.25,8.86,8.408
33.12,550.36,Silty,Sorghum,Kharif,Flood,East,151.5,7.55,11.061
28.96,946.02,Clay,Maize,Kharif,Rainfed,East,107.92,10.29,10.73
39.59,387.02,Loamy,Maize,Rabi,Sprinkler,South,136.44,9.35,10.64
36.55,898.07,Clay,Sorghum,Kharif,Drip,Central,21.74,11.02,10.951
39.3,240.7,Sandy,Rice,Kharif,Rainfed,South,17.08,7.83,7.202
33.07,514.73,Silty,Barley,Kharif,Rainfed,North,190.15,7.26,11.263
16.57,693.15,Loamy,Barley,Rabi,Sprinkler,East,119.05,6.56,9.693
29.21,1267.94,Loamy,Maize,Zaid,Sprinkler,Central,103.74,8.74,14.098
24.28,241.94,Silty,Maize,Zaid,Drip,North,101.36,9.31,8.082
31.96,1094.07,Silty,Wheat,Kharif,Drip,Central,60.94,11.33,12.828
16.48,627.86,Silty,Barley,Kharif,Drip,South,81.75,6.65,9.348
29.15,1100.27,Clay,Maize,Kharif,Drip,North,117.0,6.0,11.644
26.54,1385.21,Loamy,Rice,Rabi,Flood,East,107.96,6.97,13.227
23.18,474.99,Loamy,Wheat,Kharif,Sprinkler,South,100.61,4.38,8.136
28.91,1026.92,Clay,Barley,Zaid,Drip,Central,92.63,6.17,10.286
22.31,601.8,Loamy,Wheat,Kharif,Flood,North,23.69,6.87,6.193
17.52,973.22,Loamy,Maize,Rabi,Drip,East,120.99,11.04,11.639
17.52,468.53,Silty,Wheat,Zaid,Sprinkler,Central,75.58,11.49,9.631
38.51,498.99,Peaty,Sorghum,Rabi,Sprinkler,North,180.71,9.16,12.126
22.29,613.77,Clay,Barley,Rabi,Rainfed,North,146.89,10.56,11.001
23.8,773.45,Sandy,Rice,Rabi,Flood,South,122.43,8.89,9.281
23.77,286.15,Loamy,Maize,Rabi,Drip,Central,188.74,5.59,9.959
21.72,1236.91,Clay,Rice,Rabi,Flood,North,119.04,5.38,12.026
37.44,649.3,Sandy,Wheat,Rabi,Rainfed,East,38.3,10.08,8.279
34.57,959.36,Loamy,Rice,Rabi,Sprinkler,West,83.19,9.39,12.228
26.56,1053.86,Clay,Maize,Rabi,Drip,West,197.93,4.72,12.635
35.6,1357.47,Silty,Maize,Rabi,Rainfed,West,48.93,11.99,14.614
27.29,295.14,Silty,Sorghum,Zaid,Drip,East,102.56,6.69,8.492
23.98,1146.67,Clay,Rice,Kharif,Drip,North,194.92,7.03,12.488
22.76,442.01,Loamy,Maize,Rabi,Flood,East,33.63,8.73,8.633
31.96,574.74,Silty,Rice,Kharif,Sprinkler,East,60.73,4.56,6.466
38.0,705.2,Peaty,Barley,Rabi,Flood,West,198.27,5.14,12.389
33.4,1216.81,Sandy,Sorghum,Zaid,Sprinkler,Central,193.64,8.67,14.524
19.71,1156.54,Clay,Rice,Rabi,Drip,Central,15.79,10.06,9.547
17.49,522.37,Silty,Wheat,Kharif,Rainfed,North,148.8,8.35,11.181
25.65,447.08,Peaty,Rice,Zaid,Drip,North,138.22,8.14,9.514
18.13,1363.52,Clay,Barley,Kharif,Sprinkler,East,33.29,6.88,11.237
15.47,762.85,Loamy,Rice,Rabi,Drip,East,26.6,4.41,6.664
15.97,980.25,Silty,Sorghum,Rabi,Drip,Central,17.08,9.29,9.368
24.58,266.04,Silty,Barley,Kharif,Rainfed,West,49.6,10.63,7.017
15.01,1403.75,Clay,Wheat,Kharif,Flood,West,101.49,9.75,13.335
32.17,361.87,Loamy,Maize,Kharif,Flood,East,169.15,8.25,9.987
24.25,441.81,Silty,Barley,Zaid,Rainfed,West,91.21,5.29,7.77
28.55,579.07,Loamy,Sorghum,Kharif,Flood,East,89.38,5.55,9.189
38.65,211.27,Clay,Wheat,Rabi,Rainfed,West,177.89,4.69,9.314
34.39,620.81,Clay,Wheat,Rabi,Sprinkler,East,11.84,7.21,7.156
34.51,642.94,Sandy,Rice,Kharif,Rainfed,South,189.85,11.48,13.258
21.83,566.63,Silty,Maize,Kharif,Drip,North,32.58,10.79,8.991
23.81,1395.76,Clay,Rice,Kharif,Rainfed,West,157.52,10.08,14.234
24.19,1447.18,Clay,Sorghum,Rabi,Drip,East,22.45,9.15,13.182
23.76,294.95,Sandy,Wheat,Kharif,Sprinkler,North,182.79,10.17,10.053
33.7,549.17,Clay,Barley,Zaid,Drip,East,113.35,9.98,10.572
32.13,970.45,Clay,Barley,Zaid,Sprinkler,East,133.48,9.03,13.266
24.59,652.22,Clay,Wheat,Kharif,Flood,South,172.74,9.9,12.127
30.85,578.38,Loamy,Wheat,Kharif,Sprinkler,Central,84.25,8.2,10.661
36.03,205.98,Loamy,Maize,Rabi,Drip,Central,44.83,4.54,6.968
27.51,1011.09,Loamy,Wheat,Kharif,Drip,Central,42.11,4.55,9.521
15.5,1146.35,Clay,Wheat,Rabi,Rainfed,South,81.53,8.66,10.944
22.95,288.23,Sandy,Barley,Kharif,Flood,West,65.87,5.4,6.836
26.55,657.75,Loamy,Rice,Zaid,Drip,East,30.96,10.73,9.03
32.83,803.29,Peaty,Rice,Zaid,Drip,Central,24.04,10.68,10.6
19.12,1104.68,Peaty,Sorghum,Kharif,Sprinkler,Central,54.49,9.94,10.777
19.38,687.25,Sandy,Rice,Kharif,Flood,West,50.55,5.09,6.613
17.39,978.94,Clay,Wheat,Rabi,Flood,South,107.25,5.22,10.168
19.27,335.08,Silty,Rice,Kharif,Rainfed,West,29.25,4.07,4.272
36.33,1054.59,Peaty,Rice,Rabi,Flood,Central,142.31,6.74,11.431
32.34,304.56,Loamy,Barley,Zaid,Drip,Central,85.69,5.17,7.546
23.76,633.58,Silty,Barley,Zaid,Sprinkler,Central,47.54,9.86,8.786
35.98,928.02,Silty,Wheat,Kharif,Rainfed,East,85.3,5.93,11.585
24.35,404.22,Loamy,Rice,Kharif,Drip,West,11.1,4.91,6.008
32.19,219.25,Silty,Sorghum,Zaid,Sprinkler,Central,157.69,8.33,10.763
33.84,1251.45,Clay,Wheat,Rabi,Flood,East,40.99,7.72,11.631
30.49,727.66,Sandy,Wheat,Rabi,Flood,East,185.29,5.91,11.227
30.7,559.81,Sandy,Rice,Rabi,Flood,East,100.33,9.58,11.186
35.44,533.67,Clay,Sorghum,Rabi,Drip,West,192.02,8.06,12.169
25.79,1475.18,Peaty,Rice,Kharif,Drip,South,13.87,6.55,10.867
15.53,860.11,Clay,Maize,Kharif,Flood,South,100.62,8.95,10.77
20.74,988.6,Loamy,Wheat,Kharif,Flood,East,82.45,9.23,10.317
20.27,601.55,Clay,Wheat,Rabi,Sprinkler,South,149.77,10.26,11.545
32.93,782.75,Sandy,Rice,Rabi,Flood,North,108.62,8.4,11.504
22.85,206.28,Loamy,Rice,Kharif,Sprinkler,West,179.06,8.7,10.342
35.79,1134.89,Clay,Barley,Kharif,Drip,Central,113.58,7.24,12.511
37.03,1442.34,Loamy,Rice,Kharif,Drip,South,184.85,10.24,15.174
23.47,325.57,Loamy,Barley,Zaid,Flood,North,97.87,9.52,8.904
20.6,1206.86,Sandy,Sorghum,Kharif,Sprinkler,North,136.75,5.3,11.805
20.98,328.09,Silty,Wheat,Kharif,Sprinkler,South,53.26,11.65,8.771
39.74,1483.74,Clay,Barley,Zaid,Flood,West,179.97,11.59,15.968
29.69,742.5,Clay,Rice,Zaid,Sprinkler,East,29.51,10.36,10.5
34.62,1354.5,Sandy,Rice,Kharif,Drip,West,114.81,9.36,13.745
29.52,557.89,Sandy,Wheat,Rabi,Drip,Central,43.79,7.67,9.837
29.73,1409.04,Sandy,Maize,Kharif,Sprinkler,East,75.75,6.62,11.045
15.29,1047.22,Peaty,Barley,Kharif,Rainfed,East,139.84,9.09,11.93
18.87,1459.21,Silty,Rice,Kharif,Sprinkler,North,37.34,6.45,10.903
35.34,1037.99,Clay,Barley,Kharif,Flood,North,154.14,11.76,14.581
30.71,518.62,Sandy,Barley,Kharif,Flood,Central,178.42,10.01,11.507
29.88,396.12,Sandy,Rice,Zaid,Sprinkler,North,25.54,10.53,8.265
18.67,240.1,Loamy,Rice,Zaid,Sprinkler,East,100.88,9.47,8.104
28.93,1030.4,Sandy,Wheat,Zaid,Drip,East,31.84,6.58,10.048
32.44,469.44,Loamy,Sorghum,Kharif,Drip,West,124.35,8.04,10.476
15.36,385.7,Peaty,Rice,Zaid,Drip,East,133.82,11.6,8.411
17.09,951.89,Sandy,Maize,Rabi,Flood,East,69.21,9.25,10.139
29.23,226.08,Loamy,Rice,Kharif,Sprinkler,South,183.6,10.3,9.742
27.72,818.57,Loamy,Barley,Rabi,Flood,North,190.26,5.2,12.09
22.12,375.24,Silty,Rice,Kharif,Flood,South,92.19,11.57,7.875
30.96,1463.9,Clay,Barley,Rabi,Flood,North,197.46,7.2,14.721
38.77,331.5,Silty,Sorghum,Kharif,Sprinkler,South,101.71,6.24,9.445
34.57,935.78,Peaty,Barley,Zaid,Rainfed,West,147.79,6.97,12.048
37.25,906.77,Loamy,Rice,Zaid,Sprinkler,North,80.58,8.45,11.575
18.4,1358.47,Sandy,Rice,Zaid,Sprinkler,North,144.06,8.15,14.125
25.8,304.5,Loamy,Rice,Kharif,Sprinkler,North,77.6,6.84,6.654
28.35,338.57,Silty,Barley,Kharif,Rainfed,Central,73.08,6.3,8.57
34.36,607.02,Loamy,Maize,Rabi,Flood,West,151.03,5.2,9.162
35.98,1245.75,Clay,Rice,Zaid,Flood,Central,162.3,10.48,14.213
18.18,1078.56,Peaty,Rice,Rabi,Flood,East,38.35,7.79,9.712
22.41,344.01,Peaty,Wheat,Zaid,Sprinkler,West,185.21,10.99,10.342
19.79,584.83,Loamy,Barley,Rabi,Flood,South,51.99,5.87,7.423
15.29,1478.38,Loamy,Barley,Rabi,Drip,South,100.4,9.89,11.871
29.16,697.53,Clay,Rice,Rabi,Sprinkler,West,21.11,9.25,8.366
27.29,528.01,Peaty,Sorghum,Rabi,Flood,Central,157.38,4.59,9.639
22.61,696.97,Silty,Maize,Zaid,Flood,Central,154.66,6.59,9.346
20.64,1185.08,Loamy,Rice,Kharif,Sprinkler,South,49.7,7.64,10.399
16.01,461.44,Silty,Wheat,Kharif,Sprinkler,East,71.56,9.18,8.435
23.56,864.11,Clay,Rice,Rabi,Sprinkler,Central,10.89,8.54,9.026
28.69,558.0,Sandy,Barley,Kharif,Drip,Central,46.16,6.2,9.555
32.63,1071.81,Sandy,Barley,Kharif,Drip,North,23.44,7.14,9.276
37.94,910.51,Loamy,Sorghum,Rabi,Sprinkler,East,35.63,8.04,10.044
26.64,412.53,Clay,Wheat,Rabi,Sprinkler,West,133.34,9.86,8.232
24.84,689.35,Silty,Barley,Zaid,Rainfed,North,173.96,11.99,12.7
39.18,762.94,Loamy,Maize,Rabi,Rainfed,Central,12.29,6.85,7.313
38.62,931.71,Loamy,Sorghum,Rabi,Drip,South,128.73,8.38,11.075
35.52,386.31,Clay,Barley,Rabi,Drip,North,106.13,10.91,10.478
24.45,1453.54,Loamy,Maize,Kharif,Sprinkler,West,49.04,6.94,11.583
15.53,1398.38,Silty,Maize,Rabi,Drip,West,96.74,9.99,11.825
15.49,450.13,Loamy,Sorghum,Kharif,Sprinkler,Central,172.73,7.54,9.528
25.54,241.28,Sandy,Wheat,Rabi,Flood,West,14.91,9.04,7.509
35.32,1207.25,Silty,Wheat,Kharif,Sprinkler,South,22.59,9.94,9.955
27.67,384.23,Clay,Rice,Kharif,Drip,Central,169.65,9.85,10.927
15.3,1169.3,Silty,Rice,Kharif,Flood,West,193.2,9.28,14.251
35.42,1295.0,Loamy,Maize,Rabi,Sprinkler,East,88.09,5.89,11.621
16.88,868.32,Sandy,Maize,Rabi,Drip,West,111.18,4.09,8.54
19.12,1263.38,Loamy,Maize,Kharif,Flood,North,157.05,8.92,13.595
15.28,729.73,Loamy,Wheat,Rabi,Flood,Central,93.11,4.98,7.737
15.71,1267.78,Sandy,Barley,Rabi,Drip,West,38.96,11.09,12.171
30.72,1051.85,Silty,Wheat,Rabi,Flood,East,14.9,10.73,11.11
19.73,1155.19,Loamy,Wheat,Kharif,Rainfed,East,18.04,5.71,8.616
27.49,566.89,Silty,Barley,Zaid,Drip,Central,75.34,6.71,8.916
38.0,264.79,Silty,Wheat,Kharif,Drip,West,159.52,8.46,9.293
36.02,899.27,Clay,Rice,Kharif,Flood,East,70.49,6.16,10.397
27.9,866.31,Loamy,Rice,Rabi,Drip,North,136.14,9.36,12.467
20.97,1366.56,Sandy,Wheat,Kharif,Drip,North,29.32,9.84,10.966
15.44,1111.13,Silty,Maize,Zaid,Flood,South,162.38,9.22,12.929
37.27,1150.63,Loamy,Wheat,Kharif,Flood,East,196.28,10.96,15.895
22.93,1138.12,Loamy,Barley,Kharif,Flood,North,52.57,4.18,9.028
32.09,1226.04,Silty,Maize,Rabi,Flood,West,117.49,6.54,12.66
37.55,1203.38,Clay,Barley,Kharif,Sprinkler,North,32.56,7.34,10.264
36.84,606.29,Loamy,Sorghum,Rabi,Rainfed,East,79.46,10.58,9.744
30.63,1468.94,Sandy,Sorghum,Zaid,Sprinkler,Central,177.32,9.27,13.522
24.65,253.68,Clay,Maize,Zaid,Drip,Central,11.67,6.51,6.6
32.05,828.6,Silty,Barley,Kharif,Drip,Central,56.71,4.81,8.972
23.7,1471.69,Loamy,Rice,Kharif,Flood,Central,164.13,10.54,14.608
34.89,1272.17,Silty,Rice,Kharif,Flood,West,44.02,8.55,11.297
30.98,876.81,Loamy,Rice,Kharif,Drip,Central,145.18,6.7,11.563
17.62,429.97,Sandy,Rice,Rabi,Drip,South,141.15,5.12,7.882
21.36,529.57,Peaty,Rice,Rabi,Drip,North,25.17,5.49,7.485
28.55,708.73,Clay,Rice,Kharif,Drip,West,64.72,7.17,9.684
26.33,1009.75,Clay,Rice,Kharif,Flood,North,146.4,11.18,12.876
33.13,1072.99,Silty,Rice,Rabi,Sprinkler,Central,149.68,11.29,15.219
32.87,408.31,Sandy,Wheat,Rabi,Rainfed,South,107.18,4.6,9.111
36.09,924.56,Sandy,Barley,Rabi,Sprinkler,East,142.89,4.88,12.439
30.2,1396.32,Silty,Wheat,Kharif,Drip,South,82.38,10.9,14.18
38.13,500.44,Sandy,Wheat,Rabi,Sprinkler,West,192.78,4.39,10.079
32.17,1198.94,Silty,Wheat,Rabi,Flood,West,114.87,8.9,13.711
38.46,736.64,Loamy,Maize,Kharif,Flood,East,103.28,4.46,9.221
35.84,566.56,Sandy,Wheat,Kharif,Sprinkler,North,196.91,10.01,12.591
25.77,1097.89,Clay,Maize,Rabi,Drip,North,58.6,8.39,11.401
38.61,542.11,Sandy,Rice,Zaid,Drip,South,44.77,6.04,8.048
34.43,925.31,Peaty,Rice,Kharif,Sprinkler,West,168.49,10.38,13.499
37.71,1300.78,Loamy,Maize,Kharif,Rainfed,West,182.67,4.65,13.052
33.24,1155.35,Clay,Barley,Kharif,Sprinkler,East,158.73,6.11,13.083
16.56,333.13,Sandy,Wheat,Zaid,Flood,West,63.76,8.07,6.183
39.65,303.92,Silty,Maize,Kharif,Flood,Central,84.22,7.73,9.09
19.22,773.61,Clay,Wheat,Kharif,Rainfed,East,59.88,11.24,10.639
20.28,892.82,Silty,Sorghum,Zaid,Flood,West,47.81,5.51,8.237
19.71,702.56,Clay,Wheat,Kharif,Flood,West,174.68,6.6,9.779
29.07,1099.51,Peaty,Rice,Rabi,Drip,South,161.03,11.2,14.696
26.23,1450.22,Loamy,Rice,Kharif,Flood,South,97.04,11.94,12.677
34.24,1425.63,Clay,Rice,Kharif,Drip,South,90.72,8.83,13.172
32.41,249.77,Peaty,Barley,Kharif,Rainfed,South,162.28,11.45,10.534
39.7,1294.87,Sandy,Sorghum,Rabi,Rainfed,East,20.51,10.46,13.669
17.15,490.8,Silty,Wheat,Kharif,Flood,North,137.3,11.98,10.305
21.74,1122.08,Loamy,Wheat,Kharif,Sprinkler,South,83.58,8.46,11.051
38.08,1449.19,Clay,Wheat,Rabi,Flood,South,44.32,7.47,11.619
31.36,935.98,Clay,Rice,Kharif,Drip,South,163.49,9.74,11.821
21.73,1402.08,Clay,Wheat,Kharif,Rainfed,East,172.35,10.31,14.399
35.45,626.76,Clay,Rice,Rabi,Flood,West,193.61,11.92,13.244
27.04,390.49,Clay,Maize,Rabi,Drip,East,58.44,5.31,7.201
17.89,545.3,Clay,Wheat,Zaid,Sprinkler,South,26.61,4.51,6.783
17.27,566.78,Peaty,Rice,Zaid,Flood,South,125.44,6.08,7.759
35.38,702.01,Clay,Rice,Rabi,Flood,North,73.4,6.22,9.805
16.29,410.55,Loamy,Rice,Kharif,Rainfed,Central,128.06,4.43,8.789
26.78,1374.43,Clay,Maize,Rabi,Sprinkler,Central,186.22,10.37,14.5
23.67,252.35,Sandy,Wheat,Rabi,Sprinkler,North,12.37,10.34,6.339
32.8,842.12,Silty,Maize,Zaid,Flood,North,112.72,8.87,12.541
33.99,748.17,Peaty,Maize,Kharif,Sprinkler,West,153.96,5.03,10.773
22.39,1175.94,Loamy,Sorghum,Rabi,Sprinkler,North,188.1,10.9,15.029
23.21,778.35,Clay,Maize,Rabi,Sprinkler,Central,53.09,6.69,9.369
16.14,882.49,Peaty,Sorghum,Kharif,Flood,West,88.23,9.05,10.673
21.12,1185.69,Clay,Rice,Kharif,Rainfed,North,48.43,4.48,9.941
23.26,1350.93,Sandy,Barley,Kharif,Drip,North,137.51,11.3,15.378
17.58,1030.41,Loamy,Barley,Zaid,Flood,North,14.21,6.8,8.375
17.19,962.99,Silty,Rice,Rabi,Drip,West,98.62,8.33,11.053
22.14,1150.26,Silty,Wheat,Kharif,Flood,North,166.22,6.51,14.02
25.31,930.82,Loamy,Rice,Rabi,Flood,North,44.05,8.0,9.098
31.76,352.56,Sandy,Wheat,Zaid,Rainfed,Central,34.32,6.52,6.308
37.01,525.48,Silty,Rice,Kharif,Flood,North,91.98,11.77,10.264
27.44,981.1,Silty,Barley,Rabi,Flood,South,160.06,11.29,13.194
32.38,1308.84,Silty,Maize,Rabi,Rainfed,West,25.3,9.61,11.673
35.63,612.19,Silty,Maize,Rabi,Rainfed,Central,172.38,11.47,13.486
23.79,1165.69,Clay,Barley,Kharif,Drip,East,185.5,11.22,14.867
35.75,1282.43,Sandy,Barley,Zaid,Rainfed,North,154.31,7.56,14.471
23.87,401.5,Loamy,Barley,Kharif,Flood,North,129.09,9.9,8.94
38.56,1375.42,Loamy,Barley,Zaid,Drip,North,185.26,7.36,15.748
34.08,847.2,Silty,Rice,Rabi,Flood,East,149.99,11.31,13.424
22.05,845.95,Sandy,Rice,Rabi,Rainfed,Central,184.73,5.66,10.155
26.14,927.91,Loamy,Maize,Rabi,Flood,North,13.06,8.08,8.92
19.48,794.14,Sandy,Wheat,Kharif,Sprinkler,Central,153.17,8.53,12.065
18.5,1226.01,Silty,Wheat,Kharif,Drip,East,98.0,7.51,10.881
21.22,689.82,Clay,Wheat,Kharif,Rainfed,East,37.44,7.15,8.63
36.63,693.08,Loamy,Maize,Kharif,Flood,East,140.52,5.0,10.603
35.8,685.5,Clay,Sorghum,Kharif,Rainfed,North,129.32,4.18,10.64
36.12,774.75,Sandy,Maize,Kharif,Flood,North,118.85,8.2,10.355
16.29,1407.06,Peaty,Barley,Zaid,Drip,North,36.82,10.8,11.186
35.56,705.77,Sandy,Wheat,Kharif,Drip,North,127.9,9.23,10.266
21.13,358.98,Silty,Rice,Kharif,Drip,South,88.07,10.15,9.33
22.58,1351.03,Loamy,Maize,Kharif,Flood,East,75.14,9.07,12.415
21.98,818.38,Clay,Rice,Rabi,Sprinkler,North,151.88,8.02,11.578
25.07,673.37,Silty,Rice,Rabi,Sprinkler,West,22.04,8.2,7.679
38.45,1218.91,Clay,Sorghum,Rabi,Flood,North,97.35,9.68,13.579
29.5,1440.98,Silty,Wheat,Rabi,Sprinkler,North,125.91,10.28,15.721
17.32,1056.88,Clay,Maize,Rabi,Drip,East,98.65,10.99,10.92
22.79,644.23,Loamy,Rice,Rabi,Drip,West,42.31,7.24,8.682
31.66,955.34,Clay,Sorghum,Zaid,Rainfed,East,76.14,5.56,9.969
20.47,1254.93,Sandy,Wheat,Kharif,Flood,East,182.96,7.04,13.019
15.04,238.08,Peaty,Maize,Kharif,Sprinkler,East,142.08,9.96,8.166
32.58,946.85,Loamy,Barley,Kharif,Rainfed,Central,16.48,4.22,9.277
24.74,1190.26,Loamy,Barley,Zaid,Sprinkler,East,161.24,9.88,14.175
28.92,826.05,Silty,Wheat,Rabi,Flood,South,33.55,8.76,10.227
28.96,1070.81,Clay,Rice,Kharif,Rainfed,East,125.74,9.4,12.323
29.43,1381.05,Silty,Rice,Rabi,Drip,South,160.69,6.1,12.934
28.02,881.62,Peaty,Rice,Kharif,Drip,West,48.0,4.06,8.197
15.74,1121.99,Clay,Wheat,Kharif,Flood,North,41.01,4.66,8.666
38.35,372.6,Loamy,Wheat,Kharif,Flood,Central,35.93,5.93,7.846
32.34,1215.23,Sandy,Maize,Rabi,Rainfed,North,119.87,10.38,12.85
36.73,869.49,Silty,Sorghum,Rabi,Sprinkler,South,160.77,7.52,11.087
20.45,510.58,Clay,Maize,Rabi,Drip,East,114.19,7.86,9.31
29.96,1315.93,Loamy,Rice,Rabi,Rainfed,East,25.7,10.95,13.199
28.17,628.46,Silty,Wheat,Rabi,Sprinkler,North,61.19,6.68,9.212
16.11,397.72,Silty,Sorghum,Kharif,Drip,Central,36.96,4.25,4.946
26.8,223.89,Clay,Barley,Kharif,Flood,North,138.48,6.48,7.668
27.54,674.9,Silty,Wheat,Rabi,Drip,North,131.91,8.6,11.217
37.16,666.45,Sandy,Barley,Kharif,Flood,South,139.95,8.31,11.516
15.19,293.68,Silty,Barley,Zaid,Drip,Central,158.06,5.65,9.189
31.89,841.22,Loamy,Rice,Zaid,Sprinkler,North,23.01,10.76,10.101
34.33,820.5,Clay,Maize,Rabi,Rainfed,West,121.9,9.41,11.142
37.79,253.22,Silty,Rice,Rabi,Drip,North,181.07,9.45,11.322
35.8,762.09,Silty,Rice,Rabi,Sprinkler,Central,12.34,8.14,8.185
15.22,367.74,Loamy,Maize,Rabi,Flood,North,47.02,6.99,5.651
18.33,855.34,Peaty,Barley,Zaid,Flood,West,184.37,9.21,12.962
20.24,1131.38,Sandy,Rice,Zaid,Rainfed,Central,142.38,7.72,12.452
18.53,1073.25,Sandy,Wheat,Rabi,Drip,West,76.59,10.74,11.55
22.03,268.76,Clay,Barley,Rabi,Sprinkler,North,46.71,9.28,6.636
32.63,1090.1,Loamy,Rice,Rabi,Flood,East,25.04,7.46,10.654
26.38,368.82,Sandy,Wheat,Kharif,Drip,North,175.03,4.31,9.271
16.6,574.59,Sandy,Barley,Zaid,Sprinkler,South,170.52,7.8,11.694
27.0,1253.72,Loamy,Rice,Rabi,Drip,West,86.68,6.49,10.982
33.0,1210.23,Sandy,Barley,Kharif,Sprinkler,West,104.06,8.33,11.889
23.16,400.31,Clay,Sorghum,Kharif,Flood,Central,140.41,9.23,9.524
31.08,966.75,Loamy,Wheat,Kharif,Sprinkler,West,167.52,4.89,11.453
16.62,689.34,Sandy,Barley,Zaid,Flood,North,172.71,4.93,9.863
25.71,652.02,Loamy,Rice,Zaid,Flood,West,47.24,5.53,6.732
26.02,768.19,Peaty,Rice,Zaid,Rainfed,North,45.99,6.34,8.131
21.15,1461.45,Clay,Rice,Kharif,Rainfed,Central,170.28,9.05,15.519
28.56,318.52,Loamy,Maize,Rabi,Sprinkler,North,111.84,11.01,9.464
37.38,351.53,Loamy,Barley,Rabi,Flood,North,134.86,4.46,9.821
30.2,364.32,Sandy,Wheat,Kharif,Drip,North,61.75,6.88,8.566
16.0,381.55,Loamy,Rice,Rabi,Flood,North,37.43,11.97,8.319
17.91,856.16,Peaty,Wheat,Kharif,Rainfed,Central,30.82,8.59,9.257
22.3,678.23,Sandy,Wheat,Rabi,Flood,South,12.02,6.69,7.319
18.86,618.03,Silty,Wheat,Zaid,Flood,East,77.16,8.69,9.295
18.42,1462.24,Silty,Sorghum,Zaid,Drip,North,138.79,4.02,13.526
21.89,716.81,Sandy,Rice,Zaid,Flood,North,57.48,5.58,8.923
18.96,835.25,Peaty,Rice,Kharif,Rainfed,North,36.22,5.91,9.397
19.7,596.68,Loamy,Wheat,Kharif,Drip,East,93.6,5.24,7.794
30.79,693.41,Loamy,Rice,Kharif,Sprinkler,North,94.31,10.49,10.369
15.59,394.34,Silty,Wheat,Rabi,Flood,Central,50.34,6.62,7.9
34.97,1083.78,Loamy,Maize,Zaid,Drip,East,62.35,6.41,11.718
35.78,1405.32,Silty,Rice,Kharif,Sprinkler,South,159.83,10.34,14.799
16.66,591.46,Sandy,Rice,Kharif,Sprinkler,West,28.49,6.3,6.697
28.38,1117.29,Peaty,Wheat,Rabi,Flood,West,115.42,10.98,13.337
36.09,1477.12,Loamy,Barley,Kharif,Flood,West,72.98,6.08,12.303
32.87,792.83,Sandy,Wheat,Kharif,Rainfed,South,41.55,5.61,9.024
39.64,1437.07,Loamy,Wheat,Zaid,Flood,North,113.79,9.86,15.22
33.88,505.07,Silty,Barley,Kharif,Flood,Central,35.96,4.95,7.518
16.38,1196.15,Silty,Maize,Rabi,Drip,Central,124.02,5.09,10.967
32.16,1461.64,Loamy,Rice,Zaid,Sprinkler,South,84.37,7.59,13.859
26.53,478.93,Sandy,Maize,Rabi,Sprinkler,Central,45.49,8.25,8.119
28.44,562.63,Sandy,Rice,Rabi,Flood,East,56.95,6.36,7.94
31.46,717.65,Peaty,Rice,Rabi,Rainfed,South,76.56,6.24,8.407
38.02,709.76,Clay,Wheat,Rabi,Flood,South,170.87,10.07,14.442
30.05,753.83,Silty,Rice,Zaid,Sprinkler,South,66.73,11.58,11.071
29.58,1092.82,Silty,Barley,Rabi,Sprinkler,South,148.57,11.83,14.379
21.56,1491.58,Sandy,Wheat,Rabi,Rainfed,South,58.65,9.47,13.468
36.55,942.39,Sandy,Wheat,Kharif,Drip,North,56.89,4.06,10.036
19.9,967.86,Loamy,Barley,Rabi,Rainfed,North,88.14,10.33,10.242
31.46,248.68,Silty,Maize,Zaid,Drip,North,120.37,9.04,9.751
16.63,1466.93,Peaty,Wheat,Zaid,Drip,North,147.85,10.52,15.063
29.09,1392.1,Peaty,Rice,Kharif,Flood,West,107.27,6.82,11.871
21.86,384.15,Sandy,Barley,Rabi,Sprinkler,East,159.27,10.45,10.224
29.18,1093.29,Clay,Rice,Kharif,Flood,East,72.22,4.51,11.171
34.46,889.93,Loamy,Barley,Rabi,Sprinkler,East,156.18,6.02,11.547
17.63,1311.92,Loamy,Maize,Rabi,Rainfed,West,162.78,4.8,11.602
17.28,521.75,Loamy,Wheat,Zaid,Drip,West,194.87,6.54,10.833
21.02,346.34,Clay,Rice,Kharif,Flood,North,168.7,5.79,9.4
24.31,588.07,Loamy,Rice,Zaid,Rainfed,South,16.77,11.88,9.586
17.03,1468.8,Peaty,Wheat,Rabi,Flood,South,131.66,6.03,11.832
25.03,1057.56,Peaty,Sorghum,Kharif,Sprinkler,North,118.76,9.23,12.009
34.04,1005.11,Peaty,Barley,Rabi,Rainfed,North,25.32,7.75,9.632
23.23,1152.74,Peaty,Barley,Zaid,Flood,West,71.75,8.61,9.993
22.13,367.86,Peaty,Sorghum,Zaid,Sprinkler,Central,182.08,4.67,10.118
36.61,466.13,Clay,Rice,Kharif,Flood,East,143.31,4.3,8.399
16.04,619.53,Peaty,Wheat,Zaid,Sprinkler,North,156.85,6.98,9.822
36.77,272.03,Sandy,Barley,Kharif,Sprinkler,West,40.59,6.05,7.126
22.19,220.76,Sandy,Barley,Kharif,Sprinkler,West,168.18,5.02,7.693
37.68,1459.54,Loamy,Rice,Rabi,Drip,West,131.58,9.64,14.893
24.39,707.28,Peaty,Wheat,Rabi,Rainfed,Central,187.35,11.85,12.943
24.02,756.25,Loamy,Barley,Zaid,Sprinkler,North,198.12,4.56,11.739
33.23,1037.22,Sandy,Rice,Kharif,Drip,North,199.5,11.25,14.319
18.56,716.59,Sandy,Wheat,Kharif,Flood,South,109.21,6.38,10.186
35.67,776.58,Peaty,Rice,Kharif,Drip,South,138.05,6.85,11.062
33.23,1339.32,Silty,Barley,Kharif,Flood,North,53.84,10.17,12.196
33.97,1350.0,Clay,Maize,Rabi,Drip,South,130.91,6.82,13.267
18.93,982.57,Sandy,Wheat,Rabi,Flood,West,154.91,11.2,12.523
30.67,509.36,Sandy,Wheat,Rabi,Flood,Central,108.56,11.21,9.359
24.91,1122.64,Sandy,Rice,Kharif,Sprinkler,Central,171.53,4.46,12.099
15.59,924.04,Loamy,Rice,Kharif,Sprinkler,East,135.87,7.81,10.6
16.08,735.49,Sandy,Wheat,Rabi,Flood,South,169.82,8.04,12.915
26.28,1365.42,Loamy,Wheat,Kharif,Sprinkler,West,192.62,10.68,15.915
37.61,1188.32,Peaty,Barley,Kharif,Rainfed,North,29.32,4.43,8.709
33.46,1000.35,Silty,Rice,Kharif,Drip,Central,60.53,7.78,10.396
17.73,754.54,Clay,Wheat,Rabi,Sprinkler,West,159.24,6.52,10.649
31.74,771.25,Sandy,Barley,Rabi,Sprinkler,East,13.66,10.71,11.125
34.49,1360.71,Loamy,Maize,Zaid,Flood,South,38.1,7.33,11.428
15.63,1168.42,Loamy,Maize,Kharif,Flood,East,119.91,7.66,12.575
19.02,792.02,Sandy,Barley,Kharif,Sprinkler,East,132.13,8.07,9.856
24.71,609.16,Sandy,Wheat,Kharif,Flood,North,101.12,5.27,8.463
34.15,945.27,Sandy,Rice,Zaid,Drip,East,18.53,5.46,8.024
19.82,433.15,Sandy,Wheat,Rabi,Flood,East,92.5,6.56,7.205
21.87,1032.18,Silty,Rice,Rabi,Rainfed,South,121.63,4.1,11.065
16.02,1136.68,Loamy,Wheat,Rabi,Rainfed,Central,159.17,8.47,13.626
19.75,702.17,Loamy,Barley,Kharif,Rainfed,East,25.97,7.3,7.445
17.94,1247.7,Silty,Barley,Zaid,Drip,East,22.86,5.42,8.7
23.38,1213.97,Loamy,Maize,Rabi,Rainfed,West,112.36,4.13,12.16
35.4,593.57,Loamy,Maize,Zaid,Drip,Central,15.53,5.66,7.794
19.82,920.73,Sandy,Sorghum,Kharif,Sprinkler,East,20.4,5.05,6.554
27.6,267.94,Loamy,Maize,Zaid,Drip,East,86.47,7.69,8.36
38.54,469.69,Peaty,Rice,Kharif,Flood,South,156.45,9.18,10.719
16.4,1051.97,Silty,Rice,Rabi,Sprinkler,North,183.7,8.12,12.237
25.63,640.83,Silty,Maize,Rabi,Flood,West,56.61,10.75,10.145
37.56,1495.52,Clay,Maize,Kharif,Drip,North,32.05,7.06,13.374
34.05,912.23,Loamy,Barley,Kharif,Drip,East,128.3,4.41,11.825
34.25,733.07,Sandy,Sorghum,Zaid,Rainfed,South,125.03,8.44,10.2
39.11,1387.92,Clay,Maize,Zaid,Drip,North,80.4,10.91,14.725
26.8,747.26,Sandy,Barley,Zaid,Drip,South,106.97,10.06,10.838
24.99,548.93,Clay,Rice,Kharif,Drip,East,47.23,11.09,7.336
20.63,930.49,Sandy,Barley,Kharif,Flood,East,105.76,10.63,9.926
29.53,305.45,Silty,Wheat,Rabi,Drip,North,126.76,4.54,7.865
23.6,1060.72,Loamy,Barley,Kharif,Sprinkler,West,10.54,11.54,10.667
34.1,325.48,Loamy,Wheat,Kharif,Flood,Central,58.64,9.42,11.433
30.32,592.77,Clay,Wheat,Zaid,Sprinkler,Central,89.95,9.31,9.607
39.93,1477.16,Clay,Maize,Rabi,Flood,West,103.84,4.46,12.583
32.72,746.82,Clay,Rice,Zaid,Flood,West,147.92,10.06,12.842
31.01,1152.96,Clay,Maize,Kharif,Rainfed,South,89.59,7.24,10.854
30.52,459.62,Clay,Wheat,Kharif,Sprinkler,South,115.01,10.33,10.232
19.99,826.73,Peaty,Barley,Zaid,Sprinkler,Central,110.36,10.36,11.954
26.61,1104.3,Silty,Rice,Rabi,Drip,East,150.59,6.42,12.063
31.79,813.23,Sandy,Barley,Kharif,Sprinkler,West,87.93,8.58,9.3
26.72,1223.45,Sandy,Sorghum,Rabi,Sprinkler,West,178.2,6.43,12.906
35.02,390.8,Peaty,Wheat,Rabi,Sprinkler,South,195.18,9.77,12.563
31.11,634.64,Loamy,Wheat,Rabi,Flood,South,175.24,11.08,11.928
39.84,795.76,Sandy,Barley,Kharif,Flood,South,182.86,7.31,12.439
35.25,1279.77,Loamy,Rice,Zaid,Drip,West,33.89,6.77,12.546
33.55,1419.77,Sandy,Rice,Zaid,Flood,South,179.96,8.53,14.796
35.38,1353.26,Loamy,Rice,Rabi,Sprinkler,North,194.36,6.83,15.277
18.57,1177.24,Silty,Wheat,Kharif,Flood,North,10.89,6.67,10.227
25.07,589.6,Loamy,Rice,Zaid,Drip,West,91.01,5.12,9.976
21.49,1397.57,Silty,Wheat,Rabi,Flood,Central,76.23,10.76,12.532
33.66,403.76,Clay,Barley,Rabi,Rainfed,Central,99.65,9.36,11.278
29.48,1252.96,Loamy,Maize,Kharif,Flood,North,74.9,5.32,10.393
33.21,373.54,Peaty,Wheat,Kharif,Flood,North,100.38,4.55,8.074
28.26,746.55,Clay,Barley,Kharif,Flood,Central,54.86,6.55,10.407
38.64,629.82,Loamy,Maize,Rabi,Sprinkler,East,89.59,5.37,9.102
25.0,274.38,Loamy,Rice,Zaid,Flood,North,135.6,11.45,8.27
22.61,1225.86,Sandy,Rice,Rabi,Flood,West,99.24,7.28,11.263
21.97,1335.47,Peaty,Sorghum,Rabi,Drip,North,152.24,9.89,14.387
31.87,535.04,Loamy,Wheat,Rabi,Drip,South,175.34,8.63,13.781
31.68,1064.28,Loamy,Wheat,Rabi,Sprinkler,South,53.41,5.66,9.466
24.24,1413.63,Peaty,Wheat,Kharif,Flood,Central,179.28,6.71,12.88
27.36,1204.55,Clay,Sorghum,Zaid,Rainfed,West,149.86,5.23,12.073
22.88,695.57,Silty,Rice,Kharif,Sprinkler,West,55.08,11.35,10.767
32.21,386.95,Clay,Barley,Zaid,Flood,East,41.8,8.71,8.418
28.41,421.66,Sandy,Rice,Rabi,Drip,West,114.98,5.32,10.4
31.06,204.82,Loamy,Barley,Zaid,Drip,North,131.31,11.37,10.053
35.77,980.56,Loamy,Rice,Kharif,Drip,West,126.25,8.43,13.556
26.64,1005.12,Clay,Rice,Kharif,Rainfed,South,181.41,6.74,12.576
21.42,572.86,Sandy,Rice,Zaid,Rainfed,South,85.8,7.31,10.023
28.58,1146.16,Sandy,Maize,Kharif,Drip,Central,184.34,6.39,14.717
21.3,1072.91,Peaty,Rice,Rabi,Drip,Central,82.45,5.7,9.621
31.3,1181.15,Peaty,Rice,Kharif,Rainfed,North,49.68,6.72,11.115
22.42,671.91,Loamy,Wheat,Kharif,Rainfed,West,60.32,10.83,9.759
20.96,622.92,Peaty,Wheat,Kharif,Sprinkler,West,143.84,11.89,12.282
35.84,893.95,Silty,Maize,Kharif,Rainfed,East,132.42,11.64,12.661
33.15,268.93,Sandy,Barley,Zaid,Flood,Central,173.41,9.4,9.754
37.83,1016.49,Clay,Barley,Rabi,Flood,North,143.56,11.47,14.466
30.73,442.66,Loamy,Maize,Kharif,Sprinkler,North,135.2,5.83,9.652
39.52,1079.64,Sandy,Sorghum,Rabi,Sprinkler,East,165.6,4.7,12.556
28.89,745.53,Clay,Maize,Kharif,Flood,South,106.58,11.65,11.779
38.3,459.1,Peaty,Maize,Kharif,Sprinkler,West,109.0,10.78,10.431
36.36,823.72,Peaty,Sorghum,Zaid,Rainfed,Central,49.75,8.89,10.253
19.86,989.67,Loamy,Maize,Rabi,Sprinkler,East,29.36,5.87,9.063
34.37,462.88,Loamy,Wheat,Zaid,Flood,South,193.88,8.38,11.678
23.82,585.96,Loamy,Maize,Kharif,Rainfed,East,125.11,10.37,9.172
23.77,713.68,Peaty,Rice,Zaid,Flood,West,125.68,11.97,13.26
29.07,613.7,Loamy,Barley,Zaid,Drip,West,27.76,10.79,9.546
23.15,1302.48,Loamy,Maize,Rabi,Drip,North,65.0,11.53,12.13
16.02,313.69,Sandy,Sorghum,Zaid,Sprinkler,East,34.9,11.83,7.883
16.62,430.72,Sandy,Barley,Zaid,Sprinkler,East,122.93,6.84,8.603
19.94,349.93,Loamy,Maize,Zaid,Rainfed,East,158.56,5.58,10.633
39.2,535.3,Sandy,Wheat,Kharif,Drip,East,179.07,10.69,12.609
26.53,998.98,Clay,Sorghum,Rabi,Flood,Central,99.4,11.08,12.358
21.62,341.98,Sandy,Wheat,Zaid,Sprinkler,West,152.58,8.51,10.804
38.62,1383.1,Silty,Barley,Kharif,Drip,South,129.2,5.21,12.68
31.06,534.47,Sandy,Barley,Rabi,Drip,North,60.97,8.75,10.584
30.7,409.14,Silty,Wheat,Rabi,Flood,East,144.5,4.73,9.549
29.37,694.73,Silty,Wheat,Rabi,Drip,Central,49.34,6.59,9.353
23.56,1435.15,Loamy,Wheat,Rabi,Flood,Central,113.32,10.32,14.465
29.63,321.59,Silty,Wheat,Kharif,Flood,East,110.97,8.11,9.45
23.81,387.06,Clay,Wheat,Kharif,Drip,Central,158.29,7.69,9.478
36.26,1479.13,Clay,Wheat,Kharif,Sprinkler,North,121.26,9.72,13.418
17.11,1387.88,Peaty,Sorghum,Zaid,Flood,East,15.17,4.4,10.16
16.03,1084.18,Peaty,Wheat,Kharif,Flood,Central,117.7,7.84,12.567
16.66,797.68,Clay,Rice,Kharif,Flood,West,32.74,8.42,8.473
18.68,965.92,Silty,Wheat,Kharif,Drip,West,91.86,4.95,9.495
32.82,1160.81,Clay,Barley,Rabi,Rainfed,East,152.51,8.11,13.788
19.5,846.55,Clay,Wheat,Kharif,Drip,Central,68.93,10.14,10.936
19.5,323.11,Clay,Maize,Rabi,Rainfed,South,191.21,8.49,11.133
16.04,784.43,Sandy,Maize,Rabi,Flood,South,156.06,9.77,9.324
39.95,778.67,Sandy,Rice,Kharif,Drip,South,134.79,4.87,9.988
24.24,752.27,Peaty,Rice,Zaid,Flood,West,11.83,5.39,7.781
34.93,337.72,Loamy,Barley,Kharif,Sprinkler,South,128.21,6.31,9.805
36.03,398.62,Clay,Maize,Rabi,Sprinkler,South,103.81,6.76,9.618
19.72,1245.78,Sandy,Sorghum,Zaid,Flood,West,72.35,10.33,11.849
25.58,414.31,Clay,Wheat,Rabi,Sprinkler,West,67.33,4.41,6.838
33.22,297.93,Clay,Wheat,Rabi,Sprinkler,North,59.6,10.56,8.722
17.46,799.91,Loamy,Wheat,Zaid,Flood,West,145.69,9.57,10.175
31.71,502.58,Loamy,Barley,Rabi,Drip,Central,125.61,5.39,11.277
22.23,1402.69,Sandy,Maize,Kharif,Drip,Central,163.39,10.08,16.858
32.32,613.9,Sandy,Rice,Rabi,Sprinkler,South,65.27,10.45,10.22
35.83,1109.04,Clay,Rice,Kharif,Flood,Central,13.99,6.84,10.222
35.46,1283.42,Loamy,Rice,Zaid,Rainfed,South,62.22,6.99,11.521
35.89,998.36,Sandy,Wheat,Zaid,Drip,North,114.63,4.14,9.465
24.89,1237.67,Clay,Maize,Rabi,Sprinkler,West,45.51,11.78,12.78
27.59,1362.38,Loamy,Rice,Zaid,Sprinkler,West,35.73,9.75,12.315
32.87,854.74,Sandy,Barley,Rabi,Drip,South,130.72,8.57,12.48
33.76,530.77,Sandy,Rice,Zaid,Flood,South,155.85,10.32,12.783
37.74,917.94,Clay,Barley,Zaid,Flood,South,153.58,11.48,13.423
31.81,1175.37,Silty,Sorghum,Rabi,Sprinkler,North,32.74,8.45,11.714
33.7,1258.32,Sandy,Barley,Rabi,Flood,West,62.15,5.15,10.976
22.69,1124.14,Peaty,Rice,Zaid,Drip,West,152.11,11.35,12.365
38.99,531.51,Loamy,Sorghum,Rabi,Flood,Central,153.97,5.98,9.674
24.05,986.35,Clay,Maize,Kharif,Flood,West,160.56,7.48,12.028
17.2,767.12,Silty,Maize,Kharif,Rainfed,East,128.03,9.94,10.735
34.51,875.16,Silty,Wheat,Rabi,Rainfed,South,173.85,10.37,13.735
15.46,687.71,Silty,Sorghum,Rabi,Flood,West,165.48,11.02,11.443
33.83,587.16,Clay,Maize,Rabi,Rainfed,East,188.66,4.28,10.318
27.64,362.58,Silty,Barley,Zaid,Sprinkler,South,196.87,10.85,11.994
24.16,1230.5,Silty,Wheat,Kharif,Drip,East,166.35,10.85,14.334
28.9,1201.84,Sandy,Wheat,Rabi,Flood,West,42.79,6.29,11.921
38.9,1149.65,Loamy,Wheat,Kharif,Rainfed,East,143.3,8.22,13.695
35.49,1062.71,Loamy,Barley,Kharif,Sprinkler,Central,111.17,11.44,13.014
35.09,758.45,Sandy,Barley,Rabi,Flood,South,82.9,5.15,8.999
24.45,377.49,Silty,Maize,Rabi,Drip,North,165.89,11.39,11.877
23.79,943.91,Loamy,Maize,Rabi,Drip,North,69.11,6.35,9.834
29.94,223.28,Silty,Barley,Kharif,Drip,North,67.73,10.14,7.221
34.34,401.98,Loamy,Sorghum,Zaid,Drip,South,26.32,4.68,7.298
27.11,1359.8,Loamy,Rice,Rabi,Flood,East,41.0,7.15,11.513
22.2,928.2,Clay,Rice,Zaid,Sprinkler,West,26.14,8.4,10.086
18.13,707.41,Sandy,Wheat,Zaid,Sprinkler,West,100.7,11.79,11.386
17.76,1290.62,Silty,Rice,Kharif,Sprinkler,East,159.43,7.4,12.106
28.56,1120.35,Peaty,Rice,Rabi,Rainfed,Central,183.73,4.02,13.045
29.23,398.34,Clay,Wheat,Kharif,Drip,East,174.81,9.88,10.172
36.75,1140.44,Clay,Wheat,Rabi,Flood,East,28.89,9.56,11.235
16.87,574.09,Clay,Wheat,Zaid,Drip,South,61.25,9.94,8.578
30.93,474.86,Loamy,Rice,Rabi,Drip,North,50.63,10.54,8.852
38.72,718.05,Silty,Maize,Kharif,Flood,South,40.87,9.76,9.469
18.12,608.45,Sandy,Rice,Rabi,Flood,South,100.78,8.6,8.791
24.72,988.16,Loamy,Barley,Zaid,Drip,West,129.85,8.72,13.001
36.4,238.82,Loamy,Maize,Zaid,Drip,Central,50.7,6.38,4.91
25.39,1093.54,Silty,Maize,Zaid,Rainfed,South,127.77,5.57,10.619
16.96,757.86,Clay,Barley,Kharif,Flood,West,14.06,11.35,9.562
24.45,987.42,Clay,Rice,Zaid,Flood,South,84.29,5.34,8.592
20.41,287.38,Loamy,Sorghum,Kharif,Sprinkler,Central,143.59,8.14,8.31
40.0,282.76,Sandy,Wheat,Kharif,Flood,Central,28.69,5.25,5.673
29.78,506.86,Sandy,Wheat,Kharif,Drip,Central,170.66,6.71,9.158
26.52,501.39,Silty,Maize,Kharif,Flood,West,137.63,9.38,10.166
30.4,891.61,Loamy,Barley,Kharif,Flood,West,104.86,11.76,12.665
27.73,586.26,Clay,Rice,Rabi,Rainfed,North,123.54,11.38,9.35
17.14,888.33,Loamy,Maize,Kharif,Flood,Central,129.44,9.56,11.924
39.98,453.55,Silty,Barley,Kharif,Drip,North,87.0,5.1,8.533
31.82,521.08,Peaty,Rice,Kharif,Drip,East,61.14,8.51,8.32
37.79,1196.46,Clay,Maize,Rabi,Sprinkler,North,37.04,11.95,12.232
16.44,395.83,Silty,Sorghum,Zaid,Flood,West,112.98,7.13,8.297
36.73,1150.77,Clay,Barley,Rabi,Drip,North,140.81,6.1,12.22
34.65,260.63,Loamy,Rice,Zaid,Sprinkler,North,79.22,11.87,9.134
21.17,445.95,Loamy,Wheat,Kharif,Drip,Central,90.7,7.59,8.141
28.46,1483.49,Peaty,Rice,Zaid,Drip,East,75.7,4.5,10.871
23.84,910.02,Loamy,Rice,Zaid,Drip,West,12.99,5.79,8.728
26.73,1269.02,Clay,Barley,Kharif,Flood,Central,25.87,6.4,11.856
39.33,1145.3,Loamy,Wheat,Kharif,Drip,North,120.59,7.73,12.443
21.06,1448.96,Sandy,Maize,Kharif,Drip,West,100.71,6.07,12.511
32.91,505.36,Silty,Barley,Kharif,Drip,North,29.93,6.61,9.475
36.67,1250.03,Clay,Sorghum,Zaid,Sprinkler,South,42.0,10.94,12.853
22.18,904.98,Sandy,Maize,Kharif,Rainfed,West,21.94,4.99,7.137
30.37,330.99,Loamy,Rice,Kharif,Sprinkler,East,91.53,4.16,7.32
39.76,271.22,Clay,Rice,Kharif,Rainfed,South,68.69,5.52,8.574
34.02,1227.9,Loamy,Maize,Rabi,Rainfed,North,46.96,8.3,11.03
33.94,1194.28,Loamy,Barley,Rabi,Flood,North,94.29,9.78,12.561
15.84,1465.98,Silty,Wheat,Zaid,Rainfed,South,164.48,7.21,12.521
27.67,1339.19,Silty,Sorghum,Zaid,Sprinkler,North,42.17,8.57,11.153
22.8,207.69,Loamy,Barley,Zaid,Flood,South,145.99,7.66,9.268
22.1,922.0,Clay,Wheat,Rabi,Rainfed,Central,124.48,6.24,11.336
22.96,360.08,Sandy,Wheat,Kharif,Drip,West,117.21,7.44,8.553
22.21,1110.24,Sandy,Wheat,Rabi,Rainfed,Central,167.23,9.27,13.234
24.65,1055.65,Clay,Barley,Kharif,Flood,North,25.31,4.22,8.593
28.5,670.2,Silty,Wheat,Kharif,Rainfed,East,40.62,10.53,10.279
22.2,1086.25,Clay,Wheat,Zaid,Drip,West,29.26,9.52,11.872
17.35,270.36,Clay,Maize,Rabi,Rainfed,South,23.38,10.91,7.246
37.17,402.84,Peaty,Sorghum,Kharif,Drip,East,139.54,5.86,8.433
37.48,1042.36,Silty,Wheat,Kharif,Drip,South,129.36,10.54,13.977
31.38,1393.82,Sandy,Rice,Zaid,Rainfed,Central,53.42,9.59,12.525
30.59,354.7,Sandy,Maize,Zaid,Flood,East,34.98,8.72,7.12
39.32,745.6,Silty,Barley,Zaid,Drip,North,10.5,9.45,9.511
20.49,1269.83,Loamy,Rice,Rabi,Flood,South,144.7,5.04,11.965
36.84,910.58,Sandy,Maize,Kharif,Drip,West,91.23,10.85,11.702
19.1,558.43,Loamy,Barley,Rabi,Flood,North,51.13,11.66,9.097
16.58,1425.3,Silty,Sorghum,Kharif,Flood,West,131.84,9.4,14.697
16.59,828.17,Clay,Rice,Rabi,Drip,West,59.95,6.03,8.147
33.32,1197.25,Peaty,Barley,Kharif,Sprinkler,South,66.67,9.16,12.693
32.75,1403.63,Loamy,Maize,Rabi,Sprinkler,South,44.16,7.56,11.736
16.06,1434.31,Clay,Maize,Kharif,Flood,North,19.03,11.32,11.328
28.04,1451.02,Silty,Rice,Kharif,Rainfed,North,142.17,10.4,15.767
24.06,452.45,Clay,Barley,Kharif,Drip,South,121.84,6.71,8.177
29.91,1157.53,Loamy,Maize,Kharif,Sprinkler,West,32.93,6.4,11.032
30.21,868.68,Loamy,Barley,Rabi,Sprinkler,East,145.14,9.44,11.904
37.29,868.71,Sandy,Maize,Zaid,Drip,South,98.67,4.97,9.572
20.56,1088.42,Silty,Wheat,Zaid,Sprinkler,South,167.73,6.22,13.352
33.54,234.94,Loamy,Rice,Rabi,Drip,North,191.82,8.52,11.479
28.2,761.4,Clay,Rice,Zaid,Sprinkler,North,12.14,6.71,9.606
25.12,570.1,Clay,Wheat,Rabi,Drip,West,45.93,6.04,8.107
32.6,368.08,Clay,Maize,Rabi,Sprinkler,North,121.11,8.08,8.631
22.23,1082.49,Loamy,Barley,Kharif,Rainfed,East,191.2,9.83,14.443
18.72,980.31,Clay,Maize,Rabi,Drip,North,131.67,8.9,10.591
33.58,778.32,Loamy,Barley,Rabi,Flood,West,136.6,6.06,11.3
25.11,284.71,Silty,Rice,Kharif,Flood,Central,59.85,4.97,7.972
25.58,1113.02,Silty,Barley,Kharif,Drip,North,156.46,10.28,14.232
24.21,1409.61,Clay,Maize,Kharif,Flood,Central,155.97,8.18,14.004
24.52,488.6,Sandy,Wheat,Zaid,Sprinkler,South,105.72,9.69,9.881
21.28,643.47,Loamy,Barley,Kharif,Rainfed,West,103.6,5.56,7.944
20.02,880.29,Sandy,Maize,Zaid,Drip,East,76.42,8.16,10.025
31.72,529.96,Loamy,Rice,Kharif,Sprinkler,East,19.05,10.93,8.424
32.56,680.48,Loamy,Rice,Kharif,Drip,East,88.27,4.45,8.325
29.93,1481.86,Silty,Sorghum,Zaid,Flood,North,47.81,7.73,12.395
16.55,1477.83,Sandy,Rice,Kharif,Sprinkler,North,169.85,6.87,12.429
39.26,1462.18,Sandy,Maize,Rabi,Flood,North,89.86,4.57,11.659
36.21,937.07,Sandy,Wheat,Kharif,Drip,West,120.9,8.82,11.929
28.68,1475.65,Clay,Wheat,Zaid,Rainfed,North,39.79,5.33,11.461
37.52,649.26,Loamy,Wheat,Rabi,Sprinkler,North,12.66,8.26,9.18
20.93,1379.07,Loamy,Barley,Rabi,Sprinkler,North,30.28,8.77,12.532
36.36,659.07,Peaty,Rice,Kharif,Drip,West,65.13,7.38,9.663
25.28,830.03,Silty,Barley,Kharif,Drip,South,184.41,4.59,10.422
33.88,706.86,Sandy,Rice,Kharif,Rainfed,West,198.84,5.98,11.509
39.83,1062.83,Sandy,Rice,Kharif,Flood,Central,25.26,7.48,9.853
37.29,1117.15,Silty,Wheat,Rabi,Sprinkler,South,196.37,11.11,15.817
32.44,991.88,Loamy,Rice,Zaid,Flood,South,96.24,5.02,10.395
33.54,325.42,Clay,Rice,Rabi,Flood,North,94.19,5.82,8.97
32.72,1253.01,Loamy,Maize,Rabi,Flood,West,59.56,11.7,13.322
30.21,1409.2,Sandy,Rice,Kharif,Drip,East,129.25,7.79,12.707
18.02,1036.44,Silty,Sorghum,Kharif,Sprinkler,West,22.15,8.19,9.672
22.41,1425.77,Silty,Wheat,Kharif,Drip,South,95.28,6.24,12.919
18.14,982.51,Peaty,Wheat,Kharif,Drip,South,128.12,4.72,9.684
38.83,453.08,Loamy,Maize,Kharif,Sprinkler,West,94.4,5.17,7.781
34.15,818.58,Peaty,Barley,Rabi,Flood,North,138.44,4.32,9.803
38.97,536.77,Sandy,Wheat,Kharif,Sprinkler,North,193.35,9.85,12.111
27.41,824.11,Sandy,Maize,Rabi,Rainfed,Central,114.48,6.41,10.003
15.2,1076.32,Clay,Barley,Kharif,Sprinkler,West,118.31,10.12,12.399
26.41,1421.01,Silty,Barley,Zaid,Drip,South,90.35,4.06,12.084
30.14,592.1,Clay,Sorghum,Kharif,Rainfed,West,175.86,5.98,9.604
34.92,1219.95,Loamy,Rice,Rabi,Sprinkler,East,164.71,6.5,12.694
28.27,929.69,Loamy,Rice,Kharif,Drip,East,99.7,7.7,11.109
23.45,433.47,Silty,Wheat,Kharif,Flood,West,141.48,11.9,11.893
36.38,414.88,Sandy,Wheat,Kharif,Sprinkler,West,24.91,7.66,7.976
21.5,432.45,Clay,Barley,Kharif,Flood,Central,18.85,6.83,8.078
32.5,577.46,Sandy,Maize,Zaid,Flood,Central,28.68,8.95,8.848
29.79,513.17,Clay,Barley,Rabi,Sprinkler,East,34.29,7.87,9.093
36.9,709.3,Sandy,Wheat,Kharif,Drip,North,51.6,4.54,9.187
23.79,1417.96,Loamy,Rice,Zaid,Flood,West,120.03,11.11,13.851
16.65,643.84,Clay,Wheat,Kharif,Sprinkler,South,89.53,4.12,7.548
24.86,221.84,Peaty,Rice,Kharif,Drip,North,187.1,11.62,11.018
35.19,1128.94,Loamy,Wheat,Kharif,Sprinkler,South,59.43,8.61,11.118
39.82,872.37,Sandy,Rice,Kharif,Sprinkler,North,188.5,8.01,12.805
28.75,874.88,Silty,Maize,Kharif,Drip,East,44.49,10.07,9.591
20.7,1324.93,Clay,Sorghum,Kharif,Drip,South,34.65,11.68,12.081
26.47,1463.32,Sandy,Barley,Zaid,Sprinkler,Central,69.94,10.85,13.421
34.86,1090.61,Peaty,Maize,Kharif,Sprinkler,Central,167.41,11.71,12.477
28.32,1440.23,Sandy,Wheat,Zaid,Drip,East,132.0,5.98,13.039
36.93,1154.6,Silty,Barley,Rabi,Sprinkler,East,179.94,5.97,13.635
25.64,604.6,Clay,Maize,Kharif,Flood,North,111.08,9.86,11.228
37.88,1195.94,Loamy,Rice,Kharif,Flood,Central,73.5,8.74,11.897
19.53,935.22,Loamy,Sorghum,Zaid,Sprinkler,North,33.36,8.18,8.396
32.01,328.12,Sandy,Rice,Zaid,Sprinkler,South,145.23,6.44,8.955
31.83,1077.8,Sandy,Barley,Rabi,Flood,South,175.59,11.85,14.175
29.21,1434.9,Loamy,Barley,Zaid,Rainfed,North,34.5,4.44,10.084
15.35,741.5,Loamy,Rice,Kharif,Rainfed,South,96.96,8.87,9.41
22.05,1000.73,Clay,Maize,Kharif,Drip,West,19.92,5.62,7.835
23.74,386.87,Loamy,Maize,Kharif,Flood,South,16.84,9.21,6.836
35.43,1381.13,Peaty,Rice,Rabi,Flood,South,146.62,5.17,13.755
28.12,1104.84,Sandy,Rice,Kharif,Rainfed,Central,160.81,4.8,11.501
22.12,1310.53,Silty,Barley,Zaid,Sprinkler,West,169.28,7.99,13.596
19.11,485.4,Sandy,Maize,Kharif,Rainfed,East,104.85,8.85,8.368
17.22,273.04,Loamy,Barley,Rabi,Sprinkler,West,49.76,9.59,7.661
26.61,549.99,Loamy,Rice,Kharif,Drip,South,110.71,5.87,11.161
18.29,1294.62,Loamy,Wheat,Rabi,Sprinkler,East,48.83,6.72,9.395
24.83,694.03,Silty,Rice,Kharif,Rainfed,East,32.39,5.5,9.243
28.71,342.69,Silty,Sorghum,Kharif,Flood,South,133.79,6.56,8.295
21.23,445.78,Silty,Maize,Kharif,Sprinkler,East,82.51,10.21,10.358
16.97,798.57,Silty,Maize,Kharif,Rainfed,North,101.66,7.19,9.357
32.67,429.98,Silty,Rice,Rabi,Flood,East,78.72,8.74,9.783
36.59,1112.27,Sandy,Barley,Rabi,Flood,South,99.62,5.91,11.801
29.02,918.8,Silty,Sorghum,Rabi,Sprinkler,East,173.17,6.74,13.613
33.19,502.39,Loamy,Barley,Rabi,Flood,South,42.53,10.47,8.295
23.49,1329.94,Sandy,Rice,Kharif,Sprinkler,Central,180.17,10.06,14.717
28.95,1293.03,Clay,Wheat,Zaid,Drip,North,110.63,9.52,12.733
15.28,436.9,Silty,Maize,Rabi,Sprinkler,North,174.77,4.08,7.504
28.08,829.44,Loamy,Maize,Rabi,Sprinkler,East,164.9,10.22,11.846
37.04,437.24,Clay,Wheat,Kharif,Flood,East,182.03,7.86,10.393
27.23,521.83,Loamy,Wheat,Rabi,Sprinkler,South,79.74,8.69,9.942
25.83,559.86,Clay,Sorghum,Kharif,Drip,North,145.43,5.11,8.064
26.71,642.76,Sandy,Barley,Kharif,Drip,Central,92.17,10.23,10.219
27.06,1429.18,Loamy,Rice,Zaid,Flood,Central,186.95,11.48,16.811
32.96,624.0,Loamy,Wheat,Rabi,Sprinkler,East,74.34,4.11,9.261
34.58,1238.98,Clay,Maize,Zaid,Drip,Central,182.14,9.4,14.93
25.7,526.63,Clay,Rice,Kharif,Rainfed,Central,99.23,6.13,8.39
30.21,1278.78,Loamy,Maize,Rabi,Sprinkler,South,144.64,7.01,13.195
37.6,914.26,Silty,Rice,Kharif,Rainfed,North,36.55,9.48,11.02
36.93,306.78,Silty,Rice,Kharif,Flood,South,141.74,6.63,9.854
15.63,1080.84,Sandy,Maize,Kharif,Drip,Central,86.63,7.54,11.186
37.15,1058.9,Loamy,Barley,Zaid,Drip,South,79.04,11.21,12.799
31.78,1456.52,Silty,Wheat,Rabi,Sprinkler,North,22.91,8.38,12.257
37.23,658.23,Silty,Rice,Kharif,Flood,North,79.07,4.02,9.449
37.73,563.42,Loamy,Barley,Zaid,Rainfed,South,56.11,10.52,11.267
15.52,408.27,Silty,Maize,Kharif,Rainfed,Central,75.76,9.55,6.982
35.37,1132.13,Sandy,Wheat,Rabi,Sprinkler,South,81.02,4.76,10.602
29.24,531.53,Sandy,Rice,Kharif,Sprinkler,Central,62.83,5.23,8.067
17.34,1002.25,Sandy,Maize,Rabi,Flood,East,139.44,6.68,11.205
28.6,244.56,Silty,Wheat,Kharif,Sprinkler,Central,166.68,10.22,10.855
31.28,951.56,Silty,Sorghum,Zaid,Flood,West,190.95,7.18,13.072
31.82,632.8,Loamy,Barley,Kharif,Flood,North,122.55,7.9,11.211
28.25,466.16,Loamy,Rice,Kharif,Sprinkler,Central,35.21,10.27,9.026
33.52,1086.96,Clay,Wheat,Kharif,Sprinkler,North,101.38,5.61,10.362
28.55,754.4,Loamy,Barley,Kharif,Flood,Central,108.66,11.4,10.557
23.34,1385.49,Loamy,Wheat,Rabi,Drip,East,104.39,6.43,11.996
38.73,451.85,Loamy,Maize,Rabi,Sprinkler,North,188.54,7.48,10.88
34.6,1415.36,Clay,Barley,Rabi,Drip,West,83.21,9.86,13.734
36.52,516.88,Loamy,Wheat,Rabi,Rainfed,West,184.39,9.61,13.419
29.84,568.71,Loamy,Barley,Kharif,Drip,South,162.25,9.12,11.875
26.05,1331.08,Loamy,Wheat,Rabi,Flood,North,136.51,4.93,11.58
30.74,851.58,Silty,Sorghum,Rabi,Flood,West,77.41,10.94,10.468
28.35,1202.78,Loamy,Maize,Rabi,Rainfed,East,97.0,10.35,12.443
22.94,1373.74,Silty,Maize,Kharif,Flood,Central,96.58,7.8,11.701
17.51,693.09,Loamy,Barley,Kharif,Flood,Central,50.69,9.5,9.704
26.76,468.74,Silty,Sorghum,Rabi,Rainfed,Central,178.79,9.31,10.448
18.63,1357.35,Loamy,Wheat,Rabi,Sprinkler,West,145.54,9.06,13.965
30.91,608.98,Silty,Wheat,Rabi,Drip,North,96.2,8.6,11.768
28.62,353.03,Clay,Barley,Rabi,Sprinkler,South,34.19,10.88,8.187
20.88,459.3,Clay,Rice,Zaid,Drip,East,155.1,4.93,8.919
17.64,636.39,Peaty,Rice,Zaid,Flood,North,31.93,11.29,8.365
31.77,454.57,Sandy,Barley,Kharif,Flood,East,28.71,11.68,9.657
35.2,512.92,Clay,Barley,Kharif,Flood,Central,118.91,4.71,9.354
21.38,1419.44,Loamy,Maize,Zaid,Rainfed,West,31.09,8.63,12.131
18.27,1397.21,Peaty,Sorghum,Kharif,Rainfed,Central,18.44,11.48,13.526
34.49,1235.13,Silty,Sorghum,Kharif,Rainfed,North,63.46,8.64,11.697
24.22,1419.46,Peaty,Wheat,Rabi,Drip,North,140.36,8.56,12.662
22.08,628.94,Peaty,Barley,Rabi,Flood,Central,102.73,9.89,8.987
17.31,556.83,Loamy,Maize,Rabi,Flood,East,145.7,5.47,8.825
24.37,1312.03,Sandy,Wheat,Rabi,Sprinkler,West,193.84,4.39,12.697
34.96,1335.32,Clay,Rice,Kharif,Rainfed,Central,68.49,6.03,11.369
16.31,346.09,Sandy,Rice,Kharif,Drip,East,65.29,4.29,6.904
33.92,420.02,Loamy,Barley,Rabi,Drip,West,182.51,7.96,11.172
22.89,1207.73,Peaty,Barley,Zaid,Rainfed,West,62.05,8.39,10.636
31.24,1144.56,Clay,Wheat,Kharif,Sprinkler,East,147.19,7.88,11.662
33.94,305.3,Silty,Rice,Kharif,Drip,East,170.48,6.41,8.864
24.9,895.33,Silty,Wheat,Kharif,Drip,Central,23.54,11.04,10.552
20.07,841.94,Loamy,Wheat,Kharif,Sprinkler,West,126.17,7.32,8.868
33.27,248.27,Clay,Rice,Rabi,Flood,West,61.1,11.16,8.77
22.14,544.03,Clay,Wheat,Kharif,Drip,East,98.56,10.57,11.211
39.46,1226.26,Silty,Barley,Rabi,Rainfed,Central,96.0,11.78,15.048
23.4,619.64,Loamy,Sorghum,Rabi,Flood,East,137.75,8.08,10.366
24.61,566.94,Sandy,Rice,Kharif,Rainfed,Central,176.17,10.77,10.954
22.0,1373.31,Sandy,Wheat,Kharif,Rainfed,East,56.78,10.2,12.041
38.08,503.89,Clay,Wheat,Rabi,Sprinkler,East,134.68,4.01,8.43
26.36,698.65,Peaty,Maize,Rabi,Sprinkler,West,103.94,8.91,11.743
39.57,948.39,Silty,Rice,Kharif,Drip,North,103.16,6.31,12.017
27.99,1341.82,Peaty,Maize,Kharif,Rainfed,Central,114.03,6.51,12.897
28.57,204.44,Silty,Rice,Kharif,Drip,North,100.98,8.62,8.838
28.93,887.08,Loamy,Rice,Rabi,Drip,North,32.82,11.82,9.057
20.5,274.66,Silty,Wheat,Kharif,Flood,South,41.65,10.58,7.187
29.41,686.22,Clay,Barley,Rabi,Flood,South,98.19,9.85,12.672
19.01,503.48,Loamy,Rice,Rabi,Drip,West,61.96,10.66,7.953
36.6,775.49,Sandy,Wheat,Zaid,Flood,North,168.81,7.24,11.866
19.55,557.7,Sandy,Maize,Zaid,Drip,East,90.16,11.8,10.116
23.17,1128.7,Silty,Maize,Rabi,Sprinkler,West,119.31,8.34,12.933
26.87,986.39,Loamy,Rice,Rabi,Sprinkler,North,195.15,9.38,12.436
22.69,710.91,Silty,Barley,Kharif,Sprinkler,South,72.45,4.29,8.208
29.23,294.74,Loamy,Wheat,Kharif,Sprinkler,Central,158.76,9.99,11.811
21.82,1070.22,Sandy,Sorghum,Kharif,Drip,North,162.56,8.08,11.678
20.37,1194.82,Sandy,Maize,Kharif,Rainfed,West,164.86,6.56,13.465
18.85,1253.03,Clay,Wheat,Kharif,Sprinkler,North,81.31,9.46,10.613
28.98,1254.72,Loamy,Rice,Rabi,Drip,South,56.09,11.47,13.457
37.42,359.39,Silty,Maize,Zaid,Drip,Central,67.51,10.28,8.945
36.64,723.79,Sandy,Sorghum,Zaid,Rainfed,West,40.3,11.82,10.022
35.4,1335.31,Loamy,Maize,Rabi,Flood,North,25.58,7.39,11.489
17.92,581.01,Peaty,Barley,Rabi,Sprinkler,Central,91.22,11.16,11.452
16.59,1430.3,Sandy,Maize,Rabi,Rainfed,North,34.3,5.19,9.126
34.1,810.12,Peaty,Rice,Rabi,Sprinkler,North,86.95,10.91,11.621
26.16,1452.06,Silty,Wheat,Kharif,Flood,Central,152.43,5.78,14.103
31.7,581.73,Loamy,Maize,Kharif,Drip,South,49.74,7.23,8.911
37.5,425.32,Loamy,Rice,Rabi,Sprinkler,Central,29.0,10.48,9.246
31.74,1486.78,Clay,Rice,Kharif,Flood,North,49.11,8.99,11.079
19.81,1056.11,Loamy,Wheat,Zaid,Rainfed,North,26.72,4.41,8.72
15.08,1395.71,Silty,Maize,Kharif,Flood,West,176.57,7.89,14.564
38.05,504.31,Sandy,Sorghum,Rabi,Drip,Central,72.16,4.83,9.501
21.22,964.22,Clay,Maize,Zaid,Drip,East,92.17,4.16,8.752
22.9,1191.33,Clay,Wheat,Rabi,Drip,South,116.96,8.94,13.61
35.06,386.29,Clay,Rice,Kharif,Rainfed,North,59.66,4.36,6.156
27.35,434.41,Sandy,Barley,Rabi,Flood,North,112.12,11.54,10.479
25.81,679.18,Silty,Barley,Rabi,Sprinkler,South,116.81,4.24,8.803
37.1,384.25,Loamy,Rice,Kharif,Flood,North,80.43,11.33,7.586
33.39,809.75,Loamy,Rice,Rabi,Drip,West,17.58,5.1,9.287
16.98,1063.98,Sandy,Maize,Rabi,Sprinkler,East,185.51,8.0,13.946
15.13,1296.32,Sandy,Rice,Kharif,Drip,South,10.07,5.62,9.591
34.88,1396.31,Loamy,Wheat,Kharif,Drip,South,111.49,4.14,12.191
30.77,578.9,Silty,Barley,Kharif,Sprinkler,South,10.91,5.45,8.743
16.18,260.42,Clay,Rice,Rabi,Sprinkler,West,29.23,7.61,6.382
29.88,339.41,Loamy,Rice,Zaid,Sprinkler,East,102.5,6.99,8.675
16.64,1255.68,Loamy,Maize,Kharif,Flood,North,130.27,9.64,13.103
18.77,708.68,Peaty,Wheat,Rabi,Drip,Central,110.92,10.19,10.767
22.71,1181.4,Sandy,Sorghum,Kharif,Sprinkler,South,15.42,11.71,12.208
23.4,636.88,Sandy,Wheat,Rabi,Flood,South,154.77,7.48,10.501
23.02,1493.59,Loamy,Barley,Zaid,Flood,East,75.54,5.98,11.783
35.34,779.42,Clay,Barley,Kharif,Drip,West,43.42,8.54,8.77
32.9,604.91,Loamy,Wheat,Zaid,Rainfed,North,39.96,9.57,10.088
24.76,341.52,Peaty,Maize,Rabi,Rainfed,Central,134.57,7.49,8.208
31.4,228.98,Sandy,Rice,Kharif,Drip,North,24.83,11.35,8.588
21.88,1239.22,Loamy,Rice,Rabi,Flood,West,49.54,6.05,9.779
36.78,741.82,Clay,Rice,Rabi,Sprinkler,East,16.26,6.04,8.458
18.6,1450.89,Loamy,Maize,Kharif,Sprinkler,North,113.24,5.03,12.779
23.28,1122.8,Peaty,Barley,Zaid,Sprinkler,Central,124.49,4.21,11.939
19.25,803.15,Loamy,Sorghum,Rabi,Flood,Central,85.07,8.7,10.021
34.59,597.83,Sandy,Rice,Kharif,Flood,East,114.51,9.16,11.175
18.7,429.73,Sandy,Maize,Kharif,Drip,East,72.61,7.81,7.849
36.65,679.12,Loamy,Maize,Kharif,Drip,East,167.33,8.17,10.839
24.21,739.83,Silty,Wheat,Kharif,Flood,East,31.12,7.96,7.27
34.23,1389.17,Loamy,Rice,Rabi,Sprinkler,Central,181.4,7.71,15.196
38.26,1184.87,Loamy,Wheat,Zaid,Flood,West,153.56,8.16,13.792
23.67,537.34,Silty,Maize,Kharif,Rainfed,East,155.16,5.82,9.54
15.1,630.32,Clay,Wheat,Rabi,Drip,South,110.78,4.5,5.052
36.41,401.51,Peaty,Rice,Rabi,Drip,East,52.93,9.37,9.884
37.22,1122.92,Loamy,Maize,Kharif,Rainfed,North,189.13,7.81,14.292
32.01,976.75,Sandy,Wheat,Rabi,Sprinkler,East,91.68,10.6,10.932
26.07,1009.57,Silty,Wheat,Rabi,Rainfed,North,179.7,4.12,10.593
22.23,229.15,Sandy,Barley,Rabi,Flood,West,169.68,4.44,8.376
26.42,1074.18,Clay,Barley,Rabi,Rainfed,Central,123.12,11.55,12.977
21.91,528.37,Sandy,Rice,Rabi,Sprinkler,Central,90.01,4.87,8.463
21.82,1375.4,Loamy,Maize,Kharif,Sprinkler,West,133.99,8.59,14.571
33.44,537.26,Clay,Rice,Kharif,Sprinkler,Central,187.4,11.42,12.412
38.98,958.44,Loamy,Maize,Zaid,Rainfed,South,25.05,9.03,9.98
20.0,274.82,Sandy,Wheat,Zaid,Drip,North,45.67,6.1,5.877
29.11,1259.94,Loamy,Rice,Kharif,Flood,North,102.89,7.5,12.063
23.07,1150.87,Clay,Rice,Kharif,Rainfed,North,113.5,6.32,10.176
33.22,997.6,Silty,Rice,Zaid,Rainfed,East,15.09,10.93,11.363
19.92,768.5,Peaty,Sorghum,Kharif,Sprinkler,West,88.72,9.11,9.962
38.03,506.57,Sandy,Sorghum,Rabi,Flood,South,28.98,9.73,7.829
35.45,844.55,Sandy,Maize,Rabi,Drip,South,90.06,10.26,11.601
23.78,1417.32,Loamy,Wheat,Kharif,Flood,North,175.25,4.55,13.616
38.88,1238.13,Silty,Rice,Rabi,Rainfed,North,64.29,5.66,13.544
35.23,745.06,Clay,Barley,Kharif,Drip,West,96.5,8.29,10.29
28.42,1351.93,Loamy,Maize,Kharif,Rainfed,South,15.27,7.01,10.68
26.57,995.55,Silty,Sorghum,Kharif,Flood,East,106.58,11.78,11.28
23.8,934.73,Silty,Rice,Kharif,Rainfed,West,24.07,7.77,8.964
25.83,235.75,Loamy,Maize,Rabi,Rainfed,North,41.61,8.77,7.847
26.54,659.42,Silty,Wheat,Kharif,Drip,Central,170.29,4.81,9.678
34.39,705.43,Loamy,Barley,Kharif,Drip,West,196.17,7.1,13.341
29.18,1030.51,Clay,Sorghum,Zaid,Rainfed,East,63.23,11.64,12.523
22.73,378.81,Sandy,Maize,Rabi,Drip,North,135.51,4.56,8.665
16.25,235.02,Loamy,Maize,Rabi,Flood,West,24.54,4.47,3.964
19.02,1279.93,Loamy,Sorghum,Kharif,Drip,North,134.61,6.64,12.031
29.83,569.86,Silty,Wheat,Kharif,Rainfed,South,122.47,9.23,10.963
29.82,1087.77,Silty,Barley,Kharif,Drip,East,182.13,11.96,13.873
19.92,520.78,Sandy,Wheat,Rabi,Flood,East,76.27,5.7,8.469
32.14,1463.17,Sandy,Rice,Kharif,Drip,North,62.18,11.77,13.22
35.72,623.52,Silty,Maize,Rabi,Drip,South,117.67,8.97,11.162
22.27,1214.39,Loamy,Barley,Kharif,Drip,Central,132.58,8.71,12.42
21.31,923.73,Sandy,Rice,Zaid,Sprinkler,North,22.17,12.0,11.419
37.33,442.0,Peaty,Barley,Zaid,Drip,Central,21.38,7.27,6.727
24.37,348.89,Loamy,Maize,Rabi,Sprinkler,South,10.58,8.87,7.21
31.11,1147.54,Sandy,Rice,Zaid,Sprinkler,West,173.0,4.14,11.781
24.95,1462.81,Loamy,Rice,Rabi,Drip,West,33.12,7.43,11.709
31.34,974.9,Sandy,Maize,Rabi,Sprinkler,Central,162.27,8.1,13.133
25.59,456.94,Sandy,Sorghum,Kharif,Sprinkler,North,24.04,4.38,4.847
15.94,1295.24,Loamy,Barley,Zaid,Drip,South,77.02,10.04,12.538
33.51,925.55,Silty,Wheat,Kharif,Sprinkler,East,90.23,5.72,11.269
31.47,832.7,Loamy,Wheat,Rabi,Rainfed,East,19.68,9.36,9.824
24.75,427.68,Clay,Sorghum,Kharif,Rainfed,Central,37.31,8.86,7.273
22.86,1096.27,Loamy,Rice,Zaid,Rainfed,West,185.86,5.17,12.733
25.45,1344.72,Loamy,Sorghum,Zaid,Rainfed,East,61.41,7.64,11.938
16.71,1154.15,Loamy,Wheat,Kharif,Sprinkler,Central,113.69,6.24,11.531
21.22,546.86,Sandy,Wheat,Kharif,Flood,West,105.54,5.48,8.712
22.91,983.84,Silty,Sorghum,Kharif,Flood,East,59.01,11.75,10.537
30.07,1346.86,Sandy,Maize,Zaid,Sprinkler,Central,38.23,11.67,12.881
32.89,510.1,Clay,Barley,Kharif,Flood,East,60.64,11.88,7.849
37.43,1152.24,Silty,Sorghum,Kharif,Drip,North,132.6,11.13,13.96
27.92,1061.25,Silty,Wheat,Kharif,Flood,South,167.69,5.6,11.974
20.86,319.96,Sandy,Wheat,Kharif,Drip,North,50.37,5.33,5.864
26.58,956.01,Clay,Wheat,Kharif,Flood,Central,74.94,4.11,9.378
28.97,766.27,Loamy,Rice,Kharif,Drip,West,184.24,7.03,11.344
23.15,1016.86,Peaty,Wheat,Rabi,Rainfed,South,142.22,9.74,11.841
17.38,1328.77,Sandy,Rice,Kharif,Flood,South,108.21,11.38,12.495
20.21,866.34,Loamy,Rice,Kharif,Drip,West,85.87,9.33,9.475
29.02,474.74,Sandy,Wheat,Kharif,Drip,West,114.4,4.52,7.202
18.02,271.53,Silty,Rice,Kharif,Rainfed,South,147.65,4.13,7.826
15.11,255.93,Loamy,Barley,Zaid,Flood,North,59.95,8.73,6.329
25.81,255.01,Sandy,Maize,Rabi,Rainfed,West,151.62,4.01,9.174
34.76,1253.15,Loamy,Wheat,Rabi,Flood,North,182.42,5.18,13.486
28.82,822.09,Loamy,Rice,Kharif,Sprinkler,East,144.69,10.81,12.082
24.43,1267.18,Sandy,Rice,Kharif,Drip,West,93.43,7.71,11.852
34.1,1161.94,Loamy,Sorghum,Rabi,Sprinkler,Central,151.42,7.9,13.172
29.31,943.91,Peaty,Rice,Kharif,Flood,West,149.27,4.55,10.672
31.03,1257.08,Silty,Maize,Rabi,Drip,North,99.85,5.8,11.038
26.94,1045.34,Loamy,Wheat,Kharif,Flood,West,132.75,9.58,12.19
34.05,587.59,Loamy,Wheat,Rabi,Sprinkler,North,27.22,5.3,8.935
37.18,1052.45,Clay,Rice,Rabi,Sprinkler,South,36.01,8.4,11.45
39.8,1377.7,Loamy,Rice,Rabi,Drip,South,102.72,5.11,13.147
23.4,207.56,Silty,Barley,Rabi,Sprinkler,North,72.3,8.4,8.636
30.3,245.12,Clay,Barley,Rabi,Drip,Central,186.21,9.01,11.248
23.84,363.92,Peaty,Rice,Zaid,Rainfed,Central,154.77,11.78,10.195
33.92,1199.26,Silty,Wheat,Kharif,Rainfed,North,96.9,8.14,13.229
38.58,1200.96,Loamy,Barley,Rabi,Rainfed,West,106.97,10.4,13.736
20.95,484.81,Sandy,Wheat,Kharif,Drip,South,83.95,6.9,7.931
18.88,1391.32,Clay,Rice,Rabi,Drip,East,188.67,5.26,14.602
33.74,329.82,Sandy,Maize,Rabi,Flood,North,63.85,5.09,7.406
36.43,204.2,Silty,Maize,Rabi,Sprinkler,West,27.17,5.76,5.07
39.48,1061.05,Loamy,Maize,Rabi,Drip,West,72.15,4.44,10.914
16.86,1370.75,Silty,Barley,Kharif,Drip,West,195.06,9.05,13.25
18.81,437.05,Sandy,Wheat,Rabi,Rainfed,North,109.07,4.13,6.964
38.99,1189.47,Silty,Sorghum,Kharif,Flood,West,57.74,7.77,11.066
32.3,523.67,Silty,Rice,Zaid,Drip,West,169.34,7.28,11.353
28.66,376.93,Silty,Barley,Kharif,Sprinkler,Central,75.92,7.08,8.996
19.44,475.34,Sandy,Barley,Kharif,Drip,South,189.09,5.07,9.639
38.19,637.46,Sandy,Maize,Rabi,Flood,East,160.7,8.69,10.556
36.2,402.97,Clay,Wheat,Rabi,Rainfed,Central,52.98,6.86,7.632
28.79,1240.09,Clay,Barley,Kharif,Sprinkler,East,41.27,8.55,10.629
36.91,1361.51,Silty,Wheat,Zaid,Drip,North,196.32,10.54,15.786
29.29,1431.38,Loamy,Rice,Zaid,Drip,Central,177.44,7.86,14.414
28.41,346.3,Silty,Wheat,Rabi,Rainfed,South,140.14,10.69,10.755
34.69,338.67,Sandy,Rice,Kharif,Rainfed,West,50.23,6.25,8.063
28.38,1306.97,Sandy,Barley,Kharif,Flood,East,97.26,7.28,12.52
30.37,1393.18,Silty,Barley,Kharif,Flood,South,100.4,7.84,13.048
15.17,1035.97,Peaty,Barley,Zaid,Drip,Central,180.61,11.66,12.234
18.7,994.22,Clay,Wheat,Kharif,Sprinkler,East,198.18,6.89,13.588
29.41,235.28,Silty,Maize,Kharif,Sprinkler,South,169.03,11.35,10.101
21.63,1270.22,Loamy,Maize,Rabi,Flood,East,60.46,6.38,9.668
31.77,596.57,Clay,Sorghum,Zaid,Rainfed,West,72.51,6.33,8.173
30.46,1066.47,Loamy,Rice,Rabi,Rainfed,West,137.75,11.78,11.941
27.62,1235.93,Sandy,Maize,Kharif,Flood,North,182.87,8.32,14.532
16.09,588.2,Sandy,Rice,Kharif,Rainfed,West,21.8,4.68,6.232
21.76,1477.38,Peaty,Barley,Zaid,Sprinkler,Central,171.7,9.91,15.878
20.46,768.51,Silty,Barley,Rabi,Drip,Central,24.02,4.76,8.41
23.25,1144.71,Clay,Sorghum,Kharif,Flood,North,23.19,5.14,10.607
37.0,852.08,Loamy,Sorghum,Rabi,Rainfed,Central,113.2,8.08,10.493
21.16,259.39,Clay,Wheat,Rabi,Rainfed,North,181.35,10.52,10.537
22.7,889.06,Silty,Barley,Kharif,Sprinkler,North,60.47,5.63,9.552
35.53,989.18,Loamy,Rice,Zaid,Sprinkler,West,40.46,5.84,9.612
36.63,982.66,Loamy,Sorghum,Rabi,Flood,West,40.59,9.06,11.225
15.23,1429.35,Clay,Rice,Zaid,Sprinkler,West,132.99,4.47,12.158
35.09,1055.18,Clay,Wheat,Zaid,Drip,Central,21.49,10.95,10.668
20.66,1234.45,Loamy,Maize,Rabi,Flood,East,76.13,5.39,10.602
36.73,1038.95,Sandy,Wheat,Rabi,Flood,South,136.72,10.28,13.378
27.24,1134.92,Silty,Rice,Zaid,Drip,West,197.2,5.5,11.246
22.83,365.07,Sandy,Sorghum,Rabi,Sprinkler,North,177.1,10.27,10.946
15.47,361.93,Sandy,Sorghum,Rabi,Drip,Central,13.41,9.84,6.025
15.88,720.25,Clay,Barley,Rabi,Drip,West,113.98,5.55,8.368
19.82,984.38,Loamy,Rice,Kharif,Rainfed,West,103.71,9.8,11.549
32.89,1262.75,Peaty,Wheat,Rabi,Sprinkler,Central,109.84,4.69,11.763
24.65,361.31,Sandy,Rice,Kharif,Rainfed,South,70.38,7.95,8.946
27.24,711.16,Silty,Rice,Zaid,Drip,Central,127.04,4.59,9.83
39.66,446.08,Clay,Maize,Kharif,Drip,Central,93.55,4.0,6.82
26.39,1072.94,Silty,Maize,Kharif,Flood,South,53.31,11.74,11.398
21.21,1214.93,Loamy,Maize,Kharif,Sprinkler,West,28.78,10.99,11.522
36.13,1323.18,Clay,Maize,Kharif,Rainfed,West,174.23,8.92,13.876
27.05,1355.83,Silty,Maize,Kharif,Rainfed,West,150.36,11.32,15.315
18.08,665.65,Silty,Maize,Kharif,Drip,South,168.91,4.16,9.418
29.59,1163.55,Clay,Wheat,Kharif,Drip,Central,97.68,7.12,12.007
31.01,1292.13,Clay,Wheat,Rabi,Sprinkler,North,155.8,8.27,12.886
22.43,229.67,Sandy,Rice,Kharif,Sprinkler,Central,17.68,5.27,5.412
17.97,741.66,Loamy,Maize,Rabi,Rainfed,East,177.21,8.05,11.277
38.43,1222.23,Peaty,Wheat,Kharif,Flood,South,106.36,8.54,13.452
30.76,699.67,Silty,Maize,Zaid,Rainfed,Central,35.86,9.36,10.644
25.45,1347.81,Sandy,Barley,Rabi,Rainfed,South,78.48,5.43,10.139
17.76,995.46,Clay,Barley,Kharif,Drip,North,15.29,11.95,11.172
33.61,1265.95,Loamy,Maize,Rabi,Drip,North,197.99,4.4,13.832
32.9,499.53,Loamy,Maize,Zaid,Sprinkler,Central,41.17,6.98,9.129
24.52,311.52,Sandy,Rice,Kharif,Flood,Central,67.26,4.29,7.266
38.37,486.38,Loamy,Barley,Kharif,Rainfed,East,85.53,4.69,8.95
21.7,290.98,Peaty,Barley,Kharif,Sprinkler,West,64.88,6.26,7.837
27.9,1418.2,Clay,Maize,Zaid,Rainfed,West,168.0,6.13,13.36
23.12,1425.95,Sandy,Barley,Rabi,Drip,Central,195.33,4.25,12.095
16.59,1094.92,Silty,Rice,Zaid,Rainfed,South,11.17,6.34,8.167
38.11,899.73,Clay,Barley,Rabi,Rainfed,West,185.67,9.27,13.025
25.18,1228.57,Clay,Barley,Kharif,Rainfed,North,132.51,4.65,12.427
26.48,655.06,Clay,Sorghum,Zaid,Flood,North,48.98,10.61,9.138
22.07,1280.54,Silty,Maize,Zaid,Sprinkler,West,29.71,10.76,10.819
16.44,1208.93,Clay,Sorghum,Kharif,Rainfed,East,27.02,6.35,10.042
28.41,1161.09,Clay,Sorghum,Rabi,Sprinkler,East,82.0,8.65,12.051
27.11,1103.57,Loamy,Rice,Rabi,Sprinkler,North,138.03,10.65,13.335
23.12,218.19,Silty,Wheat,Kharif,Sprinkler,North,28.04,8.6,6.8
21.75,992.89,Silty,Barley,Kharif,Flood,East,114.45,8.47,10.895
34.82,1293.91,Loamy,Rice,Zaid,Sprinkler,North,145.04,10.69,15.743
39.16,646.21,Peaty,Barley,Rabi,Sprinkler,Central,134.04,11.82,11.376
36.39,1033.49,Clay,Wheat,Rabi,Flood,Central,16.18,4.62,10.234
35.32,1045.17,Loamy,Wheat,Rabi,Rainfed,East,174.71,5.7,11.613
19.86,1092.94,Sandy,Wheat,Kharif,Drip,West,165.9,4.73,12.078
36.77,1381.59,Loamy,Wheat,Kharif,Flood,East,55.98,11.89,12.942
24.99,615.01,Clay,Wheat,Kharif,Rainfed,East,113.32,7.71,9.172
32.44,1485.59,Clay,Wheat,Rabi,Rainfed,South,63.86,7.56,12.052
25.61,1321.83,Peaty,Wheat,Rabi,Sprinkler,West,127.27,5.88,12.009
24.13,546.56,Sandy,Wheat,Rabi,Flood,North,178.87,7.65,12.118
38.68,272.38,Loamy,Rice,Kharif,Flood,North,156.94,4.76,8.155
20.37,642.4,Peaty,Maize,Rabi,Rainfed,East,135.27,10.52,10.903
20.09,437.58,Sandy,Rice,Kharif,Sprinkler,Central,10.52,8.4,7.528
17.35,640.01,Sandy,Rice,Kharif,Drip,West,73.44,11.32,9.901
34.74,1019.84,Loamy,Wheat,Kharif,Drip,East,106.23,8.55,10.643
17.42,1443.22,Clay,Sorghum,Rabi,Rainfed,East,128.03,4.67,11.488
27.35,835.68,Clay,Rice,Rabi,Drip,North,183.89,10.25,14.018
31.73,1231.07,Loamy,Barley,Rabi,Sprinkler,North,10.47,9.13,9.47
19.07,1329.44,Sandy,Rice,Rabi,Drip,East,188.77,8.9,13.392
20.42,364.97,Clay,Sorghum,Zaid,Flood,South,103.77,6.98,7.479
33.62,866.82,Sandy,Wheat,Zaid,Sprinkler,West,157.61,5.68,12.634
20.8,944.93,Loamy,Wheat,Rabi,Flood,South,61.56,6.2,9.675
15.36,1261.16,Silty,Rice,Kharif,Rainfed,West,116.81,8.53,12.462
19.3,325.24,Loamy,Wheat,Kharif,Flood,North,27.84,11.56,7.758
31.41,1355.92,Sandy,Sorghum,Kharif,Sprinkler,East,57.13,7.42,10.926
24.19,740.75,Silty,Sorghum,Kharif,Sprinkler,West,72.43,5.47,9.378
22.42,1269.35,Sandy,Rice,Kharif,Rainfed,West,27.49,9.52,11.22
20.24,799.62,Silty,Wheat,Zaid,Flood,North,109.5,5.43,8.893
21.34,463.5,Clay,Barley,Rabi,Rainfed,West,89.7,7.6,9.247
27.74,613.76,Peaty,Sorghum,Kharif,Drip,South,40.56,8.85,8.316
27.13,262.46,Silty,Sorghum,Zaid,Flood,East,121.52,4.53,6.586
39.92,1382.94,Loamy,Barley,Kharif,Sprinkler,North,31.57,4.7,11.417
30.66,886.78,Loamy,Maize,Zaid,Flood,West,161.17,7.74,11.741
33.27,969.06,Loamy,Wheat,Kharif,Flood,West,169.75,10.07,12.957
27.9,546.95,Loamy,Rice,Kharif,Sprinkler,North,103.64,4.13,8.924
24.99,1341.31,Loamy,Wheat,Rabi,Flood,South,147.12,11.58,13.672
22.27,664.17,Loamy,Barley,Rabi,Sprinkler,East,193.46,8.91,11.245
22.12,262.27,Clay,Maize,Kharif,Rainfed,North,64.46,7.48,8.24
33.59,1249.81,Loamy,Rice,Rabi,Flood,Central,150.35,4.01,13.419
15.83,1280.17,Silty,Barley,Kharif,Sprinkler,East,26.28,11.77,13.1
30.73,1009.91,Loamy,Maize,Rabi,Rainfed,South,53.05,11.43,12.714
26.17,673.26,Peaty,Wheat,Zaid,Drip,Central,84.72,9.87,9.502
28.08,1185.94,Loamy,Rice,Rabi,Flood,West,40.12,5.11,9.617
15.6,1063.23,Sandy,Maize,Rabi,Flood,Central,143.18,11.0,12.764
31.12,332.15,Silty,Rice,Zaid,Sprinkler,South,74.21,10.08,9.823
29.3,1362.87,Loamy,Barley,Kharif,Rainfed,North,35.1,6.81,10.963
39.08,791.5,Loamy,Sorghum,Rabi,Flood,West,38.01,7.92,10.158
37.49,368.98,Loamy,Sorghum,Kharif,Flood,South,15.11,4.21,8.269
35.37,977.1,Silty,Maize,Zaid,Drip,Central,27.88,10.14,10.622
16.95,238.68,Sandy,Rice,Rabi,Sprinkler,West,33.33,8.77,6.093
32.05,983.08,Silty,Maize,Rabi,Sprinkler,East,15.84,9.38,9.886
16.44,620.91,Loamy,Maize,Zaid,Sprinkler,East,111.07,11.16,9.854
31.54,711.24,Sandy,Sorghum,Rabi,Flood,West,104.92,4.64,9.899
39.04,827.8,Sandy,Maize,Kharif,Flood,South,77.39,7.73,9.111
18.83,465.49,Peaty,Barley,Kharif,Drip,East,180.99,9.48,11.872
25.95,1160.88,Peaty,Sorghum,Kharif,Rainfed,East,155.89,9.07,12.588
33.62,649.64,Loamy,Maize,Rabi,Drip,West,86.5,10.39,11.074
39.68,981.81,Sandy,Barley,Rabi,Sprinkler,West,137.28,9.87,13.122
15.72,462.05,Peaty,Rice,Zaid,Flood,North,113.0,11.58,10.213
34.49,728.93,Clay,Rice,Rabi,Sprinkler,West,144.13,6.28,10.264
19.96,453.6,Clay,Rice,Rabi,Flood,West,24.53,9.25,9.006
39.88,1065.9,Loamy,Wheat,Zaid,Flood,East,31.94,6.84,10.92
19.2,633.11,Loamy,Wheat,Zaid,Flood,East,140.69,7.62,10.399
22.18,484.77,Clay,Sorghum,Kharif,Flood,Central,91.16,8.71,8.56
23.25,1197.59,Clay,Rice,Zaid,Drip,West,193.1,8.86,14.429
19.68,616.82,Clay,Wheat,Rabi,Sprinkler,West,143.9,5.53,9.902
16.47,432.54,Sandy,Barley,Rabi,Flood,West,174.76,6.17,8.031
26.48,408.88,Clay,Maize,Rabi,Drip,South,88.62,9.6,8.788
36.33,1375.56,Clay,Rice,Rabi,Flood,South,140.83,4.3,12.809
23.62,366.71,Clay,Rice,Kharif,Flood,North,67.78,11.39,9.121
20.82,1383.18,Sandy,Wheat,Rabi,Flood,West,183.32,4.14,13.066
32.6,1210.24,Clay,Wheat,Rabi,Sprinkler,North,30.02,6.84,11.382
28.27,222.67,Silty,Wheat,Zaid,Sprinkler,West,18.99,9.74,9.137
26.95,660.88,Loamy,Rice,Kharif,Sprinkler,South,22.03,11.52,10.828
32.87,278.7,Clay,Maize,Rabi,Drip,Central,84.74,5.39,7.583
26.91,1094.66,Loamy,Rice,Rabi,Rainfed,Central,177.91,11.4,15.026
36.92,396.98,Silty,Maize,Rabi,Drip,South,81.42,6.64,9.066
39.36,441.88,Sandy,Barley,Zaid,Drip,East,131.59,4.64,9.477
35.18,272.67,Clay,Maize,Rabi,Flood,Central,95.83,4.24,7.713
16.53,1147.64,Loamy,Rice,Zaid,Drip,South,119.43,8.9,10.785
32.9,635.67,Silty,Sorghum,Rabi,Flood,East,184.39,9.35,12.791
27.35,1092.44,Silty,Wheat,Rabi,Rainfed,Central,185.62,10.1,15.268
25.63,860.81,Silty,Maize,Kharif,Drip,East,110.78,8.55,11.674
39.21,383.01,Loamy,Wheat,Rabi,Flood,East,197.34,6.75,10.566
38.25,1348.92,Sandy,Maize,Zaid,Rainfed,South,105.66,6.99,13.638
18.64,962.81,Sandy,Sorghum,Kharif,Drip,North,97.67,7.32,9.34
24.32,1198.92,Clay,Wheat,Rabi,Drip,South,40.73,7.28,9.99
16.53,1306.8,Silty,Barley,Kharif,Drip,East,81.44,10.85,12.267
30.58,1344.55,Loamy,Wheat,Rabi,Sprinkler,North,65.47,11.78,13.402
18.19,343.33,Sandy,Barley,Kharif,Rainfed,Central,87.56,8.45,6.684
39.05,942.76,Clay,Rice,Rabi,Flood,West,63.71,8.93,12.589
26.6,1023.39,Sandy,Maize,Rabi,Sprinkler,North,140.85,7.4,10.399
19.97,1144.87,Silty,Rice,Rabi,Sprinkler,North,31.17,8.55,9.885
31.31,387.78,Sandy,Sorghum,Rabi,Flood,Central,34.97,7.77,8.757
29.1,974.76,Clay,Maize,Zaid,Sprinkler,North,160.94,10.7,13.506
39.57,305.51,Sandy,Maize,Rabi,Sprinkler,North,88.67,10.44,10.147
31.26,436.7,Sandy,Maize,Kharif,Sprinkler,South,89.59,4.03,8.318
29.95,425.13,Loamy,Rice,Kharif,Rainfed,Central,122.7,7.66,11.203
23.87,892.52,Loamy,Wheat,Rabi,Flood,East,162.91,7.3,11.078
26.82,301.49,Loamy,Rice,Rabi,Drip,East,119.46,4.99,7.808
17.61,270.69,Peaty,Barley,Kharif,Rainfed,East,68.3,9.5,7.551
19.88,1438.81,Silty,Rice,Zaid,Flood,West,136.13,4.84,11.11
30.98,1307.21,Clay,Rice,Rabi,Drip,West,140.61,9.64,14.957
18.98,1215.23,Sandy,Maize,Zaid,Sprinkler,East,24.4,5.63,10.581
37.82,691.36,Loamy,Sorghum,Rabi,Rainfed,West,147.65,6.59,11.715
23.71,1472.94,Clay,Wheat,Rabi,Rainfed,Central,155.72,5.21,11.882
39.02,1285.66,Silty,Barley,Rabi,Sprinkler,West,128.66,7.57,13.773
18.63,976.66,Silty,Barley,Zaid,Flood,West,57.46,11.14,11.749
29.15,555.57,Sandy,Wheat,Kharif,Drip,North,137.23,8.42,9.839
19.62,681.78,Peaty,Wheat,Kharif,Flood,South,128.26,11.06,11.464
18.59,291.02,Loamy,Sorghum,Rabi,Sprinkler,South,31.01,6.98,6.748
19.18,552.78,Sandy,Rice,Rabi,Sprinkler,Central,172.9,6.77,10.479
22.71,1120.71,Loamy,Wheat,Zaid,Flood,East,41.41,7.14,10.87
34.95,1098.7,Loamy,Wheat,Kharif,Rainfed,West,141.76,7.55,12.468
36.53,669.93,Silty,Rice,Kharif,Rainfed,East,164.42,10.72,12.222
22.53,1050.22,Peaty,Wheat,Kharif,Flood,South,172.94,11.49,13.691
16.37,1102.5,Peaty,Rice,Rabi,Drip,East,74.93,9.92,9.946
34.4,1004.11,Loamy,Maize,Kharif,Sprinkler,West,75.72,11.73,12.411
29.9,358.35,Loamy,Barley,Kharif,Drip,North,139.46,11.12,10.698
22.05,239.74,Clay,Barley,Zaid,Rainfed,South,16.12,7.9,5.7
24.98,1123.37,Loamy,Barley,Rabi,Rainfed,North,156.23,6.58,12.183
26.7,984.48,Clay,Sorghum,Rabi,Drip,North,128.96,9.05,11.851
30.34,1343.21,Clay,Rice,Kharif,Flood,North,196.39,7.16,14.507
29.94,287.98,Silty,Barley,Kharif,Flood,South,127.07,4.02,8.085
18.14,883.64,Clay,Maize,Rabi,Flood,West,66.52,5.18,8.309
28.14,1339.0,Clay,Wheat,Kharif,Rainfed,Central,31.82,5.85,11.933
39.77,1345.9,Loamy,Wheat,Zaid,Sprinkler,South,179.89,7.66,15.031
19.42,1282.41,Loamy,Wheat,Rabi,Rainfed,South,187.58,7.7,13.923
28.29,993.25,Loamy,Wheat,Rabi,Sprinkler,West,166.47,10.4,12.928
22.38,1204.01,Silty,Wheat,Rabi,Flood,West,148.21,4.91,11.903
24.83,1054.46,Sandy,Rice,Kharif,Rainfed,West,11.41,6.15,9.232
30.07,528.85,Sandy,Wheat,Rabi,Drip,North,56.83,7.49,9.148
34.25,785.4,Loamy,Wheat,Rabi,Sprinkler,North,190.66,8.23,11.948
27.1,311.76,Clay,Wheat,Rabi,Flood,South,155.66,10.46,11.532
24.43,1281.26,Loamy,Maize,Rabi,Rainfed,East,11.42,4.81,8.824
37.65,317.14,Peaty,Rice,Kharif,Flood,West,151.17,7.89,11.464
40.0,777.43,Silty,Wheat,Kharif,Sprinkler,South,199.27,8.91,12.593
34.25,589.46,Silty,Sorghum,Zaid,Flood,North,120.88,7.56,9.807
26.02,714.89,Clay,Rice,Zaid,Flood,South,77.76,8.37,9.252
29.73,1388.19,Loamy,Sorghum,Kharif,Drip,Central,103.98,9.03,13.791
27.77,715.44,Peaty,Maize,Zaid,Flood,Central,126.09,11.15,11.841
40.0,626.75,Silty,Wheat,Rabi,Rainfed,Central,10.08,4.48,8.696
35.65,793.99,Loamy,Wheat,Rabi,Rainfed,North,47.06,4.26,8.674
31.36,1258.2,Loamy,Barley,Zaid,Sprinkler,West,108.45,11.42,14.673
39.66,1288.47,Sandy,Rice,Rabi,Rainfed,North,179.92,6.92,13.884
16.12,1468.94,Sandy,Wheat,Rabi,Flood,East,10.57,7.55,10.726
25.03,1064.4,Clay,Maize,Rabi,Flood,South,93.95,4.88,9.495
21.11,932.22,Peaty,Wheat,Zaid,Drip,North,72.82,7.06,11.909
29.12,1237.17,Sandy,Wheat,Rabi,Rainfed,West,84.09,11.55,13.097
27.22,1296.81,Peaty,Barley,Kharif,Sprinkler,Central,126.03,7.57,12.425
17.44,758.51,Clay,Rice,Rabi,Flood,South,197.0,7.72,11.482
20.29,937.46,Silty,Barley,Zaid,Sprinkler,Central,122.38,4.92,10.238
29.5,237.2,Loamy,Maize,Kharif,Flood,West,80.35,5.45,6.688
27.02,464.16,Clay,Wheat,Kharif,Flood,North,152.69,5.08,8.791
26.0,1233.7,Loamy,Sorghum,Rabi,Flood,Central,172.02,7.5,13.464
30.74,1279.14,Silty,Rice,Zaid,Drip,North,32.44,7.13,9.568
33.15,1165.88,Loamy,Barley,Zaid,Flood,West,34.57,11.04,10.687
19.57,1243.02,Loamy,Maize,Kharif,Drip,East,103.78,5.0,11.705
17.73,316.42,Loamy,Rice,Kharif,Rainfed,North,148.94,5.18,8.496
35.95,730.5,Silty,Barley,Zaid,Rainfed,Central,42.04,6.45,9.093
38.22,999.64,Sandy,Wheat,Rabi,Sprinkler,Central,81.51,11.83,11.777
32.91,1100.22,Peaty,Rice,Kharif,Flood,North,117.17,10.71,13.667
23.47,706.03,Loamy,Sorghum,Zaid,Drip,East,96.77,10.47,11.31
25.84,548.98,Sandy,Wheat,Rabi,Flood,South,78.03,9.42,9.85
17.92,1126.05,Peaty,Rice,Kharif,Sprinkler,Central,15.93,9.1,11.129
28.77,1223.68,Sandy,Barley,Kharif,Flood,South,169.34,7.86,13.729
27.64,578.44,Loamy,Rice,Kharif,Sprinkler,West,65.85,9.25,9.683
29.58,269.44,Loamy,Rice,Kharif,Drip,West,150.15,4.09,8.375
37.4,1451.28,Silty,Wheat,Kharif,Flood,South,87.89,10.01,13.53
33.76,751.72,Sandy,Barley,Kharif,Sprinkler,South,174.97,9.95,12.745
21.34,663.51,Clay,Maize,Zaid,Flood,East,158.49,6.72,11.034
16.12,234.18,Loamy,Rice,Kharif,Flood,North,48.59,4.17,5.018
30.92,260.38,Loamy,Barley,Kharif,Drip,East,197.49,9.1,10.415
16.9,1323.17,Silty,Maize,Zaid,Sprinkler,South,115.86,4.15,11.819
27.55,1126.54,Sandy,Wheat,Kharif,Rainfed,Central,106.69,10.86,12.684
18.48,632.53,Silty,Sorghum,Zaid,Rainfed,Central,75.43,11.81,10.53
28.34,733.77,Silty,Maize,Kharif,Sprinkler,Central,111.51,5.59,9.19
39.23,303.37,Silty,Barley,Rabi,Flood,West,105.13,5.16,8.317
27.79,233.25,Silty,Maize,Zaid,Flood,West,161.22,5.58,8.468
26.09,1018.96,Loamy,Sorghum,Rabi,Flood,West,29.67,8.62,9.971
33.96,252.18,Loamy,Rice,Rabi,Flood,West,176.74,5.42,8.811
22.3,1361.86,Silty,Rice,Rabi,Sprinkler,West,11.83,8.12,11.836
25.22,638.54,Sandy,Maize,Rabi,Sprinkler,North,173.89,10.29,12.048
39.76,486.9,Loamy,Rice,Rabi,Flood,North,181.16,7.07,10.917
19.07,628.83,Silty,Maize,Zaid,Drip,North,140.92,4.37,10.19
33.79,819.39,Silty,Sorghum,Kharif,Flood,East,143.54,6.5,10.653
15.27,998.16,Clay,Barley,Kharif,Flood,North,161.47,6.2,10.941
38.14,865.75,Sandy,Wheat,Kharif,Sprinkler,North,132.33,8.79,12.735
15.56,478.11,Peaty,Barley,Rabi,Flood,North,101.04,4.85,7.948
29.33,482.12,Silty,Wheat,Kharif,Flood,East,71.61,4.49,7.929
15.7,278.43,Clay,Wheat,Rabi,Drip,West,113.76,6.23,7.937
32.75,1026.03,Loamy,Rice,Rabi,Drip,East,19.31,4.18,9.069
39.03,821.15,Silty,Maize,Rabi,Flood,East,180.73,6.78,11.805
37.86,370.89,Silty,Wheat,Rabi,Rainfed,Central,44.59,11.64,10.441
35.35,458.22,Loamy,Maize,Rabi,Flood,East,119.39,11.46,12.03
32.33,444.08,Clay,Maize,Kharif,Drip,West,67.84,5.48,8.696
22.84,1019.62,Sandy,Sorghum,Kharif,Sprinkler,South,34.18,4.55,8.196
18.67,1386.02,Clay,Rice,Zaid,Rainfed,South,180.51,11.91,14.777
31.53,1241.34,Clay,Sorghum,Kharif,Rainfed,East,173.95,8.57,15.104
25.74,997.7,Clay,Rice,Kharif,Sprinkler,East,56.64,4.17,8.706
26.59,1287.93,Silty,Barley,Kharif,Flood,South,196.53,11.36,15.101
16.86,1126.75,Silty,Maize,Rabi,Flood,East,106.21,10.36,12.023
17.89,1407.43,Loamy,Maize,Kharif,Rainfed,North,71.15,11.29,12.569
25.16,853.75,Silty,Rice,Kharif,Sprinkler,Central,154.41,4.58,10.768
22.63,748.54,Clay,Wheat,Kharif,Rainfed,South,185.96,11.08,11.068
37.69,1196.79,Clay,Rice,Kharif,Drip,East,22.92,10.39,11.178
22.63,373.48,Loamy,Rice,Rabi,Drip,Central,102.38,11.68,8.164
33.17,995.0,Loamy,Maize,Kharif,Drip,West,53.43,5.25,9.717
30.71,1329.04,Clay,Wheat,Zaid,Flood,West,88.65,7.6,12.775
28.01,1494.95,Peaty,Rice,Rabi,Flood,East,25.16,7.03,10.924
27.54,735.0,Loamy,Barley,Rabi,Rainfed,West,82.28,6.04,9.454
37.55,217.27,Loamy,Barley,Rabi,Rainfed,East,98.51,9.02,9.301
22.09,550.84,Sandy,Rice,Kharif,Drip,North,67.11,7.4,8.92
31.72,1348.65,Loamy,Maize,Kharif,Sprinkler,South,57.96,10.51,12.873
34.33,1008.72,Clay,Barley,Zaid,Sprinkler,Central,168.09,8.19,13.307
36.4,999.73,Sandy,Sorghum,Rabi,Rainfed,East,188.18,7.92,14.639
39.51,1009.74,Loamy,Wheat,Zaid,Flood,Central,183.34,11.13,14.536
31.18,912.3,Loamy,Maize,Kharif,Flood,East,134.31,11.04,13.43
35.16,610.48,Loamy,Maize,Kharif,Rainfed,West,114.29,10.32,10.901
34.92,738.07,Clay,Maize,Kharif,Sprinkler,Central,163.94,9.72,11.871
21.39,366.66,Sandy,Rice,Rabi,Flood,Central,76.78,11.41,8.843
35.27,613.43,Peaty,Barley,Kharif,Rainfed,South,10.59,4.6,8.945
19.49,612.93,Peaty,Maize,Rabi,Sprinkler,East,117.78,8.72,8.202
23.53,388.86,Silty,Maize,Zaid,Sprinkler,West,119.79,4.75,8.385
15.59,1222.77,Clay,Wheat,Rabi,Drip,North,43.63,11.2,10.686
34.1,1025.21,Clay,Barley,Rabi,Sprinkler,East,41.43,5.23,8.868
37.09,242.87,Sandy,Rice,Rabi,Drip,North,102.32,8.02,7.784
18.15,461.65,Silty,Maize,Rabi,Drip,East,35.35,5.65,6.782
22.63,1359.19,Sandy,Rice,Zaid,Flood,North,176.81,11.11,15.195
28.9,717.53,Sandy,Wheat,Zaid,Flood,South,56.3,8.2,8.929
17.1,1487.85,Sandy,Barley,Kharif,Flood,South,113.53,11.21,15.086
26.25,935.7,Silty,Maize,Rabi,Rainfed,Central,111.88,8.34,9.943
23.09,871.14,Loamy,Wheat,Kharif,Rainfed,Central,50.17,8.99,10.562
15.46,1239.07,Silty,Rice,Kharif,Drip,West,147.95,8.34,12.233
30.81,1166.92,Clay,Wheat,Zaid,Drip,West,175.38,6.46,13.039
27.81,1374.41,Clay,Sorghum,Kharif,Sprinkler,East,154.97,10.74,14.994
35.17,1194.35,Silty,Rice,Kharif,Flood,North,87.71,5.89,11.57
23.8,559.32,Clay,Wheat,Rabi,Flood,North,25.6,8.98,7.796
24.13,857.19,Silty,Barley,Kharif,Drip,West,65.7,11.65,9.573
31.72,1007.24,Loamy,Maize,Kharif,Sprinkler,Central,167.32,9.96,13.22
37.89,1093.89,Sandy,Wheat,Kharif,Drip,Central,90.5,11.32,12.917
21.09,1024.52,Sandy,Maize,Rabi,Flood,West,35.11,6.61,7.323
22.95,1255.45,Silty,Wheat,Rabi,Flood,North,165.07,7.56,13.481
18.64,1310.49,Clay,Barley,Rabi,Drip,North,116.83,11.65,14.597
35.05,378.57,Peaty,Rice,Kharif,Rainfed,North,154.85,8.3,9.211
17.84,780.66,Clay,Barley,Zaid,Sprinkler,West,55.27,4.93,9.052
35.04,1352.85,Clay,Wheat,Zaid,Sprinkler,Central,18.52,8.47,11.067
24.05,612.67,Loamy,Rice,Kharif,Drip,Central,21.54,7.06,7.735
15.91,543.14,Clay,Rice,Kharif,Drip,East,192.15,5.96,9.496
17.67,1198.78,Peaty,Barley,Zaid,Sprinkler,South,125.86,9.02,10.896
26.14,727.39,Loamy,Wheat,Rabi,Flood,South,31.35,9.15,7.694
38.91,987.22,Clay,Sorghum,Rabi,Flood,Central,133.01,11.82,14.867
21.81,995.62,Clay,Wheat,Rabi,Drip,Central,99.45,10.82,11.115
28.54,352.19,Loamy,Wheat,Kharif,Flood,East,90.71,6.76,9.775
19.79,1433.24,Silty,Maize,Rabi,Rainfed,Central,24.45,6.47,9.984
38.47,1316.98,Sandy,Maize,Rabi,Sprinkler,South,33.59,7.99,11.513
24.52,721.69,Sandy,Rice,Rabi,Drip,East,133.66,10.95,12.095
24.18,355.69,Loamy,Wheat,Rabi,Drip,East,192.45,4.84,8.553
34.42,442.6,Loamy,Maize,Kharif,Drip,East,56.74,8.32,9.369
28.45,1118.61,Silty,Barley,Zaid,Sprinkler,Central,183.24,7.54,14.066
19.72,1075.06,Sandy,Maize,Kharif,Flood,South,15.01,5.17,9.654
24.23,497.95,Sandy,Sorghum,Kharif,Drip,West,119.82,8.02,9.505
35.42,858.7,Silty,Rice,Rabi,Drip,North,77.46,10.98,11.878
16.21,1199.48,Peaty,Rice,Kharif,Rainfed,South,129.47,4.36,10.227
29.63,658.62,Loamy,Rice,Zaid,Drip,South,52.49,8.83,10.589
17.85,1002.71,Peaty,Barley,Rabi,Rainfed,Central,64.79,7.37,10.697
23.74,1211.36,Clay,Wheat,Zaid,Rainfed,Central,186.13,6.67,12.901
22.01,645.93,Silty,Sorghum,Rabi,Flood,West,83.86,8.52,10.809
35.72,860.78,Peaty,Sorghum,Rabi,Flood,North,121.83,6.14,10.452
39.2,1428.27,Loamy,Maize,Rabi,Flood,West,133.62,5.27,14.074
34.19,624.09,Loamy,Rice,Zaid,Rainfed,West,152.21,5.36,11.137
31.12,710.11,Clay,Rice,Kharif,Flood,North,189.58,9.97,13.311
24.4,1158.0,Silty,Barley,Zaid,Rainfed,East,142.25,6.13,11.05
39.57,1141.2,Loamy,Sorghum,Rabi,Sprinkler,West,130.27,11.27,13.0
37.27,1416.39,Loamy,Wheat,Zaid,Flood,Central,143.89,7.4,14.141
21.99,1014.57,Loamy,Barley,Kharif,Sprinkler,North,145.13,4.0,10.97
27.6,227.88,Clay,Barley,Kharif,Rainfed,East,64.58,8.25,8.171
26.08,851.66,Silty,Rice,Kharif,Drip,South,46.09,5.6,8.709
17.1,472.23,Loamy,Rice,Rabi,Sprinkler,East,121.7,4.41,5.714
33.53,440.48,Loamy,Wheat,Rabi,Drip,North,188.42,8.49,10.521
36.09,1169.68,Clay,Rice,Zaid,Drip,West,21.5,7.26,10.671
19.7,678.7,Loamy,Maize,Rabi,Rainfed,Central,156.59,6.0,8.579
19.9,501.81,Sandy,Maize,Kharif,Flood,West,169.79,7.4,9.906
39.55,1451.1,Silty,Barley,Rabi,Drip,Central,86.96,7.09,15.128
36.56,998.9,Clay,Barley,Rabi,Rainfed,West,199.23,5.04,12.756
16.66,1448.35,Clay,Rice,Kharif,Rainfed,West,188.01,7.43,13.529
35.91,1484.46,Sandy,Rice,Rabi,Flood,Central,160.9,4.11,14.228
20.96,1018.92,Loamy,Wheat,Rabi,Flood,Central,38.11,4.8,7.975
39.29,1001.03,Silty,Rice,Kharif,Sprinkler,South,29.58,5.1,9.328
22.69,1169.77,Clay,Wheat,Rabi,Flood,North,102.99,7.82,11.754
32.02,1376.09,Loamy,Maize,Zaid,Sprinkler,Central,45.19,9.0,10.645
18.33,1194.21,Clay,Wheat,Kharif,Rainfed,East,30.09,9.96,11.26
21.63,408.73,Sandy,Maize,Kharif,Rainfed,South,90.04,4.12,7.247
32.61,1389.86,Sandy,Wheat,Zaid,Sprinkler,South,121.01,9.92,14.09
30.91,484.49,Clay,Barley,Kharif,Sprinkler,North,84.97,4.24,7.595
36.22,1252.43,Loamy,Barley,Kharif,Flood,North,46.76,9.11,12.549
35.33,342.2,Sandy,Maize,Rabi,Drip,North,131.71,7.3,9.361
29.13,994.06,Sandy,Sorghum,Kharif,Flood,West,132.76,5.59,10.313
18.72,804.14,Loamy,Rice,Kharif,Drip,North,56.42,6.75,9.034
31.82,239.46,Sandy,Rice,Kharif,Sprinkler,South,190.38,8.08,10.356
34.6,386.81,Peaty,Wheat,Zaid,Drip,Central,156.1,7.69,9.327
31.45,255.96,Sandy,Maize,Kharif,Flood,Central,48.34,11.36,8.193
20.54,1495.77,Peaty,Rice,Kharif,Flood,West,34.41,5.09,11.998
17.81,482.69,Clay,Sorghum,Kharif,Sprinkler,South,88.39,4.18,6.554
18.39,1234.88,Peaty,Maize,Kharif,Sprinkler,North,14.26,9.0,10.397
15.49,418.48,Clay,Wheat,Rabi,Rainfed,East,135.34,5.0,8.236
18.19,492.46,Clay,Wheat,Zaid,Flood,South,116.48,7.05,7.932
38.34,227.05,Clay,Maize,Kharif,Sprinkler,West,196.84,10.87,10.38
17.35,1081.79,Silty,Barley,Kharif,Drip,West,33.08,10.27,10.91
21.87,902.95,Sandy,Maize,Zaid,Drip,Central,192.81,4.63,11.436
33.8,1395.11,Sandy,Sorghum,Kharif,Drip,South,165.08,10.8,14.85
20.77,1069.47,Loamy,Barley,Kharif,Flood,Central,59.86,10.27,10.745
22.86,952.89,Clay,Barley,Zaid,Sprinkler,East,61.75,4.9,8.449
31.37,241.04,Loamy,Maize,Zaid,Flood,West,146.55,6.19,10.658
16.47,333.05,Loamy,Rice,Rabi,Flood,North,119.12,10.58,9.177
22.4,1374.25,Clay,Wheat,Rabi,Drip,East,146.69,4.06,11.565
34.26,1319.08,Peaty,Maize,Rabi,Flood,West,154.9,10.14,14.094
32.11,928.62,Sandy,Maize,Zaid,Flood,North,100.51,9.29,11.889
35.46,744.34,Sandy,Barley,Rabi,Sprinkler,East,153.59,4.4,9.606
30.31,1474.27,Loamy,Maize,Rabi,Rainfed,East,147.68,10.47,14.333
32.73,1050.33,Silty,Rice,Kharif,Rainfed,North,83.17,4.62,10.091
34.78,290.51,Sandy,Wheat,Kharif,Flood,South,180.62,7.44,9.275
35.42,570.78,Clay,Rice,Kharif,Sprinkler,North,91.49,11.87,10.48
16.26,1087.5,Peaty,Sorghum,Rabi,Flood,South,191.19,6.97,13.332
35.27,901.51,Loamy,Maize,Rabi,Flood,Central,52.29,6.72,9.851
31.25,1265.28,Loamy,Barley,Rabi,Sprinkler,South,63.14,10.4,12.334
19.62,785.9,Loamy,Sorghum,Kharif,Rainfed,Central,185.87,9.47,12.01
23.82,353.0,Silty,Wheat,Rabi,Flood,West,45.94,4.48,7.532
33.54,1128.0,Loamy,Rice,Rabi,Flood,East,191.01,7.25,12.82
33.04,1115.44,Silty,Barley,Rabi,Drip,North,29.63,11.3,10.692
27.28,1156.14,Loamy,Wheat,Rabi,Flood,West,165.79,7.28,12.499
33.76,253.35,Clay,Rice,Rabi,Flood,Central,136.4,6.15,7.783
35.2,736.3,Loamy,Barley,Rabi,Flood,East,125.8,4.39,10.686
15.56,287.76,Silty,Barley,Rabi,Flood,North,87.3,4.44,7.155
30.53,995.69,Loamy,Wheat,Kharif,Flood,Central,157.41,10.25,12.688
19.29,1112.77,Sandy,Wheat,Zaid,Rainfed,South,145.01,10.2,13.016
25.08,955.46,Clay,Sorghum,Rabi,Sprinkler,West,181.77,6.59,12.472
33.8,1021.61,Silty,Maize,Zaid,Flood,East,72.83,10.94,12.022
38.73,1431.3,Sandy,Maize,Kharif,Drip,West,57.94,4.04,10.162
39.25,620.23,Sandy,Maize,Kharif,Drip,Central,131.79,9.07,12.548
16.14,1221.6,Sandy,Barley,Kharif,Flood,East,124.05,11.17,12.393
25.0,392.7,Loamy,Rice,Rabi,Flood,South,113.55,6.86,7.684
30.64,1073.0,Sandy,Maize,Zaid,Drip,North,28.24,10.04,8.555
23.69,1192.87,Sandy,Barley,Kharif,Drip,North,35.95,6.96,11.52
33.49,655.93,Loamy,Rice,Rabi,Drip,Central,69.93,9.0,9.933
26.02,1479.79,Clay,Maize,Rabi,Sprinkler,Central,90.72,7.12,12.276
21.89,402.95,Sandy,Rice,Kharif,Rainfed,South,157.56,8.17,10.258
26.24,710.43,Loamy,Sorghum,Rabi,Rainfed,East,61.23,5.21,7.531
21.67,644.67,Silty,Wheat,Rabi,Flood,North,39.86,11.98,10.021
21.89,872.55,Loamy,Barley,Kharif,Flood,Central,138.51,5.79,10.951
24.14,1482.95,Loamy,Maize,Kharif,Sprinkler,East,66.07,5.53,11.222
17.07,1483.66,Silty,Maize,Kharif,Sprinkler,South,91.94,7.27,11.734
33.5,1438.02,Silty,Wheat,Rabi,Rainfed,South,74.22,9.07,12.53
26.18,259.54,Silty,Sorghum,Kharif,Flood,North,107.18,10.72,8.659
26.35,1224.54,Loamy,Rice,Rabi,Drip,West,45.64,9.94,12.551
24.97,845.6,Loamy,Barley,Kharif,Sprinkler,South,96.37,8.6,11.641
39.13,517.11,Clay,Wheat,Zaid,Flood,North,187.25,9.18,12.619
35.96,867.78,Clay,Rice,Kharif,Sprinkler,West,86.23,10.07,10.585
15.39,239.28,Clay,Sorghum,Kharif,Rainfed,North,183.25,10.75,10.045
36.16,817.21,Clay,Wheat,Kharif,Flood,South,54.39,9.7,9.788
38.23,593.59,Loamy,Rice,Kharif,Flood,East,40.85,4.92,7.976
29.06,991.49,Loamy,Wheat,Kharif,Drip,West,169.69,9.92,13.385
23.96,286.7,Clay,Rice,Rabi,Flood,Central,69.22,6.26,8.021
39.44,1038.42,Silty,Maize,Rabi,Drip,East,89.15,8.84,12.719
23.63,1418.7,Loamy,Barley,Rabi,Sprinkler,South,159.84,10.1,15.031
38.36,511.34,Loamy,Maize,Zaid,Sprinkler,South,117.28,11.72,11.051
36.83,1038.42,Clay,Sorghum,Zaid,Sprinkler,West,25.85,8.1,11.939
20.22,1276.51,Silty,Barley,Rabi,Flood,East,174.35,5.22,12.286
27.56,1212.33,Clay,Sorghum,Kharif,Sprinkler,Central,96.28,11.56,13.315
20.1,539.97,Sandy,Wheat,Rabi,Rainfed,East,115.02,7.33,9.303
30.71,1301.1,Loamy,Barley,Rabi,Sprinkler,Central,142.08,8.35,13.046
17.47,775.33,Loamy,Barley,Rabi,Flood,North,45.96,4.44,8.083
35.84,1257.88,Loamy,Sorghum,Rabi,Flood,East,90.8,9.6,13.391
26.13,1118.96,Peaty,Wheat,Rabi,Sprinkler,Central,130.48,7.69,11.438
16.55,320.84,Clay,Wheat,Kharif,Rainfed,Central,184.0,10.16,10.83
15.65,497.8,Loamy,Wheat,Kharif,Rainfed,South,153.89,5.67,10.318
15.46,1175.31,Loamy,Wheat,Zaid,Sprinkler,South,17.42,10.52,10.814
17.29,321.26,Silty,Wheat,Rabi,Flood,East,180.24,7.92,9.221
36.83,207.29,Loamy,Maize,Rabi,Flood,Central,81.86,4.45,8.614
17.81,1206.55,Silty,Rice,Rabi,Drip,West,20.75,7.59,10.525
32.93,929.22,Silty,Wheat,Rabi,Flood,Central,55.04,6.32,10.537
37.5,749.75,Silty,Barley,Kharif,Flood,South,91.43,6.87,10.788
33.11,1295.83,Clay,Wheat,Rabi,Drip,Central,110.99,8.29,12.966
19.32,1312.58,Loamy,Sorghum,Zaid,Flood,Central,145.53,7.02,11.786
28.74,660.74,Silty,Rice,Kharif,Flood,West,164.23,7.43,10.731
24.45,615.93,Silty,Wheat,Kharif,Flood,West,82.95,7.15,8.72
29.75,1104.91,Peaty,Wheat,Zaid,Flood,North,165.41,5.9,12.437
37.66,486.1,Loamy,Wheat,Kharif,Sprinkler,East,193.32,4.3,10.474
21.27,493.15,Clay,Wheat,Rabi,Sprinkler,South,169.87,5.58,10.085
30.45,506.16,Silty,Maize,Kharif,Sprinkler,Central,92.38,7.52,9.262
15.08,1315.31,Sandy,Rice,Kharif,Flood,North,157.58,4.55,11.292
33.34,256.17,Loamy,Wheat,Kharif,Drip,South,74.41,6.52,7.077
19.08,508.37,Clay,Rice,Kharif,Rainfed,Central,11.19,8.3,7.193
22.82,1207.18,Sandy,Rice,Kharif,Rainfed,Central,60.3,7.0,9.923
34.99,478.49,Loamy,Rice,Zaid,Flood,Central,53.76,4.34,6.324
35.02,1406.87,Clay,Barley,Zaid,Drip,South,160.24,6.52,13.323
24.62,283.46,Sandy,Wheat,Zaid,Sprinkler,West,153.65,7.95,8.827
31.84,1302.4,Clay,Maize,Rabi,Drip,North,141.99,6.73,14.765
31.71,801.73,Silty,Wheat,Zaid,Sprinkler,North,36.09,11.08,9.622
18.6,817.37,Silty,Rice,Rabi,Sprinkler,South,110.59,7.1,9.878
20.03,250.84,Loamy,Barley,Kharif,Flood,Central,97.71,9.79,8.428
20.57,1165.5,Loamy,Rice,Rabi,Rainfed,Central,38.41,8.71,11.033
27.48,1170.3,Peaty,Wheat,Kharif,Rainfed,Central,86.48,9.32,12.443
38.89,846.03,Sandy,Maize,Rabi,Flood,South,107.06,6.72,11.389
35.11,1195.58,Silty,Sorghum,Kharif,Sprinkler,South,149.77,6.81,13.029
23.49,1266.19,Clay,Barley,Kharif,Rainfed,Central,168.92,10.1,14.362
19.89,1071.32,Loamy,Rice,Rabi,Flood,Central,98.8,4.68,9.497
26.87,712.9,Clay,Maize,Kharif,Flood,Central,151.53,6.28,12.183
26.99,1235.12,Clay,Rice,Zaid,Drip,East,176.82,10.35,14.981
15.15,674.07,Peaty,Rice,Rabi,Drip,North,52.26,4.82,6.812
34.59,207.81,Sandy,Barley,Kharif,Drip,Central,109.17,7.06,8.362
22.64,961.12,Peaty,Barley,Rabi,Sprinkler,South,44.58,11.56,10.895
37.61,889.54,Loamy,Maize,Zaid,Flood,West,197.27,8.65,13.493
31.55,982.93,Loamy,Barley,Zaid,Rainfed,Central,147.03,6.14,11.601
24.67,915.01,Loamy,Barley,Kharif,Rainfed,Central,89.38,11.78,11.482
37.27,453.29,Peaty,Maize,Rabi,Drip,South,70.86,11.7,8.911
19.01,835.6,Sandy,Sorghum,Kharif,Rainfed,North,101.31,10.15,8.919
15.36,251.22,Peaty,Maize,Rabi,Rainfed,South,199.46,4.97,8.114
33.58,1059.24,Sandy,Maize,Rabi,Drip,South,128.28,11.73,14.099
16.78,964.59,Clay,Barley,Zaid,Drip,South,42.85,10.91,10.258
34.49,833.14,Peaty,Maize,Rabi,Flood,East,190.88,6.3,12.906
25.81,1320.76,Clay,Barley,Kharif,Drip,South,102.88,8.84,11.182
21.63,428.79,Loamy,Barley,Kharif,Drip,North,70.63,7.87,7.905
23.72,1211.17,Silty,Maize,Zaid,Sprinkler,Central,31.44,5.86,10.46
39.61,615.33,Sandy,Barley,Kharif,Sprinkler,Central,44.59,11.32,9.492
17.52,1426.36,Silty,Barley,Rabi,Drip,West,127.87,6.15,11.896
24.64,1273.88,Loamy,Rice,Rabi,Flood,North,33.92,9.38,10.928
38.55,320.13,Loamy,Rice,Zaid,Rainfed,South,132.46,5.98,8.904
20.13,1130.33,Clay,Barley,Kharif,Rainfed,South,87.2,5.98,10.513
38.54,1137.09,Silty,Wheat,Rabi,Sprinkler,West,140.12,8.53,12.344
33.64,1040.45,Silty,Maize,Kharif,Flood,Central,75.54,4.83,8.984
15.77,1444.79,Clay,Wheat,Rabi,Flood,North,112.97,5.27,11.975
30.85,1252.42,Peaty,Barley,Kharif,Sprinkler,West,157.45,11.12,13.973
21.53,787.56,Peaty,Sorghum,Zaid,Sprinkler,North,29.63,4.01,7.23
21.12,1167.76,Sandy,Sorghum,Kharif,Sprinkler,West,27.31,7.9,11.426
34.0,1101.14,Peaty,Rice,Rabi,Flood,North,68.11,8.99,11.245
32.17,1352.68,Peaty,Barley,Rabi,Drip,South,102.3,10.63,13.2
21.4,595.49,Clay,Maize,Rabi,Rainfed,Central,35.63,9.44,7.213
34.24,1365.62,Silty,Wheat,Zaid,Rainfed,West,36.18,5.18,11.437
33.63,951.4,Peaty,Wheat,Kharif,Rainfed,East,197.76,7.36,12.91
37.15,890.67,Silty,Maize,Kharif,Sprinkler,East,167.75,4.87,9.681
24.89,962.16,Clay,Rice,Kharif,Sprinkler,South,20.99,7.76,8.687
29.68,572.91,Loamy,Barley,Kharif,Sprinkler,North,72.58,9.88,9.856
32.14,958.06,Loamy,Sorghum,Rabi,Rainfed,North,18.55,4.8,7.81
33.88,529.99,Sandy,Maize,Zaid,Flood,Central,15.53,10.31,10.286
31.44,770.94,Sandy,Maize,Rabi,Rainfed,West,50.51,5.74,9.723
15.19,1467.12,Clay,Wheat,Zaid,Sprinkler,West,57.62,10.48,12.128
19.26,1229.69,Clay,Rice,Rabi,Sprinkler,South,79.24,10.29,12.074
29.67,1269.67,Sandy,Barley,Zaid,Flood,South,32.4,8.95,11.398
38.75,654.55,Loamy,Rice,Kharif,Flood,East,23.51,4.08,7.341
35.75,846.39,Loamy,Rice,Kharif,Sprinkler,North,145.54,8.99,13.568
31.06,1150.82,Peaty,Maize,Kharif,Flood,West,132.59,8.86,13.351
36.59,951.36,Clay,Maize,Rabi,Sprinkler,West,124.54,7.72,10.843
32.32,705.62,Sandy,Rice,Rabi,Rainfed,North,172.19,11.89,14.097
28.15,354.56,Silty,Rice,Zaid,Rainfed,South,46.82,4.94,6.137
15.26,258.89,Silty,Maize,Rabi,Flood,South,177.28,11.86,10.547
31.18,748.51,Clay,Sorghum,Rabi,Flood,East,17.74,10.22,9.726
22.43,1336.07,Loamy,Barley,Kharif,Sprinkler,East,145.85,9.6,14.631
18.83,936.77,Clay,Maize,Rabi,Drip,West,168.17,8.83,11.437
31.8,700.78,Peaty,Wheat,Kharif,Sprinkler,Central,29.9,6.36,8.0
19.47,1455.69,Sandy,Barley,Zaid,Drip,East,150.62,4.25,11.871
33.99,639.18,Loamy,Maize,Rabi,Flood,East,188.22,5.22,10.761
31.58,1366.95,Loamy,Wheat,Rabi,Sprinkler,East,64.84,10.45,13.799
28.73,1341.29,Loamy,Barley,Rabi,Drip,East,74.46,4.81,9.611
17.01,769.37,Sandy,Maize,Zaid,Rainfed,North,40.81,11.62,9.209
31.43,645.68,Sandy,Wheat,Zaid,Flood,South,120.8,8.74,10.174
35.53,687.65,Sandy,Barley,Rabi,Flood,South,92.26,8.2,10.254
18.87,1107.15,Loamy,Rice,Rabi,Sprinkler,South,157.26,8.18,11.055
34.97,745.61,Loamy,Barley,Kharif,Rainfed,Central,121.59,9.76,12.351
15.54,1425.16,Loamy,Maize,Rabi,Sprinkler,East,187.06,4.08,13.145
37.19,1418.74,Loamy,Rice,Rabi,Sprinkler,West,154.06,6.16,13.957
23.04,965.82,Loamy,Rice,Rabi,Rainfed,West,26.61,4.22,9.639
29.65,956.52,Peaty,Rice,Rabi,Flood,North,189.62,5.42,14.41
24.85,306.08,Loamy,Wheat,Kharif,Drip,West,109.32,4.62,7.499
31.58,228.0,Loamy,Wheat,Rabi,Drip,South,24.31,9.13,6.725
15.71,1065.51,Loamy,Rice,Rabi,Sprinkler,West,47.81,6.11,8.508
31.28,290.28,Loamy,Rice,Rabi,Flood,East,178.87,6.34,7.905
32.46,921.7,Loamy,Rice,Zaid,Drip,South,167.44,9.87,13.176
25.07,445.13,Sandy,Rice,Zaid,Flood,South,156.82,10.64,11.481
24.35,1321.54,Loamy,Barley,Zaid,Drip,West,123.92,8.62,12.269
24.0,1039.75,Sandy,Maize,Rabi,Drip,East,192.88,10.99,14.024
36.72,703.73,Loamy,Wheat,Kharif,Sprinkler,North,107.21,8.84,11.473
33.59,715.99,Silty,Maize,Rabi,Rainfed,East,34.31,8.71,8.388
21.08,1362.29,Silty,Rice,Kharif,Drip,East,15.95,5.51,9.471
39.11,514.51,Silty,Barley,Rabi,Flood,East,167.7,4.38,10.211
24.76,962.7,Sandy,Rice,Kharif,Sprinkler,South,25.5,9.83,9.806
18.35,1434.0,Clay,Sorghum,Rabi,Flood,North,153.1,6.58,13.527
18.37,588.19,Sandy,Wheat,Rabi,Rainfed,West,75.07,4.07,8.33
22.61,425.67,Loamy,Wheat,Kharif,Drip,North,148.3,9.72,10.439
18.52,1006.74,Clay,Barley,Rabi,Flood,East,22.3,7.21,7.583
37.96,1499.08,Clay,Wheat,Kharif,Sprinkler,South,54.86,7.36,13.156
21.28,528.83,Peaty,Wheat,Kharif,Flood,West,74.45,6.15,7.607
23.11,1427.19,Sandy,Maize,Kharif,Drip,Central,192.02,6.37,13.108
30.34,595.33,Clay,Sorghum,Zaid,Drip,North,197.89,6.89,10.976
21.09,1022.07,Loamy,Rice,Kharif,Sprinkler,Central,108.12,8.75,10.42
20.65,759.81,Loamy,Maize,Kharif,Sprinkler,South,102.02,9.36,10.484
16.68,257.04,Loamy,Wheat,Kharif,Drip,West,77.95,4.84,5.503
29.16,1388.1,Clay,Barley,Kharif,Flood,Central,148.76,11.99,15.626
18.88,590.02,Loamy,Sorghum,Zaid,Sprinkler,East,36.73,10.42,9.926
39.91,778.14,Clay,Wheat,Rabi,Flood,Central,194.63,11.53,14.051
36.8,1246.13,Silty,Wheat,Rabi,Flood,South,56.07,4.28,11.197
28.05,740.4,Peaty,Wheat,Zaid,Rainfed,Central,95.49,7.84,11.223
36.18,967.31,Clay,Barley,Rabi,Drip,South,177.23,5.02,13.433
28.43,748.99,Loamy,Sorghum,Kharif,Flood,West,182.67,6.53,10.672
21.79,948.28,Silty,Sorghum,Kharif,Drip,North,143.07,10.14,12.413
27.42,1372.59,Loamy,Wheat,Rabi,Sprinkler,Central,175.41,10.6,15.439
39.6,1208.8,Clay,Rice,Zaid,Sprinkler,West,55.24,8.87,12.616
25.64,932.83,Clay,Maize,Rabi,Flood,East,162.04,10.79,12.855
24.95,711.83,Loamy,Wheat,Kharif,Flood,North,96.84,4.44,8.114
16.58,385.65,Clay,Sorghum,Kharif,Drip,East,191.16,4.53,9.718
31.89,1276.82,Silty,Rice,Rabi,Drip,South,131.66,4.6,11.066
39.35,495.19,Loamy,Wheat,Kharif,Rainfed,East,75.25,4.91,7.043
30.26,480.76,Sandy,Wheat,Kharif,Sprinkler,West,165.61,5.83,9.174
35.11,418.98,Silty,Sorghum,Kharif,Flood,South,55.07,8.32,8.1
38.34,1281.18,Sandy,Wheat,Kharif,Drip,North,157.75,9.26,14.557
18.84,403.36,Loamy,Sorghum,Kharif,Rainfed,West,146.22,10.44,10.251
39.84,520.22,Loamy,Wheat,Rabi,Drip,West,101.04,9.22,10.811
34.39,1194.1,Clay,Barley,Kharif,Drip,East,183.54,8.52,15.262
22.66,917.31,Silty,Rice,Rabi,Sprinkler,Central,114.82,7.17,11.574
23.36,203.81,Loamy,Sorghum,Zaid,Drip,North,63.9,7.85,6.391
38.4,1161.79,Clay,Sorghum,Rabi,Sprinkler,East,102.79,4.02,11.44
37.65,974.75,Loamy,Sorghum,Rabi,Sprinkler,West,122.32,9.17,12.396
34.46,436.43,Sandy,Rice,Kharif,Sprinkler,Central,114.57,10.82,9.491
35.26,565.75,Peaty,Wheat,Kharif,Rainfed,West,187.33,7.77,12.196
36.05,811.27,Loamy,Sorghum,Kharif,Rainfed,West,199.47,10.72,13.312
16.63,218.03,Peaty,Maize,Kharif,Drip,Central,168.06,10.17,8.415
26.0,817.53,Silty,Wheat,Rabi,Sprinkler,South,130.03,10.68,12.127
18.88,1363.11,Silty,Rice,Rabi,Flood,North,16.9,5.63,10.265
38.37,993.5,Sandy,Sorghum,Kharif,Sprinkler,South,37.81,9.4,11.276
19.11,1378.41,Silty,Wheat,Rabi,Sprinkler,Central,29.9,7.91,11.841
37.4,229.52,Sandy,Maize,Zaid,Drip,South,128.72,6.55,8.189
28.2,322.72,Silty,Wheat,Rabi,Flood,Central,144.34,8.19,9.139
17.49,1369.48,Silty,Rice,Kharif,Flood,North,195.4,7.2,13.36
36.99,217.25,Loamy,Maize,Kharif,Drip,East,124.13,5.8,9.678
30.2,913.05,Clay,Rice,Rabi,Sprinkler,Central,97.19,10.31,11.596
28.43,1168.0,Loamy,Barley,Rabi,Sprinkler,North,94.1,8.2,11.769
22.67,986.7,Loamy,Rice,Kharif,Flood,West,102.97,6.56,10.189
25.66,1053.19,Loamy,Maize,Kharif,Sprinkler,South,82.68,10.23,12.405
37.2,859.94,Clay,Rice,Kharif,Flood,North,133.73,11.51,12.605
26.54,431.39,Sandy,Rice,Kharif,Drip,West,138.05,9.49,9.742
22.67,450.91,Loamy,Rice,Zaid,Flood,East,155.31,5.06,10.743
22.39,258.48,Silty,Wheat,Rabi,Drip,South,41.34,4.78,5.951
39.94,436.23,Sandy,Wheat,Kharif,Sprinkler,Central,158.11,8.23,11.078
30.41,488.18,Silty,Maize,Zaid,Flood,West,115.43,7.83,9.281
29.05,386.57,Peaty,Wheat,Kharif,Drip,Central,197.22,10.19,10.513
39.74,916.09,Clay,Wheat,Rabi,Drip,South,31.86,6.45,9.724
39.8,1427.38,Silty,Sorghum,Rabi,Rainfed,South,85.24,4.69,12.358
16.79,286.84,Sandy,Wheat,Rabi,Sprinkler,Central,83.38,4.72,7.54
24.75,1059.47,Clay,Wheat,Rabi,Sprinkler,South,19.61,6.79,9.43
34.91,928.6,Sandy,Maize,Zaid,Sprinkler,West,109.02,8.38,12.477
28.12,891.73,Sandy,Rice,Rabi,Rainfed,West,96.21,10.62,10.413
29.34,1099.82,Clay,Barley,Kharif,Flood,North,56.66,4.88,10.019
21.91,478.37,Loamy,Maize,Kharif,Flood,East,109.26,8.86,11.458
31.36,1210.41,Loamy,Maize,Kharif,Sprinkler,West,140.51,8.93,12.768
32.54,470.43,Sandy,Maize,Rabi,Sprinkler,Central,137.78,9.29,11.604
28.81,1302.59,Silty,Wheat,Kharif,Drip,Central,14.83,8.05,11.169
33.05,1445.87,Peaty,Barley,Zaid,Flood,North,151.6,10.54,15.1
26.72,601.32,Loamy,Rice,Zaid,Rainfed,West,63.93,9.68,10.176
33.64,759.8,Sandy,Barley,Kharif,Drip,North,178.89,11.86,12.339
31.52,1431.34,Loamy,Maize,Kharif,Flood,North,24.5,10.2,13.023
35.89,231.11,Loamy,Wheat,Kharif,Drip,North,191.59,7.09,10.797
31.1,1112.36,Silty,Wheat,Zaid,Rainfed,North,186.64,8.65,14.459
27.05,778.7,Sandy,Rice,Rabi,Sprinkler,North,102.88,8.72,11.117
21.59,1181.22,Clay,Wheat,Rabi,Rainfed,Central,40.53,10.7,11.761
30.1,208.12,Clay,Maize,Rabi,Sprinkler,West,173.86,5.89,7.822
15.91,1282.13,Clay,Wheat,Rabi,Rainfed,Central,47.12,8.5,10.732
19.65,1016.33,Clay,Maize,Kharif,Flood,Central,193.1,8.94,13.903
24.88,1300.81,Peaty,Sorghum,Kharif,Rainfed,South,110.0,10.32,13.704
34.66,1280.17,Loamy,Sorghum,Zaid,Flood,South,110.83,8.29,12.611
36.75,768.55,Loamy,Maize,Rabi,Drip,East,22.89,4.42,7.971
37.57,363.95,Peaty,Wheat,Rabi,Drip,East,58.75,10.9,9.415
27.36,1156.25,Loamy,Rice,Kharif,Drip,North,143.49,11.46,13.248
36.6,278.67,Silty,Rice,Rabi,Flood,West,44.46,9.03,8.108
23.94,517.97,Clay,Wheat,Rabi,Drip,East,181.44,9.69,11.247
20.78,574.54,Sandy,Barley,Kharif,Drip,South,122.48,10.85,10.43
33.37,1214.34,Loamy,Rice,Kharif,Flood,West,174.76,5.18,13.863
16.38,384.02,Silty,Rice,Rabi,Drip,East,127.63,6.24,6.858
39.88,928.22,Sandy,Barley,Rabi,Sprinkler,Central,60.61,4.84,9.468
24.18,711.52,Loamy,Wheat,Kharif,Drip,Central,35.71,7.77,9.719
37.33,877.51,Sandy,Maize,Rabi,Rainfed,East,117.51,8.42,11.806
18.78,348.58,Sandy,Rice,Zaid,Drip,South,171.56,4.16,8.814
35.23,1361.29,Loamy,Maize,Rabi,Flood,South,34.07,5.71,11.258
30.13,700.59,Peaty,Rice,Zaid,Flood,South,53.41,11.21,9.183
34.74,426.28,Peaty,Barley,Kharif,Rainfed,West,119.72,8.54,10.047
26.89,413.34,Loamy,Wheat,Rabi,Drip,South,66.45,6.83,7.926
25.8,1105.88,Clay,Sorghum,Rabi,Drip,West,58.63,9.62,11.221
25.71,1345.47,Sandy,Wheat,Rabi,Sprinkler,Central,195.37,8.78,14.804
19.42,242.33,Loamy,Wheat,Zaid,Rainfed,West,175.17,10.4,9.458
28.63,766.67,Peaty,Sorghum,Kharif,Flood,Central,145.08,9.37,13.081
38.57,1295.97,Clay,Rice,Kharif,Drip,East,115.25,8.04,11.948
25.99,553.32,Silty,Maize,Kharif,Sprinkler,East,189.97,8.63,9.884
26.26,803.46,Silty,Wheat,Kharif,Rainfed,West,72.88,9.29,10.307
15.52,643.23,Clay,Sorghum,Rabi,Sprinkler,East,178.25,10.04,10.492
23.1,1282.44,Peaty,Rice,Rabi,Sprinkler,East,156.95,4.5,13.482
15.26,1356.28,Loamy,Barley,Kharif,Sprinkler,West,84.88,5.65,10.242
27.35,505.54,Silty,Maize,Kharif,Flood,East,178.59,9.55,11.99
33.02,854.5,Loamy,Wheat,Kharif,Drip,Central,165.11,6.04,10.592
35.63,1327.03,Loamy,Maize,Kharif,Flood,South,159.21,5.6,12.831
35.02,871.51,Silty,Wheat,Rabi,Sprinkler,South,145.86,7.15,12.817
28.82,1321.78,Silty,Maize,Rabi,Flood,East,35.46,8.81,12.651
37.12,1331.23,Loamy,Maize,Zaid,Flood,South,91.46,6.05,11.266
32.19,477.09,Sandy,Wheat,Rabi,Drip,West,114.29,8.23,8.382
34.93,911.78,Peaty,Rice,Kharif,Sprinkler,North,162.54,6.55,13.177
18.86,1031.31,Sandy,Wheat,Zaid,Sprinkler,West,77.67,7.36,9.96
25.03,280.01,Sandy,Rice,Zaid,Flood,East,116.13,9.67,9.313
31.25,224.97,Clay,Barley,Zaid,Drip,West,185.72,6.9,10.032
24.68,1269.35,Sandy,Wheat,Kharif,Rainfed,East,33.61,11.49,12.621
19.97,570.3,Loamy,Wheat,Kharif,Rainfed,East,172.7,4.44,9.719
27.95,704.4,Clay,Barley,Kharif,Drip,East,34.5,10.77,9.981
36.7,1364.06,Loamy,Wheat,Rabi,Drip,West,142.07,9.66,13.935
33.77,1203.78,Loamy,Rice,Zaid,Flood,South,32.93,4.25,8.796
19.68,1266.73,Sandy,Rice,Rabi,Drip,Central,36.34,7.22,9.53
25.16,1043.31,Silty,Maize,Kharif,Flood,North,151.78,11.14,13.247
15.23,591.01,Loamy,Sorghum,Zaid,Rainfed,East,180.15,8.77,11.517
24.71,1021.43,Sandy,Rice,Kharif,Flood,East,27.96,9.23,9.061
25.51,533.45,Silty,Maize,Kharif,Rainfed,West,41.85,6.04,6.724
18.87,578.59,Loamy,Sorghum,Kharif,Sprinkler,Central,89.43,10.39,9.775
34.39,365.42,Loamy,Barley,Kharif,Rainfed,East,199.91,8.07,11.138
16.05,237.36,Clay,Rice,Rabi,Flood,Central,23.03,7.85,6.629
17.06,1001.22,Peaty,Barley,Kharif,Flood,North,197.73,11.94,13.656
31.32,1213.27,Clay,Rice,Rabi,Sprinkler,West,35.23,11.76,12.537
28.84,1265.03,Sandy,Wheat,Zaid,Drip,South,151.36,9.65,13.143
21.46,792.76,Loamy,Rice,Zaid,Flood,Central,34.94,4.43,6.251
31.69,1083.51,Peaty,Rice,Rabi,Flood,East,36.24,5.48,11.425
17.24,299.1,Sandy,Maize,Kharif,Rainfed,East,61.53,4.96,5.579
32.19,1272.34,Clay,Rice,Kharif,Flood,West,107.53,7.8,12.289
37.89,1467.16,Silty,Barley,Zaid,Flood,South,149.06,5.47,15.009
39.26,768.65,Peaty,Rice,Kharif,Flood,East,125.48,9.25,13.167
36.93,361.83,Loamy,Sorghum,Rabi,Flood,North,99.06,10.63,10.942
30.79,620.45,Peaty,Sorghum,Zaid,Flood,East,36.92,9.91,9.0
37.41,1155.52,Sandy,Barley,Zaid,Sprinkler,West,182.64,4.66,12.429
22.16,287.89,Silty,Sorghum,Rabi,Rainfed,East,19.98,11.09,7.561
38.69,353.23,Clay,Wheat,Kharif,Drip,East,118.22,10.78,10.468
30.87,1442.99,Loamy,Wheat,Rabi,Sprinkler,North,73.11,8.23,12.98
26.95,789.72,Silty,Rice,Kharif,Rainfed,North,153.85,4.93,11.536
37.92,927.44,Sandy,Maize,Rabi,Rainfed,North,195.26,5.49,12.573
31.98,453.47,Silty,Wheat,Rabi,Flood,West,89.93,10.88,9.303
31.42,831.64,Loamy,Barley,Kharif,Drip,North,18.75,5.0,7.773
25.79,836.81,Sandy,Maize,Kharif,Sprinkler,West,57.12,7.52,9.087
17.3,1035.26,Clay,Wheat,Rabi,Sprinkler,Central,69.79,6.02,8.995
22.48,653.9,Loamy,Wheat,Rabi,Flood,East,35.96,9.32,8.389
27.45,944.48,Sandy,Maize,Rabi,Flood,South,22.6,8.13,10.61
17.35,1222.85,Loamy,Barley,Rabi,Drip,North,62.35,8.86,12.018
19.2,1289.73,Clay,Wheat,Zaid,Flood,Central,16.34,6.15,10.474
33.1,343.46,Clay,Barley,Rabi,Rainfed,West,13.87,4.3,5.611
23.59,391.86,Clay,Maize,Zaid,Drip,Central,193.18,6.17,9.044
29.06,1140.34,Loamy,Sorghum,Rabi,Flood,West,76.17,10.66,12.648
38.81,997.69,Clay,Barley,Zaid,Sprinkler,East,198.33,5.61,13.431
37.01,258.61,Sandy,Wheat,Zaid,Sprinkler,Central,134.7,7.62,9.006
29.69,1210.41,Loamy,Sorghum,Rabi,Flood,South,188.82,9.29,14.022
31.55,1059.22,Sandy,Maize,Zaid,Sprinkler,South,130.19,7.07,11.596
24.36,934.32,Loamy,Sorghum,Rabi,Flood,South,198.72,8.87,13.621
21.32,380.8,Loamy,Rice,Zaid,Rainfed,South,179.41,10.14,10.074
18.16,953.25,Silty,Wheat,Rabi,Flood,South,187.96,4.97,11.27
30.31,203.69,Loamy,Sorghum,Kharif,Drip,West,147.44,6.62,7.119
18.54,394.2,Sandy,Rice,Zaid,Drip,North,161.7,5.98,8.8
26.5,1200.07,Peaty,Rice,Kharif,Sprinkler,East,13.85,8.54,10.739
17.1,1208.95,Clay,Sorghum,Kharif,Flood,North,73.68,7.82,10.685
33.32,1127.76,Loamy,Sorghum,Kharif,Sprinkler,West,137.31,9.17,11.792
22.95,355.41,Loamy,Barley,Rabi,Flood,East,86.88,11.66,9.247
23.88,361.52,Sandy,Barley,Rabi,Rainfed,West,112.49,6.14,7.961
33.65,294.15,Silty,Maize,Rabi,Rainfed,Central,77.62,8.65,9.579
19.75,325.82,Silty,Maize,Rabi,Drip,North,152.25,8.61,9.294
16.79,1051.12,Loamy,Wheat,Zaid,Rainfed,East,126.53,11.75,13.759
23.88,470.24,Sandy,Rice,Kharif,Drip,East,117.39,7.21,8.89
23.71,221.7,Clay,Barley,Kharif,Flood,Central,49.61,11.89,7.647
37.9,1062.62,Silty,Barley,Zaid,Rainfed,West,123.13,4.84,11.316
19.88,738.52,Peaty,Rice,Rabi,Flood,West,94.72,4.33,8.807
21.45,1324.09,Sandy,Wheat,Kharif,Rainfed,North,106.71,5.65,11.698
31.0,1180.22,Sandy,Wheat,Zaid,Sprinkler,Central,81.2,4.78,10.44
26.34,658.6,Loamy,Rice,Rabi,Drip,West,40.08,6.25,7.416
17.37,1095.49,Silty,Wheat,Kharif,Sprinkler,North,145.7,4.79,11.247
27.7,1299.85,Silty,Rice,Kharif,Sprinkler,East,114.58,7.52,12.819
34.89,463.24,Silty,Wheat,Zaid,Sprinkler,East,101.8,5.86,8.808
37.53,1001.91,Loamy,Sorghum,Kharif,Drip,West,158.75,6.83,12.311
23.05,1255.63,Loamy,Sorghum,Rabi,Rainfed,West,193.82,5.39,12.832
25.06,1440.45,Clay,Rice,Kharif,Drip,East,55.87,8.52,11.435
23.72,1118.14,Loamy,Rice,Rabi,Sprinkler,South,36.92,6.23,9.881
33.13,1415.82,Silty,Rice,Rabi,Sprinkler,North,88.74,5.45,12.787
32.44,905.96,Sandy,Wheat,Kharif,Flood,Central,196.24,9.76,14.467
34.05,942.64,Sandy,Barley,Kharif,Sprinkler,East,87.01,8.79,11.081
36.58,755.39,Loamy,Wheat,Kharif,Flood,West,79.58,6.66,9.272
38.93,1257.43,Loamy,Sorghum,Kharif,Flood,West,67.18,4.28,10.249
35.14,1407.76,Clay,Rice,Kharif,Rainfed,South,41.87,4.84,11.552
19.93,899.65,Silty,Rice,Kharif,Flood,Central,34.6,10.32,9.587
18.14,332.12,Silty,Maize,Kharif,Flood,East,160.53,10.67,10.28
18.22,459.63,Sandy,Barley,Kharif,Flood,East,180.6,9.12,10.358
16.46,1065.1,Sandy,Maize,Rabi,Flood,West,61.39,11.36,10.543
38.54,815.98,Clay,Wheat,Rabi,Drip,North,152.68,10.53,12.319
34.24,342.43,Loamy,Sorghum,Zaid,Sprinkler,West,27.61,7.21,5.754
18.44,1336.57,Peaty,Maize,Rabi,Flood,East,77.78,8.7,12.468
37.13,456.09,Sandy,Wheat,Rabi,Rainfed,North,188.33,7.43,11.194
25.23,1435.86,Peaty,Barley,Zaid,Sprinkler,Central,173.25,4.06,12.817
31.49,740.42,Clay,Wheat,Kharif,Flood,South,90.75,7.32,10.544
27.15,375.86,Sandy,Rice,Zaid,Rainfed,South,112.29,7.94,8.824
35.93,1116.09,Loamy,Rice,Kharif,Drip,West,106.9,5.5,10.57
29.62,1388.22,Clay,Wheat,Zaid,Rainfed,Central,135.95,9.16,14.019
21.5,525.94,Clay,Rice,Rabi,Sprinkler,South,184.76,4.13,9.311
32.05,603.29,Loamy,Sorghum,Kharif,Sprinkler,North,139.2,8.21,11.613
18.33,684.21,Sandy,Maize,Rabi,Flood,East,171.35,4.42,9.475
30.7,1386.58,Loamy,Wheat,Kharif,Sprinkler,Central,82.59,8.98,12.824
27.99,391.23,Sandy,Wheat,Kharif,Flood,East,176.98,9.25,11.435
23.31,404.59,Sandy,Barley,Kharif,Sprinkler,South,12.88,4.18,6.194
26.23,462.35,Silty,Rice,Zaid,Sprinkler,West,12.13,7.09,6.322
36.62,647.09,Loamy,Wheat,Zaid,Sprinkler,East,73.91,9.97,10.012
33.33,592.16,Clay,Sorghum,Zaid,Sprinkler,East,93.18,6.95,8.883
17.3,935.04,Loamy,Wheat,Kharif,Rainfed,North,67.27,7.8,10.038
24.11,1116.23,Clay,Barley,Zaid,Sprinkler,West,131.76,5.31,11.198
36.01,1198.46,Clay,Maize,Kharif,Drip,North,84.35,7.77,12.234
33.56,868.25,Loamy,Wheat,Kharif,Rainfed,North,147.05,7.66,11.923
36.53,815.66,Clay,Rice,Kharif,Sprinkler,Central,66.94,5.52,9.972
23.01,1183.92,Sandy,Barley,Rabi,Sprinkler,North,59.34,10.74,10.583
38.49,308.52,Clay,Maize,Zaid,Flood,Central,164.72,5.04,9.92
39.87,1318.87,Clay,Wheat,Rabi,Rainfed,Central,50.84,4.8,12.498
17.67,791.47,Loamy,Wheat,Kharif,Flood,West,18.39,4.06,7.701
35.17,984.21,Clay,Rice,Kharif,Sprinkler,East,120.23,7.34,12.749
23.7,1410.52,Sandy,Wheat,Rabi,Flood,North,98.42,7.02,11.884
20.58,1261.36,Loamy,Rice,Kharif,Rainfed,East,112.31,9.11,13.129
34.2,768.71,Clay,Maize,Kharif,Drip,Central,151.28,7.91,11.865
31.07,662.82,Clay,Wheat,Rabi,Flood,South,16.93,8.54,8.452
26.84,1115.68,Clay,Barley,Kharif,Flood,West,184.05,10.2,16.036
36.5,1316.93,Peaty,Maize,Rabi,Sprinkler,West,143.77,10.66,13.848
37.21,889.46,Sandy,Barley,Rabi,Flood,West,135.68,7.75,12.784
35.9,899.42,Loamy,Barley,Rabi,Rainfed,West,115.23,9.04,10.658
34.75,1446.61,Silty,Rice,Rabi,Flood,East,59.63,11.45,13.197
15.66,1190.21,Silty,Wheat,Kharif,Flood,East,111.61,4.75,10.108
17.26,1361.42,Loamy,Wheat,Zaid,Drip,West,193.84,4.5,13.47
25.68,255.02,Silty,Wheat,Rabi,Flood,West,168.6,7.9,10.435
23.19,309.84,Loamy,Maize,Zaid,Flood,Central,80.2,10.16,8.447
18.03,980.4,Clay,Maize,Kharif,Drip,North,147.12,10.39,12.294
32.94,1093.03,Loamy,Wheat,Rabi,Rainfed,South,133.03,7.5,11.725
31.92,550.75,Loamy,Wheat,Rabi,Sprinkler,East,35.41,7.66,8.803
38.23,960.72,Silty,Barley,Kharif,Drip,Central,73.96,9.91,12.201
39.52,316.81,Sandy,Barley,Rabi,Drip,North,35.09,11.79,8.328
36.96,1395.68,Loamy,Barley,Rabi,Sprinkler,South,45.14,4.85,11.763
33.48,642.24,Clay,Barley,Zaid,Sprinkler,South,125.92,11.76,10.939
25.6,872.64,Sandy,Wheat,Kharif,Drip,South,53.93,10.31,11.346
17.7,1014.56,Sandy,Wheat,Rabi,Sprinkler,South,127.7,5.53,10.745
28.46,821.15,Clay,Barley,Rabi,Sprinkler,South,69.95,6.68,8.742
38.53,1101.36,Silty,Maize,Zaid,Drip,Central,89.87,7.11,11.834
20.57,229.44,Silty,Rice,Zaid,Sprinkler,Central,162.1,4.96,8.862
30.61,360.53,Sandy,Maize,Kharif,Drip,South,139.68,6.56,9.752
26.11,467.8,Silty,Sorghum,Kharif,Flood,East,121.72,8.23,9.859
34.29,1464.2,Peaty,Wheat,Kharif,Flood,East,198.17,11.45,15.622
29.37,1064.39,Loamy,Maize,Kharif,Flood,North,10.64,4.72,8.394
16.35,595.33,Sandy,Sorghum,Kharif,Drip,Central,29.86,7.3,8.787
27.46,864.92,Loamy,Rice,Rabi,Flood,West,132.42,9.13,11.811
27.08,782.43,Sandy,Sorghum,Rabi,Drip,Central,90.75,4.84,9.941
26.29,523.78,Loamy,Wheat,Kharif,Sprinkler,North,55.47,10.33,9.051
31.64,394.92,Loamy,Rice,Rabi,Rainfed,Central,34.44,9.44,9.023
23.14,528.01,Sandy,Wheat,Rabi,Flood,South,35.28,10.94,8.124
29.95,248.14,Loamy,Rice,Kharif,Drip,West,142.64,9.04,9.547
24.43,299.06,Loamy,Rice,Rabi,Flood,Central,181.11,8.18,10.666
24.79,1243.69,Loamy,Rice,Kharif,Sprinkler,East,165.75,6.39,14.026
24.87,844.89,Sandy,Sorghum,Rabi,Sprinkler,North,123.27,4.91,10.185
29.4,377.98,Silty,Rice,Rabi,Sprinkler,West,93.51,6.62,9.473
17.72,309.62,Clay,Wheat,Kharif,Rainfed,East,12.28,11.46,7.606
30.86,1280.73,Loamy,Rice,Rabi,Drip,North,68.15,10.45,12.939
20.26,550.26,Loamy,Maize,Zaid,Drip,North,23.62,11.7,8.343
31.84,576.65,Clay,Wheat,Rabi,Drip,Central,98.36,5.28,8.776
32.61,1344.65,Silty,Maize,Kharif,Drip,South,39.82,8.28,10.952
18.04,855.78,Loamy,Sorghum,Kharif,Flood,West,124.97,10.12,11.62
37.3,1312.18,Clay,Rice,Kharif,Sprinkler,West,95.37,9.98,13.352
17.7,1233.8,Silty,Maize,Kharif,Sprinkler,South,98.95,6.78,11.519
25.91,962.94,Silty,Sorghum,Kharif,Rainfed,South,147.3,5.03,10.716
26.14,463.65,Peaty,Barley,Kharif,Sprinkler,West,110.32,7.29,9.127
16.27,300.53,Loamy,Maize,Kharif,Sprinkler,West,115.06,10.35,10.81
35.72,1273.43,Loamy,Wheat,Kharif,Sprinkler,West,56.96,10.74,12.706
15.38,1372.73,Silty,Wheat,Rabi,Sprinkler,East,12.04,9.68,11.392
18.11,510.1,Sandy,Rice,Kharif,Drip,Central,140.11,6.63,9.64
27.68,378.45,Loamy,Maize,Rabi,Flood,North,127.85,8.71,8.579
32.12,776.84,Sandy,Wheat,Zaid,Rainfed,West,79.47,9.23,10.991
27.57,499.15,Sandy,Wheat,Kharif,Sprinkler,East,184.75,10.01,10.404
39.26,882.01,Peaty,Sorghum,Rabi,Flood,North,104.42,7.01,12.016
27.78,1083.77,Loamy,Barley,Zaid,Rainfed,East,41.3,8.34,10.198
39.6,1458.26,Loamy,Maize,Rabi,Sprinkler,East,66.75,10.63,13.431
19.72,1100.54,Sandy,Barley,Zaid,Rainfed,East,174.35,6.7,11.888
30.05,955.68,Sandy,Barley,Rabi,Drip,East,62.62,10.12,9.747
26.99,639.6,Sandy,Barley,Kharif,Flood,South,10.02,9.5,8.412
25.49,970.87,Peaty,Wheat,Rabi,Rainfed,North,98.62,4.34,9.673
25.11,987.11,Silty,Wheat,Rabi,Drip,East,33.3,6.97,10.529
33.2,320.63,Loamy,Sorghum,Rabi,Sprinkler,East,107.69,11.89,10.384
15.37,615.19,Loamy,Rice,Rabi,Sprinkler,North,113.66,4.75,7.479
21.76,279.58,Silty,Wheat,Zaid,Sprinkler,North,146.63,7.1,9.75
29.45,420.19,Sandy,Maize,Rabi,Sprinkler,North,28.21,8.58,7.543
25.17,958.91,Sandy,Rice,Rabi,Flood,West,155.54,6.94,12.163
23.21,1358.43,Loamy,Rice,Kharif,Rainfed,West,193.74,8.02,14.72
35.14,1153.52,Loamy,Rice,Zaid,Flood,West,89.38,5.98,11.005
33.32,511.51,Silty,Barley,Kharif,Flood,East,110.75,6.78,8.07
35.71,1056.53,Silty,Rice,Rabi,Drip,West,103.54,10.55,11.695
31.61,984.62,Silty,Barley,Kharif,Rainfed,South,40.12,9.0,10.116
23.3,1472.53,Loamy,Wheat,Rabi,Rainfed,North,89.22,8.39,13.553
33.7,609.0,Loamy,Barley,Kharif,Drip,South,65.28,9.93,10.321
36.16,955.01,Clay,Wheat,Rabi,Flood,South,169.63,9.16,13.849
24.34,222.76,Peaty,Sorghum,Rabi,Flood,Central,64.55,9.72,6.598
29.35,657.08,Silty,Wheat,Kharif,Rainfed,Central,87.25,9.51,8.897
34.24,587.62,Loamy,Wheat,Kharif,Drip,West,18.82,11.24,9.393
27.08,558.48,Silty,Wheat,Kharif,Drip,Central,13.94,7.63,6.402
23.86,482.95,Silty,Barley,Kharif,Sprinkler,West,98.78,6.19,9.188
30.75,1394.86,Sandy,Rice,Kharif,Rainfed,South,20.13,7.83,11.454
39.72,452.71,Loamy,Rice,Rabi,Flood,West,21.14,8.47,9.131
33.98,1071.79,Peaty,Wheat,Rabi,Flood,North,183.28,9.52,14.245
20.41,752.7,Sandy,Rice,Kharif,Flood,East,104.78,11.42,10.885
34.8,669.97,Clay,Sorghum,Kharif,Drip,East,53.84,10.72,10.041
18.28,1084.76,Peaty,Barley,Zaid,Drip,Central,20.05,4.39,7.773
32.45,919.47,Silty,Rice,Kharif,Sprinkler,Central,183.57,11.87,15.366
29.58,1017.28,Clay,Wheat,Zaid,Drip,East,119.41,5.54,10.126
28.86,1189.38,Loamy,Wheat,Kharif,Drip,East,156.59,10.96,14.331
32.32,906.68,Loamy,Rice,Zaid,Rainfed,East,31.46,11.41,10.069
32.2,485.78,Silty,Rice,Kharif,Sprinkler,North,18.81,10.8,7.389
22.38,1441.58,Loamy,Maize,Kharif,Sprinkler,South,197.67,5.27,15.117
38.63,841.09,Loamy,Maize,Rabi,Flood,North,199.67,11.7,12.941
15.23,1410.64,Loamy,Wheat,Kharif,Sprinkler,West,34.71,7.46,10.237
20.1,583.71,Loamy,Rice,Zaid,Sprinkler,North,93.46,8.06,9.552
30.29,746.62,Clay,Barley,Rabi,Rainfed,East,97.64,9.52,12.094
32.19,402.18,Clay,Wheat,Rabi,Rainfed,Central,173.9,5.92,9.928
18.25,1202.48,Sandy,Rice,Kharif,Flood,North,182.73,4.92,11.156
33.77,678.31,Peaty,Rice,Rabi,Drip,Central,47.44,10.87,9.955
32.68,790.39,Loamy,Barley,Kharif,Flood,East,90.63,5.88,10.225
21.89,767.73,Loamy,Rice,Kharif,Flood,North,119.32,5.57,9.26
28.53,340.49,Peaty,Barley,Kharif,Sprinkler,South,146.85,6.45,8.72
37.42,1413.86,Clay,Barley,Rabi,Rainfed,East,23.64,11.82,13.881
19.7,292.65,Clay,Barley,Zaid,Flood,Central,195.09,5.52,10.038
28.55,1085.98,Sandy,Rice,Rabi,Flood,South,117.83,7.48,11.69
19.89,900.44,Peaty,Barley,Kharif,Sprinkler,East,82.46,9.1,11.087
22.12,1135.59,Silty,Barley,Rabi,Sprinkler,South,111.27,6.01,11.14
15.57,293.1,Clay,Wheat,Rabi,Rainfed,East,122.2,8.22,6.75
36.27,811.11,Clay,Rice,Kharif,Flood,West,147.11,10.13,13.131
25.55,1386.44,Clay,Maize,Kharif,Sprinkler,North,117.14,4.45,11.036
38.61,1046.88,Peaty,Maize,Kharif,Sprinkler,North,150.91,11.77,12.585
38.01,747.4,Loamy,Sorghum,Rabi,Flood,West,90.04,4.38,9.837
19.69,223.28,Silty,Wheat,Kharif,Drip,Central,105.82,7.92,8.28
16.36,763.22,Silty,Maize,Kharif,Flood,Central,47.07,11.4,9.942
28.86,856.01,Peaty,Maize,Kharif,Flood,Central,120.41,10.38,12.448
20.84,893.41,Loamy,Maize,Kharif,Sprinkler,West,77.84,9.49,10.954
28.18,690.37,Sandy,Barley,Kharif,Rainfed,Central,147.18,7.95,11.568
27.85,1055.6,Loamy,Rice,Kharif,Flood,East,173.02,11.39,14.131
32.88,1389.24,Silty,Maize,Zaid,Sprinkler,East,151.03,7.68,14.489
15.32,1452.81,Peaty,Rice,Kharif,Flood,South,22.62,10.17,10.321
15.66,972.08,Sandy,Rice,Rabi,Drip,Central,97.59,6.91,9.741
34.72,516.02,Loamy,Wheat,Zaid,Drip,West,101.78,11.46,11.752
35.46,454.78,Silty,Maize,Kharif,Flood,North,111.64,9.75,11.743
37.21,437.55,Sandy,Barley,Rabi,Sprinkler,North,48.2,10.92,10.465
36.03,1020.13,Sandy,Wheat,Zaid,Rainfed,Central,72.59,11.26,12.169
19.79,1470.25,Sandy,Barley,Rabi,Flood,East,135.48,4.83,11.825
39.15,865.2,Loamy,Wheat,Rabi,Sprinkler,North,152.91,8.2,12.198
33.16,1147.56,Sandy,Sorghum,Zaid,Rainfed,North,28.44,9.33,11.583
24.55,672.03,Silty,Rice,Rabi,Sprinkler,Central,78.33,5.83,8.476
24.8,965.14,Loamy,Rice,Kharif,Sprinkler,East,177.81,9.26,12.976
39.48,1444.09,Peaty,Barley,Kharif,Flood,West,74.49,11.04,15.548
22.94,240.88,Silty,Wheat,Rabi,Drip,Central,177.64,9.3,10.586
33.8,1286.03,Loamy,Wheat,Kharif,Flood,West,179.73,5.05,14.572
31.76,259.87,Clay,Barley,Rabi,Drip,East,12.75,9.08,5.098
29.22,1492.94,Sandy,Wheat,Rabi,Sprinkler,North,20.1,10.04,12.537
36.63,502.59,Silty,Rice,Zaid,Rainfed,North,163.44,7.96,11.685
21.05,263.36,Loamy,Barley,Rabi,Sprinkler,East,198.87,5.41,9.464
29.76,1199.76,Clay,Maize,Rabi,Flood,West,90.81,11.68,12.796
19.46,633.22,Loamy,Barley,Rabi,Drip,North,153.29,11.46,12.378
20.98,1135.79,Silty,Sorghum,Kharif,Sprinkler,West,130.84,11.57,12.412
29.13,743.58,Silty,Wheat,Rabi,Flood,North,104.24,6.91,9.832
17.29,818.15,Silty,Rice,Rabi,Sprinkler,East,113.7,5.43,9.936
37.98,1129.44,Peaty,Wheat,Rabi,Flood,South,149.74,9.31,13.434
18.4,948.26,Loamy,Barley,Zaid,Drip,Central,181.0,5.66,11.104
16.43,896.46,Loamy,Barley,Rabi,Sprinkler,West,60.43,7.03,8.471
20.41,211.71,Clay,Barley,Zaid,Sprinkler,West,161.67,6.59,9.691
39.71,586.6,Loamy,Wheat,Zaid,Rainfed,Central,37.3,4.25,7.004
28.98,938.2,Loamy,Maize,Rabi,Rainfed,Central,167.97,10.07,12.884
28.69,1411.04,Sandy,Maize,Zaid,Rainfed,South,155.35,5.52,12.842
28.99,837.64,Sandy,Rice,Kharif,Flood,East,170.75,7.59,11.725
22.43,1339.47,Silty,Rice,Rabi,Sprinkler,South,182.11,4.34,13.223
22.19,448.02,Sandy,Wheat,Kharif,Rainfed,East,170.78,7.26,9.048
16.61,1078.26,Sandy,Wheat,Rabi,Drip,East,123.25,4.54,11.38
30.88,1353.62,Sandy,Wheat,Rabi,Rainfed,South,107.89,8.57,12.382
38.65,533.35,Silty,Barley,Rabi,Drip,Central,184.08,5.94,11.048
39.07,806.5,Clay,Sorghum,Rabi,Sprinkler,West,73.72,11.19,12.881
24.22,1488.69,Clay,Wheat,Zaid,Sprinkler,South,32.13,6.27,11.476
36.1,533.21,Clay,Barley,Rabi,Drip,East,115.96,4.76,10.83
19.23,239.95,Silty,Wheat,Kharif,Flood,East,140.77,8.15,8.332
15.02,507.47,Clay,Wheat,Kharif,Rainfed,West,84.85,9.5,9.032
21.6,483.26,Loamy,Rice,Rabi,Sprinkler,Central,143.83,9.39,8.113
35.28,1288.44,Loamy,Barley,Rabi,Flood,Central,116.66,10.45,13.409
22.85,1365.04,Sandy,Wheat,Kharif,Rainfed,East,110.24,10.84,14.67
27.73,913.22,Sandy,Wheat,Rabi,Flood,Central,23.67,5.07,8.933
31.66,1456.5,Loamy,Barley,Kharif,Sprinkler,West,154.86,10.25,15.424
34.78,1284.61,Clay,Wheat,Rabi,Drip,South,144.57,9.57,14.297
26.42,1426.06,Sandy,Barley,Rabi,Drip,South,82.62,4.02,11.313
27.24,661.9,Loamy,Barley,Rabi,Drip,East,119.85,10.76,10.431
22.34,1404.99,Clay,Maize,Zaid,Flood,East,15.55,6.43,10.871
23.82,1375.19,Loamy,Rice,Rabi,Flood,South,85.45,6.71,10.738
19.33,386.55,Sandy,Maize,Kharif,Sprinkler,Central,17.6,4.33,5.7
25.47,354.34,Clay,Barley,Rabi,Flood,Central,39.41,8.55,8.255
18.01,602.5,Clay,Wheat,Kharif,Flood,Central,111.89,7.78,8.984
23.84,636.68,Sandy,Wheat,Rabi,Flood,South,67.98,5.23,7.821
33.57,226.68,Loamy,Rice,Kharif,Sprinkler,Central,179.69,4.89,9.519
36.11,677.95,Silty,Maize,Kharif,Sprinkler,North,57.07,6.5,8.347
26.45,1329.3,Loamy,Sorghum,Zaid,Flood,East,194.54,10.91,15.199
35.43,1191.23,Clay,Barley,Rabi,Drip,Central,137.02,7.71,12.037
33.22,636.09,Loamy,Maize,Zaid,Flood,East,95.27,9.13,11.053
15.74,1254.04,Peaty,Barley,Rabi,Drip,North,51.05,6.23,10.546
25.97,530.95,Clay,Rice,Zaid,Flood,West,155.37,8.83,11.029
19.98,1040.24,Sandy,Sorghum,Rabi,Sprinkler,South,17.09,10.52,9.581
18.52,1022.88,Clay,Barley,Zaid,Drip,Central,124.97,8.83,12.392
25.52,773.3,Loamy,Rice,Zaid,Sprinkler,Central,122.15,7.77,11.213
26.42,565.43,Clay,Maize,Kharif,Flood,Central,70.73,6.16,8.269
35.14,768.47,Peaty,Rice,Rabi,Drip,South,98.43,7.91,9.476
15.99,1474.42,Loamy,Rice,Kharif,Sprinkler,East,49.99,6.6,11.268
33.15,1140.5,Loamy,Sorghum,Kharif,Sprinkler,West,111.93,7.74,11.685
17.36,756.8,Sandy,Barley,Rabi,Sprinkler,Central,76.62,5.26,7.391
35.22,575.31,Sandy,Maize,Kharif,Rainfed,East,169.33,10.14,12.592
23.93,718.19,Clay,Sorghum,Kharif,Drip,South,42.79,4.59,7.788
28.38,438.22,Silty,Sorghum,Kharif,Drip,Central,198.2,10.85,12.001
36.17,640.42,Sandy,Wheat,Kharif,Drip,South,112.04,6.23,10.308
37.33,317.06,Sandy,Wheat,Zaid,Sprinkler,North,22.05,8.62,6.767
21.45,618.76,Sandy,Sorghum,Rabi,Flood,North,102.74,6.25,7.686
23.3,592.66,Clay,Wheat,Kharif,Drip,East,115.06,10.0,10.854
16.57,741.92,Sandy,Rice,Zaid,Rainfed,Central,94.56,5.81,8.217
21.61,821.92,Sandy,Maize,Rabi,Sprinkler,East,152.41,9.99,12.239
19.86,1067.16,Peaty,Rice,Rabi,Drip,North,90.19,6.48,10.475
21.72,628.65,Silty,Sorghum,Rabi,Sprinkler,East,84.57,9.86,9.853
36.84,488.84,Sandy,Rice,Kharif,Rainfed,South,179.55,9.27,11.856
28.3,1370.91,Silty,Maize,Rabi,Drip,North,158.49,10.61,14.715
39.13,334.18,Clay,Barley,Kharif,Drip,South,44.35,6.42,6.504
39.04,1079.47,Loamy,Rice,Zaid,Rainfed,East,129.07,6.53,11.169
30.96,465.78,Silty,Barley,Kharif,Rainfed,East,187.93,11.78,12.549
26.84,506.47,Sandy,Sorghum,Kharif,Flood,Central,52.59,8.28,6.712
23.79,647.27,Clay,Barley,Kharif,Sprinkler,Central,10.26,5.71,7.288
34.35,642.85,Silty,Maize,Kharif,Flood,East,189.18,9.67,12.982
29.03,1419.27,Loamy,Barley,Rabi,Flood,South,131.18,11.0,13.574
29.64,783.71,Peaty,Wheat,Kharif,Sprinkler,South,48.45,6.47,7.693
27.97,940.77,Clay,Sorghum,Kharif,Drip,North,86.0,9.68,10.419
28.62,1150.22,Clay,Maize,Kharif,Sprinkler,South,46.78,5.82,9.247
35.32,209.56,Clay,Wheat,Zaid,Sprinkler,West,147.42,10.67,10.913
15.72,1396.23,Sandy,Rice,Kharif,Sprinkler,West,57.9,7.99,11.735
17.74,439.26,Clay,Maize,Rabi,Drip,East,14.62,5.94,5.631
22.22,875.83,Loamy,Wheat,Zaid,Drip,West,30.1,11.98,10.043
15.34,702.71,Clay,Wheat,Kharif,Rainfed,East,33.43,7.45,7.975
25.84,1263.68,Loamy,Maize,Rabi,Drip,Central,193.9,11.99,15.365
19.22,681.5,Loamy,Sorghum,Rabi,Drip,North,41.81,5.15,8.513
35.3,1321.19,Clay,Rice,Kharif,Sprinkler,North,62.65,7.82,12.756
17.92,644.23,Loamy,Barley,Rabi,Drip,North,182.19,5.55,10.369
19.93,1090.97,Peaty,Wheat,Kharif,Rainfed,South,69.53,10.48,12.062
30.06,478.98,Sandy,Barley,Rabi,Sprinkler,West,73.05,11.71,9.64
22.97,773.39,Loamy,Sorghum,Zaid,Flood,East,81.59,7.15,10.191
38.0,806.36,Sandy,Maize,Zaid,Rainfed,Central,35.65,6.79,9.589
20.56,1334.76,Peaty,Rice,Zaid,Flood,East,185.65,11.68,14.287
24.04,1363.83,Silty,Wheat,Kharif,Flood,North,88.8,9.08,12.799
17.21,612.82,Peaty,Sorghum,Rabi,Rainfed,East,39.38,11.92,9.811
32.93,564.24,Sandy,Rice,Rabi,Flood,East,48.89,9.61,8.97
27.67,758.28,Sandy,Barley,Rabi,Sprinkler,North,128.1,8.15,10.13
23.8,1262.96,Clay,Wheat,Zaid,Flood,Central,38.65,5.56,12.429
21.09,292.98,Clay,Rice,Rabi,Flood,North,78.0,10.22,8.291
26.85,1451.27,Peaty,Barley,Rabi,Rainfed,North,43.45,4.04,9.919
23.57,1252.23,Loamy,Wheat,Kharif,Flood,South,168.73,8.45,12.392
37.82,1239.66,Loamy,Wheat,Zaid,Sprinkler,West,141.25,5.65,13.816
19.63,914.05,Clay,Rice,Kharif,Flood,West,148.51,11.93,13.484
30.19,672.92,Peaty,Barley,Kharif,Sprinkler,South,157.14,8.66,11.281
31.71,1489.92,Clay,Rice,Rabi,Flood,North,95.65,9.11,14.697
39.92,1297.37,Loamy,Maize,Kharif,Sprinkler,West,196.66,5.08,14.862
16.8,1253.0,Loamy,Maize,Rabi,Sprinkler,Central,97.9,5.31,9.568
20.28,425.2,Silty,Wheat,Rabi,Drip,East,167.87,7.79,10.17
34.27,1402.27,Silty,Wheat,Kharif,Flood,West,30.31,4.32,11.708
18.49,436.89,Loamy,Rice,Rabi,Flood,North,14.02,7.28,6.742
20.53,345.51,Loamy,Wheat,Zaid,Flood,South,117.11,6.24,8.527
34.58,1177.32,Loamy,Maize,Zaid,Flood,South,56.1,9.67,12.754
27.7,1376.04,Silty,Rice,Zaid,Sprinkler,East,175.75,4.26,14.434
25.27,297.0,Clay,Maize,Kharif,Drip,South,64.43,6.09,7.458
35.02,467.1,Sandy,Barley,Kharif,Flood,East,24.09,11.62,9.72
26.39,1037.56,Silty,Barley,Rabi,Drip,North,86.46,11.23,12.5
31.44,1275.66,Silty,Barley,Rabi,Drip,North,106.29,10.33,12.304
19.2,1405.13,Loamy,Maize,Rabi,Rainfed,West,192.5,4.41,14.083
28.97,1017.56,Clay,Rice,Kharif,Flood,South,64.41,11.29,12.193
20.46,591.62,Silty,Wheat,Kharif,Sprinkler,South,83.39,8.65,7.881
34.02,744.62,Peaty,Rice,Kharif,Rainfed,West,58.19,4.71,9.69
17.47,289.43,Loamy,Barley,Rabi,Flood,North,19.02,6.99,5.717
15.81,1306.9,Sandy,Sorghum,Rabi,Drip,South,147.39,6.5,12.44
23.36,1046.24,Sandy,Wheat,Zaid,Flood,Central,64.5,11.95,12.265
30.38,515.99,Loamy,Wheat,Kharif,Sprinkler,West,122.88,4.3,9.023
31.33,491.44,Clay,Wheat,Rabi,Drip,West,141.89,6.27,10.988
17.36,1339.29,Clay,Wheat,Zaid,Sprinkler,West,76.31,6.67,11.702
27.67,1401.16,Peaty,Wheat,Kharif,Sprinkler,East,44.45,7.14,12.514
33.87,680.59,Loamy,Rice,Kharif,Flood,South,193.07,11.16,12.191
22.69,1267.23,Loamy,Rice,Zaid,Drip,North,86.81,4.66,10.679
16.53,1494.53,Sandy,Sorghum,Rabi,Flood,East,150.31,11.88,14.056
28.27,200.98,Clay,Wheat,Kharif,Sprinkler,West,58.47,9.97,8.084
19.5,1423.17,Clay,Barley,Kharif,Flood,North,21.47,9.07,11.063
15.57,1468.54,Clay,Maize,Kharif,Drip,East,171.27,8.29,13.733
33.81,1148.14,Silty,Wheat,Zaid,Drip,South,63.15,10.91,12.536
24.45,1372.15,Silty,Barley,Rabi,Drip,North,159.94,4.37,13.018
17.3,1385.93,Peaty,Sorghum,Rabi,Drip,East,160.04,5.4,11.47
29.05,508.99,Peaty,Wheat,Rabi,Flood,North,51.22,10.83,8.548
29.16,228.88,Clay,Sorghum,Rabi,Sprinkler,South,140.89,5.8,7.601
34.06,933.13,Clay,Wheat,Kharif,Flood,East,161.69,8.14,12.254
23.96,952.49,Loamy,Wheat,Zaid,Drip,South,22.09,10.98,11.268
23.56,1047.68,Sandy,Rice,Rabi,Drip,Central,158.99,11.36,14.886
17.72,490.91,Peaty,Wheat,Zaid,Flood,East,188.78,9.67,10.513
31.75,406.78,Loamy,Rice,Kharif,Drip,Central,48.65,5.6,6.573
32.59,826.11,Loamy,Maize,Zaid,Flood,Central,75.49,11.58,12.289
26.29,405.59,Loamy,Barley,Rabi,Drip,West,85.24,8.21,8.901
38.6,869.83,Sandy,Wheat,Kharif,Drip,Central,175.78,9.7,13.984
18.17,317.87,Loamy,Barley,Rabi,Rainfed,Central,119.98,11.8,10.147
28.91,526.58,Clay,Sorghum,Kharif,Flood,South,54.47,9.52,10.266
29.03,648.91,Peaty,Rice,Rabi,Rainfed,Central,143.32,6.71,10.544
18.07,909.39,Silty,Barley,Zaid,Flood,West,169.32,9.02,11.69
39.65,309.52,Silty,Wheat,Kharif,Rainfed,West,157.02,4.4,8.865
33.33,1124.63,Peaty,Rice,Rabi,Drip,West,56.11,10.34,11.508
37.45,1387.18,Loamy,Barley,Zaid,Rainfed,East,80.86,6.38,12.292
22.75,1427.7,Peaty,Wheat,Kharif,Flood,Central,173.4,4.16,13.881
22.93,754.37,Silty,Barley,Rabi,Drip,West,34.63,8.77,8.778
35.0,1048.23,Loamy,Sorghum,Zaid,Drip,East,190.16,6.36,14.236
15.05,878.28,Clay,Barley,Rabi,Flood,South,24.34,6.16,8.463
37.13,772.18,Loamy,Barley,Rabi,Flood,East,111.32,9.36,11.359
18.89,1482.34,Loamy,Wheat,Kharif,Rainfed,East,133.26,7.77,13.062
37.55,870.46,Silty,Wheat,Rabi,Rainfed,North,125.03,4.41,9.979
34.67,1464.46,Silty,Rice,Kharif,Drip,East,112.61,9.85,14.708
32.85,331.68,Loamy,Maize,Kharif,Flood,East,34.05,6.84,9.55
33.69,1191.26,Clay,Barley,Kharif,Drip,West,196.93,4.06,13.55
35.81,1035.35,Clay,Rice,Kharif,Flood,North,47.73,9.56,11.412
33.95,655.74,Silty,Wheat,Kharif,Flood,Central,155.98,6.4,11.286
35.09,1433.69,Silty,Rice,Rabi,Sprinkler,East,20.2,8.51,13.11
29.15,296.53,Loamy,Barley,Kharif,Flood,North,53.77,7.66,7.581
30.51,704.81,Clay,Rice,Kharif,Drip,North,160.66,4.58,10.264
25.93,608.25,Clay,Wheat,Zaid,Drip,East,92.88,4.6,7.403
20.85,1184.12,Clay,Maize,Zaid,Flood,Central,21.75,9.72,9.479
30.73,1048.09,Peaty,Maize,Rabi,Rainfed,Central,136.82,5.9,12.025
17.16,1394.34,Loamy,Rice,Rabi,Drip,Central,111.04,6.43,12.078
38.25,388.83,Loamy,Sorghum,Zaid,Sprinkler,South,141.75,5.22,8.112
33.0,252.51,Silty,Sorghum,Kharif,Rainfed,Central,164.91,4.98,8.427
28.5,920.93,Sandy,Wheat,Zaid,Flood,East,134.43,7.4,11.961
35.06,1367.95,Loamy,Barley,Kharif,Sprinkler,East,95.55,11.81,13.737
20.02,200.59,Loamy,Maize,Kharif,Rainfed,East,56.06,6.63,5.545
19.07,757.14,Loamy,Barley,Kharif,Sprinkler,South,68.88,6.65,9.717
38.51,210.26,Clay,Rice,Rabi,Flood,South,189.9,6.08,10.063
34.56,381.99,Loamy,Barley,Rabi,Rainfed,North,56.78,5.2,7.712
27.37,699.48,Clay,Sorghum,Kharif,Rainfed,South,148.32,8.64,11.027
17.32,278.29,Sandy,Maize,Rabi,Rainfed,North,108.59,7.16,7.435
32.38,728.15,Loamy,Wheat,Kharif,Drip,North,29.54,11.1,9.089
38.82,530.47,Clay,Maize,Rabi,Flood,North,19.95,8.39,8.703
15.49,1410.04,Peaty,Sorghum,Rabi,Flood,North,186.57,7.47,13.536
35.43,1170.7,Loamy,Barley,Zaid,Flood,South,45.16,6.92,11.788
35.08,688.4,Peaty,Maize,Kharif,Flood,East,105.53,11.78,12.295
37.9,611.32,Peaty,Wheat,Rabi,Drip,North,28.83,7.6,8.801
39.18,583.34,Sandy,Wheat,Rabi,Sprinkler,Central,34.84,7.24,9.183
16.34,919.85,Clay,Maize,Rabi,Sprinkler,West,162.74,7.3,11.95
30.86,1242.54,Peaty,Wheat,Rabi,Drip,West,117.04,7.04,11.771
27.52,263.18,Loamy,Rice,Kharif,Flood,North,32.7,11.8,7.615
19.65,1254.5,Loamy,Sorghum,Kharif,Flood,South,82.81,7.2,11.752
24.88,310.93,Silty,Maize,Rabi,Sprinkler,Central,113.89,7.66,8.982
22.47,917.32,Sandy,Rice,Rabi,Drip,East,113.32,10.55,12.083
36.59,439.85,Loamy,Wheat,Rabi,Flood,Central,180.55,5.13,10.481
28.46,1412.45,Sandy,Barley,Kharif,Rainfed,East,92.27,5.43,12.369
23.25,235.67,Sandy,Wheat,Kharif,Drip,South,18.4,10.2,7.488
29.82,575.64,Clay,Wheat,Kharif,Sprinkler,West,173.71,9.12,11.989
24.41,752.93,Sandy,Maize,Kharif,Flood,East,107.84,6.81,8.968
29.04,586.93,Sandy,Wheat,Rabi,Sprinkler,North,17.68,6.89,7.992
33.39,870.14,Silty,Wheat,Rabi,Sprinkler,East,102.22,7.93,11.603
38.23,803.36,Loamy,Sorghum,Rabi,Rainfed,North,38.57,5.86,9.509
20.09,469.69,Silty,Maize,Kharif,Rainfed,Central,113.68,8.37,9.939
16.5,880.78,Sandy,Wheat,Zaid,Rainfed,West,152.91,10.23,12.837
29.76,1119.37,Sandy,Barley,Zaid,Flood,West,66.59,5.64,10.954
37.22,509.69,Loamy,Sorghum,Rabi,Rainfed,East,128.17,10.14,11.528
23.58,1232.64,Sandy,Wheat,Zaid,Sprinkler,North,108.41,4.73,11.624
35.12,694.0,Silty,Maize,Kharif,Rainfed,East,192.22,9.55,13.211
37.59,967.4,Sandy,Rice,Zaid,Sprinkler,North,181.6,4.8,10.387
26.67,1468.02,Sandy,Rice,Rabi,Sprinkler,North,28.93,10.04,11.861
19.57,1010.97,Silty,Maize,Rabi,Sprinkler,West,61.38,10.69,12.106
19.79,1153.64,Clay,Maize,Zaid,Flood,North,151.91,8.2,12.567
20.42,432.63,Silty,Wheat,Zaid,Flood,South,171.02,8.72,10.595
28.03,204.72,Sandy,Rice,Rabi,Flood,East,184.16,5.19,9.549
17.1,371.35,Clay,Maize,Rabi,Drip,North,63.43,5.52,7.268
37.71,1060.72,Loamy,Barley,Rabi,Rainfed,North,108.79,7.53,12.167
17.93,852.79,Loamy,Maize,Rabi,Rainfed,West,155.0,9.85,11.605
25.61,989.22,Clay,Maize,Kharif,Flood,North,81.39,9.39,11.165
37.78,1012.15,Loamy,Maize,Kharif,Rainfed,North,33.61,9.63,11.327
17.11,277.58,Loamy,Sorghum,Kharif,Flood,West,119.83,11.77,8.459
30.53,1251.82,Silty,Maize,Zaid,Drip,East,131.13,4.38,11.685
31.02,253.21,Clay,Wheat,Rabi,Sprinkler,South,158.76,4.5,9.02
30.48,1233.14,Loamy,Barley,Zaid,Sprinkler,North,12.43,4.04,9.871
28.5,1394.19,Peaty,Rice,Rabi,Sprinkler,North,138.78,6.59,13.65
18.07,209.39,Clay,Barley,Kharif,Flood,South,195.07,7.52,9.187
34.9,205.12,Silty,Wheat,Rabi,Rainfed,Central,90.63,11.82,9.203
15.03,1399.49,Sandy,Barley,Rabi,Sprinkler,North,184.43,11.47,13.735
38.85,1114.27,Loamy,Rice,Rabi,Flood,West,81.48,8.79,12.215
35.39,936.15,Sandy,Barley,Rabi,Flood,South,93.78,11.04,13.409
36.09,1248.1,Loamy,Wheat,Kharif,Drip,Central,116.59,11.89,14.913
37.72,1045.66,Loamy,Barley,Zaid,Drip,North,86.7,11.93,11.653
21.55,1364.21,Peaty,Rice,Kharif,Drip,North,107.81,10.06,13.319
22.99,1318.25,Silty,Barley,Rabi,Sprinkler,Central,24.48,4.5,9.425
21.88,962.8,Peaty,Rice,Rabi,Drip,West,106.01,10.88,12.232
19.22,1408.97,Peaty,Rice,Zaid,Sprinkler,East,137.86,7.41,12.863
29.75,421.35,Sandy,Maize,Kharif,Rainfed,West,181.77,10.04,11.201
31.7,822.64,Silty,Maize,Kharif,Sprinkler,East,122.68,8.88,11.912
15.61,831.8,Silty,Wheat,Kharif,Drip,East,174.2,11.21,13.456
30.71,419.98,Clay,Maize,Zaid,Flood,North,72.22,9.2,7.599
35.34,859.72,Silty,Rice,Zaid,Flood,West,130.68,5.04,10.845
38.83,960.72,Loamy,Rice,Rabi,Flood,West,85.29,11.09,13.053
38.63,552.55,Clay,Wheat,Kharif,Rainfed,Central,90.55,6.11,10.789
34.98,1464.77,Loamy,Sorghum,Rabi,Rainfed,East,40.31,4.7,10.459
23.89,526.14,Loamy,Barley,Rabi,Flood,Central,62.32,4.95,8.282
33.38,694.23,Loamy,Wheat,Rabi,Rainfed,North,130.29,4.97,10.322
28.49,269.51,Clay,Sorghum,Zaid,Flood,North,135.26,6.27,8.943
16.37,326.78,Peaty,Sorghum,Rabi,Sprinkler,Central,123.87,6.99,8.106
23.88,954.08,Sandy,Maize,Zaid,Flood,South,191.74,4.63,11.512
34.79,537.69,Silty,Rice,Kharif,Flood,South,137.9,9.17,10.686
15.1,1338.37,Clay,Barley,Rabi,Drip,Central,195.72,11.33,15.962
19.19,522.27,Loamy,Maize,Rabi,Flood,Central,21.7,4.57,6.045
31.6,421.95,Clay,Rice,Rabi,Rainfed,West,172.24,8.93,9.257
30.77,792.61,Loamy,Wheat,Kharif,Sprinkler,East,59.63,9.7,10.768
35.86,1300.58,Loamy,Maize,Kharif,Flood,West,144.9,5.82,13.009
15.93,393.75,Sandy,Sorghum,Kharif,Drip,West,151.21,4.15,7.224
35.2,1156.22,Silty,Sorghum,Zaid,Rainfed,Central,12.7,7.22,10.932
16.51,432.75,Loamy,Rice,Rabi,Flood,North,58.09,9.12,7.326
39.58,694.57,Clay,Wheat,Kharif,Rainfed,South,165.83,7.27,12.468
27.5,794.75,Clay,Sorghum,Kharif,Drip,West,108.69,4.2,9.024
26.53,1477.22,Clay,Maize,Kharif,Drip,South,151.02,7.04,14.662
21.2,306.44,Sandy,Wheat,Rabi,Sprinkler,Central,171.46,6.92,8.53
16.1,1275.79,Peaty,Rice,Kharif,Rainfed,West,25.01,10.75,11.154
37.76,440.73,Sandy,Barley,Kharif,Sprinkler,South,18.47,10.88,8.552
34.78,1425.24,Silty,Wheat,Rabi,Drip,West,119.48,9.22,14.155
19.02,1197.3,Loamy,Rice,Kharif,Drip,Central,156.81,11.75,13.365
29.15,760.62,Silty,Wheat,Kharif,Sprinkler,East,138.58,8.58,11.665
18.63,1361.41,Loamy,Barley,Rabi,Drip,Central,94.66,10.91,12.37
19.45,597.09,Sandy,Wheat,Zaid,Flood,Central,159.23,11.32,10.826
17.61,698.57,Silty,Sorghum,Rabi,Flood,West,50.36,4.28,5.971
36.98,1236.06,Loamy,Maize,Rabi,Drip,West,173.65,8.67,14.339
30.28,1058.87,Peaty,Rice,Kharif,Rainfed,Central,145.96,10.51,13.469
15.31,216.04,Clay,Rice,Rabi,Rainfed,Central,183.87,9.52,8.941
16.57,1037.84,Clay,Barley,Kharif,Drip,South,50.02,6.3,10.932
18.04,1315.49,Clay,Maize,Rabi,Sprinkler,North,187.75,10.5,14.726
28.18,1054.52,Silty,Rice,Zaid,Drip,South,45.21,4.21,8.976
22.84,920.21,Clay,Maize,Rabi,Drip,Central,44.57,9.9,9.526
16.3,540.06,Loamy,Maize,Rabi,Sprinkler,South,129.91,6.35,9.018
26.99,632.6,Loamy,Rice,Rabi,Sprinkler,West,144.41,9.71,12.543
29.43,643.43,Loamy,Sorghum,Rabi,Rainfed,North,55.75,10.41,8.82
15.64,988.79,Sandy,Barley,Rabi,Sprinkler,North,25.1,4.48,8.001
30.94,807.07,Silty,Rice,Rabi,Flood,Central,70.36,6.39,10.056
35.5,297.33,Loamy,Maize,Rabi,Sprinkler,East,176.56,6.97,10.11
17.37,895.7,Clay,Maize,Rabi,Rainfed,Central,142.78,6.23,10.593
16.97,1483.59,Loamy,Barley,Zaid,Flood,Central,175.23,4.41,12.925
17.7,240.12,Clay,Rice,Zaid,Drip,North,81.67,11.97,8.725
20.64,449.87,Loamy,Rice,Kharif,Flood,South,100.06,5.65,6.586
35.86,555.82,Clay,Maize,Zaid,Flood,Central,132.69,6.32,10.993
23.39,361.57,Silty,Rice,Rabi,Rainfed,North,140.0,4.29,9.097
18.47,516.06,Clay,Sorghum,Zaid,Sprinkler,Central,109.55,6.99,8.893
34.36,926.19,Sandy,Maize,Zaid,Sprinkler,West,66.75,5.34,10.219
30.92,792.84,Sandy,Rice,Kharif,Drip,Central,139.35,10.74,11.867
33.16,852.5,Loamy,Sorghum,Zaid,Flood,West,37.54,7.06,9.951
38.75,1450.25,Loamy,Maize,Rabi,Sprinkler,South,109.19,5.07,12.353
36.02,674.55,Loamy,Barley,Kharif,Flood,North,108.15,9.99,12.552
33.04,625.77,Loamy,Wheat,Rabi,Drip,Central,158.63,11.17,11.482
19.38,492.8,Loamy,Rice,Rabi,Flood,East,147.07,5.03,7.944
37.91,1438.08,Sandy,Maize,Rabi,Sprinkler,North,173.91,6.81,13.983
33.13,336.39,Sandy,Wheat,Rabi,Drip,North,68.91,6.78,7.423
23.51,1173.33,Sandy,Barley,Rabi,Flood,East,156.36,8.0,12.934
37.36,1017.54,Clay,Rice,Rabi,Sprinkler,East,140.66,9.67,13.01
19.41,922.49,Loamy,Sorghum,Kharif,Rainfed,West,17.33,8.56,8.484
23.84,439.7,Peaty,Maize,Zaid,Drip,Central,98.56,4.01,7.787
25.72,338.9,Peaty,Wheat,Rabi,Rainfed,South,146.24,9.52,9.612
39.53,287.0,Peaty,Rice,Zaid,Drip,East,148.62,10.65,9.791
19.89,442.66,Clay,Maize,Rabi,Sprinkler,East,14.31,7.19,5.648
39.34,979.44,Silty,Rice,Rabi,Rainfed,West,62.96,11.49,11.376
27.74,1432.64,Clay,Wheat,Rabi,Flood,North,15.23,6.18,10.762
21.44,928.23,Silty,Barley,Rabi,Flood,East,79.62,6.61,9.604
32.6,1107.11,Silty,Rice,Kharif,Rainfed,Central,95.25,6.64,10.88
38.19,1198.78,Loamy,Maize,Kharif,Sprinkler,North,91.08,8.72,12.219
17.04,931.44,Peaty,Maize,Rabi,Drip,South,195.21,9.26,13.448
39.61,909.02,Loamy,Rice,Kharif,Rainfed,West,84.32,5.82,11.833
35.56,950.57,Loamy,Barley,Rabi,Sprinkler,South,91.3,10.61,11.455
16.7,370.52,Sandy,Wheat,Rabi,Drip,South,48.15,5.64,5.426
37.6,1199.38,Silty,Barley,Kharif,Drip,West,50.06,11.26,10.868
24.16,1457.3,Loamy,Maize,Kharif,Sprinkler,West,44.21,11.58,14.614
21.03,731.8,Loamy,Wheat,Rabi,Drip,West,139.31,11.53,11.211
25.16,565.35,Loamy,Barley,Zaid,Drip,East,140.58,7.61,10.079
24.62,1054.91,Silty,Rice,Kharif,Rainfed,South,53.63,5.58,9.452
30.64,391.12,Clay,Barley,Kharif,Rainfed,West,194.99,8.3,11.749
32.85,805.8,Loamy,Rice,Rabi,Flood,South,119.37,4.54,8.735
28.46,922.6,Clay,Barley,Kharif,Rainfed,North,79.53,5.34,10.162
35.12,442.59,Sandy,Wheat,Kharif,Sprinkler,North,48.23,6.84,7.873
24.85,1390.45,Clay,Maize,Kharif,Sprinkler,East,172.37,10.17,15.312
17.98,443.85,Loamy,Wheat,Kharif,Rainfed,West,195.82,8.77,10.359
19.78,1250.7,Peaty,Barley,Rabi,Rainfed,East,141.37,11.63,13.139
29.52,1137.97,Sandy,Rice,Kharif,Drip,Central,124.6,6.88,11.781
22.57,1225.79,Clay,Barley,Rabi,Drip,Central,183.24,8.14,12.388
35.38,555.64,Loamy,Barley,Kharif,Flood,South,11.62,9.59,7.918
21.72,532.53,Clay,Rice,Rabi,Flood,Central,127.11,7.66,8.741
29.64,239.71,Sandy,Rice,Rabi,Drip,West,117.9,11.75,11.426
17.26,488.85,Loamy,Sorghum,Kharif,Flood,Central,166.69,10.59,9.98
35.15,745.07,Clay,Rice,Kharif,Sprinkler,Central,187.27,6.43,13.267
28.59,683.93,Silty,Wheat,Rabi,Drip,East,192.88,10.15,12.769
21.52,331.5,Sandy,Barley,Kharif,Sprinkler,East,47.34,9.05,7.493
32.2,1429.01,Loamy,Barley,Zaid,Flood,North,63.57,9.36,13.843
26.78,1287.96,Clay,Barley,Kharif,Sprinkler,South,85.08,4.59,10.405
37.29,1051.13,Peaty,Wheat,Kharif,Sprinkler,West,116.4,10.42,13.103
33.51,381.56,Clay,Maize,Kharif,Rainfed,North,121.27,6.67,8.718
38.87,1073.99,Loamy,Rice,Zaid,Drip,West,107.66,11.49,14.024
38.33,1496.93,Clay,Barley,Rabi,Sprinkler,South,148.07,6.37,13.873
17.41,1214.81,Clay,Wheat,Zaid,Flood,East,169.71,11.44,14.209
21.63,509.82,Clay,Sorghum,Rabi,Rainfed,South,69.72,4.32,7.643
18.41,908.64,Sandy,Wheat,Rabi,Drip,South,92.49,5.57,9.347
23.02,1059.37,Clay,Maize,Rabi,Flood,West,163.6,8.17,11.222
30.41,468.83,Loamy,Rice,Kharif,Drip,West,90.69,10.48,10.687
19.19,754.88,Loamy,Sorghum,Rabi,Sprinkler,East,192.19,5.53,11.793
23.96,1453.39,Clay,Barley,Kharif,Drip,Central,158.33,10.22,15.62
17.32,305.39,Silty,Rice,Zaid,Sprinkler,Central,103.52,8.61,7.104
15.45,871.8,Clay,Rice,Kharif,Sprinkler,South,100.91,8.91,10.392
35.41,1029.16,Loamy,Rice,Kharif,Flood,East,64.81,8.99,11.279
16.12,1073.9,Silty,Barley,Rabi,Flood,East,27.95,7.76,9.266
15.45,1130.07,Loamy,Rice,Kharif,Sprinkler,East,127.02,5.93,12.001
30.04,579.55,Clay,Barley,Rabi,Drip,Central,66.01,7.48,9.313
38.71,877.93,Clay,Wheat,Kharif,Flood,East,169.16,8.73,13.313
33.65,758.37,Clay,Barley,Kharif,Flood,East,176.56,5.3,11.08
19.58,1262.56,Clay,Barley,Kharif,Rainfed,East,61.77,5.04,10.955
38.19,1368.73,Loamy,Barley,Rabi,Rainfed,West,18.01,10.31,11.399
15.16,781.18,Peaty,Rice,Zaid,Drip,North,111.13,4.77,9.155
37.06,1279.11,Sandy,Barley,Zaid,Sprinkler,Central,41.7,8.62,12.449
25.82,398.97,Silty,Maize,Zaid,Rainfed,South,20.59,4.79,5.882
18.67,970.38,Sandy,Wheat,Kharif,Sprinkler,West,188.13,5.7,11.512
19.15,1139.42,Peaty,Sorghum,Kharif,Rainfed,West,189.61,5.13,13.92
38.52,769.28,Sandy,Maize,Rabi,Sprinkler,South,22.43,7.71,7.906
16.81,1101.46,Clay,Maize,Rabi,Rainfed,North,112.11,6.83,11.395
21.88,1169.76,Clay,Wheat,Rabi,Sprinkler,West,56.0,4.98,9.387
36.29,1236.26,Clay,Wheat,Zaid,Drip,Central,69.15,7.13,11.113
28.39,1451.02,Clay,Rice,Rabi,Rainfed,West,95.07,5.71,12.623
37.13,308.63,Peaty,Barley,Kharif,Flood,South,37.67,5.88,7.229
19.38,1284.54,Silty,Rice,Kharif,Rainfed,West,27.14,11.87,12.063
39.98,377.68,Clay,Barley,Zaid,Drip,East,169.69,10.83,11.569
28.03,580.73,Loamy,Wheat,Kharif,Flood,Central,175.78,4.09,9.304
25.58,430.32,Loamy,Barley,Kharif,Flood,Central,175.79,9.34,11.443
15.07,1080.79,Clay,Barley,Zaid,Drip,East,75.44,9.16,9.868
23.84,1027.04,Peaty,Wheat,Rabi,Drip,West,142.81,8.94,10.828
38.06,283.38,Sandy,Maize,Rabi,Sprinkler,South,16.93,4.29,6.5
16.86,778.63,Loamy,Maize,Zaid,Drip,North,197.53,9.18,11.827
23.61,965.83,Sandy,Barley,Rabi,Sprinkler,West,29.2,9.86,9.901
20.2,349.7,Loamy,Rice,Kharif,Flood,North,145.82,4.21,7.352
20.86,1031.57,Peaty,Rice,Kharif,Rainfed,West,146.43,8.92,10.786
24.37,1195.75,Silty,Wheat,Rabi,Rainfed,North,146.13,8.3,11.537
27.72,1186.34,Sandy,Wheat,Rabi,Sprinkler,Central,73.09,8.95,11.628
31.2,1061.03,Silty,Rice,Kharif,Drip,East,192.52,4.36,11.712
16.39,741.1,Loamy,Maize,Rabi,Drip,Central,127.37,5.65,10.262
18.57,628.34,Sandy,Barley,Kharif,Rainfed,South,196.37,6.99,11.501
39.93,628.67,Loamy,Maize,Kharif,Sprinkler,North,148.27,7.23,11.994
39.58,1262.19,Sandy,Barley,Kharif,Flood,Central,70.56,12.0,12.705
32.35,669.23,Silty,Rice,Kharif,Sprinkler,Central,125.37,10.68,11.406
36.58,1369.02,Sandy,Barley,Kharif,Rainfed,East,192.1,6.4,16.136
17.1,911.13,Clay,Wheat,Zaid,Sprinkler,West,48.23,11.15,10.04
32.35,568.6,Silty,Barley,Rabi,Sprinkler,Central,58.81,4.6,6.457
30.87,1051.23,Clay,Wheat,Kharif,Drip,West,130.66,4.58,11.578
25.0,1003.9,Silty,Rice,Rabi,Drip,South,77.37,7.1,9.782
21.92,502.5,Silty,Wheat,Kharif,Flood,Central,181.82,8.79,11.547
16.01,1427.28,Silty,Rice,Zaid,Sprinkler,West,57.77,8.27,11.711
36.03,687.89,Peaty,Wheat,Kharif,Rainfed,Central,170.7,5.5,10.731
21.78,1152.22,Sandy,Barley,Kharif,Flood,West,157.55,4.01,11.236
27.03,1191.59,Sandy,Rice,Kharif,Sprinkler,North,50.01,9.38,12.479
28.89,1054.81,Loamy,Maize,Rabi,Sprinkler,Central,152.74,9.72,14.067
16.72,1368.43,Clay,Maize,Kharif,Drip,South,96.03,4.19,10.889
22.43,1122.41,Peaty,Maize,Zaid,Sprinkler,West,153.1,9.5,13.029
26.7,845.15,Loamy,Wheat,Kharif,Sprinkler,East,97.86,6.65,10.707
17.94,378.44,Loamy,Rice,Rabi,Rainfed,North,132.17,10.11,9.898
37.36,1341.67,Loamy,Sorghum,Zaid,Flood,North,64.7,8.96,12.851
20.23,1261.4,Loamy,Maize,Kharif,Sprinkler,South,181.23,7.85,12.499
32.74,1056.72,Clay,Wheat,Kharif,Sprinkler,West,86.3,7.75,11.467
21.46,931.08,Clay,Barley,Zaid,Drip,West,14.68,6.14,7.691
27.44,1142.35,Sandy,Maize,Zaid,Flood,North,21.13,9.13,12.39
37.04,443.07,Clay,Sorghum,Rabi,Flood,North,143.88,6.38,9.96
39.46,1281.37,Loamy,Wheat,Rabi,Flood,East,31.24,9.59,12.613
37.93,812.04,Clay,Wheat,Kharif,Drip,North,41.57,7.86,9.838
25.96,452.33,Peaty,Rice,Rabi,Flood,East,145.32,9.07,9.419
33.42,208.55,Clay,Wheat,Kharif,Sprinkler,North,35.96,11.16,8.803
33.82,213.96,Sandy,Sorghum,Kharif,Rainfed,South,163.22,7.72,11.055
18.93,1212.28,Silty,Maize,Rabi,Sprinkler,South,138.65,6.88,12.617
31.81,1427.66,Loamy,Sorghum,Zaid,Flood,East,59.63,11.58,14.022
30.78,377.57,Loamy,Maize,Kharif,Drip,East,57.89,7.96,7.319
24.02,942.14,Silty,Barley,Rabi,Rainfed,Central,99.48,8.27,9.87
23.57,1037.23,Loamy,Sorghum,Kharif,Flood,North,61.87,9.2,10.13
22.16,1151.32,Clay,Sorghum,Rabi,Flood,Central,180.42,6.6,11.85
28.35,1236.76,Peaty,Sorghum,Kharif,Sprinkler,North,185.44,4.68,11.761
38.59,1452.79,Silty,Wheat,Zaid,Drip,Central,154.82,9.47,16.462
24.69,656.5,Silty,Wheat,Zaid,Sprinkler,Central,36.52,9.8,8.15
34.98,1337.21,Sandy,Wheat,Kharif,Rainfed,West,141.41,4.8,12.711
28.75,926.83,Loamy,Maize,Zaid,Flood,West,157.73,9.41,12.389
27.95,898.88,Clay,Barley,Zaid,Sprinkler,North,69.45,9.88,10.546
26.21,1021.64,Clay,Rice,Rabi,Rainfed,South,77.06,4.54,9.469
16.26,744.37,Peaty,Wheat,Rabi,Flood,North,23.35,5.17,5.325
39.81,1308.99,Loamy,Barley,Kharif,Flood,South,113.6,10.54,14.568
20.94,1104.91,Sandy,Barley,Rabi,Drip,West,71.0,11.31,11.975
23.93,1007.22,Silty,Maize,Rabi,Sprinkler,North,10.5,7.91,9.777
16.66,572.94,Loamy,Sorghum,Rabi,Sprinkler,South,13.63,6.14,8.231
36.13,270.69,Loamy,Rice,Rabi,Flood,East,197.29,11.12,12.475
21.65,564.74,Clay,Barley,Kharif,Drip,South,110.09,6.59,9.981
29.96,452.95,Loamy,Wheat,Kharif,Drip,West,129.95,7.63,9.019
37.32,364.46,Loamy,Rice,Kharif,Rainfed,South,158.47,5.13,9.758
21.02,289.97,Sandy,Wheat,Rabi,Sprinkler,East,152.51,7.92,9.273
32.83,1407.75,Clay,Wheat,Rabi,Flood,East,113.67,11.78,13.958
18.63,950.7,Silty,Maize,Kharif,Drip,South,142.95,11.68,11.186
34.02,220.9,Silty,Barley,Rabi,Rainfed,Central,154.7,9.63,9.377
39.67,647.64,Loamy,Rice,Zaid,Sprinkler,East,178.03,9.7,12.261
35.14,1272.75,Sandy,Sorghum,Kharif,Flood,South,160.04,8.31,12.147
30.44,806.05,Loamy,Rice,Kharif,Flood,East,76.04,6.57,9.578
36.13,1003.53,Loamy,Rice,Zaid,Drip,West,148.25,8.99,13.29
27.46,1476.73,Clay,Maize,Kharif,Drip,South,64.34,9.12,12.383
22.39,960.1,Loamy,Sorghum,Rabi,Flood,South,39.28,9.5,11.361
15.91,325.52,Loamy,Barley,Kharif,Rainfed,North,67.42,7.78,7.382
32.24,558.26,Peaty,Maize,Rabi,Flood,Central,46.78,4.99,7.599
25.65,870.57,Silty,Barley,Rabi,Drip,West,164.39,10.89,13.385
19.65,805.63,Clay,Rice,Kharif,Rainfed,South,127.57,6.7,10.243
16.9,588.18,Sandy,Maize,Rabi,Flood,East,186.96,6.06,11.181
20.8,584.05,Clay,Rice,Rabi,Sprinkler,West,133.79,4.12,7.611
30.67,836.9,Clay,Maize,Kharif,Drip,North,131.19,11.56,12.953
29.08,571.76,Loamy,Rice,Kharif,Flood,East,114.06,5.01,7.539
35.68,701.77,Sandy,Maize,Rabi,Rainfed,West,36.36,7.3,8.754
35.13,391.25,Clay,Rice,Kharif,Flood,Central,34.39,4.63,5.939
23.15,1071.92,Loamy,Rice,Kharif,Sprinkler,South,199.7,6.45,14.061
38.18,1046.61,Peaty,Barley,Kharif,Flood,North,159.87,10.47,14.375
29.32,963.93,Silty,Barley,Rabi,Rainfed,North,199.59,10.62,13.618
23.46,1363.77,Clay,Maize,Rabi,Drip,West,111.2,6.99,13.431
28.6,667.15,Sandy,Rice,Zaid,Flood,South,23.29,11.66,9.032
39.78,1418.38,Clay,Rice,Rabi,Flood,North,25.19,11.03,13.903
37.01,630.91,Loamy,Wheat,Kharif,Drip,North,147.73,5.48,11.51
33.98,1439.04,Peaty,Maize,Rabi,Flood,Central,189.4,4.74,13.776
37.02,505.74,Clay,Maize,Rabi,Sprinkler,Central,47.48,8.37,9.11
28.77,268.6,Silty,Rice,Kharif,Flood,East,21.57,7.93,7.759
37.28,1015.3,Loamy,Maize,Kharif,Rainfed,South,116.97,6.62,11.958
17.58,716.21,Loamy,Maize,Kharif,Flood,East,71.25,4.12,8.046
19.45,501.31,Silty,Barley,Rabi,Drip,South,85.04,6.39,7.584
17.85,631.34,Sandy,Wheat,Kharif,Drip,East,132.08,7.72,9.616
36.52,1238.3,Sandy,Rice,Kharif,Drip,West,136.8,8.39,13.367
27.32,809.76,Silty,Sorghum,Rabi,Drip,West,109.88,11.06,11.932
39.97,300.22,Clay,Wheat,Rabi,Rainfed,North,141.42,9.86,10.954
18.69,918.53,Clay,Barley,Rabi,Sprinkler,West,139.74,11.79,11.299
18.57,1146.45,Loamy,Rice,Kharif,Rainfed,North,124.29,10.76,13.482
19.74,796.42,Sandy,Maize,Rabi,Flood,West,34.34,9.65,10.343
16.86,659.0,Sandy,Rice,Rabi,Flood,West,13.29,8.53,7.623
37.37,608.81,Sandy,Barley,Rabi,Rainfed,South,107.7,8.88,9.386
22.52,894.42,Silty,Rice,Rabi,Flood,West,64.18,10.18,10.053
21.01,553.05,Loamy,Barley,Rabi,Sprinkler,South,59.8,6.71,7.885
39.12,1228.89,Sandy,Wheat,Zaid,Flood,West,21.56,5.25,10.348
37.02,384.2,Silty,Wheat,Zaid,Rainfed,North,18.67,8.72,8.94
26.63,485.81,Silty,Barley,Kharif,Drip,Central,77.01,5.12,9.324
25.77,1319.35,Silty,Barley,Rabi,Drip,South,63.49,4.44,11.606
37.15,811.08,Peaty,Maize,Kharif,Drip,North,32.56,9.39,10.853
24.88,1402.11,Clay,Maize,Rabi,Flood,North,50.12,7.62,10.9
23.82,1385.84,Loamy,Wheat,Zaid,Flood,West,52.61,10.38,12.179
18.05,777.92,Silty,Rice,Kharif,Drip,East,13.28,6.39,6.941
24.2,585.45,Peaty,Sorghum,Kharif,Rainfed,North,151.58,11.54,10.475
15.54,900.62,Clay,Maize,Rabi,Drip,Central,17.4,7.17,7.646
18.43,885.85,Silty,Maize,Zaid,Drip,East,114.1,7.33,9.709
16.53,772.76,Sandy,Rice,Zaid,Flood,West,15.8,5.1,6.601
26.27,459.96,Sandy,Rice,Kharif,Rainfed,South,67.13,4.86,7.814
22.99,498.76,Silty,Barley,Kharif,Drip,East,126.65,4.99,9.07
28.89,1259.01,Silty,Maize,Zaid,Flood,South,36.2,8.56,9.643
30.57,1000.09,Clay,Rice,Rabi,Drip,South,129.0,7.47,12.195
32.8,1353.36,Sandy,Rice,Rabi,Drip,North,103.22,5.46,11.42
39.93,650.74,Peaty,Barley,Kharif,Drip,East,158.44,8.7,12.576
30.74,684.65,Loamy,Wheat,Zaid,Sprinkler,North,184.19,5.13,9.386
16.83,718.88,Loamy,Wheat,Zaid,Drip,East,134.73,5.09,9.231
25.5,881.52,Sandy,Barley,Rabi,Rainfed,North,78.4,11.35,11.828
37.08,684.55,Loamy,Maize,Zaid,Rainfed,East,134.65,6.85,9.334
30.37,745.82,Sandy,Wheat,Rabi,Rainfed,South,25.48,5.41,7.709
38.49,256.22,Clay,Barley,Rabi,Drip,North,116.04,7.47,8.398
28.55,650.12,Sandy,Rice,Rabi,Drip,Central,89.33,8.76,11.259
16.88,994.1,Loamy,Wheat,Rabi,Rainfed,North,132.41,5.9,11.264
17.32,852.26,Loamy,Barley,Rabi,Rainfed,East,65.71,11.57,10.398
16.94,996.76,Loamy,Maize,Kharif,Flood,East,174.77,11.16,12.787
27.05,919.94,Sandy,Maize,Kharif,Flood,Central,94.11,11.46,12.01
18.49,715.37,Loamy,Wheat,Rabi,Drip,Central,157.07,11.61,11.364
17.89,834.82,Silty,Rice,Kharif,Rainfed,North,159.11,7.33,11.195
33.54,1089.59,Peaty,Rice,Rabi,Sprinkler,East,70.64,8.19,11.807
32.8,1198.64,Silty,Maize,Rabi,Flood,West,52.71,4.77,9.949
37.87,619.84,Sandy,Sorghum,Rabi,Flood,South,51.0,4.41,8.727
17.59,716.14,Loamy,Rice,Kharif,Sprinkler,North,27.83,5.92,7.145
35.28,903.22,Silty,Rice,Kharif,Rainfed,West,185.54,5.65,12.841
15.7,1498.71,Sandy,Maize,Kharif,Sprinkler,Central,145.51,11.55,13.32
28.88,1367.37,Loamy,Maize,Kharif,Flood,South,17.75,7.53,10.285
29.61,1356.16,Silty,Wheat,Zaid,Flood,East,111.3,6.81,12.536
17.06,456.91,Silty,Barley,Kharif,Drip,North,111.41,10.49,8.422
38.19,775.89,Silty,Barley,Kharif,Flood,South,77.71,10.63,11.614
35.93,513.57,Clay,Wheat,Zaid,Flood,South,21.0,4.36,7.858
37.21,788.8,Clay,Rice,Zaid,Flood,Central,14.97,10.98,10.354
28.99,353.81,Loamy,Barley,Kharif,Rainfed,Central,10.57,11.43,8.469
18.09,1105.09,Loamy,Barley,Zaid,Flood,Central,109.15,6.36,10.554
37.8,1021.16,Clay,Rice,Kharif,Flood,West,125.81,5.96,11.34
28.41,597.49,Clay,Maize,Zaid,Flood,North,48.33,7.68,9.913
21.92,259.27,Sandy,Rice,Rabi,Flood,North,30.6,10.45,7.931
17.77,671.48,Loamy,Barley,Kharif,Drip,East,64.14,9.37,9.959
21.01,356.47,Sandy,Maize,Kharif,Drip,West,190.49,10.9,10.894
29.77,828.89,Loamy,Maize,Kharif,Sprinkler,West,43.87,7.61,9.62
26.26,1187.45,Clay,Rice,Kharif,Flood,Central,51.26,8.53,10.387
28.41,660.16,Loamy,Sorghum,Rabi,Rainfed,North,107.15,5.23,9.122
38.56,208.12,Clay,Rice,Kharif,Drip,Central,197.03,5.74,9.53
21.36,691.52,Silty,Wheat,Rabi,Sprinkler,North,181.16,7.5,10.637
29.43,523.72,Sandy,Wheat,Zaid,Drip,East,88.99,10.46,8.935
19.14,1398.97,Clay,Wheat,Rabi,Flood,West,111.53,7.17,11.915
15.28,584.94,Silty,Rice,Kharif,Flood,West,169.45,8.23,8.961
38.51,258.42,Sandy,Maize,Zaid,Rainfed,West,122.07,10.94,8.442
21.98,1331.87,Loamy,Barley,Rabi,Rainfed,North,65.13,7.05,11.101
19.45,1115.61,Clay,Barley,Kharif,Sprinkler,South,93.14,6.76,10.823
27.39,566.36,Sandy,Barley,Rabi,Flood,West,120.98,10.71,11.355
38.4,1367.65,Sandy,Wheat,Rabi,Rainfed,South,51.67,6.65,9.683
37.47,306.43,Sandy,Wheat,Kharif,Drip,South,161.92,5.39,9.429
33.51,422.64,Loamy,Rice,Kharif,Sprinkler,West,181.34,9.96,12.064
26.29,1257.51,Sandy,Maize,Zaid,Flood,East,38.08,7.77,12.75
31.21,279.23,Loamy,Wheat,Rabi,Sprinkler,North,90.42,10.29,9.403
36.24,1171.76,Clay,Wheat,Rabi,Rainfed,North,118.07,5.35,11.847
29.58,1198.34,Loamy,Maize,Kharif,Flood,North,92.91,7.35,11.919
27.99,933.67,Loamy,Maize,Rabi,Rainfed,East,22.19,10.64,10.084
19.86,727.27,Silty,Rice,Rabi,Drip,East,181.31,4.15,10.553
35.17,372.79,Silty,Rice,Kharif,Drip,South,64.24,5.06,8.846
28.02,936.93,Clay,Barley,Zaid,Drip,Central,84.11,6.85,10.693
21.05,1444.5,Sandy,Barley,Kharif,Drip,East,145.33,5.54,12.469
22.26,677.61,Silty,Rice,Rabi,Rainfed,Central,127.83,11.21,12.144
27.5,424.13,Silty,Maize,Kharif,Rainfed,East,95.05,10.26,9.291
25.32,906.91,Clay,Maize,Kharif,Flood,North,142.97,10.88,11.914
15.82,1292.6,Clay,Barley,Zaid,Flood,East,10.82,6.83,10.649
23.95,425.74,Loamy,Maize,Rabi,Flood,West,58.37,6.15,7.817
26.92,474.46,Loamy,Barley,Rabi,Sprinkler,South,125.8,11.93,11.168
23.23,500.79,Clay,Wheat,Kharif,Rainfed,West,106.92,7.18,8.66
23.37,584.73,Sandy,Rice,Kharif,Flood,South,91.92,5.71,8.601
25.84,767.92,Sandy,Barley,Rabi,Flood,East,164.32,6.97,11.727
36.08,1240.56,Silty,Wheat,Rabi,Flood,East,94.07,4.17,11.076
19.59,772.35,Sandy,Rice,Kharif,Drip,East,163.54,8.27,10.793
39.44,1347.75,Silty,Maize,Kharif,Flood,South,104.86,4.89,12.212
31.46,1067.47,Silty,Maize,Rabi,Rainfed,East,163.65,4.51,11.829
20.07,1407.17,Sandy,Barley,Zaid,Sprinkler,West,11.06,6.61,9.049
39.75,1089.0,Silty,Sorghum,Zaid,Flood,West,87.9,11.66,13.031
19.65,973.13,Clay,Rice,Zaid,Flood,West,133.44,8.38,11.607
16.11,1386.81,Sandy,Barley,Kharif,Flood,South,22.46,6.51,9.816
36.81,1248.92,Clay,Rice,Zaid,Rainfed,West,37.54,11.16,11.506
26.07,452.36,Sandy,Wheat,Kharif,Sprinkler,North,90.35,8.77,8.567
22.36,885.6,Sandy,Rice,Rabi,Rainfed,West,20.86,8.13,8.9
19.13,1094.84,Silty,Wheat,Rabi,Rainfed,South,195.73,10.83,13.592
31.36,930.16,Silty,Maize,Kharif,Sprinkler,North,19.5,10.84,9.744
23.64,360.94,Sandy,Sorghum,Zaid,Drip,North,13.26,9.63,6.917
25.2,325.58,Sandy,Rice,Kharif,Sprinkler,West,125.87,8.9,9.438
33.1,724.65,Peaty,Wheat,Kharif,Drip,East,128.8,11.11,14.219
20.31,1423.71,Clay,Maize,Kharif,Sprinkler,North,157.16,4.79,13.593
37.06,550.1,Loamy,Barley,Rabi,Flood,North,68.17,6.38,8.734
30.46,879.4,Loamy,Barley,Kharif,Rainfed,South,146.84,4.08,11.737
30.05,1123.2,Loamy,Maize,Rabi,Sprinkler,Central,100.27,10.64,13.131
26.8,425.75,Clay,Barley,Rabi,Flood,Central,83.34,6.88,8.256
25.22,980.23,Sandy,Rice,Kharif,Rainfed,Central,109.42,5.95,11.308
23.73,959.78,Clay,Barley,Kharif,Drip,West,21.22,9.89,10.78
28.01,275.26,Silty,Wheat,Rabi,Flood,East,30.13,4.05,4.74
24.26,681.46,Silty,Rice,Kharif,Flood,West,71.08,7.73,7.355
31.97,541.54,Silty,Sorghum,Kharif,Rainfed,South,88.26,11.94,10.781
27.85,556.35,Loamy,Rice,Kharif,Drip,South,191.08,9.86,11.543
20.27,505.06,Clay,Wheat,Rabi,Rainfed,West,174.49,5.21,10.052
19.41,681.74,Silty,Rice,Kharif,Sprinkler,West,183.7,4.45,11.284
27.41,342.5,Clay,Rice,Kharif,Rainfed,West,154.38,4.98,9.24
27.37,200.04,Sandy,Maize,Kharif,Sprinkler,West,31.38,6.74,6.784
38.95,689.03,Clay,Rice,Kharif,Drip,East,124.04,8.29,10.617
18.9,950.39,Sandy,Rice,Rabi,Sprinkler,East,98.79,11.64,11.804
25.01,1018.43,Loamy,Maize,Rabi,Drip,Central,72.26,6.48,8.581
39.81,1096.35,Peaty,Barley,Zaid,Rainfed,South,135.41,8.83,12.314
17.01,1106.13,Loamy,Sorghum,Rabi,Flood,West,108.04,5.96,10.642
26.66,321.07,Clay,Rice,Rabi,Flood,West,62.67,10.47,7.726
38.1,1203.18,Silty,Rice,Rabi,Sprinkler,South,30.78,8.49,11.451
36.1,759.16,Clay,Rice,Kharif,Rainfed,South,64.44,11.01,11.026
19.34,1412.94,Sandy,Maize,Kharif,Sprinkler,West,66.93,5.0,11.467
30.63,1260.68,Sandy,Wheat,Kharif,Drip,West,66.42,7.98,11.323
15.85,1165.78,Silty,Maize,Rabi,Rainfed,West,113.82,11.12,12.767
39.17,1180.46,Loamy,Wheat,Kharif,Rainfed,South,133.18,11.4,13.504
31.78,1133.73,Silty,Rice,Rabi,Flood,East,26.92,6.57,11.226
39.09,560.77,Loamy,Rice,Rabi,Sprinkler,East,112.67,7.86,11.231
28.97,1270.04,Loamy,Barley,Rabi,Flood,East,64.41,6.37,12.491
22.43,571.83,Silty,Barley,Kharif,Flood,West,61.39,4.44,8.205
27.51,795.55,Sandy,Wheat,Rabi,Drip,South,43.78,8.33,9.494
37.11,1174.1,Sandy,Barley,Rabi,Rainfed,South,94.97,4.22,10.921
33.95,1021.97,Peaty,Sorghum,Zaid,Sprinkler,North,182.38,11.47,13.761
35.63,210.01,Loamy,Barley,Zaid,Drip,West,60.03,7.59,7.373
21.62,735.9,Sandy,Wheat,Zaid,Flood,Central,73.93,10.34,10.941
15.35,360.53,Loamy,Maize,Kharif,Drip,East,87.93,8.32,7.042
37.15,723.37,Silty,Maize,Rabi,Flood,West,80.38,4.57,10.297
21.92,1035.45,Silty,Wheat,Kharif,Sprinkler,South,149.11,5.49,10.443
25.16,210.63,Loamy,Rice,Rabi,Sprinkler,South,165.83,10.12,8.455
31.07,785.06,Loamy,Rice,Zaid,Sprinkler,South,103.69,5.15,10.039
17.76,672.21,Sandy,Maize,Kharif,Drip,North,95.24,8.34,9.896
33.67,1128.14,Loamy,Rice,Rabi,Flood,South,193.68,11.4,14.448
15.93,415.74,Silty,Barley,Rabi,Sprinkler,East,190.34,10.23,10.982
24.9,539.81,Peaty,Wheat,Zaid,Flood,North,191.77,8.43,12.621
28.5,350.88,Clay,Maize,Kharif,Drip,South,43.88,11.34,7.97
15.67,944.76,Sandy,Rice,Rabi,Sprinkler,East,91.44,10.55,11.402
36.52,499.15,Sandy,Barley,Kharif,Drip,West,171.1,8.17,10.527
15.24,672.93,Sandy,Rice,Zaid,Flood,North,44.89,11.79,9.327
31.58,701.54,Sandy,Maize,Kharif,Sprinkler,Central,63.93,5.81,7.547
17.1,1456.6,Sandy,Barley,Kharif,Drip,Central,148.26,9.39,15.09
28.67,566.64,Loamy,Barley,Kharif,Flood,Central,157.69,4.46,10.521
24.25,894.4,Sandy,Wheat,Kharif,Sprinkler,West,123.35,7.87,10.623
20.29,886.24,Silty,Wheat,Kharif,Drip,North,26.0,6.4,9.155
20.85,1363.11,Clay,Maize,Rabi,Drip,East,197.19,10.92,16.042
32.38,983.64,Peaty,Maize,Zaid,Rainfed,West,167.22,6.97,11.582
34.5,973.55,Clay,Maize,Kharif,Drip,Central,135.12,11.47,12.975
34.85,916.58,Silty,Maize,Kharif,Rainfed,South,61.14,10.68,11.812
35.23,273.39,Loamy,Maize,Rabi,Flood,West,52.63,9.25,7.116
18.06,841.57,Silty,Barley,Rabi,Drip,North,131.25,8.81,12.469
29.16,253.61,Loamy,Barley,Rabi,Sprinkler,West,132.33,6.85,8.284
33.75,643.75,Sandy,Rice,Rabi,Drip,South,15.43,8.52,9.128
36.87,1432.85,Loamy,Wheat,Rabi,Flood,West,10.88,5.16,9.024
23.16,1189.27,Clay,Barley,Zaid,Drip,West,23.46,9.88,10.16
38.03,774.09,Loamy,Maize,Zaid,Drip,East,167.66,10.41,13.056
17.43,320.36,Loamy,Rice,Zaid,Drip,North,28.01,4.36,6.38
24.18,1348.02,Clay,Rice,Kharif,Flood,East,118.83,5.55,13.402
21.73,851.46,Silty,Wheat,Rabi,Sprinkler,Central,14.48,7.78,8.405
39.73,518.41,Loamy,Wheat,Rabi,Flood,South,162.42,8.85,12.102
24.0,1455.19,Loamy,Maize,Rabi,Flood,East,53.12,5.25,11.489
33.53,484.68,Loamy,Maize,Zaid,Drip,East,151.95,10.78,10.587
19.52,547.73,Silty,Maize,Zaid,Rainfed,West,136.54,8.64,9.553
35.16,481.59,Clay,Rice,Kharif,Flood,West,105.38,5.64,10.462
39.85,1177.01,Clay,Maize,Kharif,Flood,East,141.72,8.4,13.186
24.52,313.07,Clay,Sorghum,Kharif,Rainfed,South,167.7,6.83,8.227
25.38,1079.81,Peaty,Maize,Rabi,Rainfed,South,74.04,9.82,11.875
19.14,592.29,Loamy,Rice,Kharif,Drip,East,100.53,6.35,9.201
25.78,430.16,Silty,Maize,Zaid,Flood,South,94.07,8.9,9.555
20.62,408.85,Clay,Maize,Rabi,Flood,East,186.76,5.33,9.515
39.92,1472.18,Peaty,Wheat,Kharif,Flood,Central,63.6,4.27,13.226
28.97,311.57,Clay,Wheat,Rabi,Drip,East,124.13,10.84,10.113
17.43,919.98,Loamy,Rice,Rabi,Flood,West,198.35,9.15,12.902
26.43,379.93,Clay,Barley,Zaid,Drip,Central,177.42,8.44,12.229
29.32,695.99,Silty,Rice,Rabi,Drip,East,49.37,6.36,9.734
15.68,528.12,Sandy,Rice,Rabi,Drip,West,21.7,8.01,6.058
18.86,1207.04,Loamy,Rice,Kharif,Flood,Central,182.81,8.85,13.469
26.97,1121.45,Loamy,Rice,Rabi,Drip,Central,167.34,8.64,13.035
16.79,397.89,Sandy,Rice,Kharif,Drip,West,188.41,9.64,10.342
28.41,294.54,Loamy,Wheat,Kharif,Rainfed,East,91.4,6.08,8.432
24.49,678.67,Clay,Sorghum,Rabi,Rainfed,South,77.56,11.95,9.971
18.22,724.4,Silty,Wheat,Kharif,Flood,Central,161.67,6.81,10.868
36.24,867.58,Loamy,Barley,Zaid,Sprinkler,South,101.97,5.37,11.46
21.88,1018.91,Sandy,Maize,Kharif,Rainfed,North,58.62,7.41,10.592
16.1,271.58,Sandy,Wheat,Zaid,Rainfed,North,186.65,9.68,10.303
29.67,759.26,Loamy,Wheat,Kharif,Flood,East,112.24,10.26,11.597
29.09,328.43,Clay,Sorghum,Rabi,Sprinkler,South,192.66,7.73,11.011
30.3,618.04,Sandy,Rice,Kharif,Sprinkler,Central,177.41,9.91,11.965
39.63,985.46,Loamy,Wheat,Kharif,Drip,North,179.37,6.7,12.285
17.06,1499.2,Loamy,Wheat,Kharif,Sprinkler,West,120.39,5.38,12.837
39.22,532.13,Peaty,Wheat,Kharif,Flood,Central,33.82,7.97,8.782
35.28,753.91,Silty,Barley,Rabi,Flood,Central,100.87,6.6,9.211
26.21,221.18,Silty,Wheat,Zaid,Sprinkler,East,197.94,10.77,10.209
25.69,785.95,Clay,Barley,Kharif,Flood,North,66.82,5.77,8.915
17.41,461.53,Loamy,Rice,Kharif,Flood,West,78.43,9.39,7.467
19.49,533.93,Sandy,Wheat,Rabi,Flood,Central,187.55,10.24,11.165
32.36,1109.93,Sandy,Maize,Rabi,Drip,Central,184.21,10.11,14.414
22.57,433.2,Sandy,Barley,Kharif,Drip,North,113.74,9.29,9.9
26.6,410.24,Loamy,Maize,Kharif,Flood,South,89.6,8.26,9.418
18.8,725.01,Loamy,Wheat,Rabi,Flood,Central,190.13,8.82,12.108
36.05,234.98,Sandy,Rice,Rabi,Rainfed,North,154.4,5.48,7.927
24.8,1142.33,Sandy,Wheat,Rabi,Drip,North,130.88,4.66,11.219
39.64,646.13,Peaty,Rice,Kharif,Flood,West,46.85,7.24,9.233
39.62,1458.58,Loamy,Rice,Rabi,Rainfed,South,111.15,5.18,12.22
15.83,1279.87,Peaty,Wheat,Zaid,Rainfed,North,69.64,4.87,10.478
18.72,707.62,Peaty,Barley,Kharif,Rainfed,North,195.04,9.23,12.63
35.03,1038.83,Loamy,Sorghum,Rabi,Flood,South,127.24,10.93,12.207
18.9,1282.41,Peaty,Rice,Kharif,Flood,East,193.06,11.85,16.016
35.66,1039.16,Peaty,Sorghum,Kharif,Flood,South,164.33,7.44,13.922
26.09,963.97,Silty,Rice,Rabi,Sprinkler,Central,18.27,7.27,10.133
33.87,1285.69,Silty,Wheat,Rabi,Sprinkler,West,91.6,9.76,13.593
38.33,210.91,Sandy,Sorghum,Rabi,Drip,West,106.7,11.31,10.417
36.21,1175.82,Clay,Rice,Kharif,Rainfed,Central,90.78,10.3,12.999
33.27,308.0,Clay,Barley,Zaid,Drip,South,82.84,6.94,8.672
22.26,745.04,Sandy,Maize,Zaid,Sprinkler,West,18.63,8.16,8.879
16.59,348.67,Loamy,Barley,Rabi,Sprinkler,West,17.99,6.47,5.667
31.15,953.85,Loamy,Barley,Rabi,Sprinkler,South,38.61,10.4,10.135
29.45,373.57,Silty,Maize,Rabi,Rainfed,East,67.12,8.85,9.449
38.9,888.18,Sandy,Maize,Rabi,Sprinkler,South,35.33,4.68,8.469
24.58,330.46,Loamy,Wheat,Zaid,Sprinkler,West,191.5,11.93,11.923
32.13,460.36,Sandy,Wheat,Zaid,Sprinkler,South,59.65,7.62,8.584
24.43,635.1,Sandy,Rice,Rabi,Rainfed,South,56.32,10.89,9.051
30.73,602.2,Silty,Sorghum,Zaid,Rainfed,Central,45.24,7.11,8.362
19.32,897.63,Sandy,Rice,Kharif,Rainfed,West,66.58,6.84,9.548
18.6,882.19,Loamy,Wheat,Rabi,Flood,South,32.74,7.6,7.59
32.69,1223.34,Sandy,Sorghum,Kharif,Flood,East,34.43,11.67,13.503
26.52,668.63,Loamy,Wheat,Rabi,Flood,South,92.24,10.4,10.02
18.6,421.76,Clay,Maize,Rabi,Rainfed,South,36.16,7.93,7.425
22.49,1455.86,Clay,Wheat,Kharif,Sprinkler,South,31.8,10.02,11.711
31.01,504.12,Loamy,Rice,Kharif,Flood,North,159.0,5.63,10.284
25.51,588.92,Loamy,Barley,Rabi,Drip,South,79.45,9.64,10.082
27.19,350.06,Loamy,Wheat,Rabi,Drip,South,38.25,6.35,6.155
18.93,1011.48,Clay,Barley,Rabi,Flood,East,40.33,8.09,9.922
26.05,1329.86,Silty,Barley,Rabi,Rainfed,North,190.85,8.09,14.211
36.91,605.21,Clay,Rice,Rabi,Flood,South,104.41,8.72,9.466
37.24,682.63,Peaty,Wheat,Kharif,Rainfed,North,152.26,10.21,12.784
26.52,1487.42,Peaty,Wheat,Kharif,Drip,Central,122.84,11.36,15.058
16.0,628.15,Silty,Rice,Zaid,Sprinkler,Central,26.02,10.16,7.317
34.18,1421.99,Sandy,Rice,Zaid,Flood,South,70.89,9.01,13.793
20.61,864.97,Loamy,Rice,Rabi,Flood,Central,54.87,8.22,8.569
32.28,935.99,Peaty,Rice,Kharif,Sprinkler,West,138.63,4.42,11.263
32.01,558.58,Silty,Wheat,Rabi,Sprinkler,Central,132.16,4.36,10.695
16.19,1387.3,Loamy,Wheat,Kharif,Flood,West,11.31,7.31,9.715
24.52,1171.41,Clay,Rice,Rabi,Flood,Central,154.43,5.47,11.886
34.48,888.47,Clay,Barley,Rabi,Sprinkler,North,24.18,7.68,10.372
32.51,1077.7,Loamy,Rice,Rabi,Drip,East,81.8,5.5,11.833
17.2,332.76,Loamy,Sorghum,Zaid,Rainfed,South,109.99,8.53,7.645
15.19,328.06,Loamy,Barley,Rabi,Sprinkler,West,166.67,4.34,7.284
26.1,874.94,Clay,Barley,Kharif,Sprinkler,South,15.0,7.34,7.87
15.98,1280.93,Sandy,Rice,Kharif,Drip,West,67.53,5.03,10.692
37.62,747.62,Silty,Maize,Rabi,Drip,East,68.5,5.72,9.253
23.92,1190.02,Sandy,Rice,Kharif,Rainfed,South,131.5,6.98,12.01
24.54,1491.73,Peaty,Rice,Rabi,Flood,East,53.31,10.19,13.021
26.82,907.3,Clay,Rice,Kharif,Sprinkler,North,62.93,8.14,10.846
35.5,861.66,Loamy,Rice,Rabi,Sprinkler,North,101.32,7.62,8.495
32.5,1468.74,Loamy,Wheat,Zaid,Drip,Central,102.48,7.77,14.407
37.72,351.16,Loamy,Wheat,Rabi,Drip,North,74.03,4.92,7.419
29.83,1374.88,Silty,Wheat,Rabi,Flood,East,183.27,10.74,15.34
19.16,947.38,Silty,Barley,Rabi,Drip,South,93.43,4.84,9.903
27.02,558.53,Silty,Barley,Kharif,Rainfed,North,13.08,11.42,9.404
18.15,1162.3,Clay,Sorghum,Rabi,Sprinkler,East,183.58,5.05,12.177
34.09,945.76,Clay,Wheat,Zaid,Drip,East,55.63,10.4,12.728
31.57,1258.59,Clay,Maize,Kharif,Sprinkler,West,138.61,10.74,13.704
22.67,485.42,Clay,Rice,Rabi,Sprinkler,East,86.09,5.13,7.365
25.87,906.72,Silty,Rice,Kharif,Flood,North,21.25,6.08,9.375
27.45,1175.93,Loamy,Sorghum,Zaid,Flood,East,114.45,5.92,12.811
28.08,571.31,Silty,Rice,Kharif,Drip,Central,114.88,5.79,7.874
39.12,628.21,Loamy,Sorghum,Rabi,Drip,East,47.31,8.08,10.363
20.18,1105.94,Loamy,Wheat,Kharif,Drip,South,68.1,6.45,9.505
19.18,334.75,Clay,Barley,Rabi,Flood,West,157.84,5.46,9.095
36.03,1050.23,Silty,Rice,Zaid,Sprinkler,South,44.48,10.21,11.36
34.01,489.22,Silty,Maize,Zaid,Drip,Central,92.31,8.58,8.882
34.54,1015.38,Silty,Rice,Zaid,Drip,North,117.33,4.78,11.192
31.65,446.32,Peaty,Barley,Rabi,Drip,South,96.88,6.82,8.334
33.03,508.07,Sandy,Rice,Kharif,Flood,Central,123.11,5.62,10.159
25.24,1187.67,Loamy,Barley,Kharif,Rainfed,West,14.55,8.8,9.067
27.6,755.34,Loamy,Maize,Rabi,Rainfed,Central,114.9,6.84,10.073
29.59,1202.51,Sandy,Barley,Rabi,Flood,East,157.48,5.21,12.366
18.21,844.24,Loamy,Wheat,Rabi,Rainfed,Central,78.64,4.33,8.612
39.27,693.88,Loamy,Maize,Kharif,Flood,West,121.89,6.48,10.01
35.72,398.58,Loamy,Maize,Kharif,Rainfed,North,108.25,8.14,9.29
34.87,1224.17,Clay,Wheat,Rabi,Flood,West,152.11,6.32,13.653
23.55,1179.36,Silty,Maize,Kharif,Sprinkler,Central,168.21,4.9,11.979
31.45,993.23,Clay,Barley,Zaid,Flood,Central,26.68,9.36,9.532
23.81,1360.9,Sandy,Maize,Kharif,Drip,South,91.95,7.06,13.156
35.29,1160.68,Sandy,Rice,Rabi,Flood,North,158.82,10.12,12.979
15.59,869.62,Silty,Barley,Rabi,Rainfed,Central,188.56,4.19,10.126
33.67,1345.18,Sandy,Rice,Rabi,Rainfed,Central,90.24,6.79,12.501
21.09,746.43,Silty,Rice,Rabi,Sprinkler,West,143.59,5.04,9.303
39.09,1386.92,Loamy,Wheat,Zaid,Drip,Central,189.46,8.87,14.611
39.3,366.34,Loamy,Barley,Kharif,Sprinkler,West,120.41,4.66,8.042
29.06,238.3,Sandy,Wheat,Rabi,Rainfed,South,174.24,4.18,9.594
15.12,972.95,Peaty,Rice,Rabi,Flood,North,187.44,4.6,12.53
29.99,396.56,Loamy,Maize,Zaid,Flood,North,137.86,8.33,9.621
24.78,1441.11,Clay,Rice,Zaid,Flood,South,75.97,4.2,11.277
38.33,1427.18,Silty,Wheat,Rabi,Flood,South,18.74,6.48,12.47
35.28,745.88,Loamy,Rice,Zaid,Sprinkler,Central,90.34,9.64,10.372
30.69,279.4,Silty,Rice,Rabi,Sprinkler,North,157.28,6.57,8.553
35.33,1477.5,Silty,Rice,Kharif,Drip,Central,20.95,4.05,9.563
29.18,730.93,Peaty,Barley,Zaid,Sprinkler,South,84.02,4.51,9.435
22.73,845.63,Peaty,Rice,Kharif,Sprinkler,West,59.2,7.33,8.604
26.96,640.93,Loamy,Rice,Kharif,Drip,North,61.49,5.72,7.322
22.52,594.42,Silty,Sorghum,Kharif,Flood,South,137.12,7.29,10.299
16.09,573.55,Clay,Rice,Rabi,Flood,East,134.29,6.41,10.057
17.41,611.76,Silty,Barley,Zaid,Drip,South,18.76,9.59,8.35
39.81,1080.64,Silty,Barley,Kharif,Drip,East,196.51,6.95,12.436
20.8,668.08,Peaty,Wheat,Kharif,Rainfed,East,134.48,6.09,8.503
27.27,1170.28,Silty,Rice,Rabi,Sprinkler,North,52.95,6.94,9.773
25.06,1122.49,Loamy,Sorghum,Kharif,Rainfed,West,156.78,7.89,12.582
20.48,1248.71,Silty,Maize,Rabi,Flood,East,139.9,7.02,12.625
18.21,335.38,Loamy,Wheat,Kharif,Flood,East,169.94,6.06,7.889
37.94,1390.77,Loamy,Wheat,Kharif,Flood,North,116.23,4.37,14.094
15.24,1277.24,Peaty,Wheat,Rabi,Flood,Central,86.1,8.62,11.897
26.74,617.92,Loamy,Sorghum,Rabi,Rainfed,West,117.33,4.26,10.378
30.72,379.67,Clay,Wheat,Zaid,Flood,North,187.8,10.43,12.266
35.24,1363.18,Clay,Barley,Kharif,Sprinkler,North,190.95,11.77,16.24
18.4,855.46,Sandy,Maize,Kharif,Flood,East,110.66,5.66,10.373
35.48,767.51,Loamy,Sorghum,Rabi,Flood,North,125.81,5.79,11.31
28.91,1399.68,Loamy,Maize,Zaid,Flood,North,135.44,7.07,13.196
20.96,709.9,Clay,Rice,Kharif,Flood,West,122.1,7.65,9.146
36.04,1316.06,Loamy,Wheat,Kharif,Rainfed,Central,56.99,7.68,11.77
19.28,1395.12,Peaty,Sorghum,Kharif,Rainfed,East,154.15,9.65,14.513
27.43,1171.0,Silty,Wheat,Zaid,Drip,North,142.24,11.43,14.608
32.93,352.64,Silty,Maize,Kharif,Sprinkler,Central,136.0,9.18,9.201
26.32,1377.26,Loamy,Barley,Zaid,Rainfed,East,175.5,11.31,14.927
31.53,614.01,Silty,Sorghum,Kharif,Sprinkler,Central,183.53,5.55,10.458
19.94,549.75,Clay,Rice,Kharif,Sprinkler,South,99.37,7.77,8.683
23.03,1031.03,Silty,Wheat,Kharif,Flood,East,10.23,10.41,9.671
23.32,839.16,Silty,Wheat,Rabi,Sprinkler,North,106.02,8.17,11.549
27.74,1126.45,Sandy,Rice,Zaid,Flood,West,95.31,7.63,11.623
37.92,1479.82,Loamy,Wheat,Kharif,Flood,Central,40.31,5.17,12.613
33.12,1499.57,Clay,Maize,Rabi,Drip,Central,129.4,6.88,13.759
39.77,801.31,Clay,Maize,Kharif,Rainfed,East,97.93,6.31,10.352
22.2,1032.72,Sandy,Rice,Zaid,Rainfed,East,21.64,8.64,9.444
19.39,1239.45,Sandy,Barley,Kharif,Sprinkler,West,140.43,5.74,13.053
37.47,864.03,Loamy,Wheat,Kharif,Drip,East,52.69,4.83,8.917
20.0,1317.22,Sandy,Rice,Rabi,Drip,East,16.77,6.46,9.492
17.2,708.67,Silty,Rice,Rabi,Flood,East,62.21,4.25,8.069
31.83,1150.95,Clay,Wheat,Kharif,Flood,East,124.67,5.43,10.609
37.24,288.01,Silty,Barley,Kharif,Drip,West,46.17,10.12,8.234
34.02,1438.31,Loamy,Maize,Zaid,Flood,South,136.96,11.89,16.353
34.72,597.8,Sandy,Wheat,Kharif,Flood,North,44.22,5.65,8.407
39.62,783.52,Silty,Rice,Rabi,Sprinkler,Central,190.56,6.66,12.28
29.38,1055.25,Loamy,Barley,Kharif,Flood,East,173.0,6.46,13.578
38.93,550.42,Clay,Barley,Kharif,Flood,West,62.84,11.26,8.981
22.06,228.42,Silty,Wheat,Kharif,Sprinkler,Central,194.4,10.88,11.68
23.12,399.06,Sandy,Rice,Zaid,Flood,North,197.69,5.27,8.816
16.79,1276.18,Loamy,Wheat,Zaid,Rainfed,South,189.86,8.14,13.03
24.19,1034.78,Loamy,Wheat,Rabi,Sprinkler,East,128.35,10.82,13.739
31.59,1472.35,Silty,Barley,Rabi,Sprinkler,West,32.19,8.21,11.447
32.08,1434.99,Silty,Rice,Kharif,Flood,Central,192.09,11.66,16.081
33.98,986.62,Silty,Sorghum,Zaid,Flood,East,37.08,11.06,10.089
24.94,788.26,Silty,Wheat,Zaid,Rainfed,Central,52.97,4.75,8.497
25.06,945.8,Clay,Sorghum,Kharif,Flood,Central,112.01,6.71,10.922
33.25,1420.08,Loamy,Wheat,Rabi,Drip,Central,155.8,9.13,14.543
17.94,644.05,Loamy,Maize,Rabi,Flood,West,181.87,7.02,11.354
36.61,655.59,Clay,Barley,Kharif,Drip,Central,22.95,11.55,9.617
22.06,1049.08,Loamy,Barley,Rabi,Drip,East,17.08,5.57,9.151
19.84,901.8,Silty,Wheat,Zaid,Flood,West,17.26,10.68,9.328
26.3,1012.78,Loamy,Sorghum,Kharif,Sprinkler,East,88.85,11.19,12.817
36.18,917.68,Sandy,Rice,Kharif,Drip,South,181.02,8.14,11.36
32.96,1007.64,Loamy,Maize,Zaid,Rainfed,East,14.58,8.42,9.671
19.21,264.13,Loamy,Barley,Zaid,Flood,East,160.21,7.48,8.952
18.76,956.7,Silty,Maize,Kharif,Rainfed,South,12.81,9.03,9.005
30.71,1266.49,Silty,Rice,Zaid,Rainfed,West,19.99,11.21,11.746
21.72,1307.54,Sandy,Rice,Kharif,Flood,Central,199.83,5.29,13.823
27.75,885.02,Sandy,Barley,Zaid,Flood,South,85.52,4.53,11.341
33.89,461.83,Sandy,Rice,Kharif,Flood,West,178.66,7.44,11.391
24.18,1351.37,Silty,Maize,Rabi,Rainfed,East,52.33,7.03,10.307
24.1,507.43,Peaty,Wheat,Kharif,Flood,South,178.6,8.81,10.217
19.43,611.83,Sandy,Rice,Kharif,Drip,East,42.21,5.93,7.44
26.92,546.29,Silty,Wheat,Rabi,Rainfed,Central,62.09,8.83,9.274
20.37,1453.58,Loamy,Sorghum,Rabi,Drip,North,26.54,11.94,12.061
24.02,1243.12,Peaty,Wheat,Zaid,Rainfed,South,149.83,5.72,12.515
37.77,1179.02,Loamy,Wheat,Zaid,Drip,South,111.34,9.08,12.331
35.61,347.12,Peaty,Wheat,Rabi,Flood,Central,11.18,4.41,5.276
18.86,632.95,Loamy,Wheat,Kharif,Sprinkler,Central,71.26,7.97,8.589
28.21,769.88,Sandy,Barley,Rabi,Drip,East,114.87,4.07,10.466
37.6,1289.62,Silty,Maize,Rabi,Drip,Central,21.72,4.82,9.577
35.7,219.56,Sandy,Wheat,Rabi,Drip,Central,176.34,11.03,10.335
32.48,1038.79,Silty,Maize,Kharif,Rainfed,South,180.51,10.88,14.804
30.52,569.14,Loamy,Barley,Kharif,Drip,North,189.91,8.63,12.013
24.59,675.34,Sandy,Wheat,Kharif,Flood,South,77.92,11.05,10.297
30.23,1394.64,Loamy,Maize,Kharif,Drip,West,32.41,6.03,12.446
30.03,430.86,Peaty,Rice,Kharif,Drip,South,43.51,10.05,8.481
35.42,1124.76,Sandy,Rice,Zaid,Drip,North,159.42,7.51,13.431
34.37,479.19,Clay,Sorghum,Kharif,Flood,North,101.36,5.51,9.115
35.76,380.66,Peaty,Sorghum,Kharif,Flood,East,30.77,4.94,7.711
17.49,874.67,Clay,Sorghum,Rabi,Rainfed,Central,155.02,11.67,15.204
39.55,1311.41,Sandy,Rice,Kharif,Flood,East,95.14,6.85,12.133
33.14,739.41,Loamy,Barley,Kharif,Flood,East,155.77,9.09,13.119
36.35,373.68,Silty,Barley,Rabi,Drip,Central,104.47,10.8,10.557
24.04,1248.17,Peaty,Barley,Kharif,Drip,North,15.15,4.77,8.235
39.35,596.69,Clay,Maize,Kharif,Rainfed,West,195.97,8.18,12.144
34.85,1189.87,Sandy,Barley,Rabi,Rainfed,North,82.06,10.19,12.615
23.26,1319.06,Peaty,Sorghum,Rabi,Flood,East,110.4,8.04,12.491
15.9,1242.33,Loamy,Wheat,Zaid,Sprinkler,West,195.83,10.56,13.533
24.13,556.4,Silty,Wheat,Rabi,Rainfed,South,100.24,8.13,9.863
32.21,555.73,Sandy,Rice,Rabi,Flood,Central,149.92,10.54,11.326
36.07,957.66,Sandy,Barley,Rabi,Drip,Central,121.5,6.63,11.11
25.78,1438.78,Silty,Maize,Zaid,Sprinkler,South,78.7,7.97,12.397
15.17,621.87,Sandy,Maize,Kharif,Flood,North,20.89,9.98,8.769
25.58,364.75,Sandy,Rice,Zaid,Flood,South,42.6,8.26,7.489
24.32,252.93,Sandy,Rice,Rabi,Rainfed,East,14.52,5.26,6.342
33.98,1338.02,Sandy,Maize,Kharif,Sprinkler,East,150.69,5.04,13.857
17.6,1264.13,Clay,Maize,Kharif,Drip,Central,39.31,4.57,9.988
19.62,1332.43,Sandy,Sorghum,Rabi,Flood,West,60.78,6.32,11.745
29.8,1035.54,Clay,Wheat,Rabi,Flood,North,57.31,7.86,12.455
31.45,927.88,Loamy,Maize,Rabi,Flood,South,87.57,4.82,8.825
16.58,1383.55,Loamy,Maize,Rabi,Drip,South,30.76,6.45,11.277
21.32,402.59,Loamy,Maize,Zaid,Sprinkler,East,133.08,7.62,8.766
34.13,260.68,Clay,Rice,Kharif,Drip,South,83.86,10.62,9.23
21.98,713.89,Loamy,Maize,Rabi,Flood,North,54.14,6.99,8.75
23.76,789.64,Silty,Barley,Kharif,Flood,East,74.59,10.57,9.376
38.93,707.72,Clay,Wheat,Rabi,Flood,South,164.85,6.9,12.19
23.06,393.11,Loamy,Barley,Rabi,Flood,North,127.28,8.1,8.336
24.76,1083.92,Peaty,Wheat,Zaid,Rainfed,East,104.79,9.53,11.496
36.92,893.53,Silty,Barley,Zaid,Sprinkler,Central,54.41,5.65,10.398
28.01,526.19,Loamy,Rice,Kharif,Flood,North,169.36,8.55,11.472
37.71,1030.43,Sandy,Rice,Rabi,Drip,South,20.97,7.72,11.098
19.26,433.26,Clay,Rice,Rabi,Flood,West,26.4,8.56,7.549
28.8,1190.25,Clay,Wheat,Kharif,Flood,West,44.47,5.95,10.283
26.7,649.85,Sandy,Wheat,Rabi,Sprinkler,Central,58.05,5.31,8.576
33.56,397.26,Loamy,Maize,Rabi,Rainfed,North,96.04,6.36,8.697
31.34,714.08,Loamy,Maize,Kharif,Drip,North,128.12,10.27,12.042
34.52,1357.29,Clay,Rice,Rabi,Sprinkler,East,63.16,4.13,11.888
16.94,1111.67,Loamy,Sorghum,Kharif,Sprinkler,Central,71.45,7.05,10.621
38.32,254.71,Loamy,Wheat,Kharif,Flood,Central,22.45,6.67,6.615
17.76,761.01,Silty,Rice,Kharif,Rainfed,West,96.87,9.27,9.123
22.26,1420.48,Peaty,Rice,Kharif,Rainfed,Central,24.69,5.87,10.808
21.03,893.78,Peaty,Rice,Rabi,Rainfed,South,150.17,4.79,9.86
35.17,243.82,Loamy,Maize,Rabi,Drip,East,66.42,7.9,7.324
21.15,840.03,Silty,Rice,Rabi,Flood,West,180.66,5.43,11.507
21.21,1159.83,Loamy,Wheat,Kharif,Sprinkler,West,139.85,7.35,12.452
34.78,1086.23,Clay,Rice,Zaid,Drip,East,190.4,5.97,12.851
16.14,1038.67,Clay,Barley,Zaid,Flood,North,56.36,4.16,9.991
21.52,1295.92,Loamy,Maize,Kharif,Drip,East,53.68,9.72,10.443
20.45,350.78,Loamy,Wheat,Zaid,Sprinkler,Central,108.22,4.79,6.516
37.03,910.28,Loamy,Sorghum,Zaid,Sprinkler,North,98.96,6.81,11.255
37.6,1220.14,Loamy,Wheat,Rabi,Flood,Central,121.43,5.98,13.14
27.75,1041.77,Loamy,Rice,Kharif,Drip,Central,13.2,7.04,10.269
35.12,1319.35,Loamy,Rice,Zaid,Flood,Central,42.44,4.92,11.863
30.62,685.65,Silty,Barley,Kharif,Rainfed,Central,36.32,8.52,8.882
35.94,488.69,Clay,Barley,Zaid,Drip,West,97.57,9.14,11.461
16.45,1116.78,Loamy,Maize,Zaid,Flood,South,30.6,5.97,8.646
22.93,787.93,Sandy,Sorghum,Kharif,Rainfed,North,28.68,9.85,9.953
29.67,586.34,Loamy,Rice,Rabi,Flood,East,32.09,5.74,7.19
18.55,569.27,Sandy,Maize,Kharif,Sprinkler,East,92.43,11.82,10.574
15.08,1230.88,Clay,Rice,Rabi,Rainfed,South,34.71,4.31,9.087
28.92,1248.49,Silty,Wheat,Kharif,Sprinkler,West,32.0,9.83,11.096
38.71,379.29,Loamy,Maize,Zaid,Rainfed,Central,190.77,10.8,13.48
24.13,842.16,Silty,Sorghum,Rabi,Flood,Central,46.01,5.27,7.029
20.55,864.3,Clay,Wheat,Kharif,Drip,Central,181.42,10.05,13.439
24.42,821.24,Clay,Barley,Kharif,Drip,East,31.6,5.22,7.664
22.74,1241.59,Clay,Maize,Kharif,Flood,East,20.43,6.95,9.899
25.77,391.61,Silty,Sorghum,Kharif,Drip,East,180.12,8.45,11.012
34.42,285.0,Loamy,Wheat,Zaid,Drip,East,158.3,6.43,10.247
28.32,348.65,Silty,Rice,Kharif,Flood,South,117.6,11.18,11.775
35.86,1454.49,Clay,Sorghum,Rabi,Flood,Central,75.75,5.65,12.352
22.95,1492.11,Silty,Maize,Zaid,Sprinkler,East,26.41,8.38,11.275
39.61,462.41,Clay,Wheat,Rabi,Rainfed,West,44.27,9.34,8.182
23.02,620.89,Peaty,Barley,Kharif,Rainfed,West,29.85,11.91,9.015
26.83,1222.1,Loamy,Rice,Rabi,Sprinkler,East,27.3,11.29,10.835
32.3,683.71,Peaty,Sorghum,Kharif,Sprinkler,North,154.62,11.34,12.317
36.05,977.27,Loamy,Rice,Rabi,Flood,Central,153.96,10.98,14.52
33.62,889.64,Loamy,Maize,Zaid,Drip,Central,127.06,9.76,11.785
29.0,626.17,Clay,Rice,Kharif,Drip,Central,120.14,8.46,10.58
33.93,382.67,Loamy,Maize,Rabi,Drip,North,80.49,5.68,8.798
21.08,1371.04,Silty,Maize,Kharif,Rainfed,West,71.45,6.61,11.705
19.68,826.69,Loamy,Wheat,Rabi,Drip,North,30.17,4.01,6.842
25.42,1174.86,Loamy,Wheat,Kharif,Drip,East,134.68,6.4,12.334
17.94,258.44,Silty,Rice,Kharif,Flood,West,81.65,5.24,7.59
34.55,530.0,Loamy,Maize,Rabi,Drip,East,190.21,6.67,11.556
35.22,1467.6,Loamy,Rice,Zaid,Rainfed,South,81.52,6.13,12.924
35.17,652.22,Loamy,Sorghum,Kharif,Drip,North,198.27,5.09,11.368
19.84,1115.74,Loamy,Barley,Rabi,Rainfed,South,112.77,9.18,12.371
37.15,296.48,Silty,Rice,Rabi,Sprinkler,South,76.27,4.22,7.149
15.99,802.36,Silty,Wheat,Kharif,Sprinkler,Central,198.4,6.92,11.107
27.17,1150.32,Silty,Rice,Kharif,Drip,North,157.64,5.97,13.721
21.48,512.43,Clay,Barley,Kharif,Flood,West,127.73,5.14,7.923
38.21,1464.81,Sandy,Rice,Rabi,Flood,North,97.34,8.09,13.734
20.06,778.16,Loamy,Maize,Zaid,Sprinkler,South,143.04,10.62,11.125
26.67,1082.6,Loamy,Barley,Zaid,Flood,East,15.77,8.13,9.078
35.78,1193.34,Peaty,Rice,Kharif,Rainfed,South,146.07,8.15,14.45
35.28,934.23,Peaty,Wheat,Kharif,Flood,West,12.86,7.2,8.925
24.73,1008.08,Silty,Rice,Rabi,Sprinkler,Central,46.47,4.94,10.798
37.56,1312.72,Loamy,Rice,Rabi,Flood,Central,142.68,9.07,14.49
35.12,291.98,Silty,Wheat,Kharif,Sprinkler,East,66.23,11.74,8.628
27.82,270.1,Silty,Rice,Rabi,Drip,East,121.47,5.52,7.79
35.6,1027.08,Clay,Barley,Kharif,Flood,Central,189.2,7.99,13.506
36.9,1372.89,Sandy,Sorghum,Zaid,Flood,South,87.14,5.5,12.015
39.48,978.3,Clay,Barley,Rabi,Flood,West,130.21,9.05,13.164
28.76,1261.68,Loamy,Maize,Kharif,Flood,East,109.3,6.21,11.858
23.82,1365.2,Peaty,Rice,Zaid,Drip,North,72.22,4.47,11.727
25.59,213.95,Clay,Barley,Kharif,Sprinkler,Central,28.39,4.33,5.213
31.55,548.42,Clay,Barley,Kharif,Drip,East,115.79,11.85,11.022
17.31,369.83,Sandy,Wheat,Rabi,Flood,Central,78.45,8.94,8.303
18.46,981.06,Silty,Rice,Kharif,Flood,Central,59.35,6.49,8.857
26.53,366.04,Sandy,Maize,Rabi,Sprinkler,Central,30.51,7.99,6.404
30.1,670.15,Clay,Barley,Rabi,Rainfed,West,159.59,8.21,11.616
36.36,932.47,Sandy,Rice,Kharif,Drip,South,19.0,4.77,9.796
18.08,1021.83,Sandy,Wheat,Kharif,Flood,West,138.81,11.53,12.249
32.41,795.6,Sandy,Barley,Zaid,Sprinkler,North,82.79,11.86,11.553
32.92,395.53,Loamy,Maize,Kharif,Rainfed,East,177.08,7.33,11.776
21.32,1097.11,Loamy,Wheat,Kharif,Rainfed,West,48.94,5.25,9.54
34.37,1335.73,Sandy,Rice,Zaid,Drip,West,88.46,10.31,13.416
15.29,724.41,Loamy,Rice,Kharif,Flood,North,61.81,5.43,7.563
34.39,837.75,Clay,Wheat,Zaid,Flood,South,141.32,5.94,11.834
21.88,665.65,Peaty,Barley,Rabi,Flood,West,124.01,10.2,11.075
30.84,1137.98,Clay,Wheat,Kharif,Rainfed,North,70.3,9.26,11.033
19.25,231.22,Loamy,Wheat,Rabi,Rainfed,West,148.45,6.83,9.025
36.89,567.47,Peaty,Rice,Kharif,Sprinkler,East,46.96,4.56,8.226
18.34,1093.32,Sandy,Rice,Kharif,Flood,South,24.9,9.95,10.839
28.19,1123.96,Sandy,Sorghum,Rabi,Flood,Central,118.57,9.0,12.509
22.78,563.43,Silty,Sorghum,Rabi,Rainfed,North,61.29,8.46,9.224
25.57,1461.08,Loamy,Rice,Kharif,Sprinkler,East,170.58,6.29,14.67
28.3,571.94,Sandy,Wheat,Rabi,Rainfed,Central,93.32,6.3,8.843
32.97,298.93,Loamy,Wheat,Rabi,Flood,West,123.21,7.72,9.174
32.04,293.82,Silty,Barley,Zaid,Flood,South,188.85,6.91,10.437
17.45,1153.95,Loamy,Sorghum,Kharif,Flood,Central,166.56,9.28,12.615
34.1,256.66,Sandy,Wheat,Rabi,Sprinkler,West,61.34,8.76,7.432
27.52,611.63,Loamy,Wheat,Rabi,Flood,North,89.63,9.04,8.413
38.7,962.58,Peaty,Sorghum,Rabi,Sprinkler,Central,86.58,10.84,12.458
16.12,1062.88,Clay,Rice,Rabi,Sprinkler,South,148.82,5.66,10.529
34.97,607.96,Loamy,Sorghum,Kharif,Rainfed,West,189.53,9.31,12.196
23.99,611.5,Loamy,Barley,Kharif,Flood,West,112.89,11.12,9.895
26.97,1329.2,Loamy,Wheat,Rabi,Rainfed,West,102.94,10.43,14.311
19.95,1109.44,Clay,Wheat,Zaid,Sprinkler,South,76.96,7.98,12.845
15.5,673.93,Sandy,Barley,Zaid,Sprinkler,East,167.53,6.93,11.903
15.26,837.82,Sandy,Maize,Rabi,Flood,North,169.19,11.31,12.624
23.0,701.55,Silty,Sorghum,Zaid,Flood,North,70.93,9.42,10.468
38.2,1016.35,Sandy,Wheat,Rabi,Sprinkler,West,23.72,6.16,10.471
29.27,257.34,Sandy,Rice,Rabi,Drip,North,197.22,8.95,11.59
36.98,891.03,Silty,Maize,Kharif,Drip,East,54.45,4.08,7.967
20.51,491.02,Clay,Rice,Rabi,Sprinkler,South,193.47,7.26,12.226
19.07,642.37,Sandy,Barley,Kharif,Rainfed,East,69.87,11.27,9.204
27.59,1132.03,Loamy,Barley,Kharif,Flood,West,93.99,9.18,10.785
35.5,507.13,Sandy,Barley,Rabi,Sprinkler,North,82.13,9.55,8.561
20.97,865.18,Loamy,Wheat,Kharif,Rainfed,Central,199.02,9.78,13.616
26.21,1116.62,Loamy,Sorghum,Rabi,Sprinkler,North,11.11,4.12,8.625
24.11,481.78,Clay,Rice,Rabi,Rainfed,North,130.46,7.74,9.275
22.34,266.4,Clay,Barley,Rabi,Rainfed,Central,31.31,9.77,7.243
34.63,1344.39,Silty,Rice,Kharif,Sprinkler,West,85.84,5.23,13.071
31.34,1144.89,Loamy,Maize,Rabi,Sprinkler,South,56.96,7.16,11.523
31.22,588.01,Clay,Rice,Zaid,Sprinkler,West,98.56,8.62,11.447
26.32,1292.98,Clay,Maize,Kharif,Flood,North,65.48,7.0,11.432
34.82,736.59,Loamy,Wheat,Rabi,Sprinkler,North,117.59,6.94,11.518
37.34,1360.67,Silty,Rice,Kharif,Rainfed,East,173.68,7.69,14.859
17.49,786.15,Sandy,Rice,Zaid,Rainfed,South,81.78,9.47,11.183
30.74,841.06,Peaty,Wheat,Kharif,Flood,West,198.37,4.33,11.086
38.32,485.49,Clay,Barley,Rabi,Flood,West,53.24,9.87,10.428
34.34,832.64,Loamy,Wheat,Kharif,Drip,South,110.5,4.84,12.427
17.91,1232.61,Loamy,Rice,Rabi,Drip,North,126.57,7.28,11.993
38.08,1322.06,Loamy,Rice,Kharif,Flood,West,48.59,10.46,12.981
29.24,842.4,Sandy,Wheat,Rabi,Drip,South,120.75,10.92,11.234
36.92,409.31,Sandy,Sorghum,Rabi,Flood,North,105.47,7.07,9.221
17.28,365.79,Loamy,Rice,Rabi,Drip,East,143.01,6.47,8.462
19.41,508.78,Silty,Wheat,Kharif,Rainfed,East,165.56,10.79,10.855
22.03,1167.59,Loamy,Wheat,Kharif,Flood,South,172.02,11.71,14.882
29.88,1340.75,Sandy,Barley,Zaid,Sprinkler,North,153.14,8.4,13.919
31.09,1460.29,Loamy,Rice,Rabi,Sprinkler,Central,16.6,7.99,11.925
21.68,374.9,Peaty,Rice,Kharif,Rainfed,East,141.23,9.36,10.78
37.21,579.82,Sandy,Maize,Zaid,Drip,Central,170.11,11.18,12.042
36.33,757.56,Clay,Sorghum,Kharif,Flood,North,178.55,8.97,13.764
32.88,511.85,Silty,Wheat,Kharif,Rainfed,Central,41.47,4.78,6.688
15.91,1005.66,Clay,Wheat,Kharif,Sprinkler,South,118.25,4.2,8.668
26.55,785.16,Silty,Wheat,Kharif,Drip,South,195.93,8.21,12.016
34.72,264.83,Loamy,Barley,Kharif,Flood,North,165.84,10.98,10.337
37.81,1155.2,Peaty,Maize,Zaid,Rainfed,West,165.71,7.81,13.603
37.99,1323.75,Sandy,Barley,Kharif,Sprinkler,North,156.67,9.38,15.95
25.64,1292.64,Silty,Wheat,Kharif,Rainfed,South,158.68,4.95,11.747
15.3,466.62,Clay,Wheat,Rabi,Sprinkler,Central,190.14,8.15,9.07
19.36,1143.05,Silty,Rice,Kharif,Flood,South,81.04,4.44,10.508
24.09,882.25,Sandy,Maize,Kharif,Sprinkler,North,31.3,11.13,11.765
32.22,355.29,Loamy,Barley,Kharif,Drip,North,11.56,7.6,5.942
23.78,1250.9,Silty,Maize,Rabi,Rainfed,East,33.02,5.29,9.864
35.77,782.44,Loamy,Rice,Kharif,Sprinkler,South,156.28,11.37,13.121
21.93,457.27,Loamy,Wheat,Zaid,Sprinkler,South,198.91,4.58,8.08
29.95,680.81,Sandy,Rice,Zaid,Rainfed,South,72.35,10.24,10.769
21.39,751.51,Silty,Wheat,Rabi,Sprinkler,West,23.5,4.11,7.645
25.82,1423.14,Loamy,Sorghum,Zaid,Flood,West,41.58,9.71,12.043
35.49,1375.9,Sandy,Sorghum,Rabi,Sprinkler,South,117.96,8.62,13.893
30.33,1168.06,Sandy,Maize,Kharif,Flood,East,56.28,11.47,10.664
36.16,553.01,Silty,Sorghum,Rabi,Rainfed,South,99.91,4.17,8.525
27.31,1367.98,Clay,Maize,Zaid,Flood,West,115.3,7.09,13.012
30.23,218.67,Sandy,Rice,Rabi,Flood,Central,176.57,5.41,8.273
17.93,799.37,Silty,Barley,Kharif,Sprinkler,Central,29.88,9.72,8.564
25.85,1359.48,Loamy,Rice,Kharif,Drip,West,146.96,9.81,14.545
38.2,637.68,Loamy,Sorghum,Rabi,Rainfed,North,171.69,11.14,14.265
26.72,450.26,Clay,Maize,Zaid,Drip,West,187.89,10.3,12.674
33.62,952.54,Clay,Barley,Rabi,Drip,West,73.7,11.89,13.009
24.41,529.22,Loamy,Barley,Zaid,Drip,North,108.99,4.58,8.726
33.19,502.8,Loamy,Maize,Zaid,Rainfed,South,51.17,5.29,7.558
17.47,1266.01,Sandy,Maize,Kharif,Drip,North,30.13,10.21,10.188
17.37,484.52,Peaty,Wheat,Zaid,Drip,South,11.92,8.53,6.981
17.01,344.11,Loamy,Rice,Rabi,Flood,East,127.86,10.06,8.252
25.03,1020.86,Loamy,Rice,Kharif,Flood,West,46.92,10.78,10.53
34.22,353.03,Silty,Rice,Kharif,Drip,West,78.8,6.48,7.952
15.34,653.07,Sandy,Rice,Zaid,Flood,Central,118.54,5.57,8.946
39.65,495.51,Silty,Maize,Zaid,Flood,East,154.61,4.5,9.864
19.39,596.38,Sandy,Maize,Rabi,Drip,North,20.79,5.7,7.341
36.66,1222.24,Clay,Wheat,Zaid,Sprinkler,West,134.8,9.46,14.157
19.25,1305.36,Peaty,Wheat,Zaid,Sprinkler,North,107.3,10.09,12.068
37.4,1041.02,Loamy,Sorghum,Kharif,Drip,East,132.91,4.5,10.316
34.11,267.52,Peaty,Maize,Rabi,Sprinkler,West,176.54,5.61,9.604
19.92,427.88,Clay,Wheat,Kharif,Rainfed,North,190.18,12.0,10.189
26.09,1246.68,Clay,Rice,Zaid,Flood,North,139.52,10.34,12.975
24.5,1128.77,Loamy,Rice,Kharif,Rainfed,Central,68.78,4.07,8.785
39.36,1340.15,Silty,Rice,Zaid,Drip,East,164.65,9.25,14.952
24.9,971.98,Clay,Wheat,Rabi,Drip,East,20.43,4.78,8.32
21.45,408.66,Loamy,Sorghum,Kharif,Rainfed,West,75.79,9.44,8.71
23.66,832.67,Silty,Wheat,Zaid,Drip,West,129.65,10.28,12.345
29.58,285.62,Sandy,Barley,Rabi,Flood,West,107.15,4.23,7.274
32.89,572.65,Loamy,Wheat,Rabi,Flood,East,159.34,6.53,10.987
30.6,923.81,Peaty,Wheat,Kharif,Flood,East,81.56,9.38,11.761
38.28,532.4,Loamy,Wheat,Rabi,Flood,South,151.19,4.52,10.724
30.02,543.84,Loamy,Sorghum,Zaid,Flood,Central,73.61,7.3,6.827
35.64,1017.52,Loamy,Rice,Rabi,Drip,North,136.04,8.74,11.91
27.83,678.69,Silty,Maize,Kharif,Drip,West,83.26,7.45,10.304
19.05,409.17,Sandy,Maize,Kharif,Drip,South,43.04,8.82,8.56
23.24,1433.96,Loamy,Barley,Zaid,Drip,North,56.89,6.43,10.155
30.3,1267.5,Sandy,Wheat,Rabi,Drip,North,80.22,11.59,12.885
29.78,1224.04,Sandy,Rice,Rabi,Drip,West,53.0,8.09,11.175
16.16,661.49,Silty,Sorghum,Zaid,Flood,West,66.95,7.91,8.309
16.04,1111.58,Peaty,Maize,Zaid,Rainfed,North,66.56,9.57,11.451
28.54,319.59,Sandy,Wheat,Kharif,Drip,North,42.23,8.17,8.068
37.63,714.81,Silty,Barley,Kharif,Flood,East,164.45,6.88,12.327
33.63,437.33,Loamy,Barley,Rabi,Flood,South,73.83,5.93,9.552
25.82,396.37,Loamy,Rice,Rabi,Flood,Central,27.81,4.44,7.352
31.66,1099.39,Sandy,Rice,Rabi,Flood,South,162.77,7.39,13.597
17.91,868.14,Sandy,Maize,Kharif,Drip,Central,145.1,10.39,12.518
27.53,725.23,Sandy,Rice,Rabi,Flood,North,51.48,9.3,10.408
30.49,1325.91,Loamy,Rice,Rabi,Drip,North,159.0,5.79,13.107
35.62,1112.1,Clay,Barley,Rabi,Rainfed,Central,148.91,6.5,11.969
34.23,601.2,Silty,Barley,Rabi,Rainfed,Central,21.07,11.14,9.091
35.78,1144.46,Sandy,Maize,Rabi,Sprinkler,Central,101.33,7.13,12.492
26.64,706.76,Loamy,Rice,Rabi,Sprinkler,Central,136.21,4.98,9.748
32.78,773.56,Loamy,Barley,Rabi,Rainfed,East,66.54,10.75,10.55
37.48,620.89,Sandy,Rice,Zaid,Drip,Central,16.94,10.61,9.018
32.71,1424.28,Peaty,Wheat,Rabi,Flood,North,114.03,11.58,14.109
23.11,1157.28,Silty,Maize,Rabi,Sprinkler,Central,122.79,10.36,12.209
24.5,772.42,Silty,Wheat,Kharif,Flood,Central,58.08,10.76,9.645
29.28,465.37,Clay,Maize,Rabi,Drip,North,130.48,9.02,9.175
37.72,332.42,Loamy,Rice,Kharif,Rainfed,North,186.41,5.11,9.8
27.52,1235.34,Loamy,Maize,Kharif,Flood,West,129.05,6.29,13.555
38.04,428.48,Clay,Rice,Kharif,Rainfed,East,54.84,5.15,7.692
18.54,1244.39,Loamy,Maize,Rabi,Rainfed,South,60.0,6.35,11.801
19.1,524.68,Silty,Barley,Zaid,Sprinkler,South,124.48,8.78,9.823
18.05,730.98,Peaty,Rice,Zaid,Drip,Central,160.93,4.72,9.596
34.91,1173.12,Loamy,Maize,Rabi,Flood,South,145.22,7.63,13.199
35.17,697.39,Clay,Sorghum,Zaid,Drip,North,32.02,4.74,9.419
25.34,936.33,Sandy,Maize,Kharif,Drip,Central,103.94,8.28,12.197
27.66,409.14,Silty,Wheat,Kharif,Sprinkler,South,84.32,7.62,8.087
36.84,375.15,Clay,Maize,Rabi,Flood,South,133.03,6.55,9.815
16.38,1393.96,Loamy,Rice,Kharif,Drip,South,168.39,11.44,15.786
16.95,795.29,Loamy,Wheat,Zaid,Flood,East,137.72,5.4,10.32
25.9,893.61,Loamy,Wheat,Kharif,Sprinkler,North,88.29,5.19,9.314
33.31,915.67,Silty,Wheat,Zaid,Flood,Central,107.79,10.19,11.081
33.01,825.45,Clay,Wheat,Kharif,Drip,East,64.12,9.73,10.007
32.22,1397.05,Loamy,Rice,Zaid,Rainfed,Central,29.33,8.59,10.528
33.46,441.2,Sandy,Rice,Rabi,Sprinkler,Central,152.89,7.74,9.077
26.8,1433.9,Silty,Barley,Rabi,Drip,West,73.22,5.71,11.652
27.62,892.25,Sandy,Wheat,Rabi,Drip,West,157.7,4.15,10.485
18.04,279.83,Clay,Wheat,Rabi,Flood,East,97.59,10.36,9.746
33.97,371.45,Sandy,Wheat,Rabi,Rainfed,East,90.99,10.42,9.784
25.35,625.11,Loamy,Wheat,Kharif,Drip,Central,106.49,9.37,11.411
18.25,1269.3,Clay,Barley,Rabi,Sprinkler,West,128.92,9.58,13.384
32.89,932.59,Silty,Rice,Zaid,Rainfed,North,83.03,10.68,12.501
16.42,1070.54,Loamy,Maize,Rabi,Sprinkler,Central,118.69,5.84,11.933
26.06,660.64,Sandy,Barley,Rabi,Sprinkler,West,78.43,6.85,9.168
23.18,1471.03,Loamy,Wheat,Kharif,Sprinkler,East,152.11,11.59,14.521
34.25,1149.28,Peaty,Wheat,Kharif,Rainfed,East,123.23,11.56,13.332
17.18,987.44,Loamy,Maize,Kharif,Rainfed,South,84.46,6.33,10.071
36.98,871.66,Loamy,Rice,Rabi,Drip,South,178.93,7.21,14.93
32.94,1233.93,Loamy,Wheat,Rabi,Flood,North,140.02,10.95,14.263
18.53,629.33,Silty,Sorghum,Zaid,Rainfed,East,186.73,10.17,10.967
33.93,643.34,Loamy,Wheat,Zaid,Flood,Central,51.55,10.95,10.469
17.71,538.04,Sandy,Sorghum,Rabi,Rainfed,South,128.46,9.85,10.768
16.49,214.8,Clay,Barley,Zaid,Rainfed,South,33.76,5.06,5.109
31.69,200.87,Sandy,Rice,Rabi,Drip,East,189.43,8.57,10.764
25.36,1447.39,Loamy,Wheat,Rabi,Flood,Central,134.1,11.14,13.548
26.01,1093.09,Silty,Wheat,Kharif,Flood,North,109.66,7.32,11.494
16.72,336.92,Clay,Maize,Rabi,Drip,Central,48.83,6.77,7.887
33.14,1278.84,Silty,Sorghum,Rabi,Drip,North,181.11,11.57,15.115
31.45,506.67,Clay,Maize,Kharif,Rainfed,Central,163.01,4.49,8.811
38.28,1049.91,Sandy,Barley,Kharif,Sprinkler,East,127.76,5.44,10.497
15.48,381.34,Loamy,Rice,Rabi,Sprinkler,East,191.82,4.85,7.932
25.61,448.83,Peaty,Barley,Zaid,Rainfed,East,14.08,11.72,9.334
26.55,400.45,Peaty,Wheat,Rabi,Flood,North,64.56,5.01,7.037
27.77,1434.51,Clay,Maize,Kharif,Rainfed,West,69.15,10.69,15.127
29.06,436.08,Clay,Rice,Rabi,Flood,North,122.66,11.43,11.506
21.76,1374.19,Loamy,Barley,Kharif,Sprinkler,North,187.45,9.09,16.036
16.99,1405.98,Sandy,Wheat,Kharif,Flood,South,11.14,5.67,7.55
25.78,772.36,Peaty,Wheat,Rabi,Sprinkler,West,121.81,8.56,11.439
35.96,711.78,Loamy,Barley,Kharif,Sprinkler,East,188.5,6.49,12.834
22.05,992.18,Sandy,Wheat,Rabi,Drip,Central,59.77,10.3,11.013
31.31,1181.76,Loamy,Maize,Kharif,Drip,West,185.7,9.33,14.349
38.79,229.68,Loamy,Sorghum,Kharif,Flood,Central,199.57,9.76,10.5
29.87,506.11,Silty,Maize,Rabi,Flood,West,88.16,8.85,8.415
23.3,1373.3,Silty,Rice,Rabi,Rainfed,Central,66.23,5.23,11.34
34.02,1416.29,Loamy,Rice,Kharif,Sprinkler,North,171.4,9.21,15.145
19.63,988.75,Silty,Barley,Rabi,Flood,South,124.34,10.06,11.904
39.89,581.39,Peaty,Wheat,Kharif,Drip,Central,188.72,7.94,12.129
34.02,925.98,Loamy,Sorghum,Rabi,Rainfed,North,116.98,11.06,12.444
21.78,939.26,Silty,Maize,Zaid,Rainfed,North,191.93,9.03,12.642
29.19,1350.44,Loamy,Barley,Zaid,Sprinkler,Central,58.54,7.53,10.367
15.58,1181.05,Sandy,Barley,Zaid,Drip,East,43.5,5.98,10.835
16.2,481.59,Sandy,Rice,Rabi,Sprinkler,North,198.65,9.86,12.415
24.15,673.12,Clay,Barley,Zaid,Flood,North,38.61,9.32,9.166
24.5,850.65,Sandy,Barley,Kharif,Drip,South,148.9,6.84,12.612
32.2,1199.71,Sandy,Wheat,Zaid,Drip,South,197.34,4.59,13.335
20.0,914.23,Loamy,Rice,Rabi,Rainfed,Central,17.71,7.0,8.465
29.35,314.02,Loamy,Barley,Rabi,Sprinkler,South,135.95,4.9,8.184
36.27,850.63,Silty,Barley,Zaid,Flood,West,62.94,4.88,9.287
17.06,585.27,Silty,Maize,Rabi,Drip,South,58.23,11.61,9.717
24.59,1241.94,Loamy,Barley,Rabi,Sprinkler,South,71.24,9.37,12.635
27.39,1142.04,Loamy,Wheat,Rabi,Sprinkler,South,73.74,7.57,11.408
34.76,1068.72,Loamy,Sorghum,Kharif,Flood,South,98.42,7.48,11.568
19.91,455.93,Silty,Barley,Kharif,Sprinkler,Central,67.4,7.33,8.071
38.28,866.89,Silty,Sorghum,Rabi,Flood,North,71.64,5.46,9.693
27.65,1068.57,Sandy,Sorghum,Kharif,Flood,West,88.43,9.3,10.53
17.0,1312.89,Silty,Wheat,Kharif,Rainfed,Central,168.26,8.44,13.157
20.65,1195.08,Clay,Rice,Rabi,Drip,South,186.65,5.41,12.995
36.22,1439.69,Clay,Wheat,Kharif,Drip,Central,137.41,7.47,14.151
21.09,1288.4,Silty,Maize,Rabi,Flood,East,17.01,8.39,11.507
25.55,624.16,Sandy,Maize,Zaid,Flood,East,178.55,4.73,9.929
19.01,642.66,Silty,Wheat,Zaid,Drip,Central,152.52,9.15,11.661
33.25,858.59,Sandy,Sorghum,Rabi,Flood,North,121.8,7.83,11.45
29.54,239.98,Sandy,Wheat,Rabi,Flood,East,160.98,5.38,8.959
38.7,431.93,Silty,Maize,Kharif,Flood,East,27.8,9.03,9.492
16.78,419.47,Silty,Rice,Kharif,Drip,Central,169.8,6.48,8.584
30.47,1213.64,Clay,Barley,Kharif,Flood,Central,187.61,8.83,13.655
19.44,1077.79,Peaty,Rice,Rabi,Drip,East,26.88,8.98,11.033
30.47,1464.46,Sandy,Rice,Kharif,Drip,West,199.99,11.0,17.033
34.61,1148.16,Loamy,Maize,Rabi,Flood,East,186.24,6.02,13.943
28.17,710.46,Peaty,Rice,Kharif,Flood,Central,113.72,8.68,10.137
35.1,685.74,Silty,Rice,Rabi,Flood,West,61.36,10.83,8.463
15.0,267.42,Loamy,Maize,Kharif,Drip,East,49.67,10.47,6.681
37.08,572.98,Peaty,Wheat,Kharif,Drip,West,22.27,11.28,8.24
16.74,451.62,Loamy,Sorghum,Rabi,Drip,North,130.39,4.26,8.535
26.25,1434.55,Sandy,Rice,Kharif,Drip,Central,17.92,11.97,11.897
30.07,1115.62,Peaty,Rice,Kharif,Flood,East,119.19,6.47,10.266
17.73,1081.63,Loamy,Rice,Kharif,Drip,Central,27.3,5.12,9.39
39.81,1114.72,Sandy,Barley,Kharif,Drip,Central,163.9,9.89,13.613
28.47,727.9,Loamy,Barley,Zaid,Flood,Central,95.62,10.8,11.229
39.26,365.71,Clay,Wheat,Kharif,Sprinkler,East,193.45,10.2,12.196
37.0,236.14,Loamy,Rice,Kharif,Rainfed,South,94.64,7.01,8.913
23.18,702.27,Loamy,Barley,Rabi,Flood,North,18.55,6.62,9.108
30.59,1267.82,Clay,Wheat,Rabi,Sprinkler,West,187.39,11.3,14.762
20.54,701.25,Loamy,Wheat,Kharif,Flood,Central,78.65,6.25,7.651
33.02,1347.01,Sandy,Wheat,Rabi,Rainfed,East,55.63,4.65,11.19
23.83,1143.06,Silty,Rice,Rabi,Drip,Central,137.36,4.26,10.525
30.25,479.09,Clay,Maize,Zaid,Flood,West,95.67,4.64,7.544
27.83,1328.53,Loamy,Barley,Kharif,Rainfed,Central,170.24,4.38,12.363
28.91,732.97,Loamy,Sorghum,Rabi,Rainfed,West,160.67,11.49,13.604
35.9,479.38,Loamy,Sorghum,Kharif,Flood,East,37.26,4.83,8.084
25.76,307.72,Sandy,Wheat,Rabi,Rainfed,South,63.86,11.07,8.062
26.56,1410.66,Sandy,Maize,Rabi,Flood,East,167.94,6.49,14.773
17.54,260.04,Clay,Rice,Rabi,Flood,East,40.96,11.62,9.023
34.33,1478.43,Sandy,Barley,Zaid,Sprinkler,North,95.6,7.3,13.83
22.04,295.39,Silty,Sorghum,Zaid,Rainfed,North,137.26,4.68,8.092
33.72,1284.46,Sandy,Barley,Zaid,Rainfed,West,181.25,4.32,13.769
16.44,722.4,Loamy,Maize,Kharif,Flood,Central,43.41,8.05,8.343
28.9,1495.69,Sandy,Maize,Kharif,Drip,West,173.74,6.12,13.73
35.41,1475.55,Clay,Rice,Kharif,Drip,South,190.2,7.17,15.064
36.08,1280.36,Loamy,Wheat,Kharif,Flood,East,36.61,9.26,11.675
27.54,1395.04,Peaty,Sorghum,Zaid,Sprinkler,West,62.77,11.92,13.203
20.0,576.66,Loamy,Wheat,Rabi,Drip,Central,108.71,7.51,9.81
30.57,559.61,Sandy,Rice,Kharif,Rainfed,South,142.26,11.68,12.296
36.03,379.56,Loamy,Sorghum,Zaid,Drip,South,105.4,4.22,7.656
16.25,425.75,Sandy,Wheat,Rabi,Rainfed,South,136.41,5.32,9.417
19.51,523.34,Sandy,Maize,Rabi,Sprinkler,South,40.54,7.07,6.652
23.59,402.28,Sandy,Sorghum,Rabi,Drip,North,105.15,4.32,7.397
33.6,264.44,Peaty,Rice,Zaid,Flood,South,94.35,10.09,9.294
25.32,1033.24,Clay,Wheat,Rabi,Rainfed,East,138.57,8.15,11.767
22.73,1068.92,Clay,Wheat,Kharif,Sprinkler,East,36.59,9.33,11.311
31.23,1019.92,Silty,Wheat,Rabi,Sprinkler,Central,86.68,10.91,10.622
24.83,1030.31,Clay,Sorghum,Kharif,Sprinkler,South,72.31,8.26,12.592
37.62,1074.14,Clay,Rice,Rabi,Rainfed,South,102.77,4.53,10.284
29.04,663.82,Sandy,Rice,Rabi,Drip,North,26.34,11.24,10.053
28.55,352.5,Silty,Wheat,Kharif,Drip,North,42.57,4.88,7.646
34.31,225.76,Peaty,Barley,Rabi,Drip,West,160.51,8.04,8.648
26.59,1494.98,Peaty,Barley,Zaid,Sprinkler,North,48.88,4.5,11.23
26.67,1439.62,Sandy,Sorghum,Rabi,Sprinkler,South,33.95,4.63,11.292
34.6,1357.88,Peaty,Wheat,Kharif,Flood,West,87.44,9.16,12.118
33.55,568.35,Clay,Rice,Kharif,Flood,East,168.47,6.85,10.168
30.93,515.72,Loamy,Wheat,Zaid,Flood,West,37.92,4.84,7.579
19.37,350.0,Loamy,Wheat,Rabi,Flood,West,10.11,10.62,6.328
29.86,1350.54,Loamy,Wheat,Zaid,Sprinkler,Central,155.77,5.4,13.112
38.78,1361.72,Peaty,Wheat,Kharif,Flood,South,10.62,8.99,11.378
19.65,782.6,Silty,Sorghum,Zaid,Drip,East,81.92,6.16,9.175
37.44,808.11,Loamy,Rice,Zaid,Rainfed,North,181.27,4.02,10.66
31.45,572.39,Silty,Barley,Kharif,Sprinkler,South,21.98,5.37,5.707
23.09,331.33,Silty,Rice,Zaid,Flood,Central,75.01,8.05,7.199
31.51,653.9,Clay,Wheat,Kharif,Rainfed,Central,33.83,10.93,9.738
19.23,1461.86,Sandy,Rice,Kharif,Rainfed,Central,108.21,4.73,11.902
24.27,1155.2,Sandy,Maize,Rabi,Sprinkler,Central,77.43,10.24,12.115
22.28,1330.81,Peaty,Barley,Rabi,Sprinkler,South,24.0,8.49,10.104
21.07,233.15,Silty,Maize,Rabi,Flood,South,180.3,11.25,8.798
32.56,810.55,Sandy,Maize,Zaid,Rainfed,South,95.6,6.13,10.19
26.93,1215.26,Peaty,Wheat,Zaid,Flood,Central,187.55,5.39,12.958
20.77,789.49,Clay,Rice,Zaid,Flood,North,80.96,8.92,10.1
18.73,549.86,Sandy,Rice,Rabi,Rainfed,Central,195.25,10.59,10.651
26.0,383.99,Sandy,Maize,Kharif,Flood,North,187.22,9.33,10.869
37.17,700.68,Loamy,Sorghum,Kharif,Rainfed,Central,199.84,6.14,11.241
33.31,1421.85,Peaty,Wheat,Rabi,Drip,South,79.52,10.53,15.229
33.35,569.63,Silty,Barley,Kharif,Drip,West,108.71,7.44,8.563
39.47,259.94,Clay,Rice,Kharif,Flood,Central,150.81,11.31,11.717
33.78,1351.82,Sandy,Barley,Rabi,Flood,East,41.49,10.3,11.577
28.26,970.35,Silty,Wheat,Rabi,Sprinkler,West,57.74,8.84,10.527
34.46,453.46,Sandy,Maize,Zaid,Flood,West,25.6,5.51,7.208
24.25,769.6,Silty,Rice,Zaid,Drip,South,45.24,7.3,9.44
39.09,710.68,Loamy,Sorghum,Zaid,Rainfed,North,146.75,9.86,12.886
17.96,890.96,Loamy,Wheat,Rabi,Sprinkler,Central,13.43,6.05,8.185
36.23,600.97,Silty,Barley,Rabi,Flood,Central,178.22,6.86,10.548
15.1,1297.63,Loamy,Wheat,Kharif,Flood,North,25.18,6.14,9.854
19.85,781.78,Clay,Sorghum,Rabi,Sprinkler,Central,96.67,6.54,9.447
26.71,260.28,Silty,Rice,Zaid,Flood,West,116.61,7.24,7.874
24.24,677.51,Loamy,Maize,Kharif,Drip,North,45.44,9.83,9.18
24.78,709.31,Silty,Rice,Rabi,Drip,West,174.28,4.35,11.429
28.15,809.59,Clay,Sorghum,Rabi,Drip,South,118.77,7.36,10.797
22.99,631.28,Clay,Sorghum,Rabi,Rainfed,East,159.45,11.4,11.164
26.23,704.78,Loamy,Rice,Rabi,Flood,Central,26.91,4.79,8.635
21.95,802.59,Silty,Barley,Kharif,Sprinkler,East,99.8,9.44,12.16
15.36,404.08,Sandy,Rice,Rabi,Flood,North,84.67,10.74,10.067
28.83,1183.41,Silty,Sorghum,Rabi,Sprinkler,East,35.43,8.06,10.825
21.43,996.67,Clay,Wheat,Rabi,Drip,West,142.82,6.86,11.452
31.42,1351.96,Clay,Barley,Rabi,Drip,East,76.36,7.1,12.478
32.96,1373.71,Loamy,Wheat,Kharif,Sprinkler,South,139.14,5.78,13.013
22.05,1073.76,Peaty,Rice,Rabi,Drip,Central,80.25,10.52,10.137
25.9,1274.53,Sandy,Barley,Kharif,Drip,South,162.6,4.77,13.507
37.31,469.32,Sandy,Wheat,Kharif,Rainfed,West,89.84,8.4,8.655
21.55,518.07,Sandy,Rice,Kharif,Sprinkler,Central,27.97,10.3,7.371
38.5,1363.11,Loamy,Sorghum,Rabi,Drip,East,140.24,8.7,14.017
22.73,296.64,Sandy,Barley,Kharif,Drip,East,167.53,9.18,10.907
21.25,243.61,Sandy,Rice,Rabi,Rainfed,North,168.19,5.61,8.443
32.74,975.23,Silty,Wheat,Kharif,Sprinkler,North,78.0,9.9,12.455
29.54,1001.84,Clay,Wheat,Rabi,Sprinkler,Central,126.85,9.22,12.779
19.7,873.12,Silty,Wheat,Rabi,Rainfed,Central,161.33,5.21,11.522
38.0,1401.8,Silty,Maize,Kharif,Flood,North,111.04,4.11,11.782
23.93,1348.96,Peaty,Barley,Zaid,Rainfed,Central,11.51,6.43,9.067
17.36,472.29,Silty,Rice,Kharif,Flood,West,58.2,7.07,6.706
32.66,301.95,Silty,Wheat,Rabi,Flood,West,82.08,6.16,9.372
21.99,260.92,Sandy,Maize,Rabi,Drip,Central,134.56,8.83,8.024
39.62,1302.87,Silty,Sorghum,Kharif,Drip,North,149.28,7.12,15.107
27.29,916.24,Loamy,Rice,Zaid,Rainfed,Central,139.96,4.12,10.508
34.15,1111.1,Sandy,Barley,Kharif,Rainfed,South,35.87,9.79,10.385
23.1,1421.24,Silty,Wheat,Kharif,Drip,South,181.71,6.84,13.476
15.74,635.82,Loamy,Barley,Rabi,Drip,North,131.43,9.26,11.103
36.66,1460.87,Peaty,Maize,Rabi,Sprinkler,Central,140.78,10.4,14.861
17.45,869.14,Silty,Maize,Rabi,Drip,South,25.93,8.05,8.252
36.33,1244.85,Silty,Maize,Zaid,Flood,North,103.48,10.91,14.498
18.34,1281.55,Peaty,Rice,Rabi,Flood,East,58.2,11.73,11.826
38.23,819.31,Loamy,Wheat,Zaid,Rainfed,South,95.98,8.83,10.867
36.26,496.89,Silty,Wheat,Kharif,Flood,West,117.03,5.1,10.054
31.79,711.77,Loamy,Wheat,Rabi,Flood,South,171.79,10.16,13.089
17.98,1145.36,Loamy,Wheat,Rabi,Sprinkler,Central,141.34,9.5,12.828
22.58,1104.27,Peaty,Maize,Rabi,Flood,East,115.97,7.68,11.249
34.58,571.19,Loamy,Sorghum,Rabi,Flood,South,45.79,10.83,9.267
37.35,1238.13,Loamy,Rice,Rabi,Drip,Central,151.76,10.94,16.673
16.42,494.54,Peaty,Wheat,Kharif,Sprinkler,South,69.55,6.52,6.672
38.66,831.45,Loamy,Barley,Kharif,Drip,East,62.94,8.77,9.023
32.17,1466.19,Clay,Rice,Rabi,Drip,South,41.8,10.42,12.983
32.29,677.31,Loamy,Maize,Rabi,Flood,South,171.51,9.9,11.836
24.84,1321.92,Loamy,Sorghum,Kharif,Rainfed,North,29.45,8.1,11.843
25.66,560.36,Silty,Maize,Zaid,Flood,North,136.7,10.54,10.515
24.19,1468.85,Peaty,Maize,Rabi,Drip,North,196.31,6.55,14.971
35.4,202.45,Silty,Barley,Zaid,Flood,North,52.06,6.9,7.126
38.46,822.47,Peaty,Maize,Rabi,Flood,East,82.26,11.41,11.375
35.56,1431.7,Silty,Sorghum,Kharif,Rainfed,East,115.68,10.21,14.626
38.52,1270.94,Peaty,Rice,Rabi,Sprinkler,East,124.49,6.35,12.327
34.2,217.5,Loamy,Sorghum,Zaid,Flood,West,97.31,11.49,11.134
35.74,817.36,Sandy,Barley,Kharif,Drip,East,151.22,7.57,12.688
20.74,1339.71,Loamy,Maize,Rabi,Sprinkler,South,145.54,11.47,14.521
23.8,1224.71,Silty,Rice,Rabi,Sprinkler,Central,175.55,7.19,13.878
39.43,936.84,Silty,Maize,Rabi,Sprinkler,North,147.9,11.3,13.197
19.35,759.53,Loamy,Sorghum,Kharif,Drip,West,36.24,5.13,7.928
35.78,968.44,Loamy,Wheat,Rabi,Rainfed,South,64.32,10.51,11.992
16.54,413.34,Sandy,Maize,Zaid,Drip,West,83.26,11.51,10.051
23.54,726.12,Clay,Barley,Rabi,Flood,East,136.82,5.94,10.553
17.07,400.73,Loamy,Wheat,Kharif,Sprinkler,South,88.24,4.89,7.657
31.76,1463.75,Loamy,Barley,Rabi,Sprinkler,South,114.59,6.34,14.621
29.44,1272.0,Peaty,Sorghum,Kharif,Flood,Central,46.88,8.49,11.895
34.6,1339.14,Loamy,Maize,Rabi,Flood,East,33.52,5.58,10.146
37.45,459.45,Loamy,Sorghum,Rabi,Flood,East,59.62,11.49,10.135
26.15,921.15,Loamy,Wheat,Rabi,Flood,North,72.37,9.52,10.926
39.3,334.81,Clay,Wheat,Rabi,Flood,North,181.92,8.23,11.717
34.26,991.38,Sandy,Maize,Rabi,Drip,South,123.92,6.59,10.152
35.26,814.08,Loamy,Maize,Kharif,Rainfed,West,176.72,11.38,14.644
16.07,382.25,Silty,Barley,Zaid,Sprinkler,Central,190.66,11.08,10.001
37.34,517.29,Peaty,Maize,Kharif,Rainfed,West,190.79,11.88,13.935
31.12,243.18,Loamy,Wheat,Kharif,Sprinkler,South,47.49,11.19,8.917
20.52,1364.72,Loamy,Wheat,Rabi,Sprinkler,East,144.72,10.5,13.363
30.39,556.21,Silty,Rice,Rabi,Drip,East,39.45,11.76,9.125
32.17,1210.43,Silty,Rice,Kharif,Flood,South,18.56,6.26,9.884
33.04,609.04,Clay,Sorghum,Rabi,Sprinkler,East,29.99,6.36,8.265
30.09,454.51,Silty,Barley,Rabi,Sprinkler,Central,80.42,7.56,7.838
27.1,618.95,Silty,Sorghum,Kharif,Sprinkler,East,37.74,4.81,7.216
31.5,767.01,Loamy,Maize,Rabi,Drip,North,143.55,8.52,12.249
22.49,425.53,Clay,Rice,Zaid,Rainfed,West,104.66,6.62,8.481
24.56,853.91,Peaty,Wheat,Kharif,Drip,Central,52.72,7.38,9.323
15.64,1132.92,Loamy,Rice,Rabi,Flood,South,152.85,4.13,11.747
17.21,586.61,Clay,Wheat,Kharif,Flood,Central,53.56,6.66,6.989
38.01,618.84,Loamy,Rice,Kharif,Flood,West,122.91,11.76,10.963
33.55,444.87,Clay,Sorghum,Kharif,Drip,East,155.08,5.05,9.35
32.7,812.45,Clay,Sorghum,Zaid,Sprinkler,West,84.07,10.17,11.339
35.09,840.86,Silty,Barley,Rabi,Rainfed,North,176.55,5.96,11.363
37.62,960.24,Silty,Wheat,Zaid,Flood,South,133.22,7.69,12.224
37.58,1106.93,Loamy,Wheat,Zaid,Sprinkler,West,166.15,8.28,13.871
15.03,383.45,Clay,Maize,Kharif,Drip,North,30.01,6.77,6.868
21.74,595.96,Sandy,Rice,Kharif,Sprinkler,South,68.77,11.35,10.382
30.95,515.99,Clay,Rice,Rabi,Flood,North,107.79,4.68,8.352
37.23,480.76,Sandy,Maize,Kharif,Flood,Central,168.96,11.5,13.25
17.25,471.06,Clay,Wheat,Rabi,Sprinkler,North,99.81,6.06,8.321
23.1,320.02,Loamy,Barley,Rabi,Flood,East,183.94,9.98,10.388
34.75,1414.32,Silty,Rice,Rabi,Rainfed,South,81.67,4.48,12.884
36.86,212.23,Loamy,Barley,Kharif,Rainfed,West,45.11,4.73,6.205
19.49,925.6,Loamy,Barley,Kharif,Flood,South,170.66,7.03,10.783
31.17,1431.68,Clay,Maize,Rabi,Drip,Central,125.65,7.58,13.874
23.04,535.04,Peaty,Wheat,Zaid,Drip,South,89.72,11.58,8.739
18.45,1257.89,Loamy,Maize,Zaid,Drip,East,183.07,11.78,14.171
25.88,707.09,Clay,Rice,Zaid,Flood,East,42.91,4.14,7.787
20.65,456.98,Loamy,Wheat,Kharif,Rainfed,East,166.59,8.81,10.74
24.09,1462.32,Loamy,Maize,Zaid,Flood,North,73.27,5.82,12.438
30.11,905.41,Silty,Wheat,Rabi,Flood,West,139.08,7.37,11.955
19.22,715.91,Silty,Wheat,Kharif,Sprinkler,North,51.5,9.57,9.516
20.33,1092.29,Clay,Wheat,Kharif,Flood,East,120.53,4.03,9.946
15.24,607.47,Loamy,Sorghum,Zaid,Rainfed,East,59.57,6.43,8.168
34.75,508.52,Clay,Wheat,Kharif,Drip,Central,188.99,10.22,11.793
30.32,896.95,Loamy,Maize,Rabi,Rainfed,East,43.99,10.88,10.527
38.49,742.8,Silty,Maize,Rabi,Drip,North,50.05,10.9,10.226
34.81,428.51,Clay,Maize,Rabi,Rainfed,Central,67.25,7.03,9.576
28.48,693.93,Loamy,Barley,Zaid,Drip,East,196.15,10.0,13.715
30.14,547.73,Loamy,Wheat,Kharif,Drip,West,104.02,6.86,7.615
28.26,725.85,Clay,Wheat,Rabi,Flood,North,109.54,10.22,10.766
24.94,1174.61,Silty,Barley,Kharif,Sprinkler,North,147.99,11.5,12.985
37.51,333.64,Silty,Wheat,Kharif,Flood,North,56.22,4.04,6.974
31.84,1201.09,Sandy,Wheat,Rabi,Sprinkler,North,141.37,4.12,13.008
29.76,1451.95,Sandy,Maize,Kharif,Sprinkler,North,185.12,8.32,15.035
37.32,1089.62,Sandy,Wheat,Zaid,Flood,Central,85.54,6.41,12.185
32.79,1066.2,Silty,Rice,Kharif,Flood,South,182.22,4.11,11.619
34.34,987.21,Peaty,Wheat,Kharif,Flood,West,18.06,9.71,11.749
26.52,683.66,Loamy,Wheat,Kharif,Drip,Central,139.4,7.45,12.269
30.93,912.48,Clay,Rice,Zaid,Sprinkler,Central,141.71,11.23,12.998
25.76,1143.53,Clay,Maize,Rabi,Flood,West,19.33,11.98,8.964
17.75,684.98,Sandy,Maize,Rabi,Rainfed,South,20.97,5.26,5.907
26.92,1206.0,Silty,Maize,Rabi,Sprinkler,North,56.32,5.6,9.507
28.24,1297.39,Clay,Maize,Kharif,Rainfed,South,152.77,8.35,14.392
15.25,554.75,Loamy,Barley,Kharif,Drip,West,142.89,9.27,10.019
33.03,1246.84,Clay,Wheat,Kharif,Flood,Central,159.97,10.58,13.629
18.5,554.24,Sandy,Wheat,Rabi,Rainfed,Central,69.01,9.91,9.523
25.96,495.04,Loamy,Rice,Zaid,Sprinkler,West,76.57,9.96,8.899
39.24,1473.63,Loamy,Rice,Zaid,Sprinkler,West,12.35,10.57,11.452
25.33,918.14,Clay,Rice,Kharif,Rainfed,South,33.4,11.94,9.032
33.03,1065.07,Clay,Wheat,Zaid,Sprinkler,West,195.08,8.06,14.363
23.42,1245.15,Sandy,Maize,Kharif,Drip,Central,195.35,6.1,13.995
26.62,1354.2,Sandy,Maize,Kharif,Drip,West,102.8,9.54,12.377
31.63,695.78,Sandy,Rice,Kharif,Drip,West,17.15,6.76,7.305
21.57,1117.84,Silty,Barley,Zaid,Rainfed,Central,37.83,8.84,10.116
33.49,376.73,Clay,Rice,Kharif,Rainfed,Central,101.8,10.77,11.723
32.42,778.38,Sandy,Maize,Rabi,Flood,Central,10.04,10.94,9.995
20.94,207.37,Loamy,Rice,Rabi,Rainfed,Central,69.35,4.33,5.624
20.96,1138.63,Silty,Maize,Rabi,Rainfed,West,70.82,11.16,11.341
32.21,310.62,Silty,Rice,Rabi,Rainfed,West,77.31,4.2,7.641
33.65,662.28,Clay,Wheat,Rabi,Sprinkler,South,199.06,8.03,13.028
30.24,423.74,Loamy,Wheat,Kharif,Rainfed,Central,47.28,7.91,7.08
21.45,1367.84,Loamy,Wheat,Kharif,Rainfed,Central,159.0,6.92,12.903
25.36,1040.77,Loamy,Maize,Kharif,Drip,North,121.39,8.5,11.932
36.29,1398.36,Silty,Maize,Rabi,Drip,East,184.96,8.21,15.031
30.15,314.03,Clay,Barley,Kharif,Sprinkler,South,195.83,7.8,10.616
38.88,1138.78,Loamy,Wheat,Kharif,Sprinkler,South,15.47,7.72,10.468
27.65,588.2,Silty,Wheat,Rabi,Drip,East,16.04,6.54,8.949
32.96,1423.08,Peaty,Wheat,Zaid,Sprinkler,South,22.72,8.29,11.359
17.41,375.21,Clay,Wheat,Rabi,Rainfed,South,154.53,6.49,9.73
35.33,1118.19,Silty,Maize,Zaid,Flood,North,106.59,11.69,13.001
18.16,1216.33,Sandy,Sorghum,Rabi,Sprinkler,North,112.68,5.31,12.763
26.95,1207.18,Silty,Maize,Kharif,Rainfed,South,172.57,11.17,14.189
38.43,1116.85,Loamy,Barley,Rabi,Sprinkler,South,45.5,10.53,11.863
20.52,509.53,Silty,Rice,Kharif,Flood,West,11.57,6.16,7.547
26.99,814.71,Clay,Rice,Kharif,Flood,West,142.79,9.49,11.155
26.11,1155.45,Peaty,Barley,Rabi,Sprinkler,East,14.36,6.63,10.444
22.87,569.25,Sandy,Wheat,Rabi,Sprinkler,North,195.55,8.84,11.366
37.82,1227.74,Silty,Maize,Zaid,Sprinkler,Central,35.27,7.75,11.264
34.73,769.8,Sandy,Sorghum,Kharif,Rainfed,Central,152.67,6.37,10.539
15.49,668.06,Clay,Wheat,Rabi,Flood,South,190.37,4.07,10.375
26.7,1311.42,Sandy,Rice,Kharif,Sprinkler,South,43.66,9.86,11.426
39.45,757.33,Loamy,Sorghum,Zaid,Sprinkler,North,190.61,7.73,12.734
19.5,901.18,Peaty,Sorghum,Kharif,Sprinkler,West,155.66,10.69,12.25
15.33,1085.31,Loamy,Wheat,Rabi,Drip,West,30.03,9.48,10.238
28.1,1262.35,Sandy,Wheat,Zaid,Sprinkler,East,101.16,4.49,11.183
18.74,295.48,Peaty,Sorghum,Zaid,Drip,North,69.63,9.13,8.681
21.22,706.59,Silty,Barley,Kharif,Sprinkler,North,159.58,10.17,10.657
39.44,520.96,Loamy,Barley,Kharif,Sprinkler,Central,171.2,9.58,11.848
34.52,544.18,Loamy,Maize,Kharif,Sprinkler,South,141.11,7.19,11.285
38.39,389.63,Sandy,Wheat,Kharif,Sprinkler,North,183.19,9.98,12.237
25.68,1286.16,Loamy,Sorghum,Kharif,Flood,South,176.88,6.53,14.27
21.36,531.19,Loamy,Barley,Kharif,Sprinkler,North,78.2,4.4,6.788
26.39,478.3,Sandy,Maize,Zaid,Drip,North,62.09,4.72,8.557
21.4,887.94,Clay,Rice,Rabi,Rainfed,North,183.13,11.92,12.949
21.61,1410.02,Sandy,Barley,Zaid,Drip,East,17.46,7.11,10.73
37.32,242.14,Silty,Maize,Zaid,Flood,North,164.07,4.46,8.389
28.45,477.15,Silty,Maize,Rabi,Drip,North,174.02,8.21,11.423
27.06,1247.99,Loamy,Barley,Rabi,Drip,South,156.6,4.49,13.02
25.92,694.79,Silty,Barley,Kharif,Sprinkler,North,48.92,5.56,6.882
30.71,1341.4,Clay,Wheat,Rabi,Sprinkler,West,120.96,7.55,11.231
26.45,391.58,Silty,Barley,Rabi,Rainfed,Central,170.07,11.05,11.721
33.36,457.45,Silty,Maize,Rabi,Sprinkler,South,31.21,10.76,8.443
19.07,1254.25,Clay,Wheat,Rabi,Flood,South,42.82,7.37,11.166
25.38,597.34,Silty,Rice,Rabi,Flood,East,26.39,9.96,8.866
33.87,247.59,Silty,Rice,Zaid,Drip,West,179.55,4.81,9.238
22.85,567.29,Loamy,Wheat,Kharif,Rainfed,South,155.57,6.24,9.73
16.02,1254.1,Loamy,Barley,Kharif,Drip,East,86.29,11.99,11.581
39.55,1407.97,Loamy,Rice,Kharif,Flood,Central,53.36,7.74,11.997
33.1,793.15,Loamy,Maize,Kharif,Sprinkler,West,191.64,9.52,13.454
34.02,543.02,Clay,Wheat,Rabi,Rainfed,South,50.78,8.64,9.448
15.33,1276.47,Loamy,Barley,Kharif,Sprinkler,East,40.21,9.91,12.199
17.32,1002.33,Silty,Barley,Zaid,Rainfed,North,131.75,10.12,11.853
29.83,1140.92,Loamy,Rice,Kharif,Sprinkler,North,167.41,5.15,12.253
16.18,1280.56,Sandy,Wheat,Kharif,Flood,North,111.83,5.48,11.56
29.7,1422.1,Peaty,Rice,Rabi,Drip,South,51.66,5.46,9.4
33.24,437.2,Loamy,Barley,Kharif,Sprinkler,Central,95.95,6.21,9.64
24.59,1418.38,Clay,Barley,Zaid,Sprinkler,South,124.63,8.59,13.222
30.5,1018.23,Loamy,Wheat,Kharif,Rainfed,North,88.71,9.49,11.657
22.68,1387.73,Clay,Wheat,Kharif,Rainfed,East,107.05,5.94,12.23
22.81,491.43,Loamy,Maize,Kharif,Sprinkler,Central,119.45,9.08,8.85
16.09,325.83,Loamy,Wheat,Rabi,Sprinkler,North,25.99,7.71,6.839
29.41,449.52,Clay,Sorghum,Rabi,Sprinkler,West,119.18,7.99,8.775
16.52,1441.96,Sandy,Sorghum,Kharif,Rainfed,South,108.29,7.9,10.369
37.39,943.12,Loamy,Barley,Kharif,Drip,South,100.2,4.83,11.152
19.27,1146.81,Sandy,Maize,Rabi,Rainfed,West,187.1,5.08,14.22
19.9,333.08,Silty,Wheat,Kharif,Rainfed,South,102.77,9.61,9.307
31.52,317.93,Silty,Wheat,Zaid,Flood,West,143.91,11.73,11.246
23.83,718.81,Clay,Wheat,Kharif,Flood,West,177.88,7.49,11.343
28.43,250.5,Loamy,Rice,Rabi,Sprinkler,Central,22.47,7.22,8.307
19.54,712.26,Loamy,Maize,Rabi,Rainfed,East,187.97,5.1,11.908
38.74,413.82,Sandy,Maize,Zaid,Rainfed,South,54.86,4.99,7.272
16.6,788.59,Loamy,Rice,Kharif,Rainfed,South,171.27,8.54,11.407
15.91,772.4,Loamy,Maize,Kharif,Drip,East,124.11,9.95,9.977
35.24,1012.83,Loamy,Rice,Rabi,Rainfed,East,33.56,4.15,9.272
38.08,787.37,Sandy,Sorghum,Kharif,Drip,North,142.25,9.37,10.865
22.04,1448.58,Loamy,Wheat,Kharif,Drip,North,93.19,10.25,12.781
23.95,719.28,Clay,Wheat,Rabi,Flood,Central,173.65,11.29,12.429
37.3,1066.94,Loamy,Wheat,Rabi,Rainfed,South,195.56,7.18,12.204
22.07,798.15,Clay,Rice,Rabi,Drip,North,111.54,4.82,8.858
30.49,391.19,Sandy,Wheat,Zaid,Drip,East,116.77,5.59,9.245
17.33,1482.87,Silty,Wheat,Rabi,Flood,South,23.2,8.94,12.204
35.87,529.85,Sandy,Wheat,Rabi,Rainfed,West,140.11,6.07,9.225
26.04,1286.91,Loamy,Barley,Kharif,Rainfed,Central,114.09,7.67,12.321
25.87,889.1,Sandy,Rice,Rabi,Flood,East,65.27,6.19,9.324
25.81,224.61,Peaty,Rice,Kharif,Sprinkler,North,22.81,11.9,7.589
23.16,741.2,Peaty,Wheat,Rabi,Sprinkler,West,106.5,7.92,9.958
26.78,359.97,Sandy,Sorghum,Kharif,Drip,South,174.39,7.6,9.223
38.19,513.71,Peaty,Sorghum,Kharif,Rainfed,South,159.61,6.8,11.636
33.88,957.21,Peaty,Wheat,Kharif,Flood,Central,37.03,6.79,9.815
22.15,1064.17,Sandy,Wheat,Rabi,Drip,West,72.24,9.71,10.508
21.5,1062.65,Sandy,Sorghum,Rabi,Drip,South,34.46,4.44,8.988
38.14,1408.12,Clay,Wheat,Kharif,Rainfed,Central,19.73,9.95,13.018
33.19,986.27,Sandy,Maize,Rabi,Rainfed,Central,91.1,8.63,11.973
38.84,325.8,Loamy,Barley,Rabi,Sprinkler,East,170.53,8.77,12.498
32.91,1136.97,Loamy,Wheat,Kharif,Rainfed,North,198.35,6.76,12.883
37.21,1011.6,Loamy,Wheat,Kharif,Rainfed,West,158.89,11.98,13.693
21.51,1349.14,Clay,Wheat,Rabi,Drip,North,86.7,6.99,10.929
29.92,444.43,Loamy,Wheat,Kharif,Rainfed,South,102.95,8.52,8.301
16.94,758.31,Peaty,Maize,Kharif,Rainfed,North,66.2,11.93,11.262
32.68,1263.79,Sandy,Wheat,Rabi,Flood,North,169.68,9.76,14.604
33.22,666.52,Loamy,Rice,Kharif,Rainfed,West,89.85,9.92,10.51
22.45,236.82,Sandy,Barley,Kharif,Rainfed,South,178.76,7.24,10.162
21.51,1451.45,Silty,Barley,Rabi,Drip,North,148.6,8.74,13.629
15.26,574.42,Loamy,Maize,Rabi,Drip,North,15.55,10.61,6.898
23.54,1327.45,Peaty,Barley,Rabi,Flood,North,57.84,5.9,10.78
29.05,789.29,Clay,Barley,Kharif,Flood,South,141.39,10.3,11.348
17.35,1248.66,Loamy,Wheat,Kharif,Flood,East,155.65,4.33,10.633
39.16,230.42,Loamy,Rice,Kharif,Drip,West,68.06,4.53,8.552
32.38,658.61,Sandy,Barley,Rabi,Drip,North,54.51,7.48,9.346
19.83,951.57,Sandy,Barley,Rabi,Sprinkler,Central,178.04,10.36,13.474
29.73,481.11,Peaty,Sorghum,Rabi,Drip,South,120.96,8.6,11.302
28.21,762.73,Sandy,Rice,Zaid,Flood,South,27.49,6.1,8.407
19.21,1365.03,Loamy,Rice,Kharif,Drip,West,55.2,9.3,12.391
28.3,804.48,Clay,Maize,Rabi,Sprinkler,Central,156.21,11.5,12.377
25.21,940.02,Peaty,Barley,Rabi,Sprinkler,East,123.95,6.98,9.54
17.48,410.64,Silty,Rice,Kharif,Flood,Central,178.94,11.52,11.64
26.17,1301.99,Loamy,Maize,Zaid,Drip,South,116.62,4.74,12.867
26.32,383.99,Loamy,Wheat,Rabi,Flood,East,129.61,9.36,9.4
37.61,1403.2,Sandy,Wheat,Zaid,Rainfed,East,145.28,10.78,14.959
36.51,203.64,Loamy,Barley,Kharif,Rainfed,Central,174.33,5.54,7.918
39.19,1230.09,Loamy,Wheat,Kharif,Sprinkler,West,11.27,7.07,9.781
30.8,1002.35,Loamy,Sorghum,Zaid,Flood,West,60.8,5.58,11.176
26.36,1417.07,Silty,Wheat,Kharif,Flood,West,13.67,9.26,11.1
29.67,1477.15,Sandy,Maize,Zaid,Sprinkler,South,173.38,7.9,14.107
15.22,1139.9,Silty,Rice,Kharif,Rainfed,Central,148.84,6.77,11.635
20.92,1474.23,Sandy,Maize,Zaid,Flood,South,120.41,6.79,12.033
37.76,1331.66,Clay,Wheat,Rabi,Rainfed,West,105.29,5.72,11.54
16.8,410.04,Clay,Barley,Rabi,Drip,North,24.85,6.95,5.285
15.61,1154.89,Sandy,Rice,Rabi,Flood,South,70.71,11.06,11.748
19.41,1321.04,Peaty,Wheat,Zaid,Flood,Central,13.92,5.68,9.259
34.88,1112.79,Silty,Sorghum,Rabi,Sprinkler,North,80.49,7.47,11.137
29.22,214.92,Silty,Rice,Zaid,Rainfed,South,144.09,6.55,9.226
37.93,539.1,Sandy,Wheat,Rabi,Drip,North,98.61,8.99,11.811
37.41,525.08,Sandy,Wheat,Rabi,Sprinkler,North,78.47,11.08,9.899
28.34,826.3,Sandy,Barley,Rabi,Sprinkler,North,144.98,8.32,10.556
27.14,712.69,Loamy,Barley,Kharif,Flood,South,134.27,9.4,10.24
18.77,639.97,Clay,Barley,Rabi,Flood,East,195.37,10.93,13.012
35.19,1413.44,Loamy,Barley,Kharif,Rainfed,East,12.57,8.63,10.928
32.6,1477.14,Sandy,Wheat,Zaid,Drip,East,50.92,11.46,13.862
15.64,1429.61,Silty,Barley,Rabi,Drip,North,101.51,9.35,14.037
31.81,554.99,Loamy,Rice,Rabi,Flood,East,80.54,4.22,8.15
17.31,1421.65,Clay,Sorghum,Zaid,Rainfed,South,171.0,7.91,13.701
23.24,246.14,Sandy,Rice,Kharif,Drip,East,170.78,4.77,8.819
23.31,461.74,Silty,Maize,Kharif,Sprinkler,West,163.98,8.89,11.867
29.41,845.65,Silty,Sorghum,Zaid,Drip,Central,48.57,7.32,9.017
17.04,846.98,Loamy,Maize,Rabi,Drip,South,99.09,6.29,9.623
18.98,203.11,Silty,Maize,Rabi,Sprinkler,West,83.29,10.07,7.554
23.8,1063.17,Sandy,Rice,Kharif,Drip,South,86.72,9.17,11.218
29.63,479.57,Loamy,Maize,Rabi,Sprinkler,East,135.1,9.68,9.573
32.46,951.67,Loamy,Rice,Zaid,Sprinkler,Central,136.76,6.03,12.712
21.59,402.4,Clay,Rice,Kharif,Rainfed,North,99.99,11.76,10.26
15.01,745.27,Loamy,Rice,Zaid,Flood,South,38.14,10.24,9.386
28.82,975.66,Silty,Rice,Zaid,Sprinkler,East,71.85,8.04,11.382
17.54,1285.94,Sandy,Rice,Zaid,Sprinkler,West,130.72,11.02,13.892
26.46,791.87,Clay,Rice,Zaid,Sprinkler,Central,142.11,8.59,12.452
29.49,340.78,Loamy,Sorghum,Kharif,Flood,East,110.02,5.07,7.649
35.95,376.57,Loamy,Maize,Rabi,Rainfed,East,157.86,9.54,10.689
34.58,214.61,Sandy,Rice,Rabi,Drip,South,67.53,10.42,8.392
19.63,1213.41,Sandy,Maize,Kharif,Rainfed,East,107.13,11.43,13.083
20.31,321.91,Sandy,Barley,Kharif,Drip,Central,155.18,8.82,8.476
37.06,842.86,Clay,Wheat,Kharif,Flood,South,93.6,6.16,12.829
33.1,489.3,Silty,Wheat,Zaid,Drip,East,72.81,10.28,8.999
36.33,802.16,Sandy,Wheat,Rabi,Rainfed,North,175.59,4.79,11.415
28.53,351.97,Silty,Maize,Kharif,Drip,North,198.75,11.62,12.982
20.01,399.96,Loamy,Wheat,Rabi,Sprinkler,Central,59.53,4.98,6.505
22.47,973.07,Clay,Rice,Kharif,Sprinkler,South,139.0,11.08,13.324
39.0,238.43,Silty,Barley,Rabi,Sprinkler,South,99.81,8.15,9.844
37.52,639.8,Clay,Rice,Rabi,Flood,Central,100.07,4.41,7.672
33.46,314.92,Loamy,Rice,Zaid,Sprinkler,North,197.04,9.26,10.41
33.33,1142.04,Clay,Sorghum,Kharif,Drip,North,147.68,7.04,13.039
21.85,255.78,Loamy,Maize,Kharif,Flood,East,163.63,11.85,9.558
25.4,951.47,Loamy,Rice,Rabi,Flood,East,54.8,5.61,10.416
21.25,693.29,Loamy,Sorghum,Zaid,Drip,North,97.67,5.2,9.892
28.6,931.63,Silty,Sorghum,Kharif,Flood,Central,111.46,10.8,12.776
15.4,257.75,Silty,Wheat,Zaid,Sprinkler,South,174.04,8.97,9.032
34.88,415.61,Clay,Maize,Zaid,Flood,East,128.04,6.05,8.846
17.69,387.41,Clay,Maize,Rabi,Rainfed,East,198.34,10.37,11.537
32.03,1398.13,Peaty,Maize,Kharif,Flood,East,117.55,5.49,11.208
28.65,1332.75,Loamy,Maize,Kharif,Flood,Central,96.63,7.1,11.618
36.72,1341.82,Silty,Rice,Kharif,Drip,North,65.05,7.62,12.946
21.75,1210.12,Loamy,Maize,Rabi,Drip,East,140.19,11.24,13.668
24.48,359.78,Silty,Wheat,Kharif,Drip,East,56.94,7.01,6.2
15.58,667.21,Clay,Barley,Zaid,Flood,South,166.56,11.0,11.926
22.26,1319.29,Loamy,Wheat,Kharif,Flood,East,28.34,11.88,12.654
18.86,262.5,Silty,Barley,Rabi,Flood,East,60.42,7.25,6.485
26.97,296.86,Loamy,Rice,Zaid,Flood,West,163.73,6.29,7.683
35.75,494.83,Silty,Barley,Kharif,Drip,East,28.04,5.73,6.647
19.26,656.9,Silty,Wheat,Rabi,Rainfed,East,21.57,10.96,8.764
29.41,983.58,Silty,Rice,Rabi,Drip,South,65.91,5.33,9.561
18.54,1492.32,Sandy,Wheat,Rabi,Flood,West,110.49,5.01,10.856
17.27,950.84,Peaty,Wheat,Rabi,Rainfed,South,113.93,8.64,10.494
35.15,501.39,Loamy,Maize,Kharif,Drip,East,33.43,9.27,8.366
35.44,1068.78,Clay,Barley,Rabi,Drip,North,177.57,5.73,13.213
36.11,1257.13,Silty,Rice,Kharif,Rainfed,North,124.48,8.39,12.106
30.42,426.78,Sandy,Wheat,Zaid,Flood,Central,76.02,4.86,6.868
16.03,226.15,Sandy,Maize,Zaid,Flood,Central,59.95,5.31,6.888
27.96,942.13,Loamy,Rice,Zaid,Rainfed,East,20.72,4.66,7.241
35.1,217.38,Loamy,Maize,Zaid,Flood,North,26.3,9.71,5.66
35.86,1342.99,Clay,Barley,Kharif,Rainfed,North,43.17,4.97,9.802
26.25,1017.23,Silty,Wheat,Kharif,Rainfed,South,15.05,10.98,9.948
33.04,1416.47,Silty,Maize,Kharif,Flood,East,194.35,8.9,14.653
35.34,523.61,Sandy,Rice,Kharif,Rainfed,West,24.57,7.23,7.888
28.29,385.52,Peaty,Barley,Rabi,Drip,East,69.87,9.21,8.352
30.95,838.24,Clay,Rice,Rabi,Sprinkler,West,174.11,5.55,10.52
27.36,397.84,Clay,Maize,Kharif,Sprinkler,East,70.9,4.59,7.92
27.71,892.28,Silty,Barley,Rabi,Drip,North,45.88,7.25,8.703
31.19,1075.19,Sandy,Maize,Zaid,Flood,East,197.32,10.24,15.213
34.4,519.83,Sandy,Rice,Zaid,Flood,Central,142.5,10.85,10.508
32.67,1319.42,Clay,Sorghum,Zaid,Sprinkler,North,66.58,10.74,12.823
19.52,769.26,Sandy,Maize,Rabi,Rainfed,Central,34.68,10.08,10.214
21.72,549.58,Clay,Barley,Kharif,Sprinkler,South,35.46,7.3,7.293
31.66,347.51,Loamy,Wheat,Rabi,Sprinkler,North,190.9,11.92,12.335
32.75,1004.5,Clay,Maize,Rabi,Drip,North,146.35,10.84,14.196
34.76,824.73,Loamy,Maize,Kharif,Drip,South,153.99,6.33,10.26
37.96,389.8,Silty,Barley,Kharif,Flood,Central,107.5,7.0,8.34
17.94,1466.97,Loamy,Rice,Rabi,Sprinkler,Central,173.3,7.46,13.83
21.81,1364.54,Sandy,Sorghum,Kharif,Rainfed,South,116.95,11.66,12.634
23.25,1348.81,Clay,Wheat,Kharif,Drip,Central,198.04,9.51,14.732
24.04,1321.64,Peaty,Sorghum,Rabi,Drip,Central,198.27,7.58,14.42
31.44,450.49,Clay,Sorghum,Rabi,Sprinkler,West,105.38,5.63,8.474
36.51,1158.71,Loamy,Barley,Zaid,Rainfed,North,95.47,5.45,10.924
19.77,762.55,Sandy,Wheat,Kharif,Drip,North,27.17,8.55,8.711
26.85,1115.67,Silty,Barley,Zaid,Flood,East,121.59,5.54,10.974
29.66,417.93,Loamy,Maize,Kharif,Drip,Central,135.51,9.34,10.046
17.26,777.61,Peaty,Maize,Zaid,Sprinkler,West,117.27,10.74,10.327
28.0,637.59,Peaty,Maize,Rabi,Sprinkler,West,188.24,7.67,12.691
18.96,945.44,Silty,Barley,Rabi,Rainfed,South,32.43,8.85,10.611
16.51,1287.29,Loamy,Wheat,Kharif,Drip,South,71.87,10.55,12.636
16.53,391.02,Loamy,Sorghum,Kharif,Rainfed,South,71.96,11.55,8.643
25.14,1238.17,Peaty,Wheat,Zaid,Drip,Central,71.79,7.02,11.725
26.96,1247.55,Silty,Barley,Rabi,Rainfed,West,179.9,11.99,15.281
19.05,1051.6,Silty,Rice,Kharif,Flood,West,110.44,6.68,10.602
33.2,442.42,Peaty,Sorghum,Rabi,Sprinkler,North,142.93,4.13,9.999
26.94,651.94,Sandy,Wheat,Kharif,Rainfed,West,71.75,6.02,10.102
23.51,812.31,Silty,Rice,Kharif,Sprinkler,North,130.27,11.1,9.811
30.38,890.71,Silty,Wheat,Kharif,Sprinkler,South,45.49,5.2,9.594
22.18,1076.94,Sandy,Wheat,Zaid,Flood,South,175.96,5.63,12.326
23.2,1246.09,Silty,Barley,Rabi,Flood,Central,158.11,4.39,12.443
16.53,1097.76,Clay,Wheat,Kharif,Drip,South,140.58,8.0,11.363
23.58,635.86,Clay,Sorghum,Kharif,Flood,Central,40.6,4.48,7.732
29.68,1475.89,Silty,Barley,Kharif,Rainfed,West,75.39,9.73,13.001
37.61,269.38,Peaty,Wheat,Rabi,Flood,West,24.34,5.46,5.307
28.45,763.66,Loamy,Maize,Kharif,Flood,South,15.7,9.89,9.058
19.33,1288.63,Sandy,Maize,Kharif,Sprinkler,Central,134.15,11.53,15.401
31.35,1065.81,Sandy,Sorghum,Rabi,Sprinkler,East,75.83,9.51,11.603
33.43,1499.34,Peaty,Barley,Rabi,Sprinkler,North,21.19,9.41,12.081
28.73,1229.8,Sandy,Rice,Kharif,Flood,Central,171.43,6.67,12.332
34.08,647.67,Loamy,Wheat,Rabi,Sprinkler,West,153.69,7.71,12.18
16.68,1062.84,Silty,Rice,Zaid,Drip,North,65.02,4.18,9.513
39.84,624.81,Loamy,Sorghum,Kharif,Flood,East,170.16,11.41,12.481
38.23,982.72,Peaty,Wheat,Kharif,Rainfed,West,43.04,11.74,13.001
22.66,452.59,Sandy,Wheat,Kharif,Drip,East,149.5,5.53,9.154
19.67,1227.88,Silty,Maize,Kharif,Drip,South,25.11,11.23,11.761
26.86,1484.67,Sandy,Barley,Zaid,Sprinkler,Central,61.27,5.2,11.166
38.88,610.57,Loamy,Barley,Kharif,Drip,South,69.23,7.78,11.058
20.74,1221.12,Loamy,Barley,Kharif,Drip,Central,126.03,7.29,11.151
38.13,1160.67,Sandy,Rice,Rabi,Flood,North,157.83,8.81,14.766
33.5,1279.54,Silty,Wheat,Rabi,Sprinkler,North,85.41,10.8,12.925
26.69,1096.86,Peaty,Wheat,Rabi,Flood,West,56.21,11.67,10.866
16.2,979.26,Sandy,Wheat,Zaid,Rainfed,East,39.37,4.68,8.869
39.1,1385.21,Loamy,Sorghum,Zaid,Sprinkler,East,196.61,5.4,13.729
34.64,842.93,Clay,Wheat,Rabi,Sprinkler,South,17.87,5.76,8.193
21.72,1241.28,Loamy,Sorghum,Kharif,Drip,East,91.3,5.37,11.444
26.54,1082.69,Loamy,Rice,Zaid,Rainfed,West,166.11,8.02,13.672
27.08,307.39,Clay,Rice,Rabi,Drip,East,138.61,10.63,11.631
38.4,869.36,Peaty,Barley,Kharif,Flood,Central,59.67,11.64,11.351
26.35,278.9,Clay,Rice,Zaid,Flood,West,127.15,8.06,9.045
33.31,1155.47,Loamy,Rice,Kharif,Flood,East,12.8,8.84,8.419
25.84,853.99,Clay,Wheat,Kharif,Drip,Central,198.39,11.28,13.47
38.95,752.45,Sandy,Barley,Rabi,Drip,West,184.44,9.12,11.576
27.98,989.38,Silty,Wheat,Zaid,Drip,South,24.72,11.03,10.232
18.51,1174.92,Loamy,Rice,Kharif,Drip,North,105.27,5.73,10.755
29.9,535.34,Silty,Wheat,Zaid,Flood,East,74.46,4.07,8.169
38.88,1112.21,Silty,Maize,Rabi,Rainfed,Central,174.03,5.55,13.323
38.57,901.45,Loamy,Sorghum,Kharif,Flood,Central,163.48,5.86,12.575
31.47,288.63,Clay,Wheat,Rabi,Flood,Central,32.14,5.14,5.559
30.97,1352.83,Silty,Barley,Zaid,Flood,North,83.34,8.07,10.732
31.13,1446.11,Peaty,Sorghum,Kharif,Flood,West,179.17,10.88,16.863
31.56,1115.9,Sandy,Wheat,Zaid,Flood,West,44.81,5.25,9.792
31.3,809.33,Clay,Wheat,Zaid,Flood,East,40.71,10.08,10.609
32.98,1350.21,Silty,Wheat,Kharif,Drip,South,53.24,10.8,12.148
29.51,823.92,Loamy,Barley,Zaid,Flood,South,105.07,11.15,11.182
35.39,901.01,Sandy,Barley,Kharif,Rainfed,South,182.61,11.13,13.428
33.51,1211.16,Clay,Barley,Kharif,Sprinkler,Central,189.29,9.01,14.159
19.06,1006.85,Loamy,Barley,Rabi,Sprinkler,East,169.99,8.07,12.675
22.24,530.81,Peaty,Rice,Kharif,Flood,North,30.58,8.4,7.562
34.39,1237.15,Clay,Wheat,Rabi,Drip,East,156.66,6.56,12.98
36.53,1082.32,Silty,Maize,Rabi,Sprinkler,South,150.91,7.81,12.981
27.28,551.34,Sandy,Sorghum,Rabi,Flood,West,137.92,7.25,9.794
29.74,568.57,Loamy,Rice,Zaid,Drip,Central,43.65,8.22,8.273
27.19,1473.56,Loamy,Maize,Kharif,Rainfed,East,56.86,8.02,13.323
34.07,1393.4,Loamy,Rice,Kharif,Drip,East,157.6,6.11,13.865
30.66,424.61,Clay,Wheat,Kharif,Rainfed,North,27.02,5.31,8.476
33.13,686.74,Silty,Wheat,Rabi,Flood,West,84.77,11.82,11.274
31.99,228.37,Peaty,Sorghum,Kharif,Flood,East,183.46,6.67,8.934
37.9,738.47,Loamy,Wheat,Zaid,Sprinkler,West,137.16,4.59,9.526
36.24,1460.27,Loamy,Maize,Kharif,Sprinkler,South,103.54,4.12,12.383
17.14,985.49,Silty,Maize,Rabi,Drip,North,38.78,10.04,9.155
31.27,1002.35,Clay,Wheat,Kharif,Drip,East,31.53,7.42,9.566
39.49,984.55,Clay,Wheat,Zaid,Sprinkler,Central,185.8,9.56,13.25
37.26,525.93,Silty,Rice,Rabi,Sprinkler,North,53.27,7.84,9.86
23.88,454.58,Loamy,Sorghum,Kharif,Drip,Central,110.6,7.06,8.985
24.37,834.7,Loamy,Barley,Rabi,Rainfed,Central,107.73,11.55,11.485
37.69,1166.87,Clay,Rice,Rabi,Rainfed,South,181.61,11.37,14.676
36.0,1401.95,Silty,Sorghum,Zaid,Flood,North,192.64,7.93,14.33
23.38,352.62,Loamy,Barley,Rabi,Drip,East,134.15,7.77,8.443
25.73,1291.03,Clay,Barley,Zaid,Flood,South,25.98,6.29,10.221
18.27,338.23,Loamy,Wheat,Zaid,Rainfed,West,90.1,10.35,9.678
24.75,1296.26,Peaty,Wheat,Kharif,Flood,North,13.48,5.38,10.219
20.08,1098.47,Sandy,Rice,Kharif,Drip,Central,78.11,10.02,11.085
21.56,369.64,Peaty,Wheat,Kharif,Flood,West,80.73,9.21,8.475
21.2,1288.16,Peaty,Sorghum,Kharif,Flood,South,13.34,5.07,9.912
34.91,286.1,Silty,Rice,Rabi,Drip,South,89.22,10.58,8.191
32.51,695.92,Loamy,Barley,Kharif,Sprinkler,Central,106.09,10.7,11.216
25.03,1152.16,Loamy,Rice,Kharif,Rainfed,Central,15.19,10.61,10.136
34.62,633.54,Sandy,Rice,Kharif,Drip,South,75.37,4.59,7.914
25.89,474.37,Silty,Wheat,Kharif,Flood,West,58.94,8.69,9.01
22.72,1429.08,Clay,Rice,Zaid,Flood,West,147.32,11.75,15.191
16.64,368.35,Loamy,Maize,Kharif,Flood,South,186.98,9.94,11.056
19.99,1166.87,Loamy,Maize,Kharif,Flood,South,109.78,8.01,10.936
28.82,938.58,Peaty,Wheat,Rabi,Sprinkler,North,104.2,10.64,12.044
30.0,1332.48,Peaty,Wheat,Zaid,Flood,South,111.94,7.4,13.322
29.71,277.73,Loamy,Rice,Rabi,Sprinkler,South,144.5,6.69,8.295
35.67,470.07,Loamy,Barley,Kharif,Rainfed,East,74.1,7.42,8.906
24.33,556.26,Silty,Barley,Zaid,Rainfed,West,89.89,9.58,9.337
17.32,214.05,Loamy,Barley,Kharif,Sprinkler,North,150.75,8.63,9.962
33.18,1273.66,Sandy,Barley,Zaid,Rainfed,North,45.59,10.32,11.767
24.89,551.09,Clay,Maize,Rabi,Drip,East,149.6,7.28,9.328
31.71,449.36,Loamy,Wheat,Kharif,Flood,Central,63.46,5.36,8.009
37.3,1400.22,Loamy,Wheat,Kharif,Flood,North,196.84,7.72,14.474
27.08,320.9,Sandy,Maize,Zaid,Sprinkler,North,145.75,11.34,10.881
16.62,954.01,Sandy,Rice,Kharif,Flood,West,36.48,10.47,10.687
35.02,1059.35,Clay,Wheat,Kharif,Flood,Central,169.38,10.24,14.354
38.04,820.99,Loamy,Barley,Zaid,Flood,Central,36.16,10.32,10.97
22.41,720.34,Clay,Barley,Rabi,Rainfed,East,175.44,11.63,12.07
26.25,421.6,Clay,Rice,Zaid,Drip,Central,101.81,5.92,9.114
19.42,217.38,Silty,Wheat,Kharif,Rainfed,Central,12.94,6.4,5.603
17.23,304.0,Clay,Maize,Zaid,Drip,West,87.94,8.3,8.373
16.63,877.62,Loamy,Wheat,Rabi,Sprinkler,East,73.75,4.51,7.822
19.17,298.2,Loamy,Rice,Rabi,Drip,North,49.7,10.31,7.513
28.23,1215.27,Sandy,Sorghum,Kharif,Flood,West,163.63,9.69,11.737
21.74,1460.96,Loamy,Barley,Kharif,Flood,North,54.59,11.9,11.2
19.96,1373.49,Loamy,Rice,Zaid,Drip,South,63.14,10.97,13.986
34.82,442.24,Peaty,Rice,Kharif,Sprinkler,Central,14.53,8.4,8.064
17.8,431.03,Peaty,Barley,Kharif,Flood,West,194.2,6.81,8.834
21.41,1198.28,Loamy,Barley,Kharif,Drip,South,142.04,5.02,10.994
26.26,914.67,Sandy,Rice,Kharif,Flood,East,165.48,9.84,11.896
35.69,855.54,Loamy,Rice,Kharif,Flood,South,144.76,7.8,13.462
27.8,785.43,Clay,Sorghum,Rabi,Flood,South,88.24,10.98,11.05
15.46,922.76,Loamy,Barley,Rabi,Flood,North,71.54,8.02,9.014
27.88,1178.77,Clay,Barley,Kharif,Sprinkler,Central,199.56,10.42,15.334
38.9,1441.3,Sandy,Barley,Kharif,Sprinkler,South,185.05,9.75,16.232
27.17,758.93,Silty,Rice,Zaid,Sprinkler,South,113.39,8.15,11.555
20.55,1117.38,Silty,Maize,Zaid,Rainfed,West,40.7,7.16,10.062
39.09,1116.67,Loamy,Rice,Rabi,Sprinkler,South,194.91,5.19,13.706
15.64,497.86,Peaty,Rice,Zaid,Rainfed,West,188.37,8.78,10.446
16.01,997.1,Clay,Maize,Kharif,Flood,West,147.96,9.31,12.23
30.66,1285.28,Sandy,Maize,Rabi,Sprinkler,West,159.05,8.68,13.134
24.76,1050.82,Loamy,Barley,Rabi,Flood,East,21.66,5.68,8.172
32.39,709.84,Loamy,Maize,Rabi,Flood,West,32.16,9.52,9.404
26.73,792.93,Loamy,Wheat,Kharif,Drip,West,68.63,11.11,11.187
21.13,1288.26,Clay,Rice,Kharif,Rainfed,North,58.87,9.26,13.545
39.51,999.86,Silty,Barley,Zaid,Sprinkler,West,34.95,7.1,10.417
20.31,1046.73,Clay,Rice,Kharif,Flood,North,145.9,7.12,11.738
22.54,551.74,Sandy,Rice,Rabi,Flood,Central,34.32,6.82,8.175
17.0,253.35,Clay,Rice,Rabi,Flood,East,151.32,7.36,7.387
17.23,494.25,Silty,Rice,Kharif,Rainfed,Central,21.46,6.5,6.197
36.99,738.65,Clay,Sorghum,Kharif,Flood,West,103.95,8.82,12.222
29.42,349.96,Peaty,Barley,Rabi,Sprinkler,West,40.24,11.01,8.348
32.02,524.2,Sandy,Sorghum,Kharif,Drip,North,117.79,5.98,9.598
38.22,1052.63,Sandy,Rice,Zaid,Rainfed,North,98.0,11.47,12.715
34.46,433.07,Sandy,Maize,Kharif,Rainfed,West,67.25,10.32,9.713
37.33,1230.96,Loamy,Maize,Rabi,Flood,North,20.03,11.52,13.831
27.19,742.3,Sandy,Maize,Kharif,Flood,West,89.82,11.76,10.389
36.68,1204.62,Silty,Maize,Rabi,Flood,South,170.98,8.37,14.322
21.2,1186.88,Silty,Barley,Zaid,Drip,East,133.42,9.44,12.32
35.65,206.76,Loamy,Maize,Zaid,Rainfed,West,26.5,9.8,7.831
16.83,1428.79,Peaty,Barley,Zaid,Sprinkler,North,147.63,8.18,13.534
25.4,1092.27,Silty,Wheat,Rabi,Drip,Central,155.54,5.61,13.035
17.28,737.97,Clay,Barley,Rabi,Drip,West,98.58,11.1,11.248
22.1,259.81,Sandy,Wheat,Rabi,Drip,North,179.87,6.39,8.222
30.66,1279.04,Loamy,Barley,Kharif,Flood,North,66.7,5.89,11.563
22.83,722.52,Sandy,Barley,Rabi,Rainfed,West,161.59,9.45,12.105
20.1,519.16,Sandy,Rice,Rabi,Drip,Central,155.97,9.0,10.478
15.02,399.44,Loamy,Wheat,Kharif,Flood,East,157.5,7.38,9.068
36.6,597.38,Silty,Sorghum,Kharif,Flood,East,96.0,8.17,8.652
33.79,345.4,Loamy,Wheat,Kharif,Flood,South,130.48,7.69,9.464
15.9,612.36,Silty,Maize,Rabi,Flood,South,120.23,9.64,10.328
18.82,1395.94,Loamy,Wheat,Zaid,Rainfed,West,139.58,8.83,14.355
26.71,345.38,Clay,Barley,Kharif,Sprinkler,South,137.61,7.8,8.997
28.41,566.74,Peaty,Rice,Rabi,Rainfed,West,16.19,7.82,6.898
31.58,1375.46,Clay,Sorghum,Rabi,Flood,West,84.91,4.92,11.625
38.63,666.81,Sandy,Wheat,Rabi,Flood,South,146.97,6.39,11.163
31.19,1302.38,Clay,Sorghum,Rabi,Flood,East,135.62,7.85,13.292
15.16,679.99,Loamy,Maize,Kharif,Sprinkler,Central,111.73,11.12,9.152
23.76,841.58,Loamy,Wheat,Zaid,Rainfed,East,74.22,6.14,9.139
35.04,1038.87,Sandy,Wheat,Kharif,Flood,West,59.13,7.67,10.53
19.29,701.16,Peaty,Wheat,Kharif,Flood,South,129.56,10.05,9.611
23.9,1007.82,Clay,Barley,Kharif,Sprinkler,East,42.72,11.07,10.671
31.67,1350.7,Peaty,Barley,Zaid,Drip,Central,68.17,10.9,12.136
29.07,617.2,Silty,Barley,Kharif,Sprinkler,South,15.89,4.63,6.618
30.03,408.94,Clay,Maize,Rabi,Drip,South,116.53,11.71,11.033
16.95,1110.01,Clay,Sorghum,Zaid,Drip,South,94.27,7.49,11.634
17.34,939.87,Clay,Maize,Kharif,Drip,Central,154.46,5.39,11.266
32.0,874.8,Loamy,Rice,Rabi,Rainfed,Central,122.92,5.52,11.015
29.21,376.98,Sandy,Wheat,Kharif,Flood,East,160.42,5.43,7.893
23.89,387.05,Peaty,Wheat,Rabi,Drip,Central,188.09,8.51,9.785
30.08,694.26,Clay,Barley,Zaid,Sprinkler,North,24.66,5.88,8.039
23.62,1486.81,Silty,Rice,Zaid,Rainfed,East,54.85,9.22,13.858
18.35,201.96,Sandy,Wheat,Rabi,Sprinkler,West,122.63,6.56,7.691
16.66,750.96,Clay,Rice,Zaid,Flood,North,41.82,10.0,8.079
31.4,249.6,Silty,Barley,Rabi,Rainfed,West,196.93,8.27,9.74
22.3,592.76,Loamy,Barley,Kharif,Flood,West,100.18,7.32,8.853
24.8,507.02,Sandy,Sorghum,Kharif,Drip,Central,160.82,5.54,10.567
34.69,1089.3,Sandy,Barley,Rabi,Sprinkler,West,25.24,6.15,10.596
26.31,525.77,Clay,Maize,Rabi,Flood,North,90.88,6.06,8.574
18.62,482.48,Clay,Sorghum,Kharif,Sprinkler,South,70.28,6.33,7.241
18.65,277.25,Loamy,Sorghum,Kharif,Sprinkler,South,74.12,10.99,7.418
27.37,1317.54,Loamy,Rice,Kharif,Sprinkler,Central,193.94,7.31,13.738
37.02,1167.15,Sandy,Rice,Rabi,Sprinkler,East,144.4,5.04,11.821
24.29,895.9,Sandy,Barley,Rabi,Sprinkler,Central,20.48,9.61,8.887
34.7,1003.56,Peaty,Wheat,Zaid,Sprinkler,East,119.6,8.2,11.932
31.22,917.36,Sandy,Barley,Zaid,Drip,North,52.9,8.97,10.489
24.47,1369.89,Loamy,Wheat,Kharif,Flood,South,152.33,11.35,14.074
22.36,233.56,Clay,Maize,Zaid,Flood,Central,82.62,11.7,10.118
17.66,256.62,Clay,Wheat,Rabi,Flood,North,177.0,11.41,9.921
19.99,1215.05,Loamy,Wheat,Kharif,Rainfed,South,110.35,4.4,10.333
15.12,1371.41,Sandy,Rice,Rabi,Sprinkler,Central,45.28,5.01,8.769
31.27,1131.18,Silty,Rice,Zaid,Rainfed,South,15.48,7.21,9.954
21.68,873.27,Sandy,Wheat,Zaid,Sprinkler,South,189.85,7.38,13.872
31.37,1169.65,Sandy,Barley,Rabi,Rainfed,Central,68.7,9.49,11.583
30.45,990.28,Loamy,Barley,Zaid,Drip,Central,39.37,6.57,10.154
31.71,1020.08,Loamy,Wheat,Rabi,Drip,East,48.82,10.94,12.249
23.06,702.46,Sandy,Barley,Zaid,Flood,West,194.99,4.65,12.021
37.2,347.91,Silty,Sorghum,Kharif,Sprinkler,North,73.45,4.01,8.393
24.75,303.79,Loamy,Wheat,Kharif,Drip,West,99.8,5.95,6.773
24.45,526.98,Silty,Maize,Kharif,Sprinkler,East,33.62,6.49,7.821
25.48,323.82,Silty,Wheat,Zaid,Flood,East,129.42,4.41,8.952
37.4,1069.28,Silty,Barley,Rabi,Sprinkler,East,171.96,9.84,14.592
28.35,462.5,Sandy,Wheat,Zaid,Drip,West,75.22,9.93,8.868
32.97,320.64,Clay,Barley,Kharif,Flood,North,27.06,8.77,7.322
31.1,998.85,Clay,Wheat,Kharif,Flood,South,46.12,9.43,10.55
23.21,1160.05,Sandy,Wheat,Kharif,Sprinkler,North,98.74,9.36,10.88
31.07,1166.93,Loamy,Sorghum,Kharif,Sprinkler,West,194.2,10.94,14.895
15.75,1155.21,Sandy,Sorghum,Zaid,Sprinkler,Central,182.2,7.73,14.337
21.43,1162.42,Clay,Sorghum,Kharif,Flood,South,29.13,9.91,11.201
30.29,264.58,Loamy,Wheat,Kharif,Sprinkler,West,72.46,9.67,8.816
31.6,1100.27,Sandy,Maize,Zaid,Flood,East,181.56,6.91,12.626
24.03,543.57,Clay,Barley,Zaid,Drip,West,183.22,6.99,9.66
24.17,471.79,Silty,Maize,Rabi,Drip,North,101.74,11.34,9.781
23.49,1421.12,Loamy,Maize,Rabi,Rainfed,Central,122.87,11.75,14.645
16.83,1498.73,Clay,Sorghum,Zaid,Sprinkler,East,58.83,4.07,10.026
19.75,1098.42,Sandy,Rice,Kharif,Rainfed,Central,166.23,8.92,12.96
23.82,1088.04,Loamy,Barley,Kharif,Rainfed,Central,90.13,6.37,10.837
23.69,767.39,Clay,Wheat,Kharif,Sprinkler,West,17.27,8.66,9.945
38.22,1417.61,Loamy,Barley,Kharif,Sprinkler,East,195.18,4.14,14.373
37.61,1281.94,Silty,Sorghum,Kharif,Flood,North,50.89,5.77,12.622
19.2,1019.58,Clay,Rice,Kharif,Flood,North,51.18,10.54,11.157
20.41,646.92,Loamy,Barley,Kharif,Sprinkler,South,98.64,5.4,7.724
23.46,1456.62,Silty,Rice,Rabi,Drip,South,131.34,10.26,14.372
20.31,416.98,Silty,Wheat,Kharif,Drip,North,58.19,9.26,8.555
23.83,882.86,Loamy,Wheat,Rabi,Rainfed,Central,166.93,8.11,11.513
27.96,310.05,Clay,Wheat,Rabi,Flood,North,195.87,11.08,11.594
22.03,465.75,Peaty,Maize,Rabi,Rainfed,South,145.49,10.3,12.074
17.28,253.12,Peaty,Barley,Zaid,Sprinkler,South,64.71,8.42,6.279
29.58,514.77,Silty,Wheat,Rabi,Sprinkler,East,183.33,6.89,10.455
24.08,1097.58,Sandy,Wheat,Kharif,Sprinkler,East,185.84,7.02,13.454
16.27,1305.86,Loamy,Sorghum,Rabi,Flood,North,189.55,10.19,13.818
32.54,535.36,Silty,Sorghum,Zaid,Sprinkler,West,25.4,4.36,6.56
34.2,727.83,Loamy,Maize,Rabi,Sprinkler,South,37.83,9.95,10.831
16.63,768.39,Peaty,Rice,Zaid,Drip,North,16.33,7.76,8.165
33.04,1172.32,Loamy,Maize,Rabi,Sprinkler,West,99.89,8.91,11.745
37.72,240.17,Clay,Rice,Kharif,Flood,South,23.13,9.11,7.401
19.18,366.85,Sandy,Wheat,Kharif,Flood,North,91.73,10.23,8.77
19.14,1306.19,Peaty,Barley,Kharif,Flood,Central,48.26,10.91,11.976
29.56,266.91,Peaty,Rice,Rabi,Flood,East,115.61,8.46,9.219
19.59,201.91,Peaty,Wheat,Kharif,Sprinkler,West,86.07,6.26,5.925
18.37,1321.53,Sandy,Wheat,Kharif,Sprinkler,South,115.14,9.38,13.807
28.45,1040.08,Sandy,Barley,Rabi,Flood,North,146.71,4.26,10.462
33.99,953.81,Loamy,Barley,Rabi,Flood,East,23.89,9.2,10.886
30.0,1177.92,Clay,Barley,Zaid,Sprinkler,North,28.84,8.54,11.659
30.49,294.22,Silty,Barley,Kharif,Sprinkler,Central,129.89,9.4,9.322
25.21,274.54,Loamy,Barley,Zaid,Flood,South,42.11,9.21,7.29
39.73,1294.83,Silty,Wheat,Kharif,Rainfed,South,59.6,10.24,13.504
24.87,983.55,Loamy,Maize,Rabi,Rainfed,North,73.94,9.11,11.676
17.55,419.57,Sandy,Maize,Rabi,Rainfed,West,158.14,11.79,11.044
17.4,343.61,Peaty,Wheat,Kharif,Drip,East,176.05,7.18,8.1
32.03,1428.42,Sandy,Rice,Zaid,Sprinkler,South,129.85,8.46,13.553
32.89,957.51,Loamy,Rice,Zaid,Drip,Central,63.69,8.05,11.48
17.12,1474.36,Loamy,Barley,Zaid,Sprinkler,East,39.93,7.79,10.196
19.88,316.01,Silty,Rice,Rabi,Drip,West,139.08,6.79,7.585
20.79,851.22,Silty,Wheat,Kharif,Flood,Central,31.52,5.82,8.714
15.84,735.31,Loamy,Rice,Zaid,Flood,South,102.94,5.06,8.293
33.6,525.58,Sandy,Barley,Rabi,Sprinkler,North,173.63,11.02,11.739
26.81,570.08,Sandy,Wheat,Kharif,Drip,East,126.12,9.68,10.235
37.47,263.17,Clay,Rice,Kharif,Sprinkler,Central,180.27,6.33,9.472
22.35,1109.94,Loamy,Barley,Kharif,Drip,Central,193.95,6.3,13.129
20.61,1204.61,Clay,Rice,Rabi,Sprinkler,North,114.97,10.27,13.847
24.48,293.21,Sandy,Rice,Rabi,Flood,West,163.74,9.9,9.391
34.13,957.27,Peaty,Sorghum,Rabi,Sprinkler,West,72.89,8.42,11.073
30.48,959.86,Loamy,Rice,Zaid,Drip,South,34.16,8.92,9.663
27.09,1151.09,Loamy,Rice,Kharif,Sprinkler,East,91.8,5.59,11.553
19.51,1440.8,Peaty,Wheat,Rabi,Drip,West,155.09,7.97,13.569
20.41,1028.58,Peaty,Rice,Kharif,Rainfed,West,23.78,5.76,10.885
22.52,930.7,Silty,Rice,Kharif,Sprinkler,East,180.0,11.08,13.567
36.18,566.15,Sandy,Barley,Zaid,Drip,East,162.76,9.73,11.942
23.79,868.25,Silty,Sorghum,Kharif,Rainfed,South,171.77,4.88,12.178
29.66,1013.76,Silty,Wheat,Kharif,Flood,East,35.74,4.61,8.805
34.36,464.95,Loamy,Sorghum,Rabi,Sprinkler,South,147.98,10.39,10.715
38.47,1184.98,Loamy,Wheat,Zaid,Rainfed,North,51.24,5.2,10.891
28.93,255.98,Sandy,Barley,Zaid,Drip,North,54.37,6.87,6.686
29.47,1190.87,Sandy,Barley,Rabi,Drip,North,15.59,10.49,9.759
17.67,1399.32,Loamy,Barley,Rabi,Rainfed,West,85.36,6.51,11.095
32.12,598.2,Loamy,Barley,Rabi,Drip,East,69.11,8.93,9.337
16.97,839.47,Loamy,Maize,Zaid,Flood,South,184.53,8.21,12.539
35.51,1273.21,Silty,Rice,Rabi,Flood,Central,89.51,8.63,12.368
39.66,1261.61,Sandy,Wheat,Rabi,Flood,South,67.26,8.04,11.038
29.0,598.74,Clay,Maize,Kharif,Sprinkler,West,193.89,9.83,11.101
22.04,1356.64,Clay,Barley,Zaid,Drip,Central,89.05,4.56,12.422
34.37,1401.73,Loamy,Rice,Rabi,Flood,North,41.05,11.79,13.324
17.49,1324.87,Clay,Wheat,Kharif,Rainfed,West,185.61,5.16,13.978
35.08,1298.9,Sandy,Maize,Kharif,Sprinkler,Central,52.82,9.32,14.645
28.72,502.16,Clay,Wheat,Rabi,Drip,South,65.63,4.34,6.685
21.06,815.4,Clay,Sorghum,Rabi,Flood,East,49.07,4.92,8.008
26.21,620.92,Peaty,Rice,Kharif,Rainfed,East,179.09,10.95,10.579
32.56,1235.43,Sandy,Maize,Kharif,Drip,East,199.68,9.63,14.431
33.68,755.06,Peaty,Barley,Rabi,Drip,West,86.62,7.42,9.598
35.31,997.98,Loamy,Barley,Kharif,Drip,East,95.32,7.4,12.455
23.41,980.45,Peaty,Barley,Kharif,Sprinkler,Central,151.82,11.89,12.997
22.52,255.67,Clay,Barley,Rabi,Sprinkler,South,52.61,9.39,6.924
31.91,758.56,Sandy,Wheat,Zaid,Rainfed,North,166.62,5.27,12.991
21.99,1380.14,Sandy,Barley,Kharif,Sprinkler,North,10.56,4.58,8.16
23.41,1004.25,Silty,Maize,Zaid,Rainfed,East,10.84,9.19,10.661
25.28,754.44,Sandy,Rice,Rabi,Flood,Central,118.61,10.7,11.711
29.43,842.46,Loamy,Rice,Kharif,Rainfed,West,38.6,5.65,8.306
36.8,413.66,Clay,Wheat,Zaid,Flood,Central,184.43,5.03,9.538
17.66,1270.67,Clay,Wheat,Kharif,Flood,Central,87.12,4.38,10.356
30.61,728.36,Silty,Maize,Kharif,Rainfed,West,72.38,6.0,9.143
18.61,606.68,Silty,Wheat,Zaid,Rainfed,East,112.77,7.19,9.346
32.18,314.91,Silty,Barley,Rabi,Drip,East,17.78,10.25,7.995
32.27,1419.05,Peaty,Wheat,Kharif,Flood,South,123.73,5.38,13.051
36.94,301.63,Silty,Maize,Kharif,Flood,North,31.0,5.84,6.717
32.96,606.32,Clay,Barley,Rabi,Flood,East,50.58,4.2,8.4
30.88,966.22,Sandy,Rice,Kharif,Drip,East,136.75,6.13,11.595
35.66,221.88,Loamy,Barley,Rabi,Drip,East,67.69,6.83,6.09
36.33,1075.72,Peaty,Sorghum,Rabi,Sprinkler,North,104.07,4.84,10.654
19.12,451.5,Clay,Rice,Kharif,Rainfed,Central,88.36,7.68,9.691
35.12,503.14,Silty,Wheat,Zaid,Sprinkler,North,162.32,5.49,10.737
34.56,756.49,Clay,Wheat,Rabi,Flood,West,185.2,4.22,12.93
17.46,1338.76,Clay,Wheat,Rabi,Flood,Central,194.49,10.47,14.394
29.99,1305.97,Sandy,Rice,Rabi,Drip,North,144.73,11.91,13.832
38.66,589.61,Loamy,Sorghum,Rabi,Flood,East,69.37,10.87,10.821
28.98,541.7,Peaty,Sorghum,Kharif,Flood,North,80.83,7.56,8.64
22.95,938.39,Silty,Rice,Rabi,Drip,South,85.52,6.16,9.79
20.76,1390.85,Sandy,Maize,Kharif,Sprinkler,South,65.74,8.48,11.032
39.66,884.07,Peaty,Maize,Rabi,Sprinkler,South,89.86,6.65,10.721
31.91,227.23,Clay,Wheat,Rabi,Sprinkler,North,52.63,12.0,9.383
36.45,241.95,Clay,Maize,Kharif,Drip,West,29.33,9.77,7.806
33.36,560.54,Loamy,Rice,Kharif,Sprinkler,South,63.21,4.28,8.136
18.76,488.43,Sandy,Wheat,Rabi,Drip,East,105.34,9.89,9.451
19.02,383.17,Silty,Wheat,Rabi,Drip,East,80.28,11.66,10.073
15.8,1042.72,Clay,Maize,Zaid,Sprinkler,West,20.24,4.82,9.163
29.68,1414.8,Silty,Sorghum,Kharif,Flood,East,120.13,8.22,13.104
22.38,230.92,Sandy,Wheat,Rabi,Flood,South,145.56,10.72,8.742
26.13,657.66,Silty,Rice,Zaid,Flood,East,188.78,9.88,12.138
33.76,1333.13,Clay,Wheat,Kharif,Flood,North,141.79,9.31,14.133
26.61,564.38,Peaty,Rice,Rabi,Drip,East,64.19,10.19,9.777
20.9,1426.76,Silty,Barley,Zaid,Flood,North,158.7,11.54,13.958
19.72,675.56,Loamy,Maize,Zaid,Sprinkler,Central,192.77,8.4,12.722
36.18,972.46,Silty,Rice,Kharif,Rainfed,Central,190.71,7.02,14.482
32.96,685.6,Silty,Wheat,Rabi,Rainfed,Central,119.17,6.44,9.279
22.55,420.38,Silty,Barley,Kharif,Flood,Central,126.96,8.45,9.313
39.24,682.73,Loamy,Sorghum,Zaid,Flood,South,12.38,8.79,8.584
26.82,1169.33,Peaty,Rice,Rabi,Flood,Central,163.35,4.76,11.87
30.84,1040.21,Loamy,Barley,Zaid,Sprinkler,North,12.42,4.09,10.171
37.35,1210.13,Loamy,Maize,Rabi,Rainfed,Central,177.79,7.26,14.122
17.26,1401.84,Loamy,Maize,Kharif,Sprinkler,West,88.08,6.41,11.735
19.4,1070.47,Peaty,Rice,Rabi,Sprinkler,West,72.35,8.73,11.688
31.36,1216.31,Clay,Wheat,Zaid,Flood,North,199.36,7.21,12.505
33.93,262.43,Silty,Wheat,Rabi,Flood,West,132.74,7.63,10.532
39.05,574.73,Sandy,Rice,Zaid,Drip,South,199.62,10.59,14.671
21.58,767.0,Loamy,Rice,Kharif,Sprinkler,South,20.34,6.91,8.439
20.3,1217.08,Clay,Rice,Kharif,Drip,West,134.53,10.5,11.571
39.11,1224.0,Sandy,Wheat,Zaid,Sprinkler,South,51.5,5.85,10.937
25.55,1080.2,Loamy,Maize,Kharif,Flood,East,184.01,10.31,15.231
17.67,663.99,Loamy,Wheat,Rabi,Drip,East,90.3,7.47,8.781
30.58,934.39,Loamy,Wheat,Rabi,Sprinkler,Central,62.48,5.72,8.419
18.46,667.15,Loamy,Maize,Kharif,Sprinkler,Central,42.09,7.14,8.099
27.57,852.51,Clay,Barley,Rabi,Flood,South,181.02,6.7,10.343
20.23,1131.37,Loamy,Sorghum,Kharif,Drip,East,69.02,7.71,10.639
23.82,1221.79,Sandy,Rice,Kharif,Sprinkler,East,70.22,6.5,10.638
36.9,458.42,Loamy,Barley,Rabi,Drip,South,162.37,11.9,11.593
20.14,730.37,Loamy,Wheat,Kharif,Flood,North,131.68,7.69,11.322
26.36,469.46,Sandy,Wheat,Zaid,Drip,South,27.23,4.73,6.926
30.88,610.16,Sandy,Rice,Kharif,Sprinkler,West,25.1,6.61,9.072
32.26,1215.51,Clay,Wheat,Rabi,Sprinkler,North,164.83,10.3,14.514
37.86,222.2,Loamy,Wheat,Kharif,Rainfed,South,143.72,9.42,9.516
17.57,1482.34,Silty,Wheat,Rabi,Sprinkler,North,28.53,9.14,11.356
22.83,233.71,Clay,Wheat,Kharif,Flood,East,21.97,5.27,5.274
28.64,769.31,Loamy,Barley,Kharif,Flood,South,148.08,4.18,8.721
18.5,1467.26,Clay,Rice,Kharif,Rainfed,Central,58.17,10.04,12.898
26.52,729.61,Loamy,Wheat,Rabi,Flood,North,69.34,5.96,9.242
16.38,1084.61,Sandy,Rice,Rabi,Flood,North,74.39,5.94,10.47
22.67,1263.77,Sandy,Sorghum,Rabi,Flood,West,45.0,6.35,10.155
30.26,1424.31,Loamy,Maize,Zaid,Drip,East,53.72,9.86,13.217
24.56,968.3,Loamy,Maize,Kharif,Sprinkler,West,183.89,11.74,13.067
33.45,766.1,Loamy,Barley,Rabi,Drip,North,151.91,8.62,11.685
33.44,565.93,Sandy,Rice,Rabi,Sprinkler,East,16.97,11.55,9.034
36.81,703.18,Silty,Rice,Zaid,Rainfed,Central,199.1,8.69,12.333
38.51,262.26,Sandy,Rice,Kharif,Flood,East,192.8,8.48,10.974
23.26,361.87,Loamy,Barley,Zaid,Sprinkler,Central,97.6,11.96,10.848
33.88,1162.85,Clay,Barley,Kharif,Drip,North,55.85,5.6,11.903
16.54,967.49,Peaty,Sorghum,Kharif,Rainfed,Central,68.43,6.55,9.118
27.8,1459.48,Peaty,Barley,Kharif,Flood,East,167.47,8.36,15.585
35.65,944.88,Clay,Maize,Zaid,Drip,Central,119.66,4.15,8.823
30.8,510.22,Loamy,Rice,Kharif,Rainfed,East,45.41,10.76,9.386
29.32,1222.37,Clay,Rice,Rabi,Drip,South,162.03,5.1,12.138
17.07,1388.29,Loamy,Rice,Kharif,Sprinkler,East,80.73,6.18,11.16
28.94,899.25,Silty,Wheat,Zaid,Drip,Central,185.68,5.14,12.375
35.46,538.29,Loamy,Rice,Zaid,Flood,South,41.77,6.27,9.053
19.02,1421.68,Clay,Maize,Kharif,Drip,South,36.59,5.82,11.027
23.82,1385.81,Peaty,Rice,Rabi,Flood,South,33.0,9.76,11.309
29.38,1243.48,Loamy,Sorghum,Kharif,Sprinkler,North,16.44,6.02,9.501
16.63,1093.97,Clay,Rice,Rabi,Drip,South,55.91,5.37,10.044
24.26,797.46,Sandy,Wheat,Kharif,Drip,North,198.08,7.61,12.0
25.12,663.03,Clay,Barley,Zaid,Rainfed,West,165.43,9.4,11.151
31.79,592.03,Silty,Maize,Rabi,Drip,North,90.95,4.7,8.483
28.98,447.13,Sandy,Barley,Kharif,Flood,North,152.65,4.52,7.939
38.87,271.03,Loamy,Wheat,Rabi,Drip,West,154.72,8.01,10.723
31.89,1478.66,Silty,Maize,Rabi,Sprinkler,South,132.11,4.76,12.515
29.75,1165.3,Loamy,Rice,Kharif,Sprinkler,North,86.19,6.17,11.211
19.6,387.0,Clay,Barley,Kharif,Flood,South,144.98,11.02,11.544
25.83,569.15,Clay,Maize,Rabi,Flood,East,53.54,4.16,9.061
24.31,1340.46,Clay,Rice,Kharif,Drip,West,34.78,7.35,9.243
33.77,568.93,Loamy,Rice,Rabi,Drip,South,31.99,8.65,8.951
38.3,238.4,Loamy,Maize,Kharif,Sprinkler,South,105.19,11.41,8.806
29.9,1480.6,Sandy,Rice,Kharif,Sprinkler,East,99.8,11.38,13.57
25.14,747.19,Sandy,Rice,Zaid,Flood,South,99.8,5.86,9.424
21.39,971.51,Clay,Rice,Kharif,Flood,North,187.0,11.87,14.254
39.63,553.0,Clay,Barley,Kharif,Drip,Central,63.33,10.01,10.354
20.65,685.48,Loamy,Wheat,Rabi,Sprinkler,West,80.08,4.24,7.628
39.6,265.67,Silty,Barley,Rabi,Drip,Central,17.48,6.2,6.688
20.37,911.44,Loamy,Wheat,Rabi,Sprinkler,West,56.05,8.38,11.746
16.95,594.63,Loamy,Barley,Zaid,Flood,South,179.14,6.22,10.61
31.25,396.54,Loamy,Barley,Kharif,Rainfed,East,127.1,10.63,8.916
25.37,351.45,Clay,Rice,Zaid,Sprinkler,West,77.74,9.55,8.967
30.42,1040.81,Clay,Wheat,Zaid,Sprinkler,Central,176.61,11.43,13.024
21.84,421.14,Silty,Rice,Rabi,Drip,South,131.52,8.51,9.185
35.39,845.96,Silty,Rice,Rabi,Sprinkler,South,147.93,7.07,12.935
16.61,837.8,Peaty,Barley,Kharif,Drip,East,16.25,5.16,7.723
28.56,1182.98,Sandy,Barley,Kharif,Sprinkler,South,159.75,8.19,12.352
35.51,978.33,Silty,Rice,Rabi,Flood,Central,128.09,10.97,14.45
30.94,944.6,Silty,Rice,Kharif,Drip,Central,165.07,11.85,13.224
25.25,481.49,Loamy,Rice,Rabi,Drip,Central,190.0,11.55,11.826
38.93,887.58,Silty,Wheat,Kharif,Sprinkler,West,182.42,5.63,13.419
27.83,1327.26,Peaty,Rice,Zaid,Drip,North,108.92,8.39,13.887
24.03,317.13,Sandy,Barley,Kharif,Flood,Central,174.08,4.54,9.718
29.11,1292.36,Silty,Rice,Zaid,Sprinkler,North,30.57,9.62,11.161
24.2,1497.57,Loamy,Rice,Zaid,Rainfed,East,128.14,9.56,13.316
24.1,413.72,Silty,Barley,Kharif,Rainfed,Central,103.21,6.78,8.156
25.5,1032.78,Peaty,Wheat,Kharif,Sprinkler,South,69.34,8.14,11.352
15.85,507.09,Peaty,Rice,Zaid,Flood,North,33.1,9.33,8.633
38.39,1198.54,Silty,Wheat,Kharif,Rainfed,West,86.92,6.49,12.896
27.47,1170.0,Peaty,Maize,Zaid,Flood,Central,45.13,8.07,11.419
20.92,1332.18,Clay,Rice,Rabi,Flood,South,47.78,4.83,9.256
28.06,261.87,Clay,Rice,Rabi,Rainfed,North,41.18,6.32,6.487
17.14,1230.94,Loamy,Rice,Zaid,Drip,West,160.69,11.83,14.903
31.0,347.79,Silty,Rice,Zaid,Flood,South,126.77,10.92,8.899
21.14,342.97,Silty,Barley,Rabi,Drip,South,104.61,8.45,7.525
27.69,1006.92,Silty,Sorghum,Kharif,Sprinkler,North,159.87,5.84,11.755
34.76,696.04,Clay,Maize,Kharif,Drip,South,189.61,4.8,11.145
22.72,829.75,Loamy,Rice,Rabi,Flood,North,92.1,9.83,10.659
23.8,911.18,Loamy,Wheat,Rabi,Drip,North,49.82,11.41,11.664
33.71,330.62,Clay,Maize,Zaid,Flood,Central,89.35,5.44,8.365
22.4,826.51,Loamy,Sorghum,Kharif,Drip,South,135.91,10.97,12.361
35.12,1281.5,Silty,Wheat,Rabi,Drip,East,38.93,7.08,11.427
16.93,1346.06,Clay,Barley,Kharif,Sprinkler,Central,141.57,9.4,14.349
22.15,1280.64,Silty,Wheat,Rabi,Sprinkler,East,53.18,10.38,13.135
25.2,1334.87,Clay,Maize,Kharif,Flood,South,19.3,11.38,13.468
28.19,1315.48,Clay,Rice,Kharif,Flood,North,120.38,7.53,13.085
28.64,1079.52,Sandy,Wheat,Rabi,Flood,Central,14.7,11.07,11.234
24.57,1419.99,Silty,Rice,Rabi,Sprinkler,West,193.69,5.07,12.833
33.41,447.87,Silty,Rice,Kharif,Drip,West,40.64,7.08,7.383
20.66,460.47,Silty,Maize,Kharif,Rainfed,North,172.08,5.07,8.599
32.81,1124.03,Clay,Rice,Rabi,Drip,South,156.37,4.35,13.688
35.05,1266.49,Sandy,Maize,Rabi,Sprinkler,North,67.94,10.83,13.958
38.1,323.33,Sandy,Maize,Rabi,Drip,East,34.89,10.51,7.18
35.75,836.24,Sandy,Maize,Kharif,Flood,North,192.11,4.32,12.776
15.61,610.43,Loamy,Barley,Rabi,Rainfed,West,82.13,4.4,7.253
35.37,1409.06,Peaty,Maize,Zaid,Sprinkler,North,82.46,6.43,11.943
20.19,763.64,Loamy,Barley,Zaid,Sprinkler,East,37.36,11.6,10.197
27.01,920.97,Sandy,Wheat,Rabi,Rainfed,West,145.46,6.95,10.17
18.73,1193.97,Peaty,Wheat,Kharif,Sprinkler,South,43.83,8.17,9.21
30.96,992.36,Loamy,Barley,Rabi,Rainfed,South,34.81,7.43,11.116
21.86,246.09,Clay,Barley,Kharif,Flood,Central,29.45,5.76,6.24
29.93,1068.43,Clay,Wheat,Rabi,Flood,South,94.6,5.54,10.665
15.9,270.41,Loamy,Rice,Rabi,Sprinkler,North,109.62,10.43,9.279
15.27,1184.67,Clay,Wheat,Kharif,Rainfed,East,135.79,10.01,13.067
35.42,398.42,Sandy,Rice,Kharif,Flood,West,26.68,9.74,7.448
18.9,525.43,Sandy,Maize,Rabi,Flood,West,74.82,9.97,9.388
17.75,649.33,Loamy,Maize,Rabi,Flood,Central,98.21,10.81,10.087
17.55,409.09,Peaty,Maize,Kharif,Drip,West,193.79,10.57,11.127
29.36,1452.71,Clay,Rice,Kharif,Drip,South,181.22,11.47,15.171
20.14,1410.01,Peaty,Rice,Rabi,Flood,Central,154.53,7.41,12.714
21.87,1102.28,Loamy,Wheat,Kharif,Rainfed,South,149.42,6.65,13.588
27.61,276.67,Sandy,Wheat,Zaid,Sprinkler,Central,33.79,11.26,8.055
25.05,1199.48,Sandy,Barley,Kharif,Flood,South,185.56,7.33,13.709
33.8,1209.83,Sandy,Wheat,Kharif,Rainfed,East,27.03,10.61,13.299
32.54,266.1,Loamy,Wheat,Rabi,Flood,Central,109.48,7.79,9.034
38.12,446.65,Sandy,Sorghum,Zaid,Flood,East,24.9,9.06,8.956
25.77,1009.94,Silty,Maize,Rabi,Rainfed,South,73.04,10.56,10.226
24.54,727.94,Sandy,Sorghum,Zaid,Drip,East,145.6,4.19,10.359
18.33,707.12,Sandy,Rice,Rabi,Rainfed,West,198.46,8.54,13.223
26.18,1053.49,Peaty,Maize,Kharif,Flood,Central,168.61,8.5,13.264
23.66,1149.19,Silty,Rice,Rabi,Sprinkler,North,45.8,9.36,10.157
21.32,1203.66,Clay,Wheat,Kharif,Flood,North,167.76,8.61,11.734
29.06,986.86,Loamy,Rice,Rabi,Flood,South,198.22,5.8,12.89
33.1,1163.37,Loamy,Maize,Rabi,Rainfed,North,138.93,9.98,12.015
16.19,1476.11,Clay,Wheat,Kharif,Drip,West,169.04,6.64,13.256
30.78,1314.44,Sandy,Maize,Rabi,Flood,West,16.24,8.42,10.598
27.3,330.7,Clay,Wheat,Rabi,Flood,South,19.2,9.08,6.569
31.26,1102.81,Clay,Wheat,Rabi,Sprinkler,East,37.75,4.86,10.583
15.5,1056.73,Loamy,Maize,Zaid,Sprinkler,East,61.8,9.99,9.674
28.39,1125.93,Clay,Wheat,Kharif,Flood,Central,55.43,9.51,11.574
38.01,856.3,Loamy,Wheat,Kharif,Drip,West,124.09,5.83,11.461
31.2,700.37,Loamy,Wheat,Zaid,Flood,Central,121.24,11.82,11.223
33.9,1107.51,Loamy,Maize,Rabi,Drip,West,35.5,7.0,9.837
28.86,1104.58,Silty,Wheat,Rabi,Flood,West,101.1,11.05,13.404
27.25,983.87,Clay,Rice,Rabi,Drip,North,25.66,10.51,10.11
33.0,826.63,Clay,Wheat,Rabi,Drip,West,159.32,5.81,11.144
33.02,992.03,Loamy,Rice,Rabi,Flood,West,33.58,4.69,10.141
15.43,1266.33,Loamy,Rice,Rabi,Sprinkler,East,86.43,10.5,12.895
19.27,1269.6,Clay,Wheat,Rabi,Flood,West,184.92,5.59,14.552
22.66,774.78,Clay,Maize,Kharif,Sprinkler,West,183.1,10.28,12.855
33.61,311.21,Clay,Rice,Zaid,Sprinkler,South,75.93,4.37,7.026
37.93,438.28,Peaty,Rice,Zaid,Drip,West,138.65,6.46,10.701
25.38,908.85,Sandy,Barley,Rabi,Flood,South,194.92,4.35,11.778
28.85,346.93,Loamy,Wheat,Kharif,Flood,Central,134.37,9.96,10.833
15.42,1161.88,Loamy,Maize,Rabi,Flood,Central,168.97,7.81,12.746
19.62,526.15,Silty,Wheat,Kharif,Rainfed,Central,163.23,10.31,10.721
19.81,512.17,Loamy,Maize,Zaid,Flood,East,81.82,10.24,9.435
37.42,1175.85,Sandy,Sorghum,Kharif,Flood,Central,17.32,4.69,10.299
36.96,1114.67,Silty,Rice,Rabi,Rainfed,East,26.37,4.98,10.795
15.05,512.22,Sandy,Barley,Kharif,Sprinkler,East,68.36,7.89,9.976
17.72,322.78,Clay,Rice,Zaid,Rainfed,South,40.68,8.75,7.074
35.33,847.59,Peaty,Maize,Zaid,Drip,North,179.55,11.45,12.857
38.62,651.17,Peaty,Wheat,Rabi,Drip,South,79.17,4.05,8.053
24.65,940.94,Loamy,Barley,Kharif,Flood,North,65.49,9.02,10.019
35.39,1141.99,Silty,Barley,Rabi,Drip,North,52.72,4.46,10.589
30.32,912.26,Silty,Barley,Kharif,Rainfed,Central,128.26,9.81,11.308
33.76,1320.81,Sandy,Rice,Zaid,Rainfed,Central,112.76,5.46,11.97
24.66,838.68,Clay,Sorghum,Zaid,Sprinkler,Central,33.66,7.82,9.329
22.27,268.2,Clay,Wheat,Rabi,Drip,Central,74.34,5.39,6.372
33.62,1056.73,Silty,Barley,Zaid,Rainfed,South,138.79,5.91,10.061
24.36,1157.99,Peaty,Barley,Rabi,Sprinkler,West,64.8,5.36,10.799
37.29,536.68,Loamy,Maize,Kharif,Sprinkler,South,158.65,7.64,11.413
24.49,502.64,Peaty,Wheat,Rabi,Sprinkler,West,92.3,7.13,10.232
29.4,1122.02,Loamy,Maize,Kharif,Sprinkler,West,32.29,11.67,14.575
35.5,1328.42,Loamy,Rice,Kharif,Sprinkler,South,191.62,6.0,14.443
29.35,724.29,Sandy,Barley,Kharif,Sprinkler,South,65.31,8.98,7.81
16.92,1091.62,Loamy,Sorghum,Zaid,Flood,East,40.99,4.11,8.111
15.11,1381.29,Sandy,Wheat,Kharif,Sprinkler,East,14.55,10.05,11.199
25.21,468.98,Silty,Maize,Rabi,Flood,Central,149.04,9.54,11.017
26.53,857.39,Peaty,Barley,Rabi,Flood,Central,193.16,11.61,11.651
37.96,581.45,Silty,Maize,Kharif,Rainfed,North,192.4,11.45,13.826
21.1,744.14,Loamy,Wheat,Kharif,Drip,East,182.63,6.86,11.43
34.7,496.45,Sandy,Barley,Zaid,Rainfed,North,174.0,7.52,11.288
24.97,1014.19,Peaty,Wheat,Kharif,Rainfed,North,17.98,10.72,10.691
20.51,240.61,Loamy,Barley,Rabi,Sprinkler,South,107.71,7.76,6.943
20.78,901.94,Loamy,Maize,Rabi,Drip,South,196.22,9.14,13.344
28.57,1000.58,Clay,Wheat,Zaid,Rainfed,North,32.35,6.16,9.621
16.96,200.54,Peaty,Maize,Kharif,Flood,Central,178.65,11.09,9.1
31.44,1415.36,Sandy,Maize,Zaid,Sprinkler,East,68.95,6.05,12.412
28.72,320.45,Loamy,Maize,Rabi,Rainfed,North,52.05,5.03,6.806
20.73,639.21,Clay,Maize,Kharif,Sprinkler,Central,81.33,7.21,9.524
24.28,830.83,Peaty,Wheat,Zaid,Rainfed,West,159.09,8.48,11.764
30.61,1280.74,Silty,Rice,Kharif,Rainfed,West,52.4,4.3,9.471
27.59,1002.13,Sandy,Maize,Rabi,Flood,East,186.58,8.27,12.669
30.35,443.76,Silty,Wheat,Rabi,Drip,North,109.64,7.53,8.821
16.27,1108.1,Peaty,Wheat,Rabi,Rainfed,South,154.06,11.41,13.153
35.61,456.08,Silty,Barley,Rabi,Sprinkler,Central,24.13,4.72,7.758
21.03,744.14,Clay,Maize,Kharif,Sprinkler,Central,190.82,4.44,10.031
39.46,1042.23,Clay,Rice,Kharif,Flood,South,64.34,6.7,11.307
30.62,428.37,Sandy,Wheat,Kharif,Sprinkler,West,75.14,6.31,7.181
17.84,1294.41,Loamy,Rice,Rabi,Flood,East,101.03,11.01,14.127
27.89,1297.97,Sandy,Barley,Zaid,Rainfed,East,31.19,11.65,11.981
22.39,737.3,Clay,Rice,Rabi,Rainfed,North,182.02,11.32,12.387
24.86,788.61,Sandy,Sorghum,Zaid,Sprinkler,North,41.07,8.67,8.653
27.52,666.73,Peaty,Wheat,Kharif,Flood,West,18.89,4.4,8.738
26.09,418.33,Silty,Wheat,Kharif,Flood,East,136.77,6.58,7.723
25.14,1422.98,Clay,Rice,Zaid,Flood,West,127.39,8.37,14.469
31.13,709.87,Loamy,Sorghum,Kharif,Rainfed,Central,186.58,5.33,11.602
16.57,1191.76,Silty,Sorghum,Kharif,Sprinkler,West,126.68,7.99,10.66
19.2,708.08,Sandy,Rice,Rabi,Flood,East,159.37,5.69,10.193
24.1,415.34,Loamy,Wheat,Zaid,Drip,South,198.45,7.63,9.714
33.93,1395.72,Sandy,Rice,Rabi,Rainfed,West,99.55,8.47,13.058
37.16,1128.81,Peaty,Wheat,Rabi,Sprinkler,Central,16.59,11.24,11.1
16.51,1115.18,Loamy,Sorghum,Zaid,Sprinkler,East,77.73,7.84,11.38
24.84,1012.43,Sandy,Sorghum,Rabi,Flood,North,142.78,10.55,13.495
25.57,1141.3,Silty,Maize,Zaid,Sprinkler,North,133.58,8.25,13.235
19.82,1265.16,Sandy,Barley,Kharif,Drip,East,141.59,4.99,11.097
29.55,462.03,Sandy,Barley,Kharif,Drip,North,109.34,11.17,10.296
34.59,1096.9,Peaty,Barley,Kharif,Rainfed,North,60.81,5.19,9.168
23.05,1162.62,Silty,Sorghum,Kharif,Flood,East,165.29,6.56,12.747
30.27,1000.09,Clay,Maize,Rabi,Rainfed,Central,192.2,6.04,11.807
19.7,1321.05,Clay,Maize,Rabi,Rainfed,West,92.48,9.91,12.23
28.24,550.93,Silty,Rice,Rabi,Flood,East,173.07,9.62,9.539
33.52,933.65,Loamy,Maize,Kharif,Sprinkler,Central,54.6,7.98,9.938
37.63,1352.64,Silty,Sorghum,Rabi,Flood,East,123.75,6.16,12.548
36.07,353.61,Sandy,Wheat,Rabi,Rainfed,North,145.75,8.67,9.396
29.52,975.3,Clay,Sorghum,Kharif,Sprinkler,West,173.27,7.59,12.845
35.47,1320.97,Clay,Wheat,Zaid,Sprinkler,Central,71.71,4.85,10.889
24.05,1396.2,Loamy,Maize,Kharif,Flood,West,143.99,9.39,13.854
16.58,1247.52,Silty,Barley,Kharif,Flood,North,191.45,8.07,13.653
28.2,465.25,Peaty,Sorghum,Rabi,Flood,West,126.24,8.1,9.093
36.9,737.59,Sandy,Wheat,Zaid,Flood,North,139.45,8.8,11.608
22.29,1063.26,Loamy,Rice,Rabi,Flood,North,19.1,5.19,8.278
34.58,816.57,Silty,Rice,Kharif,Drip,East,13.81,5.44,7.569
20.23,1228.25,Loamy,Wheat,Kharif,Flood,North,132.98,5.78,11.351
20.05,685.58,Silty,Barley,Rabi,Rainfed,Central,105.92,8.95,9.953
16.42,787.58,Silty,Rice,Kharif,Rainfed,North,167.24,7.43,11.141
16.89,1383.5,Loamy,Maize,Rabi,Flood,North,108.93,10.21,14.133
30.0,573.14,Silty,Wheat,Rabi,Drip,East,35.58,8.12,9.335
27.43,832.01,Loamy,Wheat,Kharif,Rainfed,South,188.4,5.03,11.094
25.32,412.41,Silty,Barley,Kharif,Drip,West,162.21,8.36,11.371
21.9,1437.77,Loamy,Barley,Kharif,Sprinkler,West,28.81,10.09,12.568
35.29,946.64,Clay,Barley,Rabi,Sprinkler,South,180.79,5.25,11.71
20.47,1286.15,Silty,Barley,Kharif,Rainfed,Central,38.31,5.7,9.481
32.61,249.67,Clay,Rice,Kharif,Rainfed,Central,55.22,9.48,8.966
17.54,1025.59,Loamy,Sorghum,Zaid,Flood,Central,18.48,4.2,7.811
18.93,1449.87,Silty,Rice,Zaid,Drip,North,42.06,10.55,13.142
31.51,1101.16,Loamy,Rice,Kharif,Sprinkler,North,97.85,7.15,13.76
30.26,1280.33,Loamy,Rice,Rabi,Sprinkler,North,180.34,4.37,12.291
17.64,300.47,Peaty,Maize,Zaid,Rainfed,West,61.36,4.69,6.512
17.61,538.72,Sandy,Maize,Zaid,Drip,West,73.21,11.31,10.361
38.14,654.68,Loamy,Rice,Rabi,Flood,Central,48.8,5.15,8.313
32.46,835.86,Silty,Rice,Rabi,Sprinkler,South,11.13,7.52,7.853
30.83,301.71,Peaty,Rice,Kharif,Sprinkler,North,186.91,8.68,11.595
24.32,921.14,Sandy,Wheat,Rabi,Rainfed,Central,167.51,8.39,13.103
33.87,944.36,Clay,Barley,Rabi,Drip,North,178.13,6.64,13.454
19.82,1383.65,Silty,Maize,Zaid,Flood,Central,96.74,11.47,12.63
28.25,216.63,Loamy,Sorghum,Rabi,Drip,East,175.75,6.75,8.593
31.64,442.02,Loamy,Rice,Zaid,Drip,North,155.01,8.69,10.495
37.45,373.74,Peaty,Wheat,Kharif,Flood,South,132.35,7.01,9.161
33.41,1128.2,Peaty,Maize,Zaid,Rainfed,West,55.97,6.01,10.913
20.21,845.79,Sandy,Barley,Rabi,Sprinkler,South,164.27,6.67,12.128
20.13,1467.99,Loamy,Wheat,Zaid,Drip,Central,70.53,6.09,11.744
23.51,431.0,Loamy,Barley,Kharif,Rainfed,East,98.11,8.97,9.074
33.94,264.21,Sandy,Maize,Zaid,Sprinkler,West,174.16,8.48,11.399
20.19,741.44,Loamy,Rice,Rabi,Flood,Central,128.68,8.87,10.396
25.64,746.88,Sandy,Sorghum,Kharif,Rainfed,North,64.05,10.0,7.804
19.16,904.86,Silty,Rice,Kharif,Rainfed,North,29.16,7.33,8.539
15.65,535.49,Loamy,Wheat,Kharif,Sprinkler,East,160.36,4.99,10.25
18.14,1495.38,Peaty,Barley,Rabi,Sprinkler,East,49.02,5.32,11.775
29.12,1120.98,Silty,Barley,Zaid,Flood,East,16.07,4.26,9.563
17.66,929.59,Loamy,Rice,Rabi,Rainfed,South,56.01,9.13,9.385
20.44,1470.4,Sandy,Barley,Kharif,Sprinkler,East,54.87,7.85,11.761
16.62,1182.54,Clay,Rice,Rabi,Drip,North,40.43,7.53,9.677
26.36,1188.7,Sandy,Sorghum,Kharif,Drip,North,173.55,11.31,14.041
36.09,252.78,Silty,Rice,Rabi,Rainfed,North,80.18,4.19,7.477
25.14,1202.92,Loamy,Rice,Kharif,Rainfed,North,115.72,9.15,11.863
38.57,1086.6,Silty,Wheat,Kharif,Rainfed,East,162.77,4.1,13.277
35.56,1465.65,Clay,Barley,Rabi,Flood,South,100.84,7.8,13.119
32.45,667.74,Silty,Barley,Rabi,Flood,West,51.14,10.71,10.695
35.3,551.01,Peaty,Rice,Kharif,Rainfed,Central,129.52,5.07,10.755
21.84,1393.4,Clay,Sorghum,Kharif,Drip,Central,44.04,7.82,9.898
29.29,613.39,Clay,Wheat,Rabi,Drip,North,155.38,8.63,10.522
36.89,460.6,Silty,Rice,Kharif,Sprinkler,East,54.02,7.26,8.078
19.85,1188.63,Sandy,Barley,Kharif,Sprinkler,Central,53.97,9.9,9.561
37.8,963.76,Sandy,Wheat,Zaid,Sprinkler,North,34.02,8.09,10.67
32.26,1193.61,Silty,Barley,Kharif,Drip,East,193.88,8.25,14.354
36.55,1269.05,Silty,Maize,Kharif,Flood,North,175.26,5.37,14.331
15.6,1391.31,Peaty,Rice,Zaid,Flood,Central,177.6,10.56,14.196
39.27,897.79,Sandy,Wheat,Rabi,Sprinkler,West,90.5,8.96,11.957
18.21,1485.14,Loamy,Sorghum,Zaid,Flood,North,41.16,4.3,9.612
18.3,589.02,Clay,Maize,Kharif,Drip,Central,196.06,8.89,11.655
36.38,905.44,Loamy,Barley,Rabi,Flood,Central,55.76,7.23,8.773
29.9,249.01,Silty,Rice,Rabi,Sprinkler,East,24.82,9.32,7.492
20.01,504.75,Sandy,Wheat,Rabi,Drip,North,143.34,5.63,8.85
32.62,520.84,Loamy,Rice,Rabi,Sprinkler,West,105.42,7.03,10.131
17.4,481.34,Loamy,Rice,Rabi,Rainfed,North,25.58,9.05,9.849
29.3,1219.69,Clay,Wheat,Kharif,Flood,West,84.42,5.89,11.485
33.03,1249.13,Sandy,Maize,Zaid,Drip,North,39.1,6.07,11.099
17.21,865.47,Sandy,Rice,Kharif,Sprinkler,West,169.48,10.38,12.587
26.93,848.71,Peaty,Maize,Kharif,Rainfed,East,63.95,4.78,9.286
24.09,825.26,Loamy,Wheat,Kharif,Flood,South,122.48,9.13,10.481
29.14,762.67,Loamy,Rice,Zaid,Drip,West,104.24,9.76,10.441
37.14,1427.47,Sandy,Wheat,Kharif,Sprinkler,North,176.08,11.53,14.219
15.52,408.17,Silty,Sorghum,Kharif,Flood,North,100.45,8.76,8.063
25.26,932.16,Sandy,Maize,Rabi,Flood,South,29.72,7.46,10.492
26.77,1049.61,Silty,Rice,Kharif,Flood,North,48.16,5.14,9.075
15.04,1418.54,Sandy,Maize,Kharif,Rainfed,West,114.38,10.39,12.249
25.06,361.21,Peaty,Barley,Kharif,Drip,East,72.11,7.88,8.438
17.39,975.14,Clay,Barley,Zaid,Flood,North,78.96,7.01,10.908
24.93,602.6,Clay,Barley,Zaid,Flood,West,30.64,6.05,7.522
19.8,1233.51,Silty,Rice,Rabi,Flood,West,186.82,11.61,14.739
23.34,991.38,Clay,Maize,Zaid,Rainfed,South,112.53,9.31,12.676
39.17,311.9,Loamy,Maize,Rabi,Sprinkler,Central,105.94,10.68,8.67
21.1,1248.78,Sandy,Rice,Zaid,Drip,West,66.96,4.46,11.628
29.05,855.87,Loamy,Maize,Kharif,Flood,West,27.23,4.7,7.866
31.4,1287.23,Loamy,Rice,Kharif,Sprinkler,South,110.5,4.56,11.905
20.62,541.49,Loamy,Maize,Rabi,Sprinkler,West,67.38,11.7,7.861
34.37,371.59,Loamy,Barley,Kharif,Sprinkler,North,22.84,11.23,9.146
26.72,421.72,Silty,Barley,Kharif,Flood,West,36.98,8.47,8.366
38.32,743.61,Clay,Barley,Rabi,Rainfed,Central,132.7,4.35,10.9
21.15,291.55,Silty,Maize,Zaid,Drip,East,160.18,5.78,8.731
25.99,1174.64,Clay,Rice,Kharif,Sprinkler,East,57.61,4.78,11.147
15.07,1332.35,Silty,Barley,Kharif,Flood,West,42.05,8.43,10.991
30.96,249.01,Loamy,Sorghum,Kharif,Sprinkler,Central,94.58,4.4,7.965
25.27,569.94,Loamy,Wheat,Kharif,Rainfed,West,187.71,11.78,12.035
27.55,1457.98,Clay,Rice,Rabi,Drip,East,178.32,6.81,14.5
18.29,750.57,Peaty,Sorghum,Rabi,Drip,North,119.49,9.01,11.77
38.01,823.87,Peaty,Wheat,Rabi,Drip,North,163.67,9.72,12.225
24.9,409.44,Silty,Maize,Zaid,Rainfed,East,18.08,9.61,7.675
26.59,1084.01,Silty,Barley,Kharif,Rainfed,West,109.36,4.02,9.585
20.42,1192.2,Silty,Barley,Zaid,Drip,North,71.52,10.7,11.982
15.03,569.16,Clay,Maize,Kharif,Sprinkler,North,143.11,10.61,10.374
37.02,1152.78,Loamy,Wheat,Rabi,Flood,West,176.15,10.12,14.507
33.74,570.31,Sandy,Wheat,Rabi,Sprinkler,South,74.55,9.38,9.705
21.99,592.83,Clay,Rice,Zaid,Flood,West,20.77,8.37,8.429
30.63,827.38,Loamy,Maize,Rabi,Flood,North,72.59,10.81,10.879
30.91,232.66,Peaty,Wheat,Rabi,Sprinkler,South,147.75,6.71,9.63
29.26,1179.88,Peaty,Wheat,Rabi,Drip,West,174.75,6.8,13.155
19.7,318.28,Sandy,Wheat,Kharif,Rainfed,West,15.15,4.48,4.791
22.79,647.55,Sandy,Maize,Kharif,Sprinkler,East,152.82,7.99,11.472
20.47,252.41,Loamy,Barley,Rabi,Flood,Central,27.8,10.09,7.369
20.3,1058.82,Clay,Maize,Kharif,Drip,West,96.13,8.65,11.248
21.57,1367.11,Silty,Wheat,Rabi,Sprinkler,West,17.01,8.03,9.201
34.94,1074.92,Silty,Sorghum,Zaid,Rainfed,Central,112.74,11.57,12.906
24.68,1313.11,Loamy,Wheat,Zaid,Sprinkler,East,64.86,11.39,12.792
39.29,898.56,Silty,Rice,Kharif,Flood,West,175.78,10.73,14.051
27.28,1398.8,Sandy,Sorghum,Zaid,Drip,West,122.01,8.81,11.637
17.82,237.43,Silty,Sorghum,Kharif,Sprinkler,East,115.2,5.35,5.968
39.11,818.73,Sandy,Rice,Rabi,Flood,North,106.95,5.51,11.74
22.92,352.6,Loamy,Rice,Kharif,Drip,East,141.27,11.71,10.088
17.4,1284.01,Peaty,Rice,Zaid,Rainfed,North,33.9,8.54,11.394
33.79,1291.92,Loamy,Wheat,Kharif,Sprinkler,East,77.73,5.77,11.693
22.2,795.97,Silty,Wheat,Rabi,Flood,West,80.98,10.5,9.961
28.55,1156.64,Sandy,Wheat,Zaid,Flood,South,20.4,8.79,9.556
34.65,755.2,Clay,Maize,Zaid,Flood,North,98.69,8.05,10.549
24.07,1408.74,Peaty,Wheat,Kharif,Flood,East,84.6,8.61,13.246
17.74,418.83,Peaty,Wheat,Zaid,Rainfed,South,67.4,8.17,7.948
34.33,866.32,Silty,Maize,Zaid,Drip,South,67.47,8.44,9.177
21.6,256.95,Loamy,Rice,Rabi,Drip,Central,135.9,6.58,7.626
20.31,859.15,Sandy,Maize,Zaid,Flood,North,98.73,11.93,11.264
22.56,808.59,Clay,Barley,Zaid,Rainfed,South,125.26,9.48,11.323
26.94,1008.13,Silty,Maize,Zaid,Flood,North,99.28,4.73,11.089
21.17,1155.75,Silty,Rice,Rabi,Rainfed,South,49.06,4.99,11.364
17.71,979.41,Sandy,Barley,Kharif,Rainfed,South,57.05,11.74,9.657
26.5,539.86,Loamy,Rice,Rabi,Drip,South,15.92,5.42,7.755
26.28,1195.91,Loamy,Barley,Rabi,Sprinkler,South,14.69,8.98,11.084
16.88,1182.26,Loamy,Rice,Kharif,Drip,West,150.83,11.83,14.52
22.26,723.64,Loamy,Rice,Kharif,Flood,Central,181.63,6.96,11.175
29.18,869.52,Loamy,Rice,Rabi,Drip,Central,106.43,7.09,8.804
29.01,404.34,Clay,Wheat,Rabi,Sprinkler,North,157.41,9.17,9.971
27.25,240.89,Sandy,Sorghum,Zaid,Flood,South,56.12,4.39,7.568
26.5,1447.6,Sandy,Barley,Kharif,Flood,North,177.92,5.98,14.117
29.61,672.28,Loamy,Rice,Rabi,Sprinkler,South,116.62,5.5,8.463
36.3,978.82,Sandy,Maize,Rabi,Drip,West,37.77,8.87,11.504
38.29,1288.84,Peaty,Maize,Kharif,Flood,North,119.73,10.32,14.516
17.65,1493.37,Peaty,Rice,Rabi,Rainfed,Central,141.53,7.49,12.494
31.17,519.72,Loamy,Maize,Kharif,Sprinkler,West,11.77,11.0,8.259
31.75,573.37,Sandy,Rice,Rabi,Sprinkler,North,105.17,5.53,8.738
39.32,1240.27,Loamy,Wheat,Kharif,Sprinkler,Central,135.44,5.34,12.524
22.89,461.6,Loamy,Maize,Rabi,Flood,South,95.64,9.01,8.444
36.69,1209.56,Sandy,Barley,Kharif,Drip,North,28.66,10.9,10.724
25.82,231.36,Silty,Barley,Zaid,Sprinkler,North,159.79,10.81,10.382
19.43,605.29,Silty,Rice,Kharif,Flood,East,170.88,4.99,10.694
26.68,479.94,Silty,Rice,Rabi,Flood,West,22.67,4.46,6.327
36.01,1107.64,Sandy,Wheat,Kharif,Sprinkler,South,72.35,4.56,11.149
28.05,1132.11,Loamy,Barley,Rabi,Rainfed,South,53.39,10.74,10.386
22.52,398.34,Sandy,Rice,Rabi,Sprinkler,Central,178.89,10.18,9.377
36.42,661.78,Loamy,Maize,Rabi,Drip,West,66.41,10.29,9.976
30.95,1473.66,Silty,Wheat,Rabi,Drip,South,189.21,9.86,15.926
31.21,301.39,Silty,Wheat,Kharif,Flood,East,19.54,7.72,6.93
24.86,941.32,Loamy,Barley,Rabi,Drip,Central,89.83,8.37,12.124
29.29,439.22,Sandy,Barley,Rabi,Sprinkler,Central,107.58,8.6,9.937
21.93,1433.04,Silty,Maize,Zaid,Flood,North,159.85,4.14,12.283
20.14,850.66,Loamy,Maize,Kharif,Flood,North,70.89,4.39,9.083
24.25,1160.69,Peaty,Sorghum,Rabi,Sprinkler,West,134.55,5.85,12.055
26.37,1485.2,Sandy,Wheat,Kharif,Sprinkler,North,124.03,9.36,14.466
34.82,1375.75,Clay,Wheat,Rabi,Rainfed,West,133.6,4.38,13.954
23.29,1193.92,Silty,Rice,Kharif,Flood,East,161.8,10.35,13.735
19.34,975.97,Clay,Sorghum,Kharif,Sprinkler,West,180.23,9.6,13.255
16.39,551.51,Clay,Wheat,Kharif,Sprinkler,Central,54.35,5.52,8.408
30.25,945.35,Loamy,Maize,Kharif,Sprinkler,West,63.5,10.14,11.383
26.11,729.09,Loamy,Wheat,Zaid,Flood,North,15.85,8.86,9.332
17.96,748.93,Sandy,Wheat,Rabi,Drip,North,124.72,9.48,11.121
37.7,491.69,Clay,Rice,Zaid,Flood,East,191.23,9.66,12.554
25.02,597.85,Loamy,Barley,Kharif,Drip,West,155.75,5.28,8.935
39.91,1492.96,Silty,Rice,Kharif,Sprinkler,South,183.97,4.82,13.485
30.32,1083.33,Peaty,Wheat,Rabi,Flood,West,175.55,11.48,12.508
18.74,635.74,Sandy,Rice,Zaid,Drip,East,160.73,8.05,10.366
19.43,1420.11,Sandy,Barley,Kharif,Flood,South,40.17,10.44,11.617
25.84,724.62,Silty,Sorghum,Rabi,Flood,East,166.84,10.98,11.994
33.51,1018.84,Silty,Barley,Kharif,Drip,North,178.77,10.92,14.089
38.29,211.13,Sandy,Rice,Kharif,Drip,North,66.95,9.29,8.882
36.4,452.43,Clay,Maize,Rabi,Rainfed,East,84.61,8.39,9.013
26.42,1058.85,Sandy,Wheat,Rabi,Flood,Central,33.95,9.58,10.726
22.25,540.53,Sandy,Rice,Rabi,Sprinkler,North,184.27,4.45,8.716
29.9,642.06,Loamy,Barley,Rabi,Rainfed,Central,177.09,9.16,11.098
23.49,1139.9,Clay,Sorghum,Rabi,Sprinkler,East,47.84,6.68,11.26
32.84,462.7,Clay,Maize,Zaid,Rainfed,West,182.79,10.3,12.132
29.06,1319.99,Peaty,Maize,Kharif,Sprinkler,East,148.68,4.29,11.728
23.62,1170.97,Loamy,Sorghum,Rabi,Sprinkler,Central,114.77,11.48,13.635
22.65,1430.11,Clay,Rice,Zaid,Drip,North,61.59,8.57,11.286
33.15,1346.49,Silty,Rice,Rabi,Sprinkler,North,92.33,7.23,12.239
16.63,550.18,Clay,Wheat,Kharif,Flood,South,160.81,8.07,9.311
27.49,582.25,Sandy,Maize,Zaid,Rainfed,West,24.35,8.99,7.877
20.24,974.49,Loamy,Wheat,Rabi,Sprinkler,North,153.43,10.22,12.82
35.35,1312.61,Silty,Rice,Zaid,Drip,East,76.87,11.1,13.283
19.48,398.6,Peaty,Maize,Kharif,Drip,North,185.96,6.35,9.294
28.77,1302.96,Sandy,Rice,Kharif,Drip,Central,50.38,9.11,11.885
27.68,1255.19,Clay,Maize,Kharif,Flood,West,160.74,7.6,13.69
39.19,1032.8,Sandy,Rice,Rabi,Rainfed,East,78.75,6.56,11.764
28.26,491.49,Sandy,Maize,Rabi,Rainfed,West,92.97,8.64,9.066
28.99,1422.57,Sandy,Maize,Kharif,Drip,North,10.4,9.98,12.598
39.79,358.19,Loamy,Wheat,Zaid,Sprinkler,North,92.51,8.17,8.907
22.25,548.43,Loamy,Barley,Zaid,Sprinkler,South,87.56,4.64,7.928
20.73,770.61,Peaty,Wheat,Rabi,Drip,North,18.62,5.48,7.437
24.38,492.72,Peaty,Barley,Kharif,Flood,North,177.56,6.39,9.892
20.21,643.45,Loamy,Rice,Rabi,Sprinkler,West,145.39,8.33,10.351
32.93,710.12,Sandy,Wheat,Rabi,Drip,Central,25.74,5.13,7.476
34.48,1126.43,Silty,Rice,Zaid,Flood,West,78.67,11.64,13.155
32.39,1495.36,Silty,Wheat,Zaid,Rainfed,West,129.66,9.04,14.137
39.71,1325.12,Silty,Maize,Rabi,Rainfed,North,185.85,4.98,13.336
39.26,1279.24,Loamy,Barley,Kharif,Drip,South,97.59,8.62,13.829
35.87,513.94,Clay,Maize,Kharif,Flood,East,111.36,7.25,10.286
15.12,854.6,Sandy,Rice,Kharif,Flood,South,183.05,4.51,11.44
30.53,597.84,Sandy,Barley,Rabi,Drip,East,39.51,5.15,8.499
30.51,429.76,Loamy,Rice,Kharif,Rainfed,South,163.83,9.85,10.659
27.13,905.6,Loamy,Wheat,Zaid,Sprinkler,North,158.79,11.94,13.27
36.33,1086.79,Clay,Maize,Kharif,Drip,East,144.15,6.29,12.769
17.75,798.18,Silty,Barley,Rabi,Sprinkler,North,168.79,6.33,11.492
19.67,1373.4,Loamy,Rice,Kharif,Sprinkler,South,100.39,9.45,12.98
38.66,1010.74,Loamy,Sorghum,Rabi,Rainfed,West,122.98,6.75,11.641
22.09,758.85,Loamy,Rice,Zaid,Rainfed,West,198.94,7.84,11.366
19.88,1326.44,Loamy,Barley,Rabi,Flood,West,21.0,11.22,12.655
15.72,1256.05,Loamy,Rice,Zaid,Sprinkler,West,106.85,10.54,13.459
25.9,723.96,Loamy,Wheat,Rabi,Rainfed,Central,160.65,8.4,12.09
33.73,1374.72,Peaty,Sorghum,Rabi,Drip,West,135.45,7.73,11.91
20.71,449.45,Loamy,Barley,Kharif,Sprinkler,East,193.28,10.27,11.8
38.5,938.1,Sandy,Rice,Rabi,Rainfed,North,80.69,10.92,11.818
34.76,723.2,Silty,Rice,Zaid,Sprinkler,South,168.44,6.95,11.148
39.45,1493.09,Loamy,Rice,Rabi,Drip,North,34.06,9.08,11.164
38.07,436.68,Clay,Barley,Rabi,Flood,East,171.24,10.06,10.606
27.17,902.11,Loamy,Maize,Kharif,Sprinkler,South,52.65,5.92,10.249
24.91,926.86,Silty,Barley,Rabi,Drip,North,55.17,7.3,10.301
19.79,513.67,Loamy,Rice,Kharif,Rainfed,West,61.86,5.59,8.31
36.11,638.74,Loamy,Rice,Kharif,Drip,South,120.19,8.11,10.345
17.12,453.7,Clay,Rice,Kharif,Drip,South,149.22,7.35,10.081
15.6,1352.46,Clay,Maize,Rabi,Flood,Central,87.72,8.88,12.981
27.58,273.94,Sandy,Maize,Rabi,Drip,Central,38.55,9.7,8.427
33.42,280.72,Peaty,Wheat,Kharif,Sprinkler,Central,152.26,5.45,8.335
18.05,553.03,Clay,Rice,Zaid,Drip,West,50.22,6.13,7.004
31.75,799.88,Sandy,Wheat,Kharif,Sprinkler,South,47.05,7.74,9.604
19.31,1278.66,Loamy,Sorghum,Zaid,Flood,North,76.12,8.1,11.797
21.42,1278.1,Silty,Rice,Kharif,Rainfed,Central,32.88,5.22,8.6
26.18,1161.16,Peaty,Rice,Zaid,Flood,South,22.15,6.95,10.597
27.04,724.76,Loamy,Rice,Rabi,Drip,North,74.13,5.16,8.191
26.32,715.46,Clay,Barley,Kharif,Drip,South,99.67,9.05,10.169
21.11,336.99,Loamy,Sorghum,Rabi,Rainfed,North,57.28,6.15,7.522
37.46,1117.5,Silty,Wheat,Kharif,Flood,East,93.98,8.46,12.754
25.24,1068.06,Sandy,Wheat,Zaid,Rainfed,West,149.33,9.58,14.448
16.5,505.16,Clay,Maize,Kharif,Flood,East,50.52,6.19,7.401
18.89,360.94,Peaty,Maize,Kharif,Drip,West,180.27,11.56,10.89
35.68,1193.06,Silty,Barley,Kharif,Sprinkler,South,37.82,10.23,10.348
32.32,254.0,Silty,Rice,Rabi,Drip,Central,131.63,7.72,8.071
23.42,554.65,Clay,Wheat,Rabi,Sprinkler,West,151.17,8.68,11.006
39.01,764.96,Silty,Rice,Rabi,Flood,North,83.95,8.61,11.403
24.1,866.63,Clay,Barley,Zaid,Sprinkler,Central,112.21,6.98,11.197
29.07,1369.34,Sandy,Rice,Rabi,Sprinkler,West,150.97,6.81,13.555
16.53,774.68,Clay,Rice,Zaid,Flood,East,50.97,8.12,7.758
21.96,823.37,Sandy,Rice,Rabi,Sprinkler,Central,13.18,8.67,6.971
33.04,1442.13,Silty,Rice,Kharif,Drip,Central,79.23,4.47,11.167
38.15,1038.83,Silty,Barley,Kharif,Rainfed,Central,75.31,10.94,11.978
34.06,1241.78,Loamy,Maize,Rabi,Rainfed,North,178.79,8.82,14.816
17.66,1070.33,Loamy,Wheat,Rabi,Flood,West,156.41,5.49,12.462
21.02,269.77,Sandy,Rice,Kharif,Sprinkler,East,55.55,9.7,8.645
17.37,300.02,Clay,Wheat,Kharif,Flood,East,10.72,7.93,5.081
39.56,1244.86,Sandy,Rice,Rabi,Drip,West,58.56,6.26,10.436
31.07,1151.15,Silty,Sorghum,Zaid,Sprinkler,West,74.87,9.98,11.037
24.86,1311.25,Loamy,Rice,Rabi,Drip,East,44.98,8.86,11.721
30.15,797.96,Clay,Rice,Rabi,Drip,South,82.13,7.19,10.315
19.86,840.15,Sandy,Rice,Rabi,Flood,Central,92.31,10.84,10.788
24.51,807.85,Loamy,Rice,Kharif,Flood,South,176.78,10.2,12.716
17.37,1071.9,Clay,Barley,Rabi,Sprinkler,Central,114.53,11.37,13.068
19.47,790.23,Clay,Sorghum,Rabi,Rainfed,North,59.67,9.92,9.878
21.37,727.2,Loamy,Maize,Zaid,Flood,South,197.59,7.1,12.512
24.53,606.75,Silty,Sorghum,Rabi,Sprinkler,East,188.59,6.18,11.588
27.32,874.93,Sandy,Wheat,Zaid,Flood,Central,25.18,10.37,9.936
28.46,538.72,Loamy,Barley,Rabi,Sprinkler,South,43.72,10.95,9.752
17.8,1383.15,Silty,Wheat,Rabi,Sprinkler,East,150.78,5.86,11.911
27.09,653.4,Loamy,Rice,Zaid,Sprinkler,North,47.99,8.23,9.204
34.46,1136.24,Loamy,Rice,Rabi,Rainfed,North,139.85,7.21,12.224
32.66,1249.15,Silty,Rice,Kharif,Flood,Central,103.04,11.51,14.881
20.94,853.1,Silty,Maize,Kharif,Sprinkler,West,93.41,10.41,11.697
37.66,524.17,Clay,Sorghum,Rabi,Drip,South,28.13,5.41,5.242
38.15,1281.77,Loamy,Barley,Zaid,Drip,Central,171.91,7.32,14.714
19.53,1047.42,Clay,Maize,Rabi,Flood,East,60.5,6.8,10.453
29.66,240.44,Clay,Wheat,Zaid,Drip,West,118.58,6.26,8.681
21.83,906.55,Clay,Wheat,Kharif,Rainfed,West,122.8,4.81,8.534
23.92,594.09,Clay,Rice,Kharif,Drip,Central,14.39,9.34,9.057
22.23,376.38,Silty,Wheat,Kharif,Sprinkler,South,156.95,8.83,10.38
31.6,1105.06,Clay,Rice,Rabi,Flood,South,114.62,10.12,12.245
27.66,917.54,Clay,Maize,Zaid,Sprinkler,Central,61.56,10.42,11.746
19.41,286.73,Sandy,Wheat,Rabi,Flood,South,55.18,7.45,7.403
21.23,629.79,Silty,Wheat,Rabi,Drip,East,174.9,4.43,10.704
34.24,1200.01,Loamy,Sorghum,Zaid,Drip,North,118.75,9.92,12.487
21.32,385.38,Loamy,Wheat,Kharif,Rainfed,West,22.04,8.57,6.064
29.9,509.37,Loamy,Maize,Kharif,Sprinkler,East,139.51,8.69,10.552
35.74,1447.38,Sandy,Maize,Rabi,Flood,South,157.99,7.5,13.703
17.68,748.88,Silty,Barley,Rabi,Flood,East,96.34,10.62,10.55
18.83,719.61,Loamy,Rice,Rabi,Sprinkler,South,151.77,9.48,10.053
38.62,786.29,Sandy,Rice,Rabi,Rainfed,East,163.12,10.42,11.52
21.57,1244.99,Sandy,Barley,Rabi,Drip,East,173.59,11.5,14.571
39.92,281.39,Peaty,Rice,Rabi,Rainfed,South,119.51,10.39,8.717
27.77,1245.32,Silty,Maize,Rabi,Flood,North,143.27,8.0,13.612
38.95,759.59,Loamy,Rice,Kharif,Drip,East,178.12,9.08,12.555
24.24,1120.26,Loamy,Wheat,Rabi,Drip,Central,193.29,5.47,12.842
27.33,466.46,Loamy,Rice,Rabi,Sprinkler,Central,142.44,11.31,10.901
25.76,383.83,Clay,Barley,Kharif,Rainfed,South,61.06,7.22,8.693
37.94,887.91,Clay,Rice,Rabi,Flood,Central,24.59,9.8,11.613
18.98,306.65,Loamy,Maize,Kharif,Flood,Central,59.02,6.38,6.558
27.66,983.35,Loamy,Wheat,Rabi,Sprinkler,South,113.66,6.39,11.445
39.25,497.06,Silty,Wheat,Kharif,Rainfed,West,162.59,11.86,13.522
37.37,377.52,Loamy,Barley,Rabi,Flood,North,19.13,10.71,9.193
24.15,764.46,Silty,Barley,Kharif,Flood,Central,52.99,5.79,8.102
34.55,413.95,Loamy,Wheat,Zaid,Flood,Central,70.34,9.53,9.557
17.99,200.76,Loamy,Barley,Rabi,Flood,South,152.1,4.33,7.437
34.88,498.7,Loamy,Maize,Kharif,Sprinkler,Central,118.18,7.53,9.168
35.89,931.26,Peaty,Rice,Rabi,Sprinkler,Central,121.73,10.15,12.372
20.14,1213.72,Peaty,Maize,Kharif,Sprinkler,Central,180.75,11.84,14.108
35.9,394.86,Silty,Wheat,Kharif,Drip,South,126.18,5.75,8.614
30.07,288.9,Loamy,Rice,Rabi,Drip,North,90.16,11.41,10.765
36.31,338.76,Sandy,Sorghum,Rabi,Rainfed,Central,135.61,11.21,10.53
39.32,1444.85,Clay,Maize,Rabi,Flood,Central,10.62,9.65,12.012
18.17,650.02,Peaty,Maize,Kharif,Drip,South,161.63,10.49,12.295
16.76,1090.86,Clay,Maize,Rabi,Rainfed,South,132.61,4.5,10.123
39.66,873.01,Sandy,Rice,Rabi,Drip,Central,177.71,11.26,14.102
15.26,963.14,Silty,Sorghum,Zaid,Flood,East,141.19,8.69,11.543
34.63,220.14,Sandy,Rice,Kharif,Drip,East,85.44,7.58,7.48
20.4,1097.99,Silty,Rice,Rabi,Drip,West,164.55,5.62,12.187
35.67,319.36,Sandy,Rice,Rabi,Drip,South,78.72,7.42,9.936
16.86,1062.57,Silty,Maize,Rabi,Rainfed,North,114.3,5.59,9.115
29.55,854.51,Silty,Rice,Rabi,Drip,Central,179.17,7.92,11.68
15.02,356.24,Sandy,Rice,Kharif,Rainfed,Central,169.66,7.93,7.552
16.32,921.96,Sandy,Wheat,Kharif,Rainfed,Central,143.97,6.83,10.724
16.61,1249.6,Sandy,Rice,Rabi,Sprinkler,Central,157.76,4.03,9.907
27.18,826.38,Loamy,Wheat,Zaid,Sprinkler,East,179.4,9.92,11.939
18.22,996.47,Peaty,Sorghum,Kharif,Flood,North,111.13,5.58,10.315
27.13,337.17,Loamy,Rice,Rabi,Flood,Central,106.66,7.47,10.801
21.93,1354.14,Loamy,Sorghum,Zaid,Drip,South,114.18,6.37,13.138
17.78,527.41,Sandy,Wheat,Rabi,Drip,Central,165.13,9.24,11.017
23.91,210.32,Clay,Maize,Kharif,Rainfed,East,16.47,9.01,7.152
23.79,740.92,Loamy,Barley,Rabi,Rainfed,West,23.89,11.02,8.64
17.81,531.89,Loamy,Rice,Kharif,Flood,Central,128.41,4.07,8.713
25.49,1058.55,Silty,Rice,Zaid,Sprinkler,West,20.68,5.58,9.787
36.85,1077.38,Loamy,Rice,Rabi,Flood,North,131.41,10.47,12.53
39.31,622.44,Peaty,Sorghum,Kharif,Flood,Central,183.23,5.55,12.268
39.03,538.28,Loamy,Rice,Rabi,Rainfed,North,160.39,10.16,11.043
39.52,681.92,Loamy,Barley,Kharif,Flood,Central,93.64,7.5,10.707
25.38,953.9,Clay,Barley,Kharif,Drip,Central,174.62,6.67,11.567
31.58,444.12,Silty,Sorghum,Kharif,Sprinkler,East,178.35,5.98,8.569
32.64,1082.46,Clay,Maize,Kharif,Flood,Central,149.56,9.87,12.072
22.22,373.1,Clay,Wheat,Rabi,Flood,East,145.01,6.89,9.755
28.79,525.09,Sandy,Wheat,Kharif,Flood,West,186.64,7.08,10.977
19.38,493.52,Silty,Sorghum,Rabi,Drip,Central,35.15,8.88,8.502
33.82,1468.27,Loamy,Sorghum,Zaid,Flood,South,162.45,8.8,14.574
18.27,1491.73,Sandy,Rice,Kharif,Sprinkler,East,152.9,4.33,12.523
31.7,1479.09,Peaty,Wheat,Kharif,Rainfed,East,176.49,9.77,13.864
19.77,1457.98,Silty,Barley,Rabi,Flood,Central,18.07,7.16,10.679
35.53,1252.16,Clay,Rice,Rabi,Flood,South,81.26,10.85,12.177
30.73,1172.01,Sandy,Rice,Kharif,Drip,East,103.79,11.35,13.154
16.31,1042.37,Loamy,Sorghum,Zaid,Flood,South,143.26,6.66,11.52
19.25,1229.55,Silty,Maize,Rabi,Flood,East,124.23,7.18,11.686
38.94,643.97,Silty,Wheat,Kharif,Rainfed,North,133.76,4.52,11.456
34.53,1469.39,Silty,Wheat,Kharif,Flood,South,147.72,9.23,14.894
38.31,607.79,Clay,Sorghum,Zaid,Rainfed,Central,33.41,11.6,9.378
30.67,432.36,Clay,Rice,Kharif,Rainfed,Central,109.86,11.7,10.98
23.13,1063.32,Loamy,Wheat,Rabi,Sprinkler,South,11.7,4.42,8.476
16.31,1016.37,Clay,Rice,Kharif,Sprinkler,East,146.67,7.91,11.07
22.29,338.3,Loamy,Barley,Rabi,Flood,North,112.09,8.44,8.038
32.16,403.06,Peaty,Maize,Rabi,Drip,East,162.59,6.69,10.003
19.84,462.93,Loamy,Wheat,Zaid,Drip,North,92.39,7.89,7.299
32.17,1040.38,Loamy,Maize,Kharif,Drip,Central,131.92,6.79,11.424
22.24,1345.27,Sandy,Barley,Rabi,Flood,Central,26.71,10.23,11.772
27.41,282.75,Clay,Sorghum,Kharif,Flood,South,141.56,4.06,9.231
17.35,1384.17,Clay,Wheat,Rabi,Rainfed,South,183.22,11.4,15.551
27.1,1051.7,Silty,Wheat,Rabi,Flood,East,199.77,5.25,13.281
16.9,614.94,Peaty,Maize,Rabi,Sprinkler,West,89.35,9.27,7.499
37.11,1168.64,Sandy,Rice,Zaid,Sprinkler,North,99.92,5.52,12.564
38.43,1313.08,Clay,Barley,Kharif,Drip,West,62.24,4.82,11.401
38.1,518.46,Silty,Barley,Zaid,Sprinkler,North,120.98,8.06,9.874
16.71,976.69,Sandy,Barley,Kharif,Drip,Central,42.03,11.61,10.648
20.73,314.96,Silty,Maize,Rabi,Rainfed,South,20.98,10.46,5.822
34.55,895.6,Loamy,Wheat,Rabi,Flood,Central,122.17,4.97,11.598
25.49,1149.26,Sandy,Maize,Kharif,Flood,South,139.67,4.23,11.203
19.43,770.28,Loamy,Wheat,Zaid,Flood,West,148.68,4.33,8.505
16.36,1184.59,Sandy,Rice,Rabi,Sprinkler,Central,119.21,10.29,11.225
35.44,731.94,Clay,Barley,Zaid,Drip,West,103.07,4.19,8.643
29.01,687.06,Sandy,Barley,Zaid,Drip,North,171.37,11.79,12.892
17.35,236.56,Loamy,Rice,Kharif,Sprinkler,West,113.92,11.15,6.802
24.27,1130.25,Silty,Barley,Rabi,Rainfed,North,47.22,6.66,11.867
20.79,1287.38,Clay,Barley,Kharif,Sprinkler,Central,97.93,11.11,12.094
28.62,1239.53,Clay,Rice,Rabi,Rainfed,East,131.86,6.97,13.216
38.67,273.03,Clay,Rice,Kharif,Flood,West,157.07,9.7,9.253
24.49,927.45,Peaty,Rice,Rabi,Drip,Central,109.12,5.48,10.496
19.21,527.74,Clay,Maize,Rabi,Rainfed,North,62.93,11.11,9.302
18.41,609.4,Sandy,Sorghum,Rabi,Sprinkler,West,187.4,7.28,11.077
38.95,356.91,Clay,Wheat,Zaid,Drip,South,103.75,6.27,9.627
38.55,318.04,Loamy,Sorghum,Rabi,Drip,West,40.3,7.03,7.952
29.26,1091.44,Loamy,Barley,Rabi,Rainfed,North,175.38,10.12,11.745
28.03,840.41,Loamy,Maize,Kharif,Drip,Central,164.94,6.42,11.875
17.97,618.03,Loamy,Wheat,Rabi,Rainfed,West,171.78,10.87,10.927
23.34,307.6,Sandy,Wheat,Kharif,Drip,East,84.49,4.82,6.292
24.97,683.09,Peaty,Barley,Rabi,Rainfed,South,153.26,5.69,10.789
32.15,779.22,Silty,Maize,Kharif,Sprinkler,North,15.65,10.41,11.403
35.7,402.62,Clay,Rice,Rabi,Rainfed,Central,67.06,10.16,10.24
35.38,229.42,Loamy,Maize,Zaid,Rainfed,East,45.57,6.64,6.173
33.2,819.12,Clay,Rice,Zaid,Rainfed,Central,35.66,9.6,9.916
35.58,735.02,Silty,Rice,Rabi,Rainfed,South,28.78,9.52,9.857
25.34,1345.29,Silty,Maize,Kharif,Sprinkler,North,16.54,6.98,9.505
20.99,473.1,Loamy,Barley,Rabi,Sprinkler,North,48.73,5.27,8.138
33.97,866.7,Sandy,Sorghum,Zaid,Drip,Central,178.12,11.46,14.209
39.24,1031.83,Silty,Sorghum,Kharif,Drip,South,177.1,5.59,13.546
35.45,823.14,Sandy,Barley,Kharif,Drip,East,178.61,8.97,12.707
21.91,930.85,Clay,Sorghum,Kharif,Drip,East,189.59,4.14,10.541
25.85,650.49,Loamy,Wheat,Rabi,Drip,South,16.74,10.08,8.999
28.58,420.65,Loamy,Sorghum,Rabi,Flood,Central,28.12,10.32,8.823
23.68,1324.88,Peaty,Wheat,Kharif,Flood,Central,80.93,8.78,10.452
19.08,1067.39,Loamy,Barley,Rabi,Flood,East,132.57,5.05,11.01
32.15,242.73,Clay,Maize,Kharif,Flood,West,28.38,5.45,5.781
29.07,986.97,Silty,Maize,Zaid,Flood,Central,106.98,9.08,13.586
15.02,704.08,Peaty,Maize,Rabi,Sprinkler,West,17.55,4.25,6.917
23.08,1256.64,Clay,Barley,Rabi,Drip,Central,136.1,8.4,11.508
15.75,957.99,Sandy,Wheat,Rabi,Drip,South,165.76,6.67,11.644
19.1,1305.71,Loamy,Maize,Rabi,Rainfed,East,77.52,10.3,12.392
39.65,1161.44,Silty,Rice,Rabi,Rainfed,West,123.68,7.48,13.225
25.39,1011.67,Silty,Barley,Rabi,Rainfed,East,68.15,7.57,10.565
38.9,1395.61,Loamy,Maize,Rabi,Sprinkler,East,27.29,5.24,11.529
18.57,233.47,Silty,Rice,Rabi,Drip,East,151.72,6.24,6.98
15.11,460.14,Silty,Rice,Kharif,Drip,North,186.16,10.9,11.142
29.55,337.89,Clay,Wheat,Rabi,Rainfed,East,166.32,4.85,10.125
21.26,403.7,Peaty,Sorghum,Zaid,Rainfed,North,53.33,7.05,7.605
35.9,917.45,Silty,Wheat,Kharif,Sprinkler,East,38.64,5.61,9.123
35.0,1186.51,Loamy,Wheat,Zaid,Sprinkler,South,128.4,11.28,13.823
20.38,356.05,Silty,Maize,Rabi,Sprinkler,Central,43.23,11.07,7.811
15.95,1370.35,Silty,Wheat,Kharif,Drip,West,133.03,4.55,12.317
22.14,1401.77,Clay,Sorghum,Rabi,Sprinkler,West,101.0,6.99,13.956
24.6,241.41,Loamy,Barley,Kharif,Rainfed,South,146.97,5.61,8.329
36.37,320.17,Clay,Maize,Kharif,Flood,North,181.68,11.47,12.0
30.1,1059.29,Sandy,Rice,Kharif,Rainfed,Central,107.25,6.31,10.592
39.44,1289.74,Silty,Wheat,Kharif,Drip,Central,18.17,7.1,11.322
38.58,760.07,Loamy,Wheat,Rabi,Sprinkler,West,189.49,10.09,13.64
16.98,1288.19,Sandy,Wheat,Rabi,Flood,South,65.82,4.72,9.29
17.27,572.87,Clay,Wheat,Kharif,Sprinkler,North,84.21,7.62,7.74
27.35,483.33,Loamy,Barley,Kharif,Sprinkler,East,157.48,11.55,10.855
27.74,853.82,Clay,Wheat,Rabi,Drip,West,89.86,11.09,10.785
35.89,845.46,Sandy,Wheat,Zaid,Sprinkler,West,54.49,7.87,9.757
22.85,1417.05,Silty,Maize,Rabi,Rainfed,Central,142.58,9.04,13.763
35.31,287.4,Sandy,Rice,Rabi,Sprinkler,West,158.18,11.28,11.181
15.62,1332.05,Loamy,Rice,Zaid,Drip,West,79.66,10.66,13.722
38.62,1341.26,Peaty,Rice,Rabi,Rainfed,East,90.76,11.48,14.592
39.27,803.21,Sandy,Wheat,Rabi,Flood,Central,130.89,10.07,12.319
35.48,391.8,Sandy,Maize,Rabi,Drip,West,99.77,9.25,9.351
31.68,980.72,Loamy,Wheat,Kharif,Sprinkler,West,11.02,6.13,9.834
21.44,1203.72,Sandy,Maize,Zaid,Sprinkler,West,117.31,6.54,11.836
39.18,289.22,Peaty,Wheat,Kharif,Flood,West,65.86,9.95,8.797
23.83,1322.89,Clay,Barley,Zaid,Sprinkler,Central,190.14,10.48,13.743
23.66,263.6,Clay,Rice,Kharif,Rainfed,Central,38.61,11.6,8.417
23.94,320.25,Silty,Barley,Kharif,Sprinkler,East,131.25,9.63,10.006
28.56,1057.06,Clay,Wheat,Rabi,Drip,North,179.06,8.75,13.77
21.99,1098.04,Loamy,Sorghum,Kharif,Sprinkler,North,96.47,9.68,11.962
25.6,716.4,Loamy,Rice,Kharif,Sprinkler,North,20.67,11.84,8.528
33.45,811.32,Clay,Sorghum,Rabi,Sprinkler,East,183.04,5.97,11.984
39.89,672.98,Sandy,Barley,Kharif,Sprinkler,North,25.7,5.25,7.947
15.7,1275.63,Sandy,Wheat,Rabi,Sprinkler,West,54.07,4.93,9.873
30.53,551.4,Loamy,Wheat,Kharif,Sprinkler,North,171.87,4.41,9.128
39.76,626.49,Loamy,Rice,Kharif,Drip,Central,53.74,10.19,9.931
39.69,1189.49,Silty,Rice,Rabi,Flood,South,16.41,7.93,12.074
25.93,877.66,Clay,Rice,Kharif,Flood,West,60.47,8.27,9.408
34.53,810.21,Sandy,Sorghum,Rabi,Rainfed,South,24.52,4.03,8.119
29.1,680.55,Silty,Maize,Rabi,Rainfed,East,141.86,11.77,12.187
35.36,344.4,Silty,Barley,Kharif,Flood,East,132.96,11.38,10.988
22.48,407.11,Sandy,Maize,Rabi,Rainfed,West,65.11,8.24,7.102
15.14,432.31,Clay,Maize,Zaid,Drip,West,192.83,4.43,8.841
15.99,343.99,Clay,Wheat,Kharif,Drip,West,107.96,8.37,8.293
36.34,920.3,Silty,Maize,Zaid,Rainfed,West,188.38,5.45,10.685
20.91,1278.08,Clay,Barley,Kharif,Drip,East,167.0,7.56,14.034
25.78,1148.14,Sandy,Rice,Kharif,Drip,West,167.36,4.29,13.139
19.38,499.36,Clay,Barley,Rabi,Flood,West,152.6,9.82,10.605
34.16,539.68,Loamy,Rice,Rabi,Flood,Central,76.51,5.73,9.067
27.04,1083.69,Loamy,Maize,Kharif,Flood,North,11.99,5.76,9.953
33.3,1031.55,Clay,Wheat,Zaid,Rainfed,North,168.53,9.61,14.418
35.91,1255.04,Loamy,Barley,Kharif,Rainfed,North,132.07,4.45,13.334
33.96,1146.68,Peaty,Barley,Kharif,Drip,West,23.44,11.44,10.503
26.94,877.64,Loamy,Barley,Rabi,Drip,North,71.3,9.06,9.494
25.42,622.42,Loamy,Barley,Kharif,Drip,West,40.84,4.76,6.428
38.81,588.72,Silty,Rice,Zaid,Rainfed,East,69.94,10.35,10.328
30.98,1438.81,Loamy,Sorghum,Rabi,Flood,South,169.56,10.69,15.748
35.28,1402.91,Loamy,Rice,Rabi,Flood,South,88.06,9.0,13.622
15.32,358.69,Silty,Barley,Kharif,Rainfed,West,94.21,10.95,8.84
34.83,1155.84,Clay,Maize,Kharif,Sprinkler,Central,67.58,5.95,11.053
26.98,1112.82,Sandy,Sorghum,Zaid,Rainfed,East,45.96,9.34,10.216
33.06,208.16,Peaty,Maize,Kharif,Flood,West,35.78,10.46,7.739
33.44,872.9,Sandy,Maize,Zaid,Rainfed,North,15.91,6.03,8.59
23.79,749.52,Clay,Rice,Kharif,Rainfed,East,37.04,8.04,9.517
30.83,1187.43,Clay,Rice,Zaid,Sprinkler,West,103.03,4.37,10.929
25.66,1258.31,Peaty,Sorghum,Zaid,Drip,South,25.31,10.88,9.431
37.23,596.19,Clay,Barley,Rabi,Sprinkler,North,90.44,9.96,9.662
30.53,1153.01,Loamy,Maize,Kharif,Flood,North,106.14,8.47,12.474
21.77,829.03,Silty,Sorghum,Kharif,Flood,West,197.84,11.63,11.526
37.67,1292.13,Clay,Maize,Rabi,Sprinkler,West,51.07,9.06,10.577
16.29,1431.88,Sandy,Wheat,Zaid,Flood,East,56.42,5.2,11.609
30.91,979.03,Silty,Wheat,Kharif,Drip,South,157.81,6.22,11.814
32.35,1065.41,Sandy,Wheat,Zaid,Sprinkler,West,27.71,5.23,9.539
21.71,1192.94,Sandy,Sorghum,Rabi,Rainfed,West,158.47,8.97,12.85
36.78,1385.58,Loamy,Barley,Rabi,Sprinkler,South,47.92,5.94,10.996
28.8,1036.91,Silty,Sorghum,Kharif,Rainfed,South,47.47,5.9,10.083
31.6,820.37,Sandy,Wheat,Rabi,Sprinkler,Central,75.71,10.79,11.661
18.82,1354.59,Clay,Barley,Kharif,Rainfed,North,51.32,10.94,11.826
24.49,1169.64,Clay,Rice,Zaid,Drip,Central,126.23,10.15,11.718
21.26,975.07,Sandy,Wheat,Zaid,Sprinkler,West,92.41,5.94,10.321
27.33,1472.38,Loamy,Rice,Zaid,Rainfed,East,160.65,10.24,15.586
33.09,1005.76,Peaty,Wheat,Zaid,Rainfed,East,151.47,4.74,10.624
32.74,468.24,Loamy,Rice,Rabi,Drip,South,100.69,4.75,9.584
16.99,443.53,Clay,Wheat,Zaid,Sprinkler,East,143.95,11.45,10.866
38.79,1438.34,Loamy,Rice,Kharif,Rainfed,East,68.81,8.79,14.576
20.68,584.58,Clay,Rice,Kharif,Flood,East,51.25,5.92,7.308
26.17,1112.6,Clay,Rice,Zaid,Flood,North,15.08,5.72,8.33
32.35,378.91,Clay,Wheat,Kharif,Sprinkler,East,185.11,4.92,10.03
25.63,1313.23,Peaty,Barley,Zaid,Flood,Central,151.71,8.88,14.717
29.71,793.85,Loamy,Barley,Kharif,Drip,East,133.02,11.84,11.993
32.89,622.58,Clay,Wheat,Kharif,Sprinkler,East,125.56,7.4,9.763
30.14,1430.09,Peaty,Barley,Kharif,Drip,Central,181.25,5.99,13.955
31.79,722.4,Sandy,Wheat,Rabi,Rainfed,West,196.61,11.18,13.02
18.64,1140.45,Clay,Wheat,Rabi,Rainfed,East,25.75,6.22,8.801
21.7,375.89,Loamy,Rice,Rabi,Rainfed,Central,40.49,9.71,6.732
34.73,1432.13,Loamy,Sorghum,Zaid,Drip,Central,162.67,5.37,14.838
17.01,393.06,Loamy,Rice,Rabi,Flood,Central,166.35,8.21,8.688
34.13,650.49,Loamy,Maize,Zaid,Drip,East,32.83,11.31,8.596
31.51,759.89,Sandy,Rice,Rabi,Flood,East,92.95,5.99,8.25
27.57,847.82,Clay,Sorghum,Zaid,Sprinkler,South,138.39,5.26,11.025
23.42,1323.6,Loamy,Rice,Kharif,Drip,North,63.33,5.04,9.791
23.77,417.94,Loamy,Rice,Zaid,Drip,South,25.24,8.14,7.409
25.48,544.24,Loamy,Maize,Rabi,Drip,East,108.25,8.18,9.195
15.5,506.61,Loamy,Rice,Kharif,Rainfed,South,182.69,11.67,10.968
36.96,1010.55,Loamy,Rice,Rabi,Sprinkler,North,61.59,7.28,11.043
19.71,1291.82,Peaty,Wheat,Rabi,Flood,East,41.11,9.03,11.474
17.04,925.19,Silty,Maize,Rabi,Sprinkler,North,190.03,11.51,14.019
28.61,1322.58,Peaty,Maize,Rabi,Drip,South,178.47,8.42,16.533
16.3,589.38,Sandy,Rice,Rabi,Sprinkler,South,51.48,5.41,7.713
33.54,932.32,Loamy,Sorghum,Rabi,Sprinkler,Central,155.65,9.4,13.5
38.03,902.89,Peaty,Rice,Kharif,Drip,West,133.4,6.14,12.016
15.45,584.9,Silty,Maize,Kharif,Flood,West,190.35,5.6,10.758
32.61,1153.04,Sandy,Maize,Kharif,Flood,Central,189.76,5.26,12.458
37.7,1396.85,Silty,Maize,Kharif,Sprinkler,East,85.44,5.83,13.439
17.45,1369.72,Loamy,Wheat,Zaid,Sprinkler,Central,37.62,10.29,12.292
15.74,794.18,Sandy,Barley,Rabi,Drip,South,142.7,10.71,10.358
17.84,446.05,Silty,Maize,Rabi,Sprinkler,Central,191.3,7.63,10.739
22.05,831.26,Clay,Sorghum,Zaid,Sprinkler,East,63.32,5.02,8.188
36.94,1094.54,Clay,Barley,Zaid,Flood,Central,120.16,10.09,13.2
30.28,1094.95,Clay,Rice,Zaid,Flood,West,25.49,6.52,9.812
26.04,1252.44,Clay,Wheat,Kharif,Drip,North,25.21,4.01,9.555
26.21,416.4,Silty,Maize,Kharif,Sprinkler,North,145.26,6.55,10.938
29.87,287.5,Sandy,Sorghum,Rabi,Drip,West,64.75,7.76,7.88
22.34,854.05,Peaty,Wheat,Zaid,Drip,Central,185.28,4.36,11.597
23.42,1046.88,Clay,Rice,Kharif,Drip,South,47.25,5.02,10.1
25.83,269.94,Clay,Wheat,Kharif,Drip,West,104.74,10.98,8.545
39.86,725.85,Loamy,Wheat,Rabi,Rainfed,East,149.67,4.09,9.899
29.52,1471.62,Loamy,Wheat,Zaid,Drip,South,73.56,8.7,11.859
17.2,1114.82,Loamy,Rice,Kharif,Flood,East,82.45,9.71,11.567
37.72,282.88,Clay,Wheat,Rabi,Rainfed,West,147.39,8.61,10.34
32.95,1370.52,Loamy,Wheat,Kharif,Sprinkler,East,195.32,7.67,12.93
15.66,1455.2,Clay,Wheat,Kharif,Rainfed,Central,142.54,7.13,12.769
26.61,348.14,Sandy,Maize,Rabi,Sprinkler,South,119.13,8.15,9.102
38.19,1326.86,Sandy,Rice,Kharif,Drip,Central,74.57,6.93,12.404
38.11,1195.75,Sandy,Wheat,Kharif,Rainfed,North,171.27,11.29,13.923
22.91,1384.62,Silty,Barley,Rabi,Flood,West,12.09,5.64,9.505
27.66,1014.49,Silty,Rice,Kharif,Sprinkler,East,190.83,11.98,14.783
15.34,1484.12,Clay,Sorghum,Kharif,Flood,East,11.55,4.9,10.182
30.85,1258.95,Loamy,Barley,Kharif,Sprinkler,North,135.82,8.64,13.373
22.18,393.84,Sandy,Rice,Rabi,Drip,West,59.36,9.22,7.647
26.69,1256.75,Clay,Rice,Rabi,Flood,East,118.62,6.04,12.553
29.39,210.2,Clay,Maize,Zaid,Sprinkler,North,78.74,8.37,8.596
39.92,890.59,Silty,Maize,Rabi,Drip,Central,30.02,4.16,8.35
37.79,1095.55,Loamy,Barley,Rabi,Sprinkler,Central,62.09,11.37,12.479
33.06,1421.47,Loamy,Wheat,Rabi,Sprinkler,West,83.97,4.92,11.766
15.3,889.54,Clay,Sorghum,Rabi,Sprinkler,West,135.38,11.36,12.237
25.99,1106.48,Silty,Wheat,Kharif,Flood,North,160.98,4.52,13.149
20.16,739.81,Loamy,Barley,Zaid,Drip,North,118.16,7.78,10.466
37.77,321.95,Loamy,Barley,Rabi,Flood,South,97.18,8.84,9.794
37.6,1474.52,Silty,Wheat,Rabi,Rainfed,West,108.84,4.1,13.992
16.43,1117.23,Sandy,Sorghum,Zaid,Flood,Central,150.65,7.34,13.256
29.27,818.1,Sandy,Barley,Rabi,Flood,South,170.52,10.19,12.827
29.9,497.03,Clay,Maize,Rabi,Flood,West,22.39,11.45,8.904
28.33,440.86,Sandy,Maize,Rabi,Sprinkler,North,37.66,10.85,7.968
36.07,1276.86,Silty,Wheat,Rabi,Flood,Central,192.09,6.15,13.546
26.02,911.56,Loamy,Maize,Rabi,Flood,North,57.41,7.62,9.476
37.33,1249.55,Sandy,Maize,Kharif,Sprinkler,East,109.25,4.63,13.058
23.34,1234.81,Sandy,Barley,Rabi,Flood,South,47.52,5.41,10.574
29.55,559.78,Loamy,Rice,Rabi,Rainfed,Central,14.22,8.93,7.487
37.52,783.07,Silty,Wheat,Kharif,Sprinkler,East,178.4,9.02,13.764
17.87,1410.11,Loamy,Maize,Rabi,Rainfed,South,21.03,4.15,10.472
21.87,349.28,Clay,Maize,Kharif,Sprinkler,East,90.72,6.25,8.149
29.55,1444.33,Peaty,Rice,Rabi,Drip,West,167.44,11.5,17.418
39.72,393.55,Silty,Rice,Zaid,Rainfed,North,129.3,6.33,10.36
28.55,1100.36,Loamy,Wheat,Rabi,Flood,North,171.07,11.21,14.174
26.9,641.02,Clay,Sorghum,Rabi,Flood,West,151.72,9.99,11.161
34.91,1009.95,Loamy,Wheat,Kharif,Rainfed,North,15.93,9.03,9.637
34.83,398.77,Sandy,Rice,Rabi,Rainfed,Central,17.16,10.11,8.191
20.14,747.61,Clay,Maize,Rabi,Sprinkler,East,78.77,5.64,7.576
31.86,534.3,Loamy,Maize,Kharif,Flood,North,111.1,9.57,12.134
36.81,844.32,Loamy,Maize,Rabi,Drip,South,51.53,6.75,9.908
37.28,883.32,Loamy,Maize,Rabi,Sprinkler,South,18.83,9.06,11.404
22.11,1488.98,Sandy,Maize,Kharif,Drip,East,100.75,7.1,11.48
39.66,233.71,Sandy,Maize,Kharif,Flood,East,97.7,6.68,9.023
33.67,616.09,Silty,Rice,Rabi,Drip,West,90.96,9.09,10.136
28.12,969.71,Clay,Maize,Rabi,Sprinkler,West,185.58,9.23,13.32
18.16,443.4,Loamy,Sorghum,Rabi,Drip,Central,136.42,11.51,8.181
35.3,759.81,Loamy,Sorghum,Kharif,Rainfed,West,91.06,5.4,9.786
22.0,560.98,Clay,Wheat,Rabi,Flood,North,128.94,11.06,10.867
33.15,226.69,Clay,Rice,Zaid,Rainfed,South,126.74,4.52,8.096
24.07,942.05,Loamy,Rice,Rabi,Drip,West,25.5,10.84,10.363
27.74,506.76,Loamy,Wheat,Zaid,Flood,South,44.01,9.77,8.389
33.8,1010.22,Clay,Barley,Rabi,Sprinkler,West,88.27,5.72,11.383
30.37,985.93,Clay,Wheat,Rabi,Rainfed,Central,158.2,6.99,13.118
20.06,693.58,Loamy,Wheat,Kharif,Drip,West,155.77,6.2,10.956
31.65,262.31,Clay,Maize,Zaid,Flood,West,11.1,4.84,5.564
16.17,1318.31,Loamy,Rice,Kharif,Flood,North,156.37,5.73,12.086
35.07,1158.75,Silty,Wheat,Rabi,Flood,North,153.96,10.31,13.128
35.17,1486.99,Silty,Maize,Zaid,Flood,South,197.92,7.88,15.694
21.68,1005.79,Loamy,Barley,Kharif,Drip,South,44.76,10.76,11.523
28.68,721.07,Loamy,Rice,Rabi,Sprinkler,East,53.48,10.04,9.72
16.82,1258.56,Clay,Sorghum,Rabi,Flood,West,94.63,6.24,10.852
28.18,1127.17,Loamy,Wheat,Kharif,Sprinkler,Central,155.76,4.67,11.663
25.59,328.78,Sandy,Wheat,Zaid,Flood,South,10.94,4.73,6.49
27.77,773.95,Silty,Barley,Rabi,Sprinkler,South,191.99,6.52,10.752
22.6,1254.13,Sandy,Rice,Kharif,Sprinkler,West,112.04,9.42,11.84
20.01,342.21,Loamy,Barley,Rabi,Rainfed,West,50.37,6.44,7.052
28.39,455.51,Silty,Rice,Zaid,Sprinkler,West,194.19,11.26,11.057
21.42,664.17,Loamy,Wheat,Kharif,Flood,Central,145.31,10.86,10.702
34.8,1170.27,Peaty,Wheat,Kharif,Flood,West,104.43,7.69,12.808
34.1,214.53,Loamy,Wheat,Rabi,Rainfed,East,73.52,11.07,10.159
17.12,444.4,Sandy,Maize,Kharif,Drip,West,41.25,5.16,6.781
23.29,1202.85,Silty,Wheat,Kharif,Sprinkler,Central,40.2,11.34,11.031
37.77,1097.85,Loamy,Barley,Zaid,Drip,West,161.04,9.83,13.594
39.68,1333.95,Clay,Maize,Rabi,Sprinkler,South,89.81,9.53,14.047
23.45,1496.61,Sandy,Rice,Zaid,Drip,East,60.57,4.77,12.126
34.37,238.17,Silty,Maize,Rabi,Rainfed,East,48.39,11.82,9.924
29.78,1468.04,Loamy,Maize,Kharif,Sprinkler,East,190.41,10.76,15.273
32.32,1235.55,Loamy,Rice,Rabi,Drip,East,49.56,6.09,11.116
34.53,1009.49,Peaty,Sorghum,Kharif,Flood,West,30.72,7.31,10.492
25.62,1105.94,Sandy,Wheat,Kharif,Rainfed,South,45.84,7.13,9.692
24.68,1441.62,Loamy,Wheat,Zaid,Drip,South,197.71,11.59,16.181
29.33,245.51,Sandy,Maize,Rabi,Drip,Central,88.96,6.42,7.808
16.22,880.88,Sandy,Barley,Rabi,Rainfed,East,39.36,6.25,7.118
32.17,676.29,Sandy,Rice,Rabi,Sprinkler,South,86.13,10.95,11.114
32.87,995.13,Clay,Maize,Rabi,Rainfed,East,168.69,11.88,13.386
26.93,857.06,Clay,Rice,Rabi,Drip,South,77.18,6.56,9.042
29.48,340.14,Clay,Rice,Rabi,Drip,South,181.06,7.59,10.024
28.63,475.44,Sandy,Barley,Kharif,Rainfed,Central,132.97,11.33,12.063
17.19,608.58,Peaty,Sorghum,Rabi,Sprinkler,East,141.31,10.93,11.509
17.91,261.55,Clay,Rice,Rabi,Drip,South,80.32,11.21,9.047
27.98,1098.67,Loamy,Sorghum,Kharif,Sprinkler,North,33.69,10.22,11.652
36.83,760.73,Clay,Maize,Kharif,Rainfed,North,39.81,4.71,9.164
33.97,1322.27,Loamy,Rice,Zaid,Rainfed,East,69.11,11.23,12.415
19.7,1180.92,Clay,Barley,Rabi,Sprinkler,West,162.04,10.09,13.819
25.8,300.95,Sandy,Sorghum,Rabi,Sprinkler,East,76.77,8.25,9.015
38.21,1288.72,Sandy,Maize,Kharif,Rainfed,Central,34.25,11.5,13.667
36.73,342.11,Loamy,Sorghum,Kharif,Flood,West,122.43,11.11,9.262
23.74,1321.32,Clay,Sorghum,Rabi,Flood,North,125.23,11.31,13.135
31.81,651.96,Loamy,Maize,Kharif,Rainfed,West,113.48,5.46,9.841
27.9,1046.21,Clay,Wheat,Rabi,Rainfed,East,89.6,10.68,11.859
36.45,791.99,Silty,Rice,Rabi,Drip,South,11.8,4.23,8.848
22.1,1179.08,Loamy,Maize,Kharif,Rainfed,North,139.54,10.11,12.297
37.37,1397.0,Silty,Wheat,Rabi,Flood,Central,84.2,11.58,13.306
18.14,1210.71,Silty,Wheat,Kharif,Rainfed,South,152.04,4.41,11.503
16.59,328.48,Sandy,Wheat,Kharif,Drip,East,75.09,10.49,9.239
16.96,1392.91,Silty,Wheat,Kharif,Drip,East,183.84,10.69,14.561
30.04,387.24,Loamy,Sorghum,Rabi,Drip,North,26.78,4.23,5.544
27.93,1206.19,Silty,Sorghum,Kharif,Rainfed,Central,185.8,4.8,12.257
38.73,522.7,Silty,Wheat,Zaid,Flood,East,173.39,6.46,11.535
36.07,391.65,Clay,Barley,Kharif,Flood,Central,142.75,11.01,9.393
16.1,1271.97,Loamy,Rice,Kharif,Drip,East,70.38,8.3,10.831
24.57,1247.7,Loamy,Wheat,Rabi,Drip,North,95.79,4.4,9.733
22.49,1305.15,Clay,Barley,Kharif,Sprinkler,West,21.64,4.25,9.422
38.45,945.31,Sandy,Maize,Rabi,Drip,South,44.46,8.86,11.557
30.61,457.64,Sandy,Barley,Kharif,Sprinkler,West,127.23,11.13,11.358
32.09,741.78,Loamy,Wheat,Zaid,Drip,East,172.1,7.47,11.186
39.86,1473.81,Sandy,Maize,Kharif,Sprinkler,South,121.66,8.97,14.133
22.65,499.31,Clay,Barley,Kharif,Sprinkler,West,78.96,5.1,8.436
29.23,671.55,Silty,Barley,Zaid,Flood,West,70.33,8.77,8.216
38.97,371.41,Clay,Barley,Zaid,Sprinkler,South,133.44,5.9,8.469
26.39,1499.28,Silty,Maize,Kharif,Rainfed,North,35.98,4.31,10.566
25.24,899.47,Silty,Wheat,Kharif,Sprinkler,West,150.34,6.51,10.872
18.88,1096.56,Clay,Wheat,Zaid,Flood,South,14.69,11.71,11.356
23.72,1183.46,Loamy,Barley,Kharif,Sprinkler,East,57.55,11.09,11.704
15.73,1130.34,Loamy,Maize,Rabi,Drip,West,170.7,10.24,13.405
18.4,1246.89,Loamy,Barley,Kharif,Rainfed,East,105.01,4.65,10.271
31.77,534.67,Peaty,Maize,Zaid,Sprinkler,East,163.67,10.09,12.004
29.46,406.91,Peaty,Maize,Rabi,Rainfed,South,172.11,4.86,8.701
34.28,867.4,Loamy,Sorghum,Rabi,Flood,North,179.15,7.83,11.695
38.58,606.74,Sandy,Wheat,Rabi,Drip,Central,71.72,4.3,8.847
36.24,392.08,Clay,Wheat,Kharif,Sprinkler,South,149.67,8.44,10.461
17.13,365.59,Sandy,Sorghum,Rabi,Drip,East,14.63,4.95,6.366
19.5,273.37,Loamy,Barley,Zaid,Drip,Central,150.47,11.13,9.906
23.25,387.44,Silty,Rice,Rabi,Flood,North,199.75,7.97,10.586
33.06,1452.04,Clay,Maize,Kharif,Flood,Central,154.94,4.57,12.101
28.11,1299.83,Loamy,Maize,Kharif,Flood,Central,134.17,8.51,12.646
17.0,268.29,Clay,Wheat,Zaid,Rainfed,Central,87.59,10.84,10.112
25.52,470.78,Silty,Barley,Rabi,Flood,West,153.13,9.63,11.931
20.22,1025.77,Peaty,Wheat,Zaid,Drip,West,60.94,4.27,8.197
30.25,315.89,Clay,Sorghum,Rabi,Flood,North,113.1,6.06,9.722
30.28,328.6,Clay,Wheat,Zaid,Flood,West,74.84,5.86,6.993
18.71,1099.05,Silty,Wheat,Kharif,Rainfed,Central,133.13,11.97,12.411
39.79,815.55,Loamy,Rice,Rabi,Drip,North,59.95,4.77,8.83
22.1,1076.29,Sandy,Barley,Kharif,Sprinkler,South,117.68,11.99,13.944
26.98,1133.86,Peaty,Maize,Rabi,Rainfed,East,67.32,9.17,11.578
18.49,642.42,Peaty,Barley,Rabi,Sprinkler,Central,110.22,4.75,10.634
18.65,1091.15,Sandy,Rice,Kharif,Drip,West,178.36,7.32,12.613
26.04,757.52,Sandy,Wheat,Kharif,Rainfed,Central,153.68,7.64,11.181
31.22,207.95,Peaty,Barley,Kharif,Sprinkler,North,153.94,10.15,10.325
28.56,501.65,Peaty,Sorghum,Kharif,Rainfed,North,75.72,8.34,6.682
19.88,540.2,Loamy,Barley,Rabi,Sprinkler,West,190.62,11.78,12.18
34.14,1046.96,Loamy,Wheat,Kharif,Rainfed,North,195.66,8.86,14.9
36.66,1333.59,Silty,Rice,Zaid,Drip,South,54.9,8.56,11.475
21.76,758.0,Clay,Wheat,Rabi,Sprinkler,South,136.03,6.61,10.658
16.11,1243.67,Sandy,Sorghum,Kharif,Flood,Central,144.66,10.97,14.788
20.45,1118.79,Clay,Rice,Rabi,Drip,North,79.21,11.55,11.607
17.48,1179.07,Clay,Rice,Rabi,Sprinkler,North,129.6,9.14,13.233
21.81,1265.63,Clay,Maize,Kharif,Rainfed,Central,77.79,8.19,12.023
29.16,445.39,Sandy,Wheat,Rabi,Sprinkler,South,49.19,9.82,8.176
16.63,375.51,Silty,Barley,Rabi,Flood,East,124.65,5.12,8.21
17.77,1344.11,Peaty,Wheat,Kharif,Drip,Central,126.85,8.66,11.236
38.5,1078.67,Clay,Wheat,Rabi,Rainfed,Central,42.54,6.07,11.107
19.11,510.72,Clay,Rice,Rabi,Drip,Central,28.94,6.19,7.021
36.37,1204.11,Loamy,Wheat,Zaid,Rainfed,South,159.14,4.81,12.634
35.12,1144.28,Loamy,Maize,Zaid,Drip,North,142.16,4.8,11.087
33.13,210.88,Silty,Maize,Zaid,Flood,East,150.31,9.84,11.138
29.12,1002.55,Loamy,Wheat,Rabi,Flood,Central,194.05,11.86,16.273
34.31,819.81,Silty,Wheat,Rabi,Rainfed,North,36.17,6.38,9.129
35.97,651.25,Clay,Maize,Rabi,Rainfed,West,65.89,5.28,8.989
34.68,1377.74,Loamy,Barley,Kharif,Flood,North,65.91,11.14,13.611
36.91,1420.03,Clay,Rice,Kharif,Rainfed,Central,60.36,11.78,13.838
24.18,524.36,Peaty,Maize,Zaid,Rainfed,South,54.92,8.59,8.633
29.24,1372.83,Peaty,Rice,Kharif,Drip,East,149.66,7.47,15.045
22.67,273.14,Loamy,Barley,Kharif,Flood,North,42.65,8.49,8.115
36.26,1459.14,Silty,Maize,Kharif,Rainfed,North,113.56,5.85,13.077
15.18,1454.45,Loamy,Rice,Rabi,Flood,East,89.71,6.71,10.278
22.49,915.27,Peaty,Barley,Rabi,Drip,West,176.37,10.14,13.234
15.87,396.65,Silty,Wheat,Zaid,Sprinkler,West,183.19,4.41,8.658
15.24,535.68,Loamy,Barley,Zaid,Sprinkler,North,49.47,4.58,6.73
36.2,1367.68,Loamy,Rice,Rabi,Sprinkler,Central,159.39,6.41,14.283
33.1,1081.11,Loamy,Rice,Rabi,Sprinkler,West,144.09,4.78,11.46
17.4,678.01,Clay,Rice,Kharif,Sprinkler,South,171.91,10.48,12.427
37.58,1374.15,Loamy,Maize,Zaid,Rainfed,North,193.42,8.47,16.116
36.86,524.62,Clay,Maize,Rabi,Rainfed,West,42.14,7.26,8.03
30.92,619.71,Loamy,Wheat,Kharif,Rainfed,South,154.7,9.77,12.04
31.37,207.73,Peaty,Maize,Rabi,Sprinkler,South,87.48,6.83,6.271
26.88,1396.25,Loamy,Maize,Kharif,Rainfed,Central,43.55,11.8,12.415
27.94,211.01,Silty,Maize,Kharif,Drip,East,34.6,11.91,6.977
25.83,406.22,Clay,Wheat,Kharif,Drip,Central,41.16,8.74,7.48
37.26,1240.03,Clay,Wheat,Rabi,Sprinkler,Central,146.95,8.69,14.237
39.9,522.16,Sandy,Barley,Kharif,Sprinkler,Central,133.97,6.97,10.285
23.9,1241.6,Silty,Wheat,Kharif,Drip,West,132.52,10.49,14.665
24.51,1087.37,Sandy,Wheat,Kharif,Flood,North,146.06,10.8,13.899
34.2,768.18,Clay,Rice,Rabi,Drip,West,58.58,6.26,9.143
19.83,1426.19,Silty,Barley,Rabi,Flood,West,107.43,7.35,11.367
34.57,1095.36,Loamy,Rice,Kharif,Drip,Central,163.76,10.66,14.262
20.08,1343.73,Clay,Maize,Kharif,Sprinkler,South,130.25,9.3,13.474
25.6,412.85,Loamy,Wheat,Rabi,Flood,West,127.45,11.68,8.615
16.24,1196.03,Sandy,Wheat,Kharif,Rainfed,West,165.96,6.61,11.927
30.56,508.05,Sandy,Sorghum,Rabi,Sprinkler,North,120.59,6.69,8.732
32.51,989.1,Loamy,Maize,Rabi,Drip,West,12.56,10.13,9.626
26.29,1448.63,Peaty,Barley,Zaid,Drip,North,147.32,5.24,13.906
21.48,205.19,Sandy,Maize,Rabi,Drip,South,100.39,7.22,8.1
38.62,209.89,Clay,Rice,Kharif,Flood,East,165.86,6.7,9.461
33.74,1127.05,Loamy,Rice,Kharif,Drip,East,139.79,4.09,11.635
23.26,1316.19,Silty,Rice,Zaid,Sprinkler,Central,99.27,10.04,12.792
19.07,1134.43,Silty,Wheat,Rabi,Drip,South,15.74,7.74,9.46
18.65,1435.66,Sandy,Maize,Zaid,Sprinkler,North,51.06,9.35,10.439
17.53,821.22,Silty,Rice,Rabi,Drip,South,25.72,8.06,8.706
33.96,377.61,Clay,Maize,Kharif,Drip,West,16.94,9.49,6.449
26.99,446.75,Clay,Sorghum,Kharif,Flood,South,149.72,11.78,11.16
29.11,610.99,Silty,Barley,Zaid,Drip,Central,84.73,5.45,7.853
32.75,280.32,Silty,Barley,Zaid,Sprinkler,Central,187.31,10.88,9.9
16.51,1261.21,Loamy,Rice,Rabi,Drip,South,87.97,4.12,9.889
31.69,675.14,Loamy,Rice,Rabi,Flood,South,18.52,8.82,8.818
34.02,895.97,Sandy,Sorghum,Kharif,Drip,West,121.82,10.75,11.712
22.91,520.71,Peaty,Sorghum,Rabi,Flood,Central,161.81,9.66,11.491
37.71,1374.01,Loamy,Wheat,Kharif,Sprinkler,Central,159.0,10.45,15.844
35.49,1029.7,Silty,Maize,Rabi,Flood,West,154.48,5.83,12.725
28.77,1140.77,Silty,Sorghum,Kharif,Drip,West,39.15,11.07,11.238
24.52,1138.74,Loamy,Barley,Rabi,Drip,North,152.42,9.31,13.037
32.7,1300.43,Clay,Maize,Kharif,Drip,East,29.66,5.98,11.092
28.71,772.71,Silty,Maize,Rabi,Rainfed,Central,64.35,5.05,9.673
25.13,573.94,Peaty,Rice,Rabi,Rainfed,South,57.83,5.76,8.711
37.65,406.48,Sandy,Maize,Zaid,Rainfed,Central,174.13,9.42,10.957
33.23,275.27,Peaty,Wheat,Kharif,Flood,North,19.33,7.52,5.223
31.68,1140.71,Clay,Wheat,Kharif,Drip,North,14.47,9.14,10.094
19.02,1465.85,Silty,Wheat,Kharif,Sprinkler,South,198.04,7.95,15.046
33.45,253.16,Peaty,Wheat,Kharif,Rainfed,South,125.3,4.9,8.828
29.73,223.04,Peaty,Barley,Kharif,Drip,Central,134.45,4.79,9.494
27.86,901.09,Clay,Barley,Rabi,Drip,North,191.28,11.5,13.205
30.1,359.61,Peaty,Wheat,Zaid,Drip,North,75.75,8.08,9.135
32.31,371.63,Silty,Barley,Kharif,Sprinkler,West,150.13,11.37,12.061
38.61,1235.06,Silty,Wheat,Rabi,Flood,West,187.58,9.4,15.799
23.99,929.63,Loamy,Wheat,Kharif,Rainfed,North,116.43,5.65,9.252
28.0,275.62,Sandy,Barley,Kharif,Flood,East,154.1,9.21,9.633
19.16,405.02,Loamy,Barley,Zaid,Drip,North,55.33,4.95,7.757
19.15,1402.0,Silty,Wheat,Zaid,Flood,North,87.7,6.21,12.368
29.51,371.42,Sandy,Wheat,Zaid,Rainfed,North,180.22,8.03,10.961
31.42,498.21,Loamy,Barley,Rabi,Drip,East,181.58,10.69,12.402
20.81,304.98,Silty,Sorghum,Kharif,Drip,North,126.2,10.96,9.563
18.96,1312.3,Silty,Rice,Rabi,Flood,Central,86.09,4.82,11.377
20.74,814.73,Sandy,Wheat,Zaid,Drip,East,167.8,11.05,13.441
23.93,1027.26,Silty,Rice,Zaid,Rainfed,Central,137.35,6.57,11.385
36.14,857.61,Silty,Wheat,Rabi,Flood,Central,50.96,5.39,9.716
39.77,268.73,Silty,Wheat,Rabi,Rainfed,South,163.83,5.93,10.478
34.96,245.04,Clay,Barley,Zaid,Drip,North,76.03,10.23,8.245
32.37,489.41,Sandy,Wheat,Rabi,Drip,West,20.81,5.34,6.334
22.86,1257.07,Sandy,Barley,Rabi,Sprinkler,North,95.3,5.63,10.596
26.74,1374.53,Loamy,Wheat,Rabi,Drip,East,93.19,10.87,12.95
37.64,1389.09,Clay,Sorghum,Rabi,Flood,North,43.75,11.59,12.355
28.0,835.37,Clay,Rice,Rabi,Flood,South,71.62,6.03,9.874
19.03,755.39,Silty,Wheat,Rabi,Drip,West,172.27,8.15,11.891
25.74,1004.76,Loamy,Wheat,Rabi,Rainfed,East,49.26,6.99,10.265
30.74,912.63,Sandy,Rice,Kharif,Sprinkler,South,42.72,10.87,11.127
27.24,1124.04,Clay,Maize,Kharif,Sprinkler,South,180.64,4.84,12.357
37.09,415.19,Sandy,Wheat,Rabi,Drip,North,118.95,4.56,8.159
32.31,576.54,Silty,Wheat,Rabi,Flood,Central,125.41,6.98,10.735
30.98,677.92,Loamy,Rice,Rabi,Sprinkler,North,14.37,7.1,8.311
17.26,1018.35,Silty,Wheat,Zaid,Drip,East,47.88,9.39,10.25
31.94,1168.01,Silty,Barley,Kharif,Rainfed,East,57.46,5.59,11.179
19.49,675.61,Peaty,Wheat,Kharif,Rainfed,East,64.46,10.67,8.303
25.26,796.38,Clay,Sorghum,Kharif,Rainfed,East,186.83,4.19,9.033
25.1,691.3,Silty,Barley,Kharif,Rainfed,Central,48.15,5.96,8.518
26.71,898.55,Sandy,Maize,Rabi,Drip,Central,63.05,11.23,10.86
31.89,1284.52,Sandy,Sorghum,Zaid,Flood,Central,184.42,8.16,16.28
22.96,1344.82,Clay,Maize,Kharif,Sprinkler,South,149.61,4.13,12.556
35.77,599.51,Silty,Barley,Rabi,Flood,South,187.51,6.71,11.973
21.94,747.28,Clay,Wheat,Rabi,Drip,East,17.75,6.39,8.407
32.52,681.13,Loamy,Sorghum,Kharif,Sprinkler,South,183.32,5.38,11.765
32.1,468.1,Clay,Rice,Rabi,Sprinkler,North,29.2,6.49,7.449
23.28,204.0,Silty,Rice,Kharif,Flood,East,177.13,11.29,10.986
38.04,448.9,Sandy,Barley,Kharif,Rainfed,East,18.12,8.89,7.76
35.46,1230.64,Clay,Barley,Kharif,Drip,South,19.28,4.18,10.324
24.21,903.59,Peaty,Maize,Rabi,Flood,Central,71.95,9.93,11.525
28.48,804.19,Sandy,Wheat,Rabi,Rainfed,North,114.21,5.17,10.958
